Commune_de_Nõo
Commune_de_Nõva
Commune_de_Olustvere
Commune_de_Orava
Commune_de_Orissaare
Commune_de_Oru
Commune_de_Oskarshamn
Commune_de_Otepää
Commune_de_Oxelösund
Commune_de_Padise
Commune_de_Paide
Commune_de_Paikuse
Commune_de_Paistu
Commune_de_Pajala
Commune_de_Pajusi
Commune_de_Pala
Commune_de_Palamuse
Commune_de_Palupera
Commune_de_Paris
Commune_de_Paris_(1792)
Commune_de_Paris_(1871)
Commune_de_Paris_(1871)_:_Minorité
Commune_de_Paris_(1871)_:_Élus
Commune_de_Paris_(Révolution_française)
Commune_de_Paris_(film)
Commune_de_Paris_(homonymie)
Commune_de_Paris_en_Espagne
Commune_de_Partille
Commune_de_Peipsiääre
Commune_de_Perstorp
Commune_de_Pihtla
Commune_de_Piirissaar
Commune_de_Piirissaare
Commune_de_Pitea
Commune_de_Piteå
Commune_de_Pologne
Commune_de_Polynésie_française
Commune_de_Puhja
Commune_de_Puka
Commune_de_Puurmani
Commune_de_Pärsti
Commune_de_Pétange
Commune_de_Põdrala
Commune_de_Põltsamaa
Commune_de_Põlva
Commune_de_Pöide
Commune_de_Pühalepa
Commune_de_Püssi
Commune_de_Raasiku
Commune_de_Rabat
Commune_de_Rae
Commune_de_Ragunda
Commune_de_Raikküla
Commune_de_Rakke
Commune_de_Rakvere
Commune_de_Rannu
Commune_de_Rapla
Commune_de_Rattvik
Commune_de_Ridala
Commune_de_Risti
Commune_de_Robertsfors
Commune_de_Ronneby
Commune_de_Roosna-Alliku
Commune_de_Roumanie
Commune_de_Ruhnu
Commune_de_Rumonge
Commune_de_Rutegama
Commune_de_Rägavere
Commune_de_Räpina
Commune_de_Rättvik
Commune_de_République_tchèque
Commune_de_Rõngu
Commune_de_Rõuge
Commune_de_Saarde
Commune_de_Saare
Commune_de_Saarepeedi
Commune_de_Saffle
Commune_de_Saint-Etienne
Commune_de_Saint-Étienne
Commune_de_Saint-Étienne-Cantalès
Commune_de_Saku
Commune_de_Sala
Commune_de_Salem
Commune_de_Salme
Commune_de_Sandviken
Commune_de_Sangaste
Commune_de_Sater
Commune_de_Saue
Commune_de_Sauga
Commune_de_Savsjo
Commune_de_Sidi_M'Hamed
Commune_de_Sigtuna
Commune_de_Sillamäe
Commune_de_Simrishamn
Commune_de_Sindi
Commune_de_Sjobo
Commune_de_Sjöbo
Commune_de_Skara
Commune_de_Skelleftea
Commune_de_Skellefteå
Commune_de_Skinnskatteberg
Commune_de_Skovde
Commune_de_Skurup
Commune_de_Skövde
Commune_de_Slovénie
Commune_de_Smedjebacken
Commune_de_Soderhamn
Commune_de_Soderkoping
Commune_de_Sodertalje
Commune_de_Solleftea
Commune_de_Sollefteå
Commune_de_Sollentuna
Commune_de_Solna
Commune_de_Solvesborg
Commune_de_Sonda
Commune_de_Sorsele
Commune_de_Sotenas
Commune_de_Sotenäs
Commune_de_Staffanstorp
Commune_de_Stenungsund
Commune_de_Stockholm
Commune_de_Storfors
Commune_de_Storuman
Commune_de_Strandja
Commune_de_Strangnas
Commune_de_Stromstad
Commune_de_Stromsund
Commune_de_Strängnäs
Commune_de_Strömstad
Commune_de_Strömsund
Commune_de_Suisse
Commune_de_Sundbyberg
Commune_de_Sundsvall
Commune_de_Sunne
Commune_de_Surahammar
Commune_de_Surju
Commune_de_Suure-Jaani
Commune_de_Svalov
Commune_de_Svalöv
Commune_de_Svedala
Commune_de_Svenljunga
Commune_de_Svente
Commune_de_Säffle
Commune_de_Säter
Commune_de_Sävsjö
Commune_de_Sõmerpalu
Commune_de_Sõmeru
Commune_de_Söderhamn
Commune_de_Söderköping
Commune_de_Södertälje
Commune_de_Sölvesborg
Commune_de_Tabivere
Commune_de_Taboye
Commune_de_Taby
Commune_de_Taebla
Commune_de_Taheva
Commune_de_Tahkuranna
Commune_de_Talsi
Commune_de_Tamsalu
Commune_de_Tanum
Commune_de_Tapa
Commune_de_Tarvastu
Commune_de_Tibro
Commune_de_Tidaholm
Commune_de_Tierp
Commune_de_Timra
Commune_de_Timrå
Commune_de_Tingsryd
Commune_de_Tjorn
Commune_de_Tjörn
Commune_de_Toila
Commune_de_Tomelilla
Commune_de_Toreboda
Commune_de_Torgu
Commune_de_Tori
Commune_de_Torma
Commune_de_Torsas
Commune_de_Torsby
Commune_de_Torsås
Commune_de_Toulouse
Commune_de_Tranas
Commune_de_Tranemo
Commune_de_Tranås
Commune_de_Trelleborg
Commune_de_Trollhattan
Commune_de_Trollhättan
Commune_de_Trosa
Commune_de_Tudilinna
Commune_de_Tudulinna
Commune_de_Tyreso
Commune_de_Tyresö
Commune_de_Täby
Commune_de_Tähtvere
Commune_de_Tõlliste
Commune_de_Tõrva
Commune_de_Tõstamaa
Commune_de_Töreboda
Commune_de_Türi
Commune_de_Uddevalla
Commune_de_Ulricehamn
Commune_de_Umeå
Commune_de_Upplands_Väsby
Commune_de_Uppsala
Commune_de_Urvaste
Commune_de_Vadstena
Commune_de_Vaggeryd
Commune_de_Vaivara
Commune_de_Val-Cenis
Commune_de_Val_de_Bagnes
Commune_de_Valdemarsvik
Commune_de_Valga
Commune_de_Valgjärve
Commune_de_Valjala
Commune_de_Vallentuna
Commune_de_Vanersborg
Commune_de_Vannas
Commune_de_Vansbro
Commune_de_Vara
Commune_de_Vara_(Tartu)
Commune_de_Varberg
Commune_de_Varbla
Commune_de_Vargarda
Commune_de_Varmdo
Commune_de_Varnamo
Commune_de_Varstu
Commune_de_Vasalemma
Commune_de_Vaste-Kuuste
Commune_de_Vastemõisa
Commune_de_Vasteras
Commune_de_Vastervik
Commune_de_Vastse-Kuuste
Commune_de_Vastseliina
Commune_de_Vaxholm
Commune_de_Vaxjo
Commune_de_Vellinge
Commune_de_Veriora
Commune_de_Vesneri
Commune_de_Vetlanda
Commune_de_Vigala
Commune_de_Vihula
Commune_de_Viimsi
Commune_de_Viiratsi
Commune_de_Vilhelmina
Commune_de_Viljandi
Commune_de_Vimmerby
Commune_de_Vindeln
Commune_de_Vingaker
Commune_de_Vingåker
Commune_de_Vinni
Commune_de_Viru-Nigula
Commune_de_Vormsi
Commune_de_Väike-Maarja
Commune_de_Vändra
Commune_de_Vänersborg
Commune_de_Vännäs
Commune_de_Värmdö
Commune_de_Värnamo
Commune_de_Värska
Commune_de_Västervik
Commune_de_Västerås
Commune_de_Växjö
Commune_de_Väätsa
Commune_de_Vårgårda
Commune_de_Võnnu
Commune_de_Võru
Commune_de_Ystad
Commune_de_belgique
Commune_de_bengtsfors
Commune_de_berg
Commune_de_bjurholm
Commune_de_bjuv
Commune_de_boden
Commune_de_bollebygd
Commune_de_bollnäs
Commune_de_borgholm
Commune_de_borlänge
Commune_de_borås
Commune_de_botkyrka
Commune_de_boxholm
Commune_de_bromölla
Commune_de_bräcke
Commune_de_burlöv
Commune_de_båstad
Commune_de_dals-ed
Commune_de_danderyd
Commune_de_degerfors
Commune_de_dorotea
Commune_de_fagersta
Commune_de_falkenberg
Commune_de_falköping
Commune_de_falun
Commune_de_filipstad
Commune_de_finspång
Commune_de_flen
Commune_de_forshaga
Commune_de_färgelanda
Commune_de_gagnef
Commune_de_gislaved
Commune_de_gnesta
Commune_de_gnosjö
Commune_de_gotland
Commune_de_grums
Commune_de_grästorp
Commune_de_gullspång
Commune_de_gällivare
Commune_de_gävle
Commune_de_götene
Commune_de_habo
Commune_de_hagfors
Commune_de_hallsberg
Commune_de_hallstahammar
Commune_de_halmstad
Commune_de_hammarö
Commune_de_haninge
Commune_de_haparanda
Commune_de_heby
Commune_de_herrljunga
Commune_de_hjo
Commune_de_hofors
Commune_de_hylte
Commune_de_hällefors
Commune_de_härnösand
Commune_de_härryda
Commune_de_hässleholm
Commune_de_håbo
Commune_de_höganäs
Commune_de_högsby
Commune_de_hörby
Commune_de_höör
Commune_de_jokkmokk
Commune_de_järfälla
Commune_de_jönköping
Commune_de_kalix
Commune_de_kalmar
Commune_de_karlsborg
Commune_de_karlshamn
Commune_de_karlskoga
Commune_de_karlskrona
Commune_de_karlstad
Commune_de_katrineholm
Commune_de_kil
Commune_de_kinda
Commune_de_kiruna
Commune_de_klippan
Commune_de_knivsta
Commune_de_kramfors
Commune_de_kristianstad
Commune_de_kristinehamn
Commune_de_krokom
Commune_de_kumla
Commune_de_kungsör
Commune_de_kungälv
Commune_de_kävlinge
Commune_de_köping
Commune_de_l'Antarctique_chilien
Commune_de_l'Escorial
Commune_de_la_Gombe
Commune_de_la_Loire-Atlantique
Commune_de_la_République_tchèque
Commune_de_la_province_de_Cagliari
Commune_de_la_région_bruxelloise
Commune_de_laholm
Commune_de_landskrona
Commune_de_laxå
Commune_de_lekeberg
Commune_de_leksand
Commune_de_lerum
Commune_de_lessebo
Commune_de_lidingö
Commune_de_lidköping
Commune_de_lilla_edet
Commune_de_lindesberg
Commune_de_linköping
Commune_de_ljungby
Commune_de_ljusdal
Commune_de_ljusnarsberg
Commune_de_lomma
Commune_de_ludvika
Commune_de_luleå
Commune_de_lund
Commune_de_lycksele
Commune_de_lysekil
Commune_de_maisonneuve
Commune_de_malmö
Commune_de_malung
Commune_de_malå
Commune_de_mariestad
Commune_de_mark
Commune_de_markaryd
Commune_de_marseille
Commune_de_mellerud
Commune_de_mjölby
Commune_de_moabi
Commune_de_mora
Commune_de_motala
Commune_de_mullsjö
Commune_de_munkedal
Commune_de_munkfors
Commune_de_mölndal
Commune_de_mönsterås
Commune_de_mörbylånga
Commune_de_nacka
Commune_de_niandane
Commune_de_nora
Commune_de_norberg
Commune_de_nordanstig
Commune_de_nordmaling
Commune_de_norrköping
Commune_de_norrtälje
Commune_de_norsjö
Commune_de_nybro
Commune_de_nykvarn
Commune_de_nyköping
Commune_de_nynäshamn
Commune_de_nässjö
Commune_de_pajala
Commune_de_paris
Commune_de_paris_(1792)
Commune_de_paris_(1871)
Commune_de_paris_(1871)_:_minorité
Commune_de_paris_(1871)_:_élus
Commune_de_partille
Commune_de_perstorp
Commune_de_piteå
Commune_de_plein_exercice
Commune_de_ragunda
Commune_de_robertsfors
Commune_de_ronneby
Commune_de_rättvik
Commune_de_sala
Commune_de_salem
Commune_de_sandviken
Commune_de_sigtuna
Commune_de_simrishamn
Commune_de_sjöbo
Commune_de_skara
Commune_de_skellefteå
Commune_de_skinnskatteberg
Commune_de_skurup
Commune_de_skövde
Commune_de_smedjebacken
Commune_de_sollefteå
Commune_de_sollentuna
Commune_de_solna
Commune_de_sorsele
Commune_de_sotenäs
Commune_de_staffanstorp
Commune_de_stenungsund
Commune_de_storfors
Commune_de_storuman
Commune_de_strängnäs
Commune_de_strömstad
Commune_de_strömsund
Commune_de_sundbyberg
Commune_de_sundsvall
Commune_de_sunne
Commune_de_surahammar
Commune_de_svalöv
Commune_de_svedala
Commune_de_svenljunga
Commune_de_säffle
Commune_de_säter
Commune_de_sävsjö
Commune_de_söderhamn
Commune_de_söderköping
Commune_de_södertälje
Commune_de_sölvesborg
Commune_de_tanum
Commune_de_tibro
Commune_de_tidaholm
Commune_de_tierp
Commune_de_timrå
Commune_de_tingsryd
Commune_de_tjörn
Commune_de_tomelilla
Commune_de_torsby
Commune_de_torsås
Commune_de_tranemo
Commune_de_tranås
Commune_de_trelleborg
Commune_de_trollhättan
Commune_de_trosa
Commune_de_tyresö
Commune_de_täby
Commune_de_töreboda
Commune_de_vadstena
Commune_de_vaggeryd
Commune_de_valdemarsvik
Commune_de_vallentuna
Commune_de_vansbro
Commune_de_vara
Commune_de_varberg
Commune_de_vaxholm
Commune_de_vellinge
Commune_de_vetlanda
Commune_de_vilhelmina
Commune_de_vimmerby
Commune_de_vindeln
Commune_de_vingåker
Commune_de_vänersborg
Commune_de_vännäs
Commune_de_värmdö
Commune_de_värnamo
Commune_de_västervik
Commune_de_västerås
Commune_de_växjö
Commune_de_vårgårda
Commune_de_Älmhult
Commune_de_Ängelholm
Commune_de_Åmål
Commune_de_Åre
Commune_de_Õru
Commune_de_Öckerö
Commune_de_Örebro
Commune_de_Örnsköldsvik
Commune_de_Östersund
Commune_de_Österåker
Commune_de_Östhammar
Commune_de_Övertorneå
Commune_de_Ülenurme
Commune_des_Alpes
Commune_des_Deux-Sèvres
Commune_des_Pays-Bas
Commune_des_pays-bas
Commune_des_travailleurs_d'Estonie
Commune_des_îles_Féroé
Commune_du_Bénin
Commune_du_Cameroun
Commune_du_Chili
Commune_du_Creusot
Commune_du_Creusot_(1871)
Commune_du_Danemark
Commune_du_Golfe_3
Commune_du_Luxembourg
Commune_du_Maroc
Commune_du_Sénégal
Commune_du_canton_de_Vaud
Commune_déléguée
Commune_d’Anija
Commune_d’Harku
Commune_d’Italie
Commune_ecclésiastique_unitarienne_Béla_Bartók
Commune_ecclésiastique_unitarienne_de_Debrecen
Commune_ecclésiastique_unitarienne_de_Füzesgyarmat
Commune_ecclésiastique_unitarienne_de_Pestszentlőrinc
Commune_ecclésiastique_unitarienne_de_Transdanubie
Commune_en_Belgique
Commune_espagnole
Commune_francaise
Commune_française
Commune_fusionnee
Commune_fusionnée
Commune_fusionnée_Alsenz-Obermoschel
Commune_fusionnée_Göllheim
Commune_fusionnée_Kirchheimbolanden
Commune_fusionnée_Langenlonsheim
Commune_fusionnée_Rockenhausen
Commune_fusionnée_Winnweiler
Commune_fusionnée_d'Adenau
Commune_fusionnée_d'Altenahr
Commune_fusionnée_d'Alzey-Land
Commune_fusionnée_d'Arzfeld
Commune_fusionnée_d'Eich
Commune_fusionnée_de_Bad_Breisig
Commune_fusionnée_de_Bad_Kreuznach
Commune_fusionnée_de_Bad_Münster_am_Stein-Ebernburg
Commune_fusionnée_de_Bad_Sobernheim
Commune_fusionnée_de_Baumholder
Commune_fusionnée_de_Bernkastel-Kues
Commune_fusionnée_de_Birkenfeld
Commune_fusionnée_de_Bitburg-Land
Commune_fusionnée_de_Brohltal
Commune_fusionnée_de_Cochem-Land
Commune_fusionnée_de_Deidesheim
Commune_fusionnée_de_Freinsheim
Commune_fusionnée_de_Grünstadt-Land
Commune_fusionnée_de_Herrstein
Commune_fusionnée_de_Hettenleidelheim
Commune_fusionnée_de_Irrel
Commune_fusionnée_de_Kaisersesch
Commune_fusionnée_de_Kirn-Land
Commune_fusionnée_de_Kröv-Bausendorf
Commune_fusionnée_de_Kyllburg
Commune_fusionnée_de_Lambrecht
Commune_fusionnée_de_Langenlonsheim
Commune_fusionnée_de_Manderscheid
Commune_fusionnée_de_Meisenheim
Commune_fusionnée_de_Neuerburg
Commune_fusionnée_de_Neumagen-Dhron
Commune_fusionnée_de_Prüm
Commune_fusionnée_de_Rhaunen
Commune_fusionnée_de_Rhénanie-Palatinat
Commune_fusionnée_de_Rüdesheim
Commune_fusionnée_de_Speicher
Commune_fusionnée_de_Stromberg
Commune_fusionnée_de_Thalfang_am_Erbeskopf
Commune_fusionnée_de_Traben-Trarbach
Commune_fusionnée_de_Treis-Karden
Commune_fusionnée_de_Ulmen
Commune_fusionnée_de_Wachenheim
Commune_fusionnée_de_Westhofen
Commune_fusionnée_de_Wittlich-Land
Commune_fusionnée_de_Wöllstein
Commune_fusionnée_de_Wörrstadt
Commune_fusionnée_de_Zell
Commune_fusionée_de_Rüdesheim
Commune_insurrectionnelle
Commune_insurrectionnelle_de_Paris
Commune_italienne
Commune_ivoirienne
Commune_la_moins_peuplée_de_france
Commune_libre
Commune_libre_d'Aligre
Commune_libre_de_Montmartre
Commune_libre_de_Tolbiac
Commune_marocaine
Commune_mixte
Commune_mixte_(France_d'outre-mer)
Commune_mixte_(France_métropolitaine)
Commune_monopolarisée
Commune_morte_pour_la_France
Commune_multipolarisee
Commune_multipolarisée
Commune_nouvelle
Commune_nouvelle_d'Arrou
Commune_nouvelle_française
Commune_politique
Commune_populaire
Commune_populaire_de_Shanghai
Commune_périurbaine
Commune_rurale_(Maroc)
Commune_rurale_d'Ekenäs
Commune_rurale_d'Heinola
Commune_rurale_d'Hyvinkää
Commune_rurale_d'Hämeenlinna
Commune_rurale_d'Iisalmi
Commune_rurale_d'Ikaalinen
Commune_rurale_d'Uusikaupunki
Commune_rurale_d'Äänekoski
Commune_rurale_de_Kajaani
Commune_rurale_de_Karjaa
Commune_rurale_de_Kemijärvi
Commune_rurale_de_Kokkola
Commune_rurale_de_Koussan
Commune_rurale_de_Kuopio
Commune_rurale_de_Larionovo
Commune_rurale_de_Lohja
Commune_rurale_de_Loimaa
Commune_rurale_de_Mikkeli
Commune_rurale_de_Naantali
Commune_rurale_de_Nurmes
Commune_rurale_de_Nykarleby
Commune_rurale_de_Pargas
Commune_rurale_de_Pedersöre
Commune_rurale_de_Pieksämäki
Commune_rurale_de_Pori
Commune_rurale_de_Porvoo
Commune_rurale_de_Põlva
Commune_rurale_de_Rauma
Commune_rurale_de_Rovaniemi
Commune_rurale_de_Seinäjoki
Commune_rurale_de_Sidi_Zouine
Commune_rurale_de_Tammisaari
Commune_rurale_de_Tartu
Commune_rurale_de_Uusikaupunki
Commune_rurale_de_Viljandi
Commune_rurale_du_Maroc
Commune_rurale_marocaine
Commune_suisse
Commune_suédoise
Commune_touristique
Commune_urbaine
Commune_urbaine_(Biélorussie)
Commune_urbaine_(France)
Commune_urbaine_(Maroc)
Commune_urbaine_(Russie)
Commune_urbaine_(Ukraine)
Commune_urbaine_(france)
Commune_urbaine_de_Casablanca
Commune_urbaine_de_Rabat
Commune_urbaine_de_Saint-Aigulin
Commune_urbaine_du_Maroc
Commune_urbaine_marocaine
Commune_vaudoise
Commune_à_facilité
Commune_à_facilité_de_la_périphérie_bruxelloise
Commune_à_facilités
Commune_à_facilités_de_la_périphérie_bruxelloise
Communes
Communes_(Colombia)
Communes_(Colombie)
Communes_Belges_Les_Plus_Peuplées
Communes_D'arrondissement_Du_Sénégal
Communes_De_L'Ariège
Communes_De_L'Aube
Communes_De_L'Aude
Communes_De_L'Aveyron
Communes_De_L'Essonne
Communes_De_L'Eure
Communes_De_L'Hérault
Communes_De_L'Indre
Communes_De_L'Isère
Communes_De_L'Oise
Communes_De_L'Orne
Communes_De_L'Yonne
Communes_De_La_Charente
Communes_De_La_Charente-Maritime
Communes_De_La_Corrèze
Communes_De_La_Corse-du-Sud
Communes_De_La_Creuse
Communes_De_La_Drôme
Communes_De_La_Gironde
Communes_De_La_Guadeloupe
Communes_De_La_Guyane
Communes_De_La_Haute-Corse
Communes_De_La_Haute-Loire
Communes_De_La_Haute-Marne
Communes_De_La_Haute-Savoie
Communes_De_La_Haute-Vienne
Communes_De_La_Loire
Communes_De_La_Manche
Communes_De_La_Marne
Communes_De_La_Martinique
Communes_De_La_Mayenne
Communes_De_La_Meuse
Communes_De_La_Moselle
Communes_De_La_Nièvre
Communes_De_La_Nouvelle-Calédonie
Communes_De_La_Polynésie_Française
Communes_De_La_Province_D'Agrigente
Communes_De_La_Province_D'Alexandrie_(Italie)
Communes_De_La_Province_D'Ancône
Communes_De_La_Province_D'Arezzo
Communes_De_La_Province_D'Ascoli_Piceno
Communes_De_La_Province_D'Asti
Communes_De_La_Province_D'Avellino
Communes_De_La_Province_D'Enna
Communes_De_La_Province_D'Imperia
Communes_De_La_Province_D'Isernia
Communes_De_La_Province_D'Oristano
Communes_De_La_Province_D'Udine
Communes_De_La_Province_De_Bari
Communes_De_La_Province_De_Barletta-Andria-Trani
Communes_De_La_Province_De_Belluno
Communes_De_La_Province_De_Bergame
Communes_De_La_Province_De_Biella
Communes_De_La_Province_De_Bologne
Communes_De_La_Province_De_Bolzano
Communes_De_La_Province_De_Brescia
Communes_De_La_Province_De_Brindisi
Communes_De_La_Province_De_Bénévent
Communes_De_La_Province_De_Cagliari
Communes_De_La_Province_De_Caltanissetta
Communes_De_La_Province_De_Campobasso
Communes_De_La_Province_De_Caserte
Communes_De_La_Province_De_Catane
Communes_De_La_Province_De_Catanzaro
Communes_De_La_Province_De_Chieti
Communes_De_La_Province_De_Coni
Communes_De_La_Province_De_Cosenza
Communes_De_La_Province_De_Crotone
Communes_De_La_Province_De_Crémone
Communes_De_La_Province_De_Côme
Communes_De_La_Province_De_Fermo
Communes_De_La_Province_De_Ferrare
Communes_De_La_Province_De_Florence
Communes_De_La_Province_De_Foggia
Communes_De_La_Province_De_Forlì-Césène
Communes_De_La_Province_De_Frosinone
Communes_De_La_Province_De_Gorizia
Communes_De_La_Province_De_Grosseto
Communes_De_La_Province_De_L'Aquila
Communes_De_La_Province_De_La_Spezia
Communes_De_La_Province_De_Latina
Communes_De_La_Province_De_Lecce
Communes_De_La_Province_De_Lecco
Communes_De_La_Province_De_Livourne
Communes_De_La_Province_De_Lodi
Communes_De_La_Province_De_Lucques
Communes_De_La_Province_De_Macerata
Communes_De_La_Province_De_Mantoue
Communes_De_La_Province_De_Massa-Carrara
Communes_De_La_Province_De_Matera
Communes_De_La_Province_De_Messine
Communes_De_La_Province_De_Milan
Communes_De_La_Province_De_Modène
Communes_De_La_Province_De_Monza_Et_Brianza
Communes_De_La_Province_De_Novare
Communes_De_La_Province_De_Nuoro
Communes_De_La_Province_De_Padoue
Communes_De_La_Province_De_Palerme
Communes_De_La_Province_De_Pavie
Communes_De_La_Province_De_Pesaro_Et_Urbino
Communes_De_La_Province_De_Pise
Communes_De_La_Province_De_Pistoia
Communes_De_La_Province_De_Plaisance
Communes_De_La_Province_De_Pordenone
Communes_De_La_Province_De_Potenza
Communes_De_La_Province_De_Prato
Communes_De_La_Province_De_Pérouse
Communes_De_La_Province_De_Raguse
Communes_De_La_Province_De_Ravenne
Communes_De_La_Province_De_Reggio_D'Émilie
Communes_De_La_Province_De_Reggio_De_Calabre
Communes_De_La_Province_De_Rieti
Communes_De_La_Province_De_Rimini
Communes_De_La_Province_De_Rovigo
Communes_De_La_Province_De_Salerne
Communes_De_La_Province_De_Sassari
Communes_De_La_Province_De_Savone
Communes_De_La_Province_De_Sienne
Communes_De_La_Province_De_Sondrio
Communes_De_La_Province_De_Syracuse
Communes_De_La_Province_De_Tarente
Communes_De_La_Province_De_Teramo
Communes_De_La_Province_De_Terni
Communes_De_La_Province_De_Trapani
Communes_De_La_Province_De_Trente
Communes_De_La_Province_De_Trieste
Communes_De_La_Province_De_Trévise
Communes_De_La_Province_De_Varèse
Communes_De_La_Province_De_Venise
Communes_De_La_Province_De_Verceil
Communes_De_La_Province_De_Vibo_Valentia
Communes_De_La_Province_De_Vicence
Communes_De_La_Province_De_Viterbe
Communes_De_La_Province_De_Vérone
Communes_De_La_Réunion
Communes_De_La_Sarthe
Communes_De_La_Savoie
Communes_De_La_Suède
Communes_De_La_Vienne
Communes_De_La_Wilaya_D'Illizi
Communes_De_La_Wilaya_D'Oum_El-Bouaghi
Communes_De_La_Wilaya_De_Biskra
Communes_De_La_Wilaya_De_Blida
Communes_De_La_Wilaya_De_Béchar
Communes_De_La_Wilaya_De_Béjaïa
Communes_De_La_Wilaya_De_Chlef
Communes_De_La_Wilaya_De_Constantine
Communes_De_La_Wilaya_De_Djelfa
Communes_De_La_Wilaya_De_Ghardaïa
Communes_De_La_Wilaya_De_Guelma
Communes_De_La_Wilaya_De_Jijel
Communes_De_La_Wilaya_De_Mascara
Communes_De_La_Wilaya_De_Mila
Communes_De_La_Wilaya_De_Mostaganem
Communes_De_La_Wilaya_De_Relizane
Communes_De_La_Wilaya_De_Saida
Communes_De_La_Wilaya_De_Sidi-Bel-Abbès
Communes_De_La_Wilaya_De_Skikda
Communes_De_La_Wilaya_De_Souk-Ahras
Communes_De_La_Wilaya_De_Sétif
Communes_De_La_Wilaya_De_Tiaret
Communes_De_La_Wilaya_De_Tindouf
Communes_De_La_Wilaya_De_Tipaza
Communes_De_La_Wilaya_De_Tissemsilt
Communes_De_La_Wilaya_De_Tizi-Ouzou
Communes_De_La_Wilaya_De_Tlemcen
Communes_De_La_Wilaya_De_Tébessa
Communes_De_Mayotte
Communes_De_Meurthe-et-Moselle
Communes_De_Saint-Pierre-et-Miquelon
Communes_De_Santiago_Du_Chili
Communes_De_Saône-et-Loire
Communes_De_Seine-et-Marne
Communes_De_Suisse
Communes_Des_Ardennes
Communes_Des_Bouches-du-Rhône
Communes_Des_Côtes-d'Armor
Communes_Des_Deux-Sèvres
Communes_Des_Hautes-Pyrénées
Communes_Des_Hauts-de-Seine
Communes_Des_Landes_(Département)
Communes_Des_Pyrénées-Atlantiques
Communes_Des_Pyrénées-Orientales
Communes_Des_Vosges
Communes_Des_Yvelines
Communes_Du_Bas-Rhin
Communes_Du_Bénin
Communes_Du_Calvados
Communes_Du_Cantal
Communes_Du_Canton_D'Appenzell_Rhodes-Extérieures
Communes_Du_Canton_D'Argovie
Communes_Du_Canton_D'Obwald
Communes_Du_Canton_D'Uri
Communes_Du_Canton_De_Berne
Communes_Du_Canton_De_Bâle-Campagne
Communes_Du_Canton_De_Bâle-Ville
Communes_Du_Canton_De_Fribourg
Communes_Du_Canton_De_Genève
Communes_Du_Canton_De_Glaris
Communes_Du_Canton_De_Lucerne
Communes_Du_Canton_De_Neuchâtel
Communes_Du_Canton_De_Nidwald
Communes_Du_Canton_De_Saint-Gall
Communes_Du_Canton_De_Schaffhouse
Communes_Du_Canton_De_Schwytz
Communes_Du_Canton_De_Soleure
Communes_Du_Canton_De_Thurgovie
Communes_Du_Canton_De_Vaud
Communes_Du_Canton_De_Zoug
Communes_Du_Canton_De_Zurich
Communes_Du_Canton_Des_Grisons
Communes_Du_Canton_Du_Jura
Communes_Du_Canton_Du_Tessin
Communes_Du_Canton_Du_Valais
Communes_Du_Cher
Communes_Du_Doubs
Communes_Du_Finistère
Communes_Du_Gard
Communes_Du_Gers
Communes_Du_Haut-Rhin
Communes_Du_Jura
Communes_Du_Liechtenstein
Communes_Du_Limbourg_Néerlandais
Communes_Du_Loiret
Communes_Du_Lot
Communes_Du_Morbihan
Communes_Du_Pas-de-Calais
Communes_Du_Puy-de-Dôme
Communes_Du_Rhône
Communes_Du_Sénégal
Communes_Du_Tarn
Communes_Du_Territoire_De_Belfort
Communes_Du_Val-d'Oise
Communes_Du_Val-de-Marne
Communes_Du_Var
Communes_algériennes
Communes_allemandes
Communes_associées_de_Bouxwiller
Communes_avant_fusion
Communes_avec_différents_codes_géographiques_et_postaux
Communes_belges_fusionnées
Communes_belges_les_plus_peuplees
Communes_belges_les_plus_peuplées
Communes_bretonnes_de_Vendée
Communes_d'Algerie
Communes_d'Algérie
Communes_d'Allemagne
Communes_d'Autriche
Communes_d'Espagne
Communes_d'Estonie
Communes_d'Eure-et-Loir
Communes_d'Haïti
Communes_d'Ille-et-Vilaine
Communes_d'Indre-et-Loire
Communes_d'Islande
Communes_d'Italie
Communes_d'arrondissement_du_Senegal
Communes_d'arrondissement_du_Sénégal
Communes_d'arrondissement_du_sénégal
Communes_d'Åland
Communes_de_Batna
Communes_de_Belgique
Communes_de_Belgrade
Communes_de_Bruxelles
Communes_de_Croatie
Communes_de_Côtes-d'Armor
Communes_de_Flandre
Communes_de_France
Communes_de_France_avec_des_enclaves
Communes_de_France_les_plus_peuplées
Communes_de_Haute-Saône
Communes_de_La_Reunion
Communes_de_La_Réunion
Communes_de_Loir-et-Cher
Communes_de_Loire-Atlantique
Communes_de_Lot-et-Garonne
Communes_de_Macédoine
Communes_de_Maine-et-Loire
Communes_de_Mayotte
Communes_de_Meurthe-et-Moselle
Communes_de_Pologne
Communes_de_Polynésie_française
Communes_de_Roumanie
Communes_de_Saint-Pierre-et-Miquelon
Communes_de_Santiago
Communes_de_Santiago_du_Chili
Communes_de_Saone-et-Loire
Communes_de_Saône-et-Loire
Communes_de_Seine-et-Marne
Communes_de_Serbie
Communes_de_Slovénie
Communes_de_Somalie
Communes_de_Suisse
Communes_de_Suède
Communes_de_Tarn-et-Garonne
Communes_de_Vaucluse
Communes_de_galice
Communes_de_l'Ain
Communes_de_l'Aisne
Communes_de_l'Allier
Communes_de_l'Ardennes
Communes_de_l'Ardèche
Communes_de_l'Ariege
Communes_de_l'Ariège
Communes_de_l'Aube
Communes_de_l'Aude
Communes_de_l'Aveyron
Communes_de_l'Essonne
Communes_de_l'Eure
Communes_de_l'Herault
Communes_de_l'Hérault
Communes_de_l'Indre
Communes_de_l'Isere
Communes_de_l'Isère
Communes_de_l'Oise
Communes_de_l'Orne
Communes_de_l'Yonne
Communes_de_l'ariège
Communes_de_l'aube
Communes_de_l'aude
Communes_de_l'aveyron
Communes_de_l'essonne
Communes_de_l'eure
Communes_de_l'hérault
Communes_de_l'indre
Communes_de_l'isère
Communes_de_l'oise
Communes_de_l'orne
Communes_de_l'yonne
Communes_de_la_Charente
Communes_de_la_Charente-Maritime
Communes_de_la_Charente_Maritime
Communes_de_la_Correze
Communes_de_la_Corrèze
Communes_de_la_Corse-du-Sud
Communes_de_la_Creuse
Communes_de_la_Côte-d'Or
Communes_de_la_Dordogne
Communes_de_la_Drome
Communes_de_la_Drôme
Communes_de_la_Gironde
Communes_de_la_Guadeloupe
Communes_de_la_Guyane
Communes_de_la_Guyane_française
Communes_de_la_Haute-Corse
Communes_de_la_Haute-Garonne
Communes_de_la_Haute-Loire
Communes_de_la_Haute-Marne
Communes_de_la_Haute-Savoie
Communes_de_la_Haute-Saône
Communes_de_la_Haute-Vienne
Communes_de_la_Loire
Communes_de_la_Loire-Atlantique
Communes_de_la_Lozère
Communes_de_la_Manche
Communes_de_la_Marne
Communes_de_la_Martinique
Communes_de_la_Mauritanie
Communes_de_la_Mayenne
Communes_de_la_Meuse
Communes_de_la_Moselle
Communes_de_la_Nievre
Communes_de_la_Nièvre
Communes_de_la_Nouvelle-Caledonie
Communes_de_la_Nouvelle-Calédonie
Communes_de_la_Polynesie_francaise
Communes_de_la_Polynésie_française
Communes_de_la_Province_de_Cuenca
Communes_de_la_Reunion
Communes_de_la_République_de_Macédoine
Communes_de_la_Réunion
Communes_de_la_Sarthe
Communes_de_la_Savoie
Communes_de_la_Seine-Maritime
Communes_de_la_Seine-Saint-Denis
Communes_de_la_Somme
Communes_de_la_Suede
Communes_de_la_Suède
Communes_de_la_Vallée_d'Aoste
Communes_de_la_Vendee
Communes_de_la_Vendée
Communes_de_la_Vienne
Communes_de_la_Wilaya_d'Adrar
Communes_de_la_Wilaya_d'Alger
Communes_de_la_Wilaya_d'Annaba
Communes_de_la_Wilaya_d'El_Bayadh
Communes_de_la_Wilaya_d'El_Tarf
Communes_de_la_Wilaya_d'Illizi
Communes_de_la_Wilaya_d'Oran
Communes_de_la_Wilaya_d'Oum_El-Bouaghi
Communes_de_la_Wilaya_de_Aïn_Defla
Communes_de_la_Wilaya_de_Aïn_Témouchent
Communes_de_la_Wilaya_de_Batna
Communes_de_la_Wilaya_de_Bechar
Communes_de_la_Wilaya_de_Biskra
Communes_de_la_Wilaya_de_Blida
Communes_de_la_Wilaya_de_Bordj-Bou-Arreridj
Communes_de_la_Wilaya_de_Bordj-Bou-Arréridj
Communes_de_la_Wilaya_de_Bouira
Communes_de_la_Wilaya_de_Boumerdès
Communes_de_la_Wilaya_de_Béchar
Communes_de_la_Wilaya_de_Béjaïa
Communes_de_la_Wilaya_de_Chlef
Communes_de_la_Wilaya_de_Constantine
Communes_de_la_Wilaya_de_Djelfa
Communes_de_la_Wilaya_de_Ghardaia
Communes_de_la_Wilaya_de_Ghardaïa
Communes_de_la_Wilaya_de_Guelma
Communes_de_la_Wilaya_de_Jijel
Communes_de_la_Wilaya_de_Khenchela
Communes_de_la_Wilaya_de_Laghouat
Communes_de_la_Wilaya_de_M'Sila
Communes_de_la_Wilaya_de_Mascara
Communes_de_la_Wilaya_de_Mila
Communes_de_la_Wilaya_de_Mostaganem
Communes_de_la_Wilaya_de_Médéa
Communes_de_la_Wilaya_de_Naâma
Communes_de_la_Wilaya_de_Relizane
Communes_de_la_Wilaya_de_Saida
Communes_de_la_Wilaya_de_Saïda
Communes_de_la_Wilaya_de_Setif
Communes_de_la_Wilaya_de_Sidi-Bel-Abbes
Communes_de_la_Wilaya_de_Sidi-Bel-Abbès
Communes_de_la_Wilaya_de_Sidi_Bel_Abbès
Communes_de_la_Wilaya_de_Skikda
Communes_de_la_Wilaya_de_Souk-Ahras
Communes_de_la_Wilaya_de_Sétif
Communes_de_la_Wilaya_de_Tamanrasset
Communes_de_la_Wilaya_de_Tebessa
Communes_de_la_Wilaya_de_Tiaret
Communes_de_la_Wilaya_de_Tindouf
Communes_de_la_Wilaya_de_Tipaza
Communes_de_la_Wilaya_de_Tissemsilt
Communes_de_la_Wilaya_de_Tizi-Ouzou
Communes_de_la_Wilaya_de_Tlemcen
Communes_de_la_Wilaya_de_Tébessa
Communes_de_la_charente
Communes_de_la_charente-maritime
Communes_de_la_cité_métropolitaine_de_Bari
Communes_de_la_cité_métropolitaine_de_Bologne
Communes_de_la_cité_métropolitaine_de_Florence
Communes_de_la_cité_métropolitaine_de_Milan
Communes_de_la_cité_métropolitaine_de_Rome_Capitale
Communes_de_la_corrèze
Communes_de_la_corse-du-sud
Communes_de_la_creuse
Communes_de_la_drôme
Communes_de_la_gironde
Communes_de_la_guadeloupe
Communes_de_la_guyane
Communes_de_la_haute-corse
Communes_de_la_haute-loire
Communes_de_la_haute-marne
Communes_de_la_haute-savoie
Communes_de_la_haute-vienne
Communes_de_la_loire
Communes_de_la_manche
Communes_de_la_marne
Communes_de_la_martinique
Communes_de_la_mayenne
Communes_de_la_meuse
Communes_de_la_moselle
Communes_de_la_nièvre
Communes_de_la_nouvelle-calédonie
Communes_de_la_polynésie_française
Communes_de_la_province_d'Agrigente
Communes_de_la_province_d'Alexandrie
Communes_de_la_province_d'Alexandrie_(Italie)
Communes_de_la_province_d'Ancone
Communes_de_la_province_d'Ancône
Communes_de_la_province_d'Arezzo
Communes_de_la_province_d'Ascoli_Piceno
Communes_de_la_province_d'Asti
Communes_de_la_province_d'Avellino
Communes_de_la_province_d'Enna
Communes_de_la_province_d'Imperia
Communes_de_la_province_d'Isernia
Communes_de_la_province_d'Oristano
Communes_de_la_province_d'Udine
Communes_de_la_province_d'agrigente
Communes_de_la_province_d'alexandrie_(italie)
Communes_de_la_province_d'ancône
Communes_de_la_province_d'arezzo
Communes_de_la_province_d'ascoli_piceno
Communes_de_la_province_d'asti
Communes_de_la_province_d'avellino
Communes_de_la_province_d'enna
Communes_de_la_province_d'imperia
Communes_de_la_province_d'isernia
Communes_de_la_province_d'oristano
Communes_de_la_province_d'udine
Communes_de_la_province_de_Bari
Communes_de_la_province_de_Barletta-Andria-Trani
Communes_de_la_province_de_Belluno
Communes_de_la_province_de_Benevent
Communes_de_la_province_de_Benevento
Communes_de_la_province_de_Bergame
Communes_de_la_province_de_Biella
Communes_de_la_province_de_Bologne
Communes_de_la_province_de_Bolzano
Communes_de_la_province_de_Brescia
Communes_de_la_province_de_Brindisi
Communes_de_la_province_de_Bénévent
Communes_de_la_province_de_Cagliari
Communes_de_la_province_de_Caltanissetta
Communes_de_la_province_de_Campobasso
Communes_de_la_province_de_Caserte
Communes_de_la_province_de_Catane
Communes_de_la_province_de_Catanzaro
Communes_de_la_province_de_Chieti
Communes_de_la_province_de_Come
Communes_de_la_province_de_Coni
Communes_de_la_province_de_Cosenza
Communes_de_la_province_de_Cremone
Communes_de_la_province_de_Crotone
Communes_de_la_province_de_Crémone
Communes_de_la_province_de_Côme
Communes_de_la_province_de_Fermo
Communes_de_la_province_de_Ferrare
Communes_de_la_province_de_Florence
Communes_de_la_province_de_Foggia
Communes_de_la_province_de_Forli-Cesena
Communes_de_la_province_de_Forli-Cesene
Communes_de_la_province_de_Forlì-Cesena
Communes_de_la_province_de_Forlì-Césène
Communes_de_la_province_de_Frosinone
Communes_de_la_province_de_Gorizia
Communes_de_la_province_de_Grenade
Communes_de_la_province_de_Grosseto
Communes_de_la_province_de_Gênes
Communes_de_la_province_de_L'Aquila
Communes_de_la_province_de_La_Spezia
Communes_de_la_province_de_Latina
Communes_de_la_province_de_Lecce
Communes_de_la_province_de_Lecco
Communes_de_la_province_de_Livourne
Communes_de_la_province_de_Lodi
Communes_de_la_province_de_Lucques
Communes_de_la_province_de_L’Aquila
Communes_de_la_province_de_Macerata
Communes_de_la_province_de_Mantoue
Communes_de_la_province_de_Massa-Carrara
Communes_de_la_province_de_Massa_et_Carrare
Communes_de_la_province_de_Matera
Communes_de_la_province_de_Messine
Communes_de_la_province_de_Milan
Communes_de_la_province_de_Modene
Communes_de_la_province_de_Modène
Communes_de_la_province_de_Monza_et_Brianza
Communes_de_la_province_de_Monza_et_de_la_Brianza
Communes_de_la_province_de_Naples
Communes_de_la_province_de_Novare
Communes_de_la_province_de_Nuoro
Communes_de_la_province_de_Padoue
Communes_de_la_province_de_Palerme
Communes_de_la_province_de_Parme
Communes_de_la_province_de_Pavie
Communes_de_la_province_de_Perouse
Communes_de_la_province_de_Pesaro_et_Urbin
Communes_de_la_province_de_Pesaro_et_Urbino
Communes_de_la_province_de_Pesaro_et_d'Urbino
Communes_de_la_province_de_Pesaro_et_d’Urbino
Communes_de_la_province_de_Pescara
Communes_de_la_province_de_Pise
Communes_de_la_province_de_Pistoia
Communes_de_la_province_de_Plaisance
Communes_de_la_province_de_Pordenone
Communes_de_la_province_de_Potenza
Communes_de_la_province_de_Prato
Communes_de_la_province_de_Pérouse
Communes_de_la_province_de_Raguse
Communes_de_la_province_de_Ravenne
Communes_de_la_province_de_Reggio_d'Emilie
Communes_de_la_province_de_Reggio_d'Émilie
Communes_de_la_province_de_Reggio_de_Calabre
Communes_de_la_province_de_Reggio_dՃmilie
Communes_de_la_province_de_Rieti
Communes_de_la_province_de_Rimini
Communes_de_la_province_de_Rome
Communes_de_la_province_de_Rovigo
Communes_de_la_province_de_Salerne
Communes_de_la_province_de_Sardaigne_du_Sud
Communes_de_la_province_de_Sassari
Communes_de_la_province_de_Savone
Communes_de_la_province_de_Sienne
Communes_de_la_province_de_Sondrio
Communes_de_la_province_de_Syracuse
Communes_de_la_province_de_Tarente
Communes_de_la_province_de_Teramo
Communes_de_la_province_de_Terni
Communes_de_la_province_de_Trapani
Communes_de_la_province_de_Trente
Communes_de_la_province_de_Trevise
Communes_de_la_province_de_Trieste
Communes_de_la_province_de_Trévise
Communes_de_la_province_de_Turin
Communes_de_la_province_de_Varese
Communes_de_la_province_de_Varèse
Communes_de_la_province_de_Venise
Communes_de_la_province_de_Verceil
Communes_de_la_province_de_Vercelli
Communes_de_la_province_de_Verone
Communes_de_la_province_de_Vibo_Valentia
Communes_de_la_province_de_Vicence
Communes_de_la_province_de_Viterbe
Communes_de_la_province_de_Vérone
Communes_de_la_province_de_bari
Communes_de_la_province_de_barletta-andria-trani
Communes_de_la_province_de_belluno
Communes_de_la_province_de_bergame
Communes_de_la_province_de_biella
Communes_de_la_province_de_bologne
Communes_de_la_province_de_bolzano
Communes_de_la_province_de_brescia
Communes_de_la_province_de_brindisi
Communes_de_la_province_de_bénévent
Communes_de_la_province_de_cagliari
Communes_de_la_province_de_caltanissetta
Communes_de_la_province_de_campobasso
Communes_de_la_province_de_caserte
Communes_de_la_province_de_catane
Communes_de_la_province_de_catanzaro
Communes_de_la_province_de_chieti
Communes_de_la_province_de_coni
Communes_de_la_province_de_cosenza
Communes_de_la_province_de_crotone
Communes_de_la_province_de_crémone
Communes_de_la_province_de_côme
Communes_de_la_province_de_fermo
Communes_de_la_province_de_ferrare
Communes_de_la_province_de_florence
Communes_de_la_province_de_foggia
Communes_de_la_province_de_forlì-césène
Communes_de_la_province_de_frosinone
Communes_de_la_province_de_gorizia
Communes_de_la_province_de_grosseto
Communes_de_la_province_de_l'Aquila
Communes_de_la_province_de_l'aquila
Communes_de_la_province_de_la_spezia
Communes_de_la_province_de_latina
Communes_de_la_province_de_lecce
Communes_de_la_province_de_lecco
Communes_de_la_province_de_livourne
Communes_de_la_province_de_lodi
Communes_de_la_province_de_lucques
Communes_de_la_province_de_macerata
Communes_de_la_province_de_mantoue
Communes_de_la_province_de_massa-carrara
Communes_de_la_province_de_matera
Communes_de_la_province_de_messine
Communes_de_la_province_de_milan
Communes_de_la_province_de_modène
Communes_de_la_province_de_monza_et_brianza
Communes_de_la_province_de_novare
Communes_de_la_province_de_nuoro
Communes_de_la_province_de_padoue
Communes_de_la_province_de_palerme
Communes_de_la_province_de_pavie
Communes_de_la_province_de_pesaro_et_urbino
Communes_de_la_province_de_pescara
Communes_de_la_province_de_pise
Communes_de_la_province_de_pistoia
Communes_de_la_province_de_plaisance
Communes_de_la_province_de_pordenone
Communes_de_la_province_de_potenza
Communes_de_la_province_de_prato
Communes_de_la_province_de_pérouse
Communes_de_la_province_de_raguse
Communes_de_la_province_de_ravenne
Communes_de_la_province_de_reggio_d'émilie
Communes_de_la_province_de_reggio_de_calabre
Communes_de_la_province_de_rieti
Communes_de_la_province_de_rimini
Communes_de_la_province_de_rovigo
Communes_de_la_province_de_salerne
Communes_de_la_province_de_sassari
Communes_de_la_province_de_savone
Communes_de_la_province_de_sienne
Communes_de_la_province_de_sondrio
Communes_de_la_province_de_syracuse
Communes_de_la_province_de_tarente
Communes_de_la_province_de_teramo
Communes_de_la_province_de_terni
Communes_de_la_province_de_trapani
Communes_de_la_province_de_trente
Communes_de_la_province_de_trieste
Communes_de_la_province_de_trévise
Communes_de_la_province_de_varèse
Communes_de_la_province_de_venise
Communes_de_la_province_de_verceil
Communes_de_la_province_de_vibo_valentia
Communes_de_la_province_de_vicence
Communes_de_la_province_de_viterbe
Communes_de_la_province_de_vérone
Communes_de_la_province_du_Sud-Sardaigne
Communes_de_la_province_du_Verbano-Cusio-Ossola
Communes_de_la_province_d’Agrigente
Communes_de_la_province_d’Alexandrie
Communes_de_la_province_d’Ancône
Communes_de_la_province_d’Arezzo
Communes_de_la_province_d’Ascoli_Piceno
Communes_de_la_province_d’Asti
Communes_de_la_province_d’Avellino
Communes_de_la_province_d’Enna
Communes_de_la_province_d’Imperia
Communes_de_la_province_d’Isernia
Communes_de_la_province_d’Oristano
Communes_de_la_province_d’Udine
Communes_de_la_réunion
Communes_de_la_sarthe
Communes_de_la_savoie
Communes_de_la_suède
Communes_de_la_vienne
Communes_de_la_vile_métropolitaine_de_Messine
Communes_de_la_ville_métropolitaine_de_Bari
Communes_de_la_ville_métropolitaine_de_Bologne
Communes_de_la_ville_métropolitaine_de_Cagliari
Communes_de_la_ville_métropolitaine_de_Catane
Communes_de_la_ville_métropolitaine_de_Florence
Communes_de_la_ville_métropolitaine_de_Gênes
Communes_de_la_ville_métropolitaine_de_Messine
Communes_de_la_ville_métropolitaine_de_Milan
Communes_de_la_ville_métropolitaine_de_Naples
Communes_de_la_ville_métropolitaine_de_Palerme
Communes_de_la_ville_métropolitaine_de_Reggio_de_Calabre
Communes_de_la_ville_métropolitaine_de_Turin
Communes_de_la_ville_métropolitaine_de_Venise
Communes_de_la_wilaya_d'Adrar
Communes_de_la_wilaya_d'Alger
Communes_de_la_wilaya_d'Annaba
Communes_de_la_wilaya_d'Aïn_Defla
Communes_de_la_wilaya_d'Aïn_Témouchent
Communes_de_la_wilaya_d'El_Bayadh
Communes_de_la_wilaya_d'El_M'Ghair
Communes_de_la_wilaya_d'El_Oued
Communes_de_la_wilaya_d'El_Tarf
Communes_de_la_wilaya_d'Illizi
Communes_de_la_wilaya_d'Oran
Communes_de_la_wilaya_d'Ouargla
Communes_de_la_wilaya_d'Ouled_Djellal
Communes_de_la_wilaya_d'Oum_El-Bouaghi
Communes_de_la_wilaya_d'Oum_El_Bouaghi
Communes_de_la_wilaya_d'illizi
Communes_de_la_wilaya_d'oum_el-bouaghi
Communes_de_la_wilaya_de_Batna
Communes_de_la_wilaya_de_Bejaia
Communes_de_la_wilaya_de_Biskra
Communes_de_la_wilaya_de_Blida
Communes_de_la_wilaya_de_Bordj-Bou-Arreridj
Communes_de_la_wilaya_de_Bordj_Bou_Arreridj
Communes_de_la_wilaya_de_Bouira
Communes_de_la_wilaya_de_Boumerdès
Communes_de_la_wilaya_de_Béchar
Communes_de_la_wilaya_de_Béjaïa
Communes_de_la_wilaya_de_Béni_Abbès
Communes_de_la_wilaya_de_Chlef
Communes_de_la_wilaya_de_Constantine
Communes_de_la_wilaya_de_Djelfa
Communes_de_la_wilaya_de_Ghardaïa
Communes_de_la_wilaya_de_Guelma
Communes_de_la_wilaya_de_Jijel
Communes_de_la_wilaya_de_Khenchela
Communes_de_la_wilaya_de_Laghouat
Communes_de_la_wilaya_de_M'Sila
Communes_de_la_wilaya_de_Mascara
Communes_de_la_wilaya_de_Mila
Communes_de_la_wilaya_de_Mostaganem
Communes_de_la_wilaya_de_Médéa
Communes_de_la_wilaya_de_Naâma
Communes_de_la_wilaya_de_Relizane
Communes_de_la_wilaya_de_Saïda
Communes_de_la_wilaya_de_Sidi_Bel_Abbès
Communes_de_la_wilaya_de_Skikda
Communes_de_la_wilaya_de_Souk-Ahras
Communes_de_la_wilaya_de_Souk_Ahras
Communes_de_la_wilaya_de_Sétif
Communes_de_la_wilaya_de_Tamanrasset
Communes_de_la_wilaya_de_Tiaret
Communes_de_la_wilaya_de_Timimoun
Communes_de_la_wilaya_de_Tindouf
Communes_de_la_wilaya_de_Tipaza
Communes_de_la_wilaya_de_Tissemsilt
Communes_de_la_wilaya_de_Tizi-Ouzou
Communes_de_la_wilaya_de_Tizi_Ouzou
Communes_de_la_wilaya_de_Tlemcen
Communes_de_la_wilaya_de_Touggourt
Communes_de_la_wilaya_de_Tébessa
Communes_de_la_wilaya_de_biskra
Communes_de_la_wilaya_de_blida
Communes_de_la_wilaya_de_béchar
Communes_de_la_wilaya_de_béjaïa
Communes_de_la_wilaya_de_chlef
Communes_de_la_wilaya_de_constantine
Communes_de_la_wilaya_de_djelfa
Communes_de_la_wilaya_de_ghardaïa
Communes_de_la_wilaya_de_guelma
Communes_de_la_wilaya_de_jijel
Communes_de_la_wilaya_de_mascara
Communes_de_la_wilaya_de_mila
Communes_de_la_wilaya_de_mostaganem
Communes_de_la_wilaya_de_relizane
Communes_de_la_wilaya_de_saida
Communes_de_la_wilaya_de_sidi-bel-abbès
Communes_de_la_wilaya_de_skikda
Communes_de_la_wilaya_de_souk-ahras
Communes_de_la_wilaya_de_sétif
Communes_de_la_wilaya_de_tiaret
Communes_de_la_wilaya_de_tindouf
Communes_de_la_wilaya_de_tipaza
Communes_de_la_wilaya_de_tissemsilt
Communes_de_la_wilaya_de_tizi-ouzou
Communes_de_la_wilaya_de_tlemcen
Communes_de_la_wilaya_de_tébessa
Communes_de_la_wilaya_d’Adrar
Communes_de_la_wilaya_d’Aïn_Defla
Communes_de_la_wilaya_d’Illizi
Communes_de_la_wilaya_d’Oran
Communes_de_la_wilaya_d’Oum_El_Bouaghi
Communes_de_mayotte
Communes_de_meurthe-et-moselle
Communes_de_plus_de_50_000_habitants
Communes_de_province
Communes_de_saint-pierre-et-miquelon
Communes_de_santiago_du_chili
Communes_de_saône-et-loire
Communes_de_seine-et-marne
Communes_de_suisse
Communes_des_Alpes-Maritimes
Communes_des_Alpes-de-Haute-Provence
Communes_des_Alpes_Maritimes
Communes_des_Ardennes
Communes_des_Bouches-du-Rhone
Communes_des_Bouches-du-Rhône
Communes_des_Bouches_du_Rhône
Communes_des_Cotes-d'Armor
Communes_des_Côtes-d'Armor
Communes_des_Côtes_d'Armor
Communes_des_Deux-Sevres
Communes_des_Deux-Sèvres
Communes_des_Hautes-Alpes
Communes_des_Hautes-Pyrenees
Communes_des_Hautes-Pyrénées
Communes_des_Hautes_Alpes
Communes_des_Hauts-de-Seine
Communes_des_Landes
Communes_des_Landes_(departement)
Communes_des_Landes_(département)
Communes_des_Pays-Bas
Communes_des_Pyrenees-Atlantiques
Communes_des_Pyrenees-Orientales
Communes_des_Pyrénées-Atlantiques
Communes_des_Pyrénées-Orientales
Communes_des_Vosges
Communes_des_Yvelines
Communes_des_ardennes
Communes_des_bouches-du-rhône
Communes_des_côtes-d'armor
Communes_des_deux-sèvres
Communes_des_hautes-pyrénées
Communes_des_hauts-de-seine
Communes_des_landes_(département)
Communes_des_pyrénées-atlantiques
Communes_des_pyrénées-orientales
Communes_des_vosges
Communes_des_yvelines
Communes_dont_le_code_postal_ne_correspond_pas_au_département
Communes_du_Bas-Rhin
Communes_du_Benin
Communes_du_Burkina_Faso
Communes_du_Burundi
Communes_du_Béarn
Communes_du_Bénin
Communes_du_Calvados
Communes_du_Cameroun
Communes_du_Cantal
Communes_du_Cher
Communes_du_Chili
Communes_du_Doubs
Communes_du_Finistere
Communes_du_Finistère
Communes_du_Gard
Communes_du_Gers
Communes_du_Haut-Rhin
Communes_du_Jura
Communes_du_Kosovo
Communes_du_Liechtenstein
Communes_du_Limbourg_neerlandais
Communes_du_Limbourg_néerlandais
Communes_du_Loir-et-Cher
Communes_du_Loiret
Communes_du_Lot
Communes_du_Luxembourg
Communes_du_Maine-et-Loire
Communes_du_Maranhão_par_population
Communes_du_Maroc_dans_des_aires_de_nomadisme
Communes_du_Morbihan
Communes_du_Nord
Communes_du_Pas-de-Calais
Communes_du_Pas_de_Calais
Communes_du_Puy-de-Dome
Communes_du_Puy-de-Dôme
Communes_du_Rhone
Communes_du_Rhône
Communes_du_Senegal
Communes_du_Sénégal
Communes_du_Tarn
Communes_du_Tarn-et-Garonne
Communes_du_Territoire-de-Belfort
Communes_du_Territoire_de_Belfort
Communes_du_Tocantins_par_population
Communes_du_Trégor
Communes_du_Tyrol_du_Sud
Communes_du_Val-d'Oise
Communes_du_Val-de-Marne
Communes_du_Var
Communes_du_Vaucluse
Communes_du_bas-rhin
Communes_du_bénin
Communes_du_calvados
Communes_du_cantal
Communes_du_canton_d'Appenzell_Rhodes-Exterieures
Communes_du_canton_d'Appenzell_Rhodes-Extérieures
Communes_du_canton_d'Appenzell_Rhodes-Intérieures
Communes_du_canton_d'Argovie
Communes_du_canton_d'Obwald
Communes_du_canton_d'Uri
Communes_du_canton_d'appenzell_rhodes-extérieures
Communes_du_canton_d'argovie
Communes_du_canton_d'obwald
Communes_du_canton_d'uri
Communes_du_canton_de_Bale-Campagne
Communes_du_canton_de_Bale-Ville
Communes_du_canton_de_Berne
Communes_du_canton_de_Bâle-Campagne
Communes_du_canton_de_Bâle-Ville
Communes_du_canton_de_Fribourg
Communes_du_canton_de_Geneve
Communes_du_canton_de_Genève
Communes_du_canton_de_Glaris
Communes_du_canton_de_Lucerne
Communes_du_canton_de_Neuchatel
Communes_du_canton_de_Neuchâtel
Communes_du_canton_de_Nidwald
Communes_du_canton_de_Saint-Gall
Communes_du_canton_de_Schaffhouse
Communes_du_canton_de_Schwytz
Communes_du_canton_de_Schwyz
Communes_du_canton_de_Soleure
Communes_du_canton_de_Thurgovie
Communes_du_canton_de_Vaud
Communes_du_canton_de_Zoug
Communes_du_canton_de_Zurich
Communes_du_canton_de_Zürich
Communes_du_canton_de_berne
Communes_du_canton_de_bâle-campagne
Communes_du_canton_de_bâle-ville
Communes_du_canton_de_fribourg
Communes_du_canton_de_genève
Communes_du_canton_de_glaris
Communes_du_canton_de_lucerne
Communes_du_canton_de_neuchâtel
Communes_du_canton_de_nidwald
Communes_du_canton_de_saint-gall
Communes_du_canton_de_schaffhouse
Communes_du_canton_de_schwytz
Communes_du_canton_de_soleure
Communes_du_canton_de_thurgovie
Communes_du_canton_de_vaud
Communes_du_canton_de_zoug
Communes_du_canton_de_zurich
Communes_du_canton_des_Grisons
Communes_du_canton_des_grisons
Communes_du_canton_du_Jura
Communes_du_canton_du_Tessin
Communes_du_canton_du_Valais
Communes_du_canton_du_jura
Communes_du_canton_du_tessin
Communes_du_canton_du_valais
Communes_du_canton_d’Appenzell_Rhodes-Extérieures
Communes_du_canton_d’Argovie
Communes_du_canton_d’Obwald
Communes_du_canton_d’Uri
Communes_du_cher
Communes_du_commerce_équitable
Communes_du_demi-canton_d'Appenzell_Rhodes-Extérieures
Communes_du_demi-canton_d'Appenzell_Rhodes-Intérieures
Communes_du_demi-canton_de_Bâle-Campagne
Communes_du_demi-canton_de_Bâle-Ville
Communes_du_doubs
Communes_du_département_du_Jura
Communes_du_finistère
Communes_du_gard
Communes_du_gers
Communes_du_haut-rhin
Communes_du_jura
Communes_du_liechtenstein
Communes_du_limbourg_néerlandais
Communes_du_loiret
Communes_du_lot
Communes_du_morbihan
Communes_du_pas-de-calais
Communes_du_patrimoine_rural_de_Bretagne
Communes_du_patrimoine_rural_de_bretagne
Communes_du_puy-de-dôme
Communes_du_rhône
Communes_du_sénégal
Communes_du_tarn
Communes_du_territoire_de_belfort
Communes_du_val-d'oise
Communes_du_val-de-marne
Communes_du_var
Communes_d’Islande
Communes_d’arrondissement_du_Sénégal
Communes_en_France
Communes_françaises
Communes_françaises_les_plus_peuplées
Communes_insurrectionnelles_en_France_en_1870-1871
Communes_malmédiennes
Communes_mortes_pour_la_France
Communes_multipolarisées
Communes_nouvelles
Communes_réunies
Communes_suisses
Communes_urbaines
Communes_à_facilité_de_la_«_périphérie_bruxelloise_»
Communes_à_facilités
Communes_à_facilités_de_la_périphérie_bruxelloise
Communes_à_facilités_de_la_«_périphérie_bruxelloise_»
Communes_à_facilités_linguistiques_de_la_périphérie_bruxelloise
Communeux
CommuniCore
Communic
Communicaid
Communicateur_scientifique
Communicating_Sequential_Processes
Communicating_sequential_processes
Communicatio_idiomatum
Communication
Communication-Jeunesse
Communication_&_Business
Communication_&_Business_News
Communication_&_Entreprise
Communication_&_Systèmes
Communication_Autocrine
Communication_Aéronautique
Communication_Break
Communication_Breakdown
Communication_De_Masse
Communication_En_Champ_Proche
Communication_En_Iran
Communication_Facilitée
Communication_Institutionnelle
Communication_Inter-auriculaire
Communication_Inter-processus
Communication_Inter-ventriculaire
Communication_Kit
Communication_Marketing_Intégrée
Communication_NonViolente
Communication_Non_Verbale
Communication_Non_Violente
Communication_Nonviolente
Communication_Parallèle
Communication_Politique
Communication_Scientifique_et_Technique
Communication_Security_Establishment
Communication_Studies
Communication_Série
Communication_Verbale
Communication_Y
Communication_acoustique_sous-marine
Communication_acoustique_subaquatique
Communication_aeronautique
Communication_améliorée_et_alternative
Communication_animale
Communication_animale_par_la_télépathie
Communication_autocrine
Communication_avec_les_esprits
Communication_avec_les_sous-marins
Communication_aéronautique
Communication_based_train_control
Communication_cellulaire
Communication_chez_les_plantes
Communication_commerciale
Communication_corporate
Communication_d'influence
Communication_de_crise
Communication_de_données
Communication_de_la_foi
Communication_de_masse
Communication_des_idiomes
Communication_des_plantes
Communication_digitale
Communication_durable
Communication_electronique
Communication_en_Iran
Communication_en_champ_proche
Communication_en_iran
Communication_en_santé
Communication_et_Business
Communication_et_Business_News
Communication_et_Société
Communication_facilitee
Communication_facilitée
Communication_financière
Communication_humaine
Communication_idiomatique
Communication_institutionnelle
Communication_inter-auriculaire
Communication_inter-plantes
Communication_inter-processus
Communication_inter-ventriculaire
Communication_inter_auriculaire
Communication_inter_ventriculaire
Communication_interauriculaire
Communication_interculturelle
Communication_internationale_équitable
Communication_interne
Communication_interpersonnelle
Communication_interprocessus
Communication_interstellaire
Communication_interurbaine
Communication_interventriculaire
Communication_intra-plante
Communication_intracrine
Communication_intuitive
Communication_judiciaire
Communication_locale
Communication_mobile
Communication_multilingue
Communication_médiatisée
Communication_médiée_par_ordinateur
Communication_narrative
Communication_non-verbale
Communication_non-violente
Communication_non-violente_(Rosenberg)
Communication_non_verbale
Communication_non_violente
Communication_non_violente_(Rosenberg)
Communication_numérique
Communication_optique
Communication_orale
Communication_organisationnelle
Communication_par_internet
Communication_par_l'internet_de_la_Commission_européenne
Communication_para-verbale
Communication_parallele
Communication_parallèle
Communication_politique
Communication_privilégiée
Communication_publique
Communication_radiotéléphonique
Communication_responsable
Communication_sans_fil
Communication_scientifique_et_technique
Communication_serie
Communication_simplex
Communication_sociale
Communication_sous-marine
Communication_stratégique
Communication_supraluminique
Communication_sur_le_climat
Communication_sécurisée
Communication_série
Communication_totale
Communication_verbale
Communication_virale
Communication_virtuelle
Communication_visuelle
Communication_végétale
Communication_Électronique
Communication_écrite
Communication_éditoriale
Communication_électronique
Communication_évènementielle
Communication_événementielle
Communications
Communications_Act
Communications_Decency_Act
Communications_En_Chine
Communications_En_Polynésie_Française
Communications_En_Roumanie
Communications_Security_Establishment
Communications_Security_Establishment_Canada
Communications_Technology_Satellite
Communications_Unifiées
Communications_avec_les_sous-marins
Communications_de_données
Communications_en_Chine
Communications_en_Mongolie
Communications_en_Polynesie_francaise
Communications_en_Polynésie_Française
Communications_en_Polynésie_française
Communications_en_Roumanie
Communications_en_Tunisie
Communications_en_chine
Communications_en_polynésie_française
Communications_en_roumanie
Communications_et_Progiciels_d'aide_à_la_gestion
Communications_in_Algebra
Communications_in_Contemporary_Mathematics
Communications_in_Mathematical_Physics
Communications_inter-processus
Communications_interprocessus
Communications_interurbaines
Communications_locales
Communications_mobiles
Communications_médiatisées
Communications_of_the_ACM
Communications_on_Pure_and_Applied_Mathematics
Communications_optiques_en_espace_libre
Communications_sans_fil
Communications_sous-marines
Communications_unifiees
Communications_unifiées
Communications_électroniques
Communicore
Communio
Communio_(homonymie)
Communion
Communion_(Chant)
Communion_(album)
Communion_(album_de_Septic_Flesh)
Communion_(album_de_Years_&_Years)
Communion_(album_de_Years_and_Years)
Communion_(catholicisme)
Communion_(chant)
Communion_(film)
Communion_(homonymie)
Communion_(label)
Communion_Anglicane
Communion_Biblique_Des_Campus
Communion_Biblique_des_Campus
Communion_Des_Saints
Communion_Des_Églises_De_L’espace_Francophone
Communion_Et_Libération
Communion_Notre-Dame_de_l'Alliance
Communion_Protestante_Luthéro-réformée
Communion_anglicane
Communion_anglicane_traditionnelle
Communion_carliste
Communion_d'_Églises_protestantes_en_Europe
Communion_d'Églises_protestantes_en_Europe
Communion_de_Porvoo
Communion_de_saint_Jérôme_(Le_Dominiquin)
Communion_des_Apôtres_(Signorelli)
Communion_des_Eglises_de_l’espace_francophone
Communion_des_malades
Communion_des_saints
Communion_des_Églises_de_l'espace_francophone
Communion_des_Églises_de_l’Espace_Francophone
Communion_des_Églises_de_l’espace_francophone
Communion_des_Églises_protestantes_en_Europe
Communion_des_églises_de_l’espace_francophone
Communion_dՃglises_protestantes_en_Europe
Communion_et_Liberation
Communion_et_Libération
Communion_et_liberation
Communion_et_libération
Communion_mondiale_d'Églises_réformées
Communion_orthodoxe
Communion_orthodoxe_orientale
Communion_protestante_luthero-reformee
Communion_protestante_luthéro-réformée
Communion_sanglante
Communion_solennelle
Communion_sous_les_deux_espèces
Communion_traditionaliste
Communion_évangélique_de_baptistes_indépendants
Communione_e_Liberazione
Communique
Communique_(album)
Communique_de_presse
Communiquer
Communiqué
Communiqué_(Album)
Communiqué_(album)
Communiqué_De_Presse
Communiqué_commun_du_gouvernement_du_Japon_et_du_Gouvernement_de_la_République_populaire_de_Chine
Communiqué_commun_du_gouvernement_du_Japon_et_du_gouvernement_de_la_République_populaire_de_Chine
Communiqué_commun_du_gouvernement_du_Japon_et_du_gouvernement_de_la_république_populaire_de_Chine
Communiqué_de_l'évangéliste
Communiqué_de_presse
Communiquée
Communiqués_de_presse
Communism
Communisme
Communisme-libertaire
Communisme-ouvrier
Communisme_(Revue)
Communisme_(homonymie)
Communisme_(mouvement_historique_et_politique)
Communisme_(mouvement_politique)
Communisme_(mouvements_historiques_et_politiques)
Communisme_(revue)
Communisme_(théorie_économique)
Communisme_(théorie_économique_et_sociale)
Communisme_Anarchiste
Communisme_Chrétien
Communisme_De_Conseils
Communisme_Ouvrier
Communisme_Primitif
Communisme_américain
Communisme_anarchiste
Communisme_au_Québec
Communisme_belge
Communisme_canadien
Communisme_chinois
Communisme_chretien
Communisme_chrétien
Communisme_de_conseil
Communisme_de_conseils
Communisme_de_guerre
Communisme_et_nazisme
Communisme_expérimental
Communisme_français
Communisme_international
Communisme_italien
Communisme_libertaire
Communisme_marxiste
Communisme_municipal
Communisme_ouvrier
Communisme_primitif
Communisme_pré-marxiste
Communisme_québécois
Communisme_scientifique
Communisme_sexuel
Communisme_soviétique
Communist
Communist_Chinese_Military_Companies
Communist_Labor_Party_of_America
Communist_Party_USA
Communist_Party_of_China
Communist_Party_of_England_(Marxist-Leninist)
Communist_Party_of_Great_Britain
Communist_Party_of_India
Communist_Party_of_India_(Marxist)
Communist_Party_of_India_(Marxist-Leninist)
Communist_Party_of_India_(Marxist-Leninist)_People's_War
Communist_Party_of_India_(Marxist-Leninist)_People’s_War
Communist_Party_of_India_-_Marxist
Communist_Party_of_India_-_Marxist-Leninist
Communist_Party_of_Ireland
Communist_Party_of_Israel
Communist_Party_of_Nepal_(Maoist)
Communist_Party_of_New_Zealand
Communist_Party_of_Russian_Federation
Communist_Party_of_Vietnam
Communist_Party_of_the_Philippines-Marxist_Leninist
Communist_Party_of_the_United_States_of_America
Communist_party_of_India_(Marxist)
Communiste
Communiste,_Républicain_Et_Citoyen
Communiste,_republicain_et_citoyen
Communiste,_républicain,_citoyen_et_sénateurs_du_Parti_de_gauche
Communiste,_républicain_et_citoyen
Communiste,_républicain_et_citoyen_et_Sénateurs_du_Parti_de_gauche_(CRC-SPG)
Communiste-libertaire
Communiste_Libertaire
Communiste_Républicain_et_Citoyen
Communiste_libertaire
Communistes
Communistes_Révolutionnaires_D'Allemagne
Communistes_de_Russie
Communistes_en_Somme
Communistes_en_somme
Communistes_hébreux
Communistes_italiens
Communistes_revolutionnaires_d'Allemagne
Communistes_rénovateurs
Communistes_révolutionnaires_d'Allemagne
Communistes_révolutionnaires_d'allemagne
Communistes_révolutionnaires_d’Allemagne
Communistische_Partij_Nederland
Communists
Communite
Communities_of_practice
Community
Community4you_ARENA
CommunityAmerica_Ballpark
Community_(pays_de_Galles)
Community_Action_Program
Community_America_Ballpark
Community_College
Community_College_Of_Philadelphia
Community_College_of_Philadelphia
Community_Health_Systems
Community_House
Community_Land_Trust
Community_Manager
Community_Memory
Community_Reinvestment_Act
Community_Resources_Against_Street_Hoodlums
Community_Shield
Community_Shield_2008
Community_Shield_2009
Community_Shield_2010
Community_Shield_2011
Community_Shield_2012
Community_Shield_2013
Community_Shield_2014
Community_Shield_2015
Community_Shield_2016
Community_Shield_2017
Community_Shield_2018
Community_Shield_2019
Community_Shield_2020
Community_Shield_2021
Community_Shield_féminin
Community_Waterfront_Heritage_Centre
Community_college
Community_college_of_philadelphia
Community_management
Community_manager
Community_of_European_management_Schools
Community_of_Peace_People
Community_of_Portuguese_Language_Countries
Community_of_practice
Community_organizing
Communité
Communité_Culturelle_de_la_Tchameri
Communocapitalisme
Communs
Communs_(architecture)
CommutAir
Commutant
Commutateur
Commutateur_(Théorie_des_groupes)
Commutateur_(electronique)
Commutateur_(opérateur)
Commutateur_(théorie_des_anneaux)
Commutateur_(théorie_des_groupes)
Commutateur_(Électronique)
Commutateur_(électronique)
Commutateur_D'ouverture_À_Plasma
Commutateur_Ethernet
Commutateur_FR
Commutateur_KVM
Commutateur_Réseau
Commutateur_Switch
Commutateur_Téléphonique
Commutateur_Wi-Fi
Commutateur_d'ouverture_a_plasma
Commutateur_d'ouverture_à_plasma
Commutateur_de_niveau_3
Commutateur_d’ouverture_à_plasma
Commutateur_empilable
Commutateur_ethernet
Commutateur_reseau
Commutateur_réseau
Commutateur_telephonique
Commutateur_téléphonique
Commutateur_wifi
Commutateur_à_autonomie_d'acheminement
Commutateur_écran-clavier-souris
Commutateur_électronique
Commutateurs_au_mercure
Commutateurs_réseau
Commutateurs_téléphoniques
Commutatif
Commutation
Commutation-Q
Commutation_(Linguistique)
Commutation_(linguistique)
Commutation_Act
Commutation_De_Circuits
Commutation_De_Contexte
Commutation_De_Paquets
Commutation_de_circuits
Commutation_de_contexte
Commutation_de_paquets
Commutation_des_lobes
Commutation_isotypique
Commutation_par_paquets
Commutation_spatiale
Commutation_téléphonique
Commutative
Commutativité
Commutatrice
Commuter
Commuter_Belt
Commuters
Commynes
Commère
Commères
Commélinacée
Commélinacées
Commélinales
Comméline_commune
Commélinidées
Commémoratif
Commémoration
Commémoration_de_la_Première_Guerre_mondiale
Commémoration_des_fidèles_Défunts
Commémoration_des_fidèles_défunts
Commémoration_esclavage
Commémoration_internationale_de_l'armistice_de_1918
Commémoration_internationale_des_100_ans_de_l'Armistice
Commémoration_internationale_des_100_ans_de_l'armistice_de_1918
Commémorations
Commémorations_du_70e_anniversaire_de_la_libération_du_camp_d'extermination_d'Auschwitz-Birkenau
Commémorations_du_70e_anniversaire_du_Débarquement
Commémorations_du_70e_anniversaire_du_débarquement_de_Normandie
Commémorations_du_70e_anniversaire_du_débarquement_de_Provence
Commémorations_du_70ème_anniversaire_du_Débarquement
Commémorations_à_l'occasion_du_70e_anniversaire_du_débarquement_de_Normandie
Commémorations_à_l'occasion_du_70e_anniversaire_du_débarquement_de_Provence
Commémorations_à_l'occasion_du_75e_anniversaire_du_débarquement_de_Normandie
Commérages
Commérages_(film,_1953)
Comnene
Comnène
Comnènes
Como
Como_(Caroline_du_Nord)
Como_(Colorado)
Como_(Texas)
Como_Ama_Una_Mujer
Como_Ama_una_Mujer
Como_Calcio
Como_Calcio_1907
Como_Esquecer
Como_Township_(Missouri)
Como_Un_Rayo
Como_ama_una_mujer
Como_cierva_sedienta
Como_dice_el_dicho
Como_duele_(chanson_de_Luis_Miguel)
Como_en_el_cine
Como_la_flor
Como_tú_no_hay_2
Como_un_Rayo
Como_un_avion_estrellado
Como_un_avión_estrellado
Como_un_rayo
Como_un_relámpago
Comod
Comodalite
Comodalité
Comodo
Comodo_Internet_Security
Comodoro
Comodoro_Pierres
Comodoro_Rivadavia
Comoe
Comoedia
Comoedia_togota
Comolli
Comologno
Comoment
Comondú
Comonfort
Comonli
Comonomère
Comont
Comophyllia
Comophyllia_elegans
Comorbide
Comorbidite
Comorbidité
Comorbidité_des_troubles_du_spectre_autistique
Comorbidités_des_troubles_du_spectre_de_l'autisme
Comorella
Comorella_spectabilis
Comores
Comores_(Pays)
Comores_(pays)
Comores_Aviation
Comores_Aviation_International
Comores_Aviation_international
Comores_Premier_League
Comores_aux_Jeux_olympiques
Comores_aux_Jeux_olympiques_d'été_de_1996
Comores_aux_Jeux_olympiques_d'été_de_2000
Comores_aux_Jeux_olympiques_d'été_de_2004
Comores_aux_Jeux_olympiques_d'été_de_2008
Comores_aux_Jeux_olympiques_d'été_de_2012
Comores_aux_Jeux_olympiques_d'été_de_2016
Comores_aux_Jeux_olympiques_d'été_de_2020
Comores_aux_Jeux_olympiques_d’été_de_2008
Comores_aux_Jeux_paralympiques
Comores_aux_Jeux_paralympiques_d'été_de_2012
Comorien
Comorienne
Comoriens_de_France
Comorn
Comoro_Islands_Airline
Comorre
Comos
Comostolopsis_leuconeura
Comotor
Comovirinae
Comovirus
Comox
Comox-Valley
Comox-Valley_(circonscription_provinciale_électorale)
Comox-sliammon
Comox_(Colombie-Britannique)
Comox_(langue)
Comox_(ville)
Comox_Airport
Comox—Alberni
Comox—Atlin
Comox—Powell_River
Comoé
Comoé_(fleuve
Comoé_(fleuve)
Comoé_(province)
Comoé_(ville)
Comp
Comp'Act
Comp'act
CompCert
CompTIA
Comp_Ace
Compa
Compacite_(astronomie)
Compacite_(cristallographie)
Compacite_sequentielle
Compacité
Compacité_(Astronomie)
Compacité_(Cristallographie)
Compacité_(astronomie)
Compacité_(cristallographie)
Compacité_(mathématiques)
Compacité_de_Planck
Compacité_dénombrable
Compacité_séquentielle
Compact
Compact-Disc
CompactFlash
CompactPCI
Compact_(appareil_photo)
Compact_(disque)
Compact_(magazine)
Compact_(mathématiques)
Compact_(pyrotechnie)
Compact_(pyrotechnique)
Compact_(topologie)
Compact_(voiture)
Compact_Cassette
Compact_Disc
Compact_Disc_Audio_Track
Compact_Disc_Audio_track
Compact_Disc_Data_Base
Compact_Disc_Graphics
Compact_Disc_Read_Only_Memory
Compact_Disc_Recordable
Compact_Disc_Rewritable
Compact_Disc_single
Compact_Disco
Compact_Flash
Compact_Font_Format
Compact_II
Compact_II_:_Le_deuxième_programme_de_coopération_entre_le_Maroc_et_les_Etats-Unis_d’Amérique
Compact_Linear_Collider
Compact_Muon_Solenoid
Compact_Oxford_English_Dictionary
Compact_Reconnaissance_Imaging_Spectrometer_for_Mars
Compact_cassette
Compact_de_Banach-Mazur
Compact_de_Minkowski
Compact_disc
Compact_disc_audio_track
Compact_disc_single
Compact_du_Mayflower
Compact_fluorescent_lamp
Compact_of_free_association
Compact_à_objectif_interchangeable
Compacta_(police_d'écriture)
Compacta_De_Naraoia
Compacta_de_Naraoia
Compacta_de_naraoia
Compactage
Compactage_(informatique)
Compactage_de_poudres
Compactage_de_sol
Compactage_des_sols
Compactage_dynamique
Compactages
Compactata
Compacte
Compacte_(voiture)
Compacter
Compactes
Compacteur
Compactification
Compactification_(Mathématiques)
Compactification_(mathematiques)
Compactification_(mathématiques)
Compactification_d'Alexandrov
Compactification_de_Stone-Čech
Compactifications
Compactifié_d'Alexandroff
Compactifié_d'Alexandrov
Compactifié_de_Stone-Čech
Compactifié_d’Alexandrov
Compaction
Compaction_des_sols
Compaction_du_sol
Compactron
Compacts
Compagne
Compagne_(Firefly)
Compagne_(femme)
Compagne_de_voyage
Compagnetto_da_Prato
Compagni_di_scuola
Compagnia_Aerea_Italiana
Compagnia_Baccalà
Compagnia_Bianca
Compagnia_Cinematografica_Champion
Compagnia_Dell'anello
Compagnia_Generale_del_Disco
Compagnia_Generale_di_Elettricità
Compagnia_Italiana_Rimorchi
Compagnia_Italiana_di_Navigazione
Compagnia_Nazionale_Aeronautica
Compagnia_Trasporti_Laziali
Compagnia_aerea_italiana
Compagnia_dei_Gelosi
Compagnia_del_Cappelletto
Compagnia_del_Teatro_dell'Argine
Compagnia_del_Teatro_dell’Argine
Compagnia_dell'anello
Compagnia_della_Stella
Compagnia_della_Vela
Compagnia_dell’anello
Compagnia_di_San_Giorgio
Compagnia_di_ventura
Compagnie
Compagnie_(Militaire)
Compagnie_(entreprise)
Compagnie_(militaire)
Compagnie_(nouvelle)
Compagnie_21/1_T_Territoriale
Compagnie_21/2_T_Territoriale
Compagnie_ACME
Compagnie_A_des_rangers_d'Arizona
Compagnie_Africaine_D'aviation
Compagnie_Africaine_d'Aviation
Compagnie_Air_Transport
Compagnie_Américaine_du_Radium
Compagnie_Anglaise_Des_Indes_Orientales
Compagnie_Anglaise_des_Indes_Orientales
Compagnie_Asahi
Compagnie_Auguste-Bienvenue
Compagnie_Auxiliaire_De_Navigation
Compagnie_Aérienne
Compagnie_Aérienne_Cargo
Compagnie_Aérienne_Charter
Compagnie_Aérienne_Du_Mali
Compagnie_Aérienne_Virtuelle
Compagnie_Aérienne_du_Languedoc
Compagnie_Aérienne_du_Mali
Compagnie_Aérienne_À_Bas_Prix
Compagnie_Baie_d'Hudson
Compagnie_Bancaire
Compagnie_Bancaire_De_L'Afrique_Occidentale
Compagnie_Belge_de_Colonisation
Compagnie_Bergmann
Compagnie_Bernard_Baissait
Compagnie_Blanca_Li
Compagnie_Bodecker&Neander
Compagnie_Bodecker_&_Neander
Compagnie_Carbone_14
Compagnie_Catalane
Compagnie_Centrale_de_Construction
Compagnie_Centrale_de_Tramways_Électriques
Compagnie_Colonelle
Compagnie_Coloniale
Compagnie_Corsaire
Compagnie_Corse_Méditerranée
Compagnie_D'assistance
Compagnie_D'assurances
Compagnie_D'ordonnance
Compagnie_DCA
Compagnie_Danoise_Des_Indes_Occidentales_Et_De_Guinée
Compagnie_Danoise_Des_Indes_Orientales
Compagnie_Dans_les_Decors
Compagnie_Daru_dite_Daru-Thémpô
Compagnie_De_Chemin_De_Fer_Du_Katanga
Compagnie_De_Développement_Du_Nord
Compagnie_De_Jésus
Compagnie_De_L'Escarpelle
Compagnie_De_La_France_Équinoxiale
Compagnie_De_La_Nouvelle-France
Compagnie_De_Marie
Compagnie_De_Pulpe_De_Chicoutimi
Compagnie_De_Rouen
Compagnie_De_Rouen_(Nouvelle-France)
Compagnie_De_Théâtre
Compagnie_Delmas-Vieljeux
Compagnie_Des_Alpes
Compagnie_Des_Chemins_De_Fer_Garantis_Des_Colonies_Françaises
Compagnie_Des_Forges_Et_Aciéries_De_La_Marine_Et_D'Homécourt
Compagnie_Des_Glénans
Compagnie_Des_Guides_De_Chamonix
Compagnie_Des_Habitants
Compagnie_Des_Indes
Compagnie_Des_Indes_Occidentales
Compagnie_Des_Indes_Orientales
Compagnie_Des_Moyens_De_Surface
Compagnie_Des_Phosphates_De_Gafsa
Compagnie_Des_Prêtres_De_Saint-Sulpice
Compagnie_Des_Tramways_De_Tunis
Compagnie_Des_Îles_D'Amérique
Compagnie_Dominique_Bagouet
Compagnie_Dorée
Compagnie_Du_Cambodge
Compagnie_Du_Chemin_De_Fer_De_Dakar_À_Saint-Louis
Compagnie_Du_Levant
Compagnie_Du_Mont-Blanc
Compagnie_Du_Nord-Ouest
Compagnie_Du_Saint-Sacrement
Compagnie_Du_Sénégal
Compagnie_Dyptik
Compagnie_Electro-Mécanique
Compagnie_Eric_Rohmer
Compagnie_Ethiopian_AirLines
Compagnie_Ethiopian_Airlines
Compagnie_Européenne_De_Gestion_Par_L'informatique_Décentralisée
Compagnie_Européenne_Du_Zirconium
Compagnie_Européenne_de_Garanties_et_Cautions
Compagnie_Européenne_des_Technologies_de_l'hydrogène
Compagnie_Fermière_de_Vichy
Compagnie_Ferroviaire_du_Sud_de_la_France
Compagnie_Financière_Edmond_de_Rothschild
Compagnie_Financière_Richemont_SA
Compagnie_Financière_de_Suez
Compagnie_Ford
Compagnie_Ford_Du_Canada
Compagnie_Ford_du_Canada
Compagnie_Fracasse
Compagnie_Fraissinet
Compagnie_France-Navigation
Compagnie_Franco-Algérienne
Compagnie_Française_D'assurance_Pour_Le_Commerce_Extérieur
Compagnie_Française_Des_Indes_Orientales
Compagnie_Française_Des_Pétroles_Algérie
Compagnie_Française_Des_Tramways_De_L'Indochine
Compagnie_Française_Thomson-Houston
Compagnie_Française_d'Aviation
Compagnie_Française_de_Pétrole
Compagnie_Française_de_la_Mocupia
Compagnie_Française_de_matériel_de_chemin_de_fer
Compagnie_Française_des_Câbles_Télégraphiques
Compagnie_Française_des_Expositions
Compagnie_Française_des_Mines_d'or_de_l'Afrique_du_Sud
Compagnie_Française_des_Mines_du_Laurion
Compagnie_Française_des_Pétroles
Compagnie_Française_des_Voies_Ferrées_Économiques
Compagnie_Française_du_Cristal_Daum
Compagnie_Française_du_Méthane
Compagnie_Française_pour_le_Développement_des_Textiles
Compagnie_Française_pour_le_Développement_des_fibres_Textiles
Compagnie_Fromagère_de_la_Vallée_de_l'Ance
Compagnie_Fruitière
Compagnie_Generale_de_Voitures_de_Lyon
Compagnie_Genevoise_Des_Colonies_Suisses
Compagnie_Genevoise_des_colonies_Suisses
Compagnie_Guillaume-Luxembourg
Compagnie_Guipuscoane_de_Caracas
Compagnie_Générale_Aéropostale
Compagnie_Générale_D'immobilier_Et_De_Services
Compagnie_Générale_De_La_Télégraphie_Sans_Fil
Compagnie_Générale_De_Voitures_De_Lyon
Compagnie_Générale_Des_Eaux
Compagnie_Générale_Immobilière
Compagnie_Générale_Industrielle_de_Transports
Compagnie_Générale_Maritime
Compagnie_Générale_Transatlantique
Compagnie_Générale_Transaérienne
Compagnie_Générale_d'Electricité
Compagnie_Générale_d'Entreprises_Automobiles
Compagnie_Générale_d'Informatique
Compagnie_Générale_d'Électricité
Compagnie_Générale_de_Construction
Compagnie_Générale_de_Constructions
Compagnie_Générale_de_Géophysique
Compagnie_Générale_de_Navigation
Compagnie_Générale_de_Navigation_sur_le_lac_Léman
Compagnie_Générale_de_Railways_et_d'Électricité
Compagnie_Générale_de_Railways_et_d’Électricité
Compagnie_Générale_de_Voitures_de_Lyon
Compagnie_Générale_de_construction_et_d'entretien_du_matériel_de_chemin_de_fer
Compagnie_Générale_des_Eaux
Compagnie_Générale_des_Omnibus_de_Marseille
Compagnie_Générale_des_Tramways_d'Anvers
Compagnie_Générale_des_Voitures_à_Paris
Compagnie_Générale_du_Canal_de_Suez
Compagnie_Générale_du_Jouet
Compagnie_Générale_pour_l'Eclairage_et_le_Chauffage_par_le_Gaz
Compagnie_Générale_Électrique_(Nancy)
Compagnie_Hors_Serie_-_Direction_Artistique_Hamid_Ben_Mahi
Compagnie_Hors_Série
Compagnie_Industrielle_Des_Lasers
Compagnie_Industrielle_Du_Jouet
Compagnie_Industrielle_d'Applications_Thermiques
Compagnie_Industrielle_des_Téléphones
Compagnie_Industrielle_et_Commerciale_Cinématographique
Compagnie_Industrielle_et_Commerciale_du_Cycle_et_de_l'Automobile
Compagnie_Industrielle_et_Commerciale_du_Cycle_et_de_l’Automobile
Compagnie_Industrielle_pour_l'Informatique
Compagnie_Intercommunale_Bruxelloise_des_Eaux
Compagnie_Intercommunale_Liégeoise_des_Eaux
Compagnie_Interface
Compagnie_Internationale_Pour_L'informatique
Compagnie_Internationale_d'Informatique
Compagnie_Internationale_de_Navigation_Aérienne
Compagnie_Internationale_des_Grands_Hotels
Compagnie_Internationale_des_Wagons-Lits
Compagnie_Internationale_pour_l'Informatique
Compagnie_Iron_Ore_du_Canada
Compagnie_Ivan_Morane
Compagnie_Ivoirienne_D'électricité
Compagnie_Ivoirienne_d'Electricité
Compagnie_J.G._Brill
Compagnie_Jean-Duceppe
Compagnie_Jean-Jacques_Pauvert
Compagnie_Jean_Duceppe
Compagnie_Jo_Bithume
Compagnie_Jolie_Mome
Compagnie_Jolie_Môme
Compagnie_Kafig
Compagnie_Käfig
Compagnie_La_Otra_Orilla
Compagnie_Latécoère
Compagnie_Libre_d'Esprit
Compagnie_Linga
Compagnie_Lubat_de_Gasconha
Compagnie_Lumière_d'août
Compagnie_Luxembourgeoise_de_Radiodiffusion
Compagnie_Luxembourgeoise_de_Télédiffusion
Compagnie_Lyon-La_Méditerranée
Compagnie_Madrange
Compagnie_Madsen
Compagnie_Malienne_Pour_Le_Développement_Du_Textile
Compagnie_Marabout
Compagnie_Marat
Compagnie_Marconi
Compagnie_Marie_Chouinard
Compagnie_Marie_de_Jongh
Compagnie_Maritime
Compagnie_Maritime_Belge
Compagnie_Maritime_D'expertises
Compagnie_Maritime_d'Affrètement_-_Compagnie_Générale_Maritime
Compagnie_Maritime_des_Chargeurs_Réunis
Compagnie_Marocaine_de_Navigation
Compagnie_Mauvais_Esprits
Compagnie_Mille_et_Une_Nuits
Compagnie_Mille_et_Une_nuits
Compagnie_Mille_et_une_Nuits
Compagnie_Mille_et_une_nuits
Compagnie_Miniere_Quebec_Cartier
Compagnie_Minière_(France)
Compagnie_Minière_Québec_Cartier
Compagnie_Minière_du_Haut_Katanga
Compagnie_Montalvo-Hervieu
Compagnie_Morin
Compagnie_Méridionale_De_Navigation
Compagnie_Nantaise_De_Navigation_À_Vapeur
Compagnie_Nantaise_Des_Chargeurs_De_L'Ouest
Compagnie_Nantaise_de_Navigation_à_Vapeur
Compagnie_Nantaise_des_Chargeurs_de_l'Ouest
Compagnie_Nationale_D'opéra_Du_Canada
Compagnie_Nationale_De_Navigation
Compagnie_Nationale_Excelsior
Compagnie_Nationale_a_Portefeuille
Compagnie_Nationale_d'Aménagement_du_Bas-Rhône_Languedoc
Compagnie_Nationale_de_Danse_espagnole
Compagnie_Nationale_de_Navigation
Compagnie_Nationale_des_Conseils_en_Propriété_Industrielle
Compagnie_Nationale_du_Rhône
Compagnie_Nationale_À_Portefeuille
Compagnie_Nationale_à_Portefeuille
Compagnie_Néerlandaise_Des_Indes_Occidentales
Compagnie_Néerlandaise_Des_Indes_Orientales
Compagnie_Océane
Compagnie_Oposito
Compagnie_Pandora
Compagnie_Pandora_(théâtre)
Compagnie_Paris-Orléans
Compagnie_Parisienne_de_Réescompte
Compagnie_Parisienne_des_Vélocipèdes
Compagnie_Parisienne_du_Chauffage_Urbain
Compagnie_Penn_ar_Bed
Compagnie_Perrache
Compagnie_Philippe_Saire
Compagnie_Praxinoscope
Compagnie_Pétrolière_Impériale_Ltée
Compagnie_Radio-France
Compagnie_Radio_France
Compagnie_Radio_Maritime
Compagnie_Radio_maritime
Compagnie_Real_del_Monte_et_Pachuca
Compagnie_Renaud-Barrault
Compagnie_Rhénane_De_Raffinage
Compagnie_Rosas
Compagnie_Royal_de_luxe
Compagnie_Royale_Guipuzcoana
Compagnie_Royale_d'Afrique
Compagnie_Russe_D'Amérique
Compagnie_Russe_d'Amérique
Compagnie_Républicaine_De_Sécurité
Compagnie_Saint-Gobain
Compagnie_Schiaffino
Compagnie_Scott_Paper
Compagnie_Soudanaise
Compagnie_Stéphane
Compagnie_Sucriere_du_Tchad
Compagnie_Sucrière_Kwilu-Ngongo
Compagnie_Sucrière_Sénégalaise
Compagnie_Sul_Brasil
Compagnie_Suédoise_Des_Indes_Orientales
Compagnie_Système_Castafiore
Compagnie_Sénégalaise_Des_Phosphates_De_Taïba
Compagnie_T.H.Y.
Compagnie_T._A._I.
Compagnie_T._H._Y.
Compagnie_Tero_Saarinen
Compagnie_Thermique_de_Belle-Vue
Compagnie_Thermique_de_Savannah
Compagnie_Thermique_du_Sud
Compagnie_Thor
Compagnie_Tunisienne_De_Navigation
Compagnie_Turkish_Airlines
Compagnie_Têt_Perpignan
Compagnie_U.T.A.
Compagnie_U._T._A.
Compagnie_Unifiée_D'aluminium_Russe
Compagnie_Vendéenne
Compagnie_Viola-Léger
Compagnie_Walt_Disney
Compagnie_Wuillaume-Turner
Compagnie_aerienne
Compagnie_aerienne_a_bas_prix
Compagnie_aerienne_cargo
Compagnie_aerienne_charter
Compagnie_aerienne_du_Mali
Compagnie_aerienne_virtuelle
Compagnie_africaine_d'aviation
Compagnie_africaine_d’aviation
Compagnie_américaine_des_fourrures
Compagnie_américaine_du_radium
Compagnie_anglaise_des_Indes_Orientales
Compagnie_anglaise_des_Indes_orientales
Compagnie_anglaise_des_indes_orientales
Compagnie_anglo-française_de_tramways
Compagnie_anglomexicaine
Compagnie_anonyme_du_chemin_de_fer_de_Lille_à_Valenciennes_et_ses_Extensions
Compagnie_anonyme_du_chemin_de_fer_de_la_Moselotte
Compagnie_asiatique
Compagnie_australienne
Compagnie_autonome_de_parachutistes_d'infanterie_de_Marine
Compagnie_autrichienne_des_Indes_orientales
Compagnie_auxiliaire_de_navigation
Compagnie_aérienne
Compagnie_aérienne_cargo
Compagnie_aérienne_charter
Compagnie_aérienne_du_Mali
Compagnie_aérienne_du_mali
Compagnie_aérienne_franco-canadienne
Compagnie_aérienne_française
Compagnie_aérienne_impériale_japonaise
Compagnie_aérienne_inter_régionale_express
Compagnie_aérienne_interrégionale_express
Compagnie_aérienne_iranienne
Compagnie_aérienne_italienne
Compagnie_aérienne_low-cost
Compagnie_aérienne_nationale
Compagnie_aérienne_nationale_du_Mandchoukouo
Compagnie_aérienne_porte-drapeau
Compagnie_aérienne_virtuelle
Compagnie_aérienne_virtuelle_(jeu)
Compagnie_aérienne_à_bas_coût
Compagnie_aérienne_à_bas_coûts
Compagnie_aérienne_à_bas_prix
Compagnie_aéronautique_Manshū
Compagnie_aéronautique_Mitsubishi
Compagnie_aéronautique_Nakajima
Compagnie_aéronautique_Tachikawa
Compagnie_aérospatiale_Kawasaki
Compagnie_bancaire
Compagnie_bancaire_de_l'Afrique_occidentale
Compagnie_bancaire_de_l'Atlantique_Côte_d'Ivoire
Compagnie_bancaire_de_l'afrique_occidentale
Compagnie_bancaire_de_l’Atlantique_Côte_d’Ivoire
Compagnie_belge_d'actualités
Compagnie_belge_d'animation
Compagnie_belge_de_colonisation
Compagnie_bodecker_&_neander
Compagnie_britannique_des_Indes_Orientales
Compagnie_britannique_des_Indes_orientales
Compagnie_britannique_impériale_d'Afrique_de_l'Est
Compagnie_camerounaise_d'aluminium
Compagnie_catalane
Compagnie_centrale_d'éclairage_par_le_gaz
Compagnie_centrale_de_construction
Compagnie_centrale_de_tramways_électriques
Compagnie_centrale_des_chemins_de_fer_et_tramways
Compagnie_charter
Compagnie_chérifienne_de_chocolaterie
Compagnie_colonelle
Compagnie_coloniale
Compagnie_coloniale_française
Compagnie_colonisatrice_Sul_Brasil
Compagnie_créole
Compagnie_d'Aménagement_des_Coteaux_de_Gascogne
Compagnie_d'Angola
Compagnie_d'Arc_d'Amiens
Compagnie_d'Electricité_de_Kyushu
Compagnie_d'Eustache
Compagnie_d'Exploitation_Automobile_et_de_Transports
Compagnie_d'Hasnon
Compagnie_d'Occident
Compagnie_d'Oostende
Compagnie_d'Orléans
Compagnie_d'Ostende
Compagnie_d'aménagement_des_coteaux_de_Gascogne
Compagnie_d'aménagement_du_Bas-Rhône_et_du_Languedoc
Compagnie_d'arc_Bagnolet-Belleville
Compagnie_d'arc_d'Amiens
Compagnie_d'assistance
Compagnie_d'assurance
Compagnie_d'assurance_mutuelle_de_retraite_Elo
Compagnie_d'assurance_mutuelle_de_retraite_Varma
Compagnie_d'assurance_retraite_Veritas
Compagnie_d'assurances
Compagnie_d'assurances_contre_l'incendie
Compagnie_d'automobiles_D?wa
Compagnie_d'aviation
Compagnie_d'aérostiers
Compagnie_d'electricite_Hokuriku
Compagnie_d'electricite_de_Chugoku
Compagnie_d'electricite_de_Chūgoku
Compagnie_d'electricite_de_Hokkaido
Compagnie_d'electricite_de_Kyushu
Compagnie_d'ingénierie_et_de_développement_du_pétrole_iranien
Compagnie_d'intervention
Compagnie_d'ordonnance
Compagnie_d'électricité_Hokuriku
Compagnie_d'électricité_Kansai
Compagnie_d'électricité_de_Chūgoku
Compagnie_d'électricité_de_Hokkaido
Compagnie_d'électricité_de_Kansai
Compagnie_d'électricité_de_Kyushu
Compagnie_d'électricité_de_Tokyo
Compagnie_danoise_d'Afrique
Compagnie_danoise_de_Guinée
Compagnie_danoise_des_Indes_occidentales
Compagnie_danoise_des_Indes_occidentales_et_de_Guinee
Compagnie_danoise_des_Indes_occidentales_et_de_Guinée
Compagnie_danoise_des_Indes_occidentales_et_orientales
Compagnie_danoise_des_Indes_orientales
Compagnie_danoise_des_indes_occidentales_et_de_guinée
Compagnie_danoise_des_indes_orientales
Compagnie_de_1602
Compagnie_de_Carmaux
Compagnie_de_Charbonnages-Belges
Compagnie_de_Chemin_de_fer_Roberval-Saguenay
Compagnie_de_Chine
Compagnie_de_Coordination_de_Police_Intermondiale
Compagnie_de_Fives-Lille
Compagnie_de_Fives-Lille_pour_constructions_mécaniques_et_entreprises.
Compagnie_de_Fives_-_Lille
Compagnie_de_Fives_-_Lille_pour_constructions_mécaniques_et_entreprises
Compagnie_de_Fives_-_Lille_pour_constructions_mécaniques_et_entreprises.
Compagnie_de_Frévent_à_Gamaches
Compagnie_de_Guinée
Compagnie_de_Jesus
Compagnie_de_Jésus
Compagnie_de_La_Dombes
Compagnie_de_Londres
Compagnie_de_Marie
Compagnie_de_Marie-Notre-Dame
Compagnie_de_Marie_pour_l'éducation_des_sourds-muets
Compagnie_de_Mokta
Compagnie_de_Montmorency
Compagnie_de_Montmorency_(Nouvelle-France)
Compagnie_de_Moscovie
Compagnie_de_Moucheron
Compagnie_de_Navarre
Compagnie_de_Nouvelle-Guinée
Compagnie_de_Nouvelle-Suède
Compagnie_de_Nouvelle-Zélande
Compagnie_de_Pouvoir_du_Bas-Saint-Laurent
Compagnie_de_Pulpe_de_Chicoutimi
Compagnie_de_Rouen
Compagnie_de_Rouen_(Guyane)
Compagnie_de_Rouen_(Nouvelle-France)
Compagnie_de_Saint-Christophe
Compagnie_de_Saint-Cristophe
Compagnie_de_Saint-Domingue
Compagnie_de_Saint-Sulpice
Compagnie_de_Sainte-Ursule
Compagnie_de_Sainte-Ursule_d'Anne_de_Xainctonge
Compagnie_de_Sainte-Ursule_d’Anne_de_Xainctonge
Compagnie_de_Sainte_Thérèse
Compagnie_de_Sainte_Ursule
Compagnie_de_Sauveteurs_de_Reims
Compagnie_de_Suez
Compagnie_de_Thorin
Compagnie_de_Transport_Maritime_à_la_Voile
Compagnie_de_Transport_St._Maurice
Compagnie_de_Transport_de_la_Porte_Océane
Compagnie_de_Transports_au_Maroc
Compagnie_de_Télégraphie_sans_Fil
Compagnie_de_Télévision_et_de_Radio_Biélorusse
Compagnie_de_Vermandois
Compagnie_de_Vichy
Compagnie_de_Villers
Compagnie_de_Virginie
Compagnie_de_canonniers_de_la_section_du_Contrat-Social_de_Paris
Compagnie_de_chasseurs_Cambrelots
Compagnie_de_chasseurs_d'Évreux
Compagnie_de_chasseurs_de_Dubourg
Compagnie_de_chasseurs_de_Ransonnet
Compagnie_de_chasseurs_de_Vandamme
Compagnie_de_chasseurs_des_Quatre-Nations
Compagnie_de_chasseurs_des_Quatre-Nations_de_Paris
Compagnie_de_chauffage_intercommunale_de_l'Agglomération_grenobloise
Compagnie_de_chauffage_intercommunale_de_l'agglomération_grenobloise
Compagnie_de_chemin_de_fer
Compagnie_de_chemin_de_fer,_d’éclairage_et_de_force_motrice_de_Québec
Compagnie_de_chemin_de_fer_d'intérêt_local_du_département_de_l'Hérault
Compagnie_de_chemin_de_fer_de_Caen_à_la_mer
Compagnie_de_chemin_de_fer_de_Montpellier_à_Sète
Compagnie_de_chemin_de_fer_du_Grand_Tronc_du_Canada
Compagnie_de_chemin_de_fer_du_Katanga
Compagnie_de_chemin_de_fer_du_Katanga-Dilolo-Léopoldville
Compagnie_de_chemin_de_fer_du_Katanga-Dilolo-Léopolville
Compagnie_de_chemin_de_fer_du_katanga
Compagnie_de_chemins_de_fer_départementaux
Compagnie_de_chemins_de_fer_secondaires
Compagnie_de_classe_1
Compagnie_de_colonisation_et_de_crédit_des_Cantons_de_l'Est
Compagnie_de_coordination_de_police_intermondiale
Compagnie_de_courtage
Compagnie_de_croisière
Compagnie_de_danse
Compagnie_de_danse_Batsheva
Compagnie_de_danse_Mackinaw
Compagnie_de_developpement_du_Nord
Compagnie_de_discipline_des_régiment_étrangers_en_Extrême-Orient
Compagnie_de_disques
Compagnie_de_défense_nucléaire,_biologique_et_chimique_interarmées
Compagnie_de_développement_du_Nord
Compagnie_de_développement_du_nord
Compagnie_de_développement_oriental
Compagnie_de_gestion_de_Matane
Compagnie_de_haut-parleurs_et_de_tracts
Compagnie_de_hauts-parleurs_et_de_tracts
Compagnie_de_jésus
Compagnie_de_l'Afrique_orientale_allemande
Compagnie_de_l'Anneau
Compagnie_de_l'Asiento
Compagnie_de_l'Escarpelle
Compagnie_de_l'Est
Compagnie_de_l'Est_Algérien
Compagnie_de_l'Est_algérien
Compagnie_de_l'Ouest
Compagnie_de_l'Ouest_Algérien
Compagnie_de_l'Ouest_algérien
Compagnie_de_l'Ouest_Électrique
Compagnie_de_l'Ouest_électrique
Compagnie_de_l'Union-Suisse
Compagnie_de_l'anneau
Compagnie_de_l'asiento
Compagnie_de_l'escarpelle
Compagnie_de_l'île_de_la_Providence
Compagnie_de_la_Baie_d'Hudson
Compagnie_de_la_Baie_du_Nord
Compagnie_de_la_Baie_d’Hudson
Compagnie_de_la_Dombes
Compagnie_de_la_France_equinoxiale
Compagnie_de_la_France_équinoxiale
Compagnie_de_la_Ligne_d'Italie
Compagnie_de_la_Louisiane
Compagnie_de_la_Mort
Compagnie_de_la_Nouvelle-France
Compagnie_de_la_Nouvelle-Suède
Compagnie_de_la_Nouvelle_France
Compagnie_de_la_Suisse_Occidentale_et_du_Simplon
Compagnie_de_la_Suisse_occidentale_et_du_Simplon
Compagnie_de_la_Verte-Tente
Compagnie_de_la_baie_d'Hudson
Compagnie_de_la_baie_d’Hudson
Compagnie_de_la_france_équinoxiale
Compagnie_de_la_mer_du_Sud
Compagnie_de_la_nouvelle-france
Compagnie_de_l’Anneau
Compagnie_de_marche
Compagnie_de_marie
Compagnie_de_matériel_de_chemin_de_fer
Compagnie_de_mestre_de_camp
Compagnie_de_navigation_d'Orbigny
Compagnie_de_navigation_des_Chargeurs_Réunis
Compagnie_de_navigation_mixte
Compagnie_de_pouvoir_du_Bas-Saint-Laurent
Compagnie_de_propagande
Compagnie_de_pulpe_de_chicoutimi
Compagnie_de_radio-télévision_nationale_estonienne
Compagnie_de_rouen
Compagnie_de_rouen_(nouvelle-france)
Compagnie_de_sauveteurs_de_Reims
Compagnie_de_sécurisation
Compagnie_de_sécurisation_et_d'intervention
Compagnie_de_theatre
Compagnie_de_théâtre
Compagnie_de_transport_de_la_porte_océane
Compagnie_de_transport_de_la_région_lorientaise
Compagnie_de_transport_de_la_ville_de_Belgrade
Compagnie_de_transport_des_Olonnes
Compagnie_de_transport_maritime_à_la_voile
Compagnie_de_transport_provincial
Compagnie_de_transport_public_de_Cluj-Napoca
Compagnie_de_transports_Perpignan_Méditerranée
Compagnie_de_transports_au_Maroc
Compagnie_de_transports_du_Pays_de_Montbéliard
Compagnie_de_travailleurs_étrangers
Compagnie_de_téléphone_titulaire
Compagnie_de_télévision_et_de_radio_biélorusse
Compagnie_de_volontaires_de_Libourne
Compagnie_des_21
Compagnie_des_Aciéries_de_la_Marine
Compagnie_des_Aciéries_et_Forges_de_la_Loire
Compagnie_des_Agents_de_Change
Compagnie_des_Alpes
Compagnie_des_Alpes_-_Division_Parcs_de_Loisirs
Compagnie_des_Ardennes
Compagnie_des_Arts_de_Paris
Compagnie_des_Ateliers_et_Forges_de_la_Loire
Compagnie_des_Autobus_de_Monaco
Compagnie_des_Bateaux_Aix-les-Bains_Riviera_des_Alpes
Compagnie_des_Bateaux_du_lac_Léman
Compagnie_des_Bateaux_du_lac_du_Bourget_et_du_Haut-Rhône
Compagnie_des_Batobus
Compagnie_des_Bauxites_de_Guinée
Compagnie_des_Bronzes
Compagnie_des_Bronzes_de_Bruxelles
Compagnie_des_Canonniers
Compagnie_des_Canonniers_de_Lille
Compagnie_des_Carabiniers_du_Prince
Compagnie_des_Cent-Associés
Compagnie_des_Cent-Associés_de_la_Nouvelle-France
Compagnie_des_Cent-associés
Compagnie_des_Cent_Associés
Compagnie_des_Charbonnages_de_Réty,_Ferques_et_Hardinghen
Compagnie_des_Charbonnages_de_Vendin-lez-Béthune
Compagnie_des_Charentes
Compagnie_des_Chemins_de_Fer_Départementaux
Compagnie_des_Chemins_de_Fer_Nationaux_du_Canada
Compagnie_des_Chemins_de_Fer_de_Normandie
Compagnie_des_Chemins_de_Fer_de_Pont-de-la-Deûle_à_Pont-à-Marcq
Compagnie_des_Chemins_de_Fer_de_l’Etat_autrichien
Compagnie_des_Chemins_de_Fer_de_lՃtat_Autrichien
Compagnie_des_Chemins_de_Fer_de_lՃtat_autrichien
Compagnie_des_Chemins_de_Fer_des_Côtes-du-Nord
Compagnie_des_Chemins_de_Fer_du_Sud_de_l'Aisne
Compagnie_des_Chemins_de_Fer_à_Voie_Étroite_du_Midi
Compagnie_des_Chemins_de_fer_algériens_de_l'État
Compagnie_des_Chemins_de_fer_d'intérêt_local_du_Territoire_de_Belfort
Compagnie_des_Chemins_de_fer_de_Milly_à_Formerie
Compagnie_des_Chemins_de_fer_de_Milly_à_Formerie_et_de_Noyon_à_Guiscard_et_à_Lassigny
Compagnie_des_Chemins_de_fer_de_Nancy_à_Vézelise
Compagnie_des_Chemins_de_fer_de_Normandie
Compagnie_des_Chemins_de_fer_de_Paris_à_Lyon_et_à_la_Méditerranée
Compagnie_des_Chemins_de_fer_de_l'Est
Compagnie_des_Chemins_de_fer_de_l'Ouest
Compagnie_des_Chemins_de_fer_des_Pyrénées-Orientales
Compagnie_des_Chemins_de_fer_du_Congo_supérieur_aux_grands_lacs_africains
Compagnie_des_Chemins_de_fer_du_Doubs
Compagnie_des_Chemins_de_fer_du_Midi
Compagnie_des_Compteurs
Compagnie_des_Courtiers_Jurés_-_Experts_Piqueurs_de_Vins_de_Paris
Compagnie_des_Dombes_et_des_chemins_de_Fer_du_Sud-Est
Compagnie_des_Dombes_et_des_chemins_de_fer_du_Sud-Est
Compagnie_des_Eaux_de_Paris
Compagnie_des_Filles_de_Notre_Dame
Compagnie_des_Fonderies_et_Forges_de_Terrenoire
Compagnie_des_Fonderies_et_Forges_de_l'Horme
Compagnie_des_Forges_et_Aciéries_de_la_Marine_et_d'Homécourt
Compagnie_des_Forges_et_Chantiers_de_la_Méditerranée
Compagnie_des_Fous_de_Clèves
Compagnie_des_Fromages_&_RichesMonts
Compagnie_des_Fromages_&_RichesMonts_(CF&R)
Compagnie_des_Fromages_et_RichesMonts_(CF&R)
Compagnie_des_Glenans
Compagnie_des_Glénans
Compagnie_des_Grands_Express_Aériens
Compagnie_des_Habitants
Compagnie_des_Indes
Compagnie_des_Indes_Françaises
Compagnie_des_Indes_Occidentales
Compagnie_des_Indes_Occidentales_(francaise)
Compagnie_des_Indes_Occidentales_(française)
Compagnie_des_Indes_Orientales
Compagnie_des_Indes_Orientales_(françaises)
Compagnie_des_Indes_Orientales_hollandaises
Compagnie_des_Indes_françaises
Compagnie_des_Indes_néerlandaises
Compagnie_des_Indes_occidentales
Compagnie_des_Indes_occidentales_(France)
Compagnie_des_Indes_occidentales_(française)
Compagnie_des_Indes_orientales
Compagnie_des_Indes_orientales_(France)
Compagnie_des_Machines_Bull
Compagnie_des_Messageries_Aériennes
Compagnie_des_Messageries_Maritimes
Compagnie_des_Mines_de_Basse-Bretagne
Compagnie_des_Mines_de_Bretagne
Compagnie_des_Mines_de_la_Grand'Combe_et_des_chemins_de_fer_du_Gard
Compagnie_des_Mines_de_la_Grand’Combe_et_des_chemins_de_fer_du_Gard
Compagnie_des_Mines_d’Uranium_de_Franceville
Compagnie_des_Mousquetaires_du_Roi
Compagnie_des_Moyens_de_Surface
Compagnie_des_Phares_et_Balises
Compagnie_des_Potasses_du_Congo
Compagnie_des_Produits_Chimiques_d'Alais_et_de_la_Camargue
Compagnie_des_Prêtres_de_Saint-Sulpice
Compagnie_des_Prêtres_de_Saint-Sulpice_au_Québec
Compagnie_des_Sept
Compagnie_des_Services_Maritimes_des_Messageries_Nationales
Compagnie_des_Suisses_de_Monsieur_le_comte_d'Artois
Compagnie_des_Suisses_de_Monsieur_le_comte_d’Artois
Compagnie_des_Tramways_Electrique_de_Limoges
Compagnie_des_Tramways_Electriques_d'Oran
Compagnie_des_Tramways_Electriques_de_Dijon
Compagnie_des_Tramways_de_Reims
Compagnie_des_Tramways_de_Saint-Maur-des-Fossés
Compagnie_des_Tramways_Électriques_d'Avignon
Compagnie_des_Tramways_Électriques_de_Dijon
Compagnie_des_Tramways_à_Vapeur_de_la_Chalosse_et_du_Béarn
Compagnie_des_Tramways_électriques_du_Nord-Parisiens
Compagnie_des_Transports_Strasbourgeois
Compagnie_des_Transports_de_l'Agglomération_Valentinoise_(CTAV)
Compagnie_des_Transports_du_Valenciennois_et_du_Hainaut
Compagnie_des_aciéries_et_forges_de_la_Loire
Compagnie_des_agents_de_change
Compagnie_des_alpes
Compagnie_des_arts_de_Paris
Compagnie_des_ateliers_et_forges_de_la_Loire
Compagnie_des_autobus_de_Monaco
Compagnie_des_aventuriers_d'Afrique
Compagnie_des_ballets_de_Monte-Carlo
Compagnie_des_bateaux_Aix-les-Bains_Riviera_des_Alpes
Compagnie_des_bateaux_du_lac_Léman
Compagnie_des_bauxites_de_Guinée
Compagnie_des_bauxites_de_Kindia
Compagnie_des_cent-associés
Compagnie_des_charbonnages_de_Réty,_Ferques_et_Hardinghen
Compagnie_des_chargeurs_réunis
Compagnie_des_chasseurs_de_Bordeaux
Compagnie_des_chasseurs_du_Louvre
Compagnie_des_chasseurs_du_Midi_formée_à_Paris
Compagnie_des_chemins_de_Saint-Étienne_à_Lyon
Compagnie_des_chemins_de_Saint-Étienne_à_la_Loire
Compagnie_des_chemins_de_fer_Bône-Guelma
Compagnie_des_chemins_de_fer_Lyon-La_Méditerranée
Compagnie_des_chemins_de_fer_Prince-Henri
Compagnie_des_chemins_de_fer_algériens
Compagnie_des_chemins_de_fer_algériens_de_l'État
Compagnie_des_chemins_de_fer_andalous
Compagnie_des_chemins_de_fer_d'Orléans
Compagnie_des_chemins_de_fer_d'intérêt_local_de_Saône-et-Loire
Compagnie_des_chemins_de_fer_d'intérêt_local_de_la_Meuse
Compagnie_des_chemins_de_fer_d'intérêt_local_du_Nord_de_la_France
Compagnie_des_chemins_de_fer_d'intérêt_local_du_département_de_l'Hérault
Compagnie_des_chemins_de_fer_de_Bordeaux_à_Cette
Compagnie_des_chemins_de_fer_de_Dieppe_et_de_Fécamp
Compagnie_des_chemins_de_fer_de_Fampoux_à_Hazebrouck
Compagnie_des_chemins_de_fer_de_Lille_à_Bethune
Compagnie_des_chemins_de_fer_de_Nancy_à_Vézelise
Compagnie_des_chemins_de_fer_de_Normandie
Compagnie_des_chemins_de_fer_de_Paris_à_Lyon_et_à_la_Méditerranée
Compagnie_des_chemins_de_fer_de_Picardie_et_des_Flandres
Compagnie_des_chemins_de_fer_de_Rouen_à_Dieppe_et_à_Fécamp
Compagnie_des_chemins_de_fer_de_Vendée
Compagnie_des_chemins_de_fer_de_grande_banlieue
Compagnie_des_chemins_de_fer_de_jonction_du_Rhône_à_la_Loire
Compagnie_des_chemins_de_fer_de_l'Est
Compagnie_des_chemins_de_fer_de_l'Etat
Compagnie_des_chemins_de_fer_de_l'Etat_autrichien
Compagnie_des_chemins_de_fer_de_l'Ouest
Compagnie_des_chemins_de_fer_de_l'est
Compagnie_des_chemins_de_fer_de_l'ouest
Compagnie_des_chemins_de_fer_de_l'État
Compagnie_des_chemins_de_fer_de_l'État_autrichien
Compagnie_des_chemins_de_fer_de_la_Flandre-Occidentale
Compagnie_des_chemins_de_fer_de_la_Limagne
Compagnie_des_chemins_de_fer_de_la_Vendée
Compagnie_des_chemins_de_fer_de_l’Est
Compagnie_des_chemins_de_fer_de_l’Ouest
Compagnie_des_chemins_de_fer_des_Ardennes
Compagnie_des_chemins_de_fer_des_Charentes
Compagnie_des_chemins_de_fer_des_Côtes-du-Nord
Compagnie_des_chemins_de_fer_des_Deux-Charentes
Compagnie_des_chemins_de_fer_des_Flandres
Compagnie_des_chemins_de_fer_des_Plateaux_de_Herve
Compagnie_des_chemins_de_fer_des_Pyrénées-Orientales
Compagnie_des_chemins_de_fer_des_Vosges
Compagnie_des_chemins_de_fer_des_bassins_houillers_du_Hainaut
Compagnie_des_chemins_de_fer_du_Dauphiné
Compagnie_des_chemins_de_fer_du_Doubs
Compagnie_des_chemins_de_fer_du_Maroc
Compagnie_des_chemins_de_fer_du_Midi
Compagnie_des_chemins_de_fer_du_Midi_et_du_Canal_latéral_à_la_Garonne
Compagnie_des_chemins_de_fer_du_Nord
Compagnie_des_chemins_de_fer_du_Nord-Est
Compagnie_des_chemins_de_fer_du_Rhône
Compagnie_des_chemins_de_fer_du_Rhône_à_la_Loire
Compagnie_des_chemins_de_fer_du_Sud_de_l'Aisne
Compagnie_des_chemins_de_fer_du_Sud_de_l'Autriche
Compagnie_des_chemins_de_fer_du_Sud_de_la_France
Compagnie_des_chemins_de_fer_du_Yunnan
Compagnie_des_chemins_de_fer_du_midi
Compagnie_des_chemins_de_fer_du_nord
Compagnie_des_chemins_de_fer_départementaux
Compagnie_des_chemins_de_fer_départementaux_de_l'Aisne
Compagnie_des_chemins_de_fer_départementaux_de_l'Aube
Compagnie_des_chemins_de_fer_départementaux_des_Bouches-du-Rhône
Compagnie_des_chemins_de_fer_départementaux_des_Bouches_du_Rhône
Compagnie_des_chemins_de_fer_garantis_des_colonies_francaises
Compagnie_des_chemins_de_fer_garantis_des_colonies_françaises
Compagnie_des_chemins_de_fer_indonesiens
Compagnie_des_chemins_de_fer_indonésiens
Compagnie_des_chemins_de_fer_nantais
Compagnie_des_chemins_de_fer_nationaux_du_Canada
Compagnie_des_chemins_de_fer_nogentais
Compagnie_des_chemins_de_fer_normands
Compagnie_des_chemins_de_fer_russes
Compagnie_des_chemins_de_fer_régionaux_des_Bouches-du-Rhône
Compagnie_des_chemins_de_fer_secondaires
Compagnie_des_chemins_de_fer_secondaires_du_Nord-Est
Compagnie_des_chemins_de_fer_à_voie_étroite_du_Midi
Compagnie_des_chemins_de_fer_à_voie_étroite_et_tramways_à_vapeur_du_Tarn
Compagnie_des_chemins_de_fer_électriques_de_Champagne
Compagnie_des_chemins_de_fer_électriques_régionaux_du_Jorat
Compagnie_des_chemins_de_fer_électriques_veveysans
Compagnie_des_chemins_de_la_Loire
Compagnie_des_compteurs
Compagnie_des_docks_d'Uraga
Compagnie_des_eaux_de_Paris
Compagnie_des_filles_de_Notre_Dame
Compagnie_des_fonderies_et_forges_de_l'Horme
Compagnie_des_forges_de_Châtillon-Commentry_et_Neuves-Maisons
Compagnie_des_forges_et_acieries_de_la_marine_et_d'Homecourt
Compagnie_des_forges_et_aciéries_de_la_Marine_et_d'Homécourt
Compagnie_des_forges_et_aciéries_de_la_marine_et_d'Homécourt
Compagnie_des_forges_et_aciéries_de_la_marine_et_d'homécourt
Compagnie_des_forges_et_aciéries_de_la_marine_et_d’Homécourt
Compagnie_des_fourrures_du_Missouri
Compagnie_des_fromages_&_RichesMonts
Compagnie_des_glaces
Compagnie_des_glénans
Compagnie_des_grands_express_aériens
Compagnie_des_guides_de_Chamonix
Compagnie_des_guides_de_Courmayeur
Compagnie_des_guides_de_Luchon
Compagnie_des_guides_de_chamonix
Compagnie_des_guides_des_Chamonix
Compagnie_des_habitants
Compagnie_des_iles_d'Amerique
Compagnie_des_indes
Compagnie_des_indes_occidentales
Compagnie_des_indes_occidentales_(française)
Compagnie_des_indes_orientales
Compagnie_des_lampes
Compagnie_des_marchands_aventuriers_de_Londres
Compagnie_des_mers_du_Sud
Compagnie_des_messageries_aériennes
Compagnie_des_messageries_maritimes
Compagnie_des_mines,_fonderies_et_forges_d'Alais
Compagnie_des_mines_Ferfay-Cauchy
Compagnie_des_mines_d'Aniche
Compagnie_des_mines_d'Anzin
Compagnie_des_mines_d'Auchy-au-Bois
Compagnie_des_mines_d'Azincourt
Compagnie_des_mines_d'Ostricourt
Compagnie_des_mines_d'uranium_de_Franceville
Compagnie_des_mines_de_Basse-Bretagne
Compagnie_des_mines_de_Bretagne
Compagnie_des_mines_de_Bruay
Compagnie_des_mines_de_Béthune
Compagnie_des_mines_de_Carvin
Compagnie_des_mines_de_Cauchy-à-la-Tour
Compagnie_des_mines_de_Courrières
Compagnie_des_mines_de_Crespin
Compagnie_des_mines_de_Douchy
Compagnie_des_mines_de_Dourges
Compagnie_des_mines_de_Douvrin
Compagnie_des_mines_de_Drocourt
Compagnie_des_mines_de_Ferfay
Compagnie_des_mines_de_Ferfay-Cauchy
Compagnie_des_mines_de_Flines
Compagnie_des_mines_de_Fléchinelle
Compagnie_des_mines_de_Gouy-Servin_et_Fresnicourt_Réunis
Compagnie_des_mines_de_Gouy-Servins_et_Fresnicourt_Réunis
Compagnie_des_mines_de_Grenay
Compagnie_des_mines_de_La_Clarence
Compagnie_des_mines_de_La_Lucette
Compagnie_des_mines_de_Lens
Compagnie_des_mines_de_Ligny-les-Aire
Compagnie_des_mines_de_Ligny-les-Aires
Compagnie_des_mines_de_Ligny-lès-Aire
Compagnie_des_mines_de_Ligny_Auchy-au-Bois
Compagnie_des_mines_de_Liévin
Compagnie_des_mines_de_Marles
Compagnie_des_mines_de_Marly
Compagnie_des_mines_de_Meurchin
Compagnie_des_mines_de_Montrelais
Compagnie_des_mines_de_Nœux
Compagnie_des_mines_de_Thivencelle
Compagnie_des_mines_de_Thivencelles
Compagnie_des_mines_de_Vendin
Compagnie_des_mines_de_Vicoigne
Compagnie_des_mines_de_Vimy-Fresnoy
Compagnie_des_mines_de_l'Escarpelle
Compagnie_des_mines_de_la_Grand'Combe_et_des_chemins_de_fer_du_Gard
Compagnie_des_mines_de_la_Lys-Supérieure
Compagnie_des_mines_de_l’Escarpelle
Compagnie_des_moyens_de_surface
Compagnie_des_omnibus_et_tramways_de_Lyon
Compagnie_des_phares_et_balises
Compagnie_des_philosophes_du_Québec
Compagnie_des_phosphates_de_Constantine
Compagnie_des_phosphates_de_Gafsa
Compagnie_des_phosphates_de_gafsa
Compagnie_des_phosphates_et_des_chemins_de_fer_de_Gafsa
Compagnie_des_phosphates_et_des_chemins_de_fer_de_Sfax-Gafsa
Compagnie_des_ponts_en_fer_système_Cadiat_&_Oudry
Compagnie_des_potasses_du_Congo
Compagnie_des_pretres_de_Saint-Sulpice
Compagnie_des_produits_chimiques_d'Alais_et_de_la_Camargue
Compagnie_des_prêtres_de_Saint-Sulpice
Compagnie_des_prêtres_de_Saint-Sulpice_au_Québec
Compagnie_des_prêtres_de_saint-sulpice
Compagnie_des_quatre_canaux
Compagnie_des_tramways_Sud
Compagnie_des_tramways_de_Loir-et-Cher
Compagnie_des_tramways_de_Monaco
Compagnie_des_tramways_de_Neuchâtel
Compagnie_des_tramways_de_Nimes
Compagnie_des_tramways_de_Nîmes
Compagnie_des_tramways_de_Paris_et_du_département_de_la_Seine
Compagnie_des_tramways_de_Reims
Compagnie_des_tramways_de_Roubaix_et_de_Tourcoing
Compagnie_des_tramways_de_Roubaix_et_de_Tourcoing_(TRT)
Compagnie_des_tramways_de_Saint-Maur-des-Fossés
Compagnie_des_tramways_de_Tours
Compagnie_des_tramways_de_Tunis
Compagnie_des_tramways_de_l'Artois
Compagnie_des_tramways_de_l'Est_parisien
Compagnie_des_tramways_de_l'ouest_parisien
Compagnie_des_tramways_de_tunis
Compagnie_des_tramways_des_Vosges
Compagnie_des_tramways_du_Loiret
Compagnie_des_tramways_du_département_du_Nord_(Lille)
Compagnie_des_tramways_nord_de_Paris
Compagnie_des_tramways_normands
Compagnie_des_tramways_suburbains
Compagnie_des_tramways_à_vapeur_de_la_Chalosse_et_du_Béarn
Compagnie_des_tramways_électriques_d'Avignon
Compagnie_des_tramways_électriques_d'Oran
Compagnie_des_tramways_électriques_d'Ostende_-_Littoral
Compagnie_des_tramways_électriques_de_Belfort
Compagnie_des_tramways_électriques_de_Brest
Compagnie_des_tramways_électriques_de_Dijon
Compagnie_des_tramways_électriques_de_Vanves_à_Paris_et_extensions
Compagnie_des_tramways_électriques_de_la_Côte_d'Azur
Compagnie_des_tramways_électriques_des_Bouches-du-Rhône
Compagnie_des_tramways_électriques_du_Nord-Parisien
Compagnie_des_tramways_électriques_régionaux_de_Maubeuge
Compagnie_des_transports_Strasbourgeois
Compagnie_des_transports_de_l'agglomération_Valentinoise
Compagnie_des_transports_de_la_porte_océane
Compagnie_des_transports_de_la_région_angevine
Compagnie_des_transports_du_Bas-Rhin
Compagnie_des_transports_du_Valenciennois_et_du_Hainaut
Compagnie_des_transports_du_Yonnais
Compagnie_des_transports_du_yonnais
Compagnie_des_transports_strasbourgeois
Compagnie_des_voies_ferrées_belges
Compagnie_des_voisins
Compagnie_des_wagons-lits
Compagnie_des_wagons-lits_et_des_grands_express_européens
Compagnie_des_Éclaireurs_de_l'Ouest
Compagnie_des_Îles_du_Ponant
Compagnie_des_éclaireurs_de_l'Ouest
Compagnie_des_éclaireurs_de_l’Ouest
Compagnie_des_îles
Compagnie_des_îles_d'Amérique
Compagnie_des_îles_d'amérique
