Cheshire_Cat
Cheshire_Cat_(Album)
Cheshire_Cat_(album_de_Blink-182)
Cheshire_East
Cheshire_East_(circonscription_du_Parlement_européen)
Cheshire_Jets
Cheshire_Lines_Committee
Cheshire_Phoenix
Cheshire_West_(circonscription_du_Parlement_européen)
Cheshire_West_and_Chester
Cheshire_West_and_Wirral_(circonscription_du_Parlement_européen)
Cheshire_cat_(album)
Cheshire_de_l'Est
Cheshmeh-ye_Bagh
Cheshmeh-ye_Gav
Cheshmhaye_siah
Cheshunt
Chesley
Chesley_(Ontario)
Chesley_Bonestell
Chesley_Sullenberger
Cheslie_Kryst
Cheslin_Kolbe
Cheslor_Cuthbert
Chesma
Chesmet
Chesmetet
Chesmou
Chesmé
Chesnais
Chesnay
Chesneau
Chesneau_(astéroïde)
Chesneaux
Chesnel
Chesnelong
Chesney
Chesney_Hawkes
Chesneya
Chesnois
Chesnois-Auboncourt
Chesnokov
Chesnokova
Chesnutt
Chesny
Chesopelloz
Chespirito
Chess
Chess.com
Chess960
ChessBase
ChessGames.com
ChessRobot
Chess_(Comédie_Musicale)
Chess_(comedie_musicale)
Chess_(comédie_musicale)
Chess_(programme_d'échecs)
Chess_2:_The_Sequel
Chess_960
Chess_Assistant
Chess_Bundesliga
Chess_Engine_Communication_Protocol
Chess_Federation_of_Zambia
Chess_Genius
Chess_II
Chess_Informant
Chess_Kenya
Chess_Magazine
Chess_Mutation
Chess_Query_Language
Chess_Records
Chess_Scotland
Chess_Titan
Chess_Titans
Chess_boxing
Chess_mutation
Chess_records
Chessa_Field
Chessbase
Chessbase.com
Chessboxing
Chessel
Chessenaz
Chessenta
Chessex
Chessgames.com
Chessie
Chessie_System
Chessington
Chessington_World_Of_Adventures
Chessington_World_of_Adventures
Chessington_world_of_adventures
Chession
Chessman
Chessman_(catcheur)
Chessmaster
Chessmaster_(2002)
Chessmaster_(jeu_vidéo,_2002)
Chessy
Chessy-les-Mines
Chessy-les-Pres
Chessy-les-Prés
Chessy_(Rhône)
Chessy_(Seine-et-Marne)
Chessy_les_Mines
Chessylite
Chest_(revue)
Chest_Springs
Chest_Township
Chest_Township_(comté_de_Cambria,_Pennsylvanie)
Chest_Township_(comté_de_Clearfield,_Pennsylvanie)
Chest_X-ray
Chestakov
Chestburster
Cheste
Chester
Chester,_Vermont
Chester-Est
Chester-le-Street
Chester_(Angleterre)
Chester_(Arkansas)
Chester_(Californie)
Chester_(Caroline_du_Sud)
Chester_(Connecticut
Chester_(Connecticut)
Chester_(Illinois)
Chester_(Iowa)
Chester_(Maine)
Chester_(Maryland)
Chester_(Montana)
Chester_(New_Hampshire)
Chester_(Nouvelle-Écosse)
Chester_(Nouvelle_Écosse)
Chester_(Pennsylvanie)
Chester_(Royaume-Uni)
Chester_(Texas)
Chester_(Vermont)
Chester_(Virginie)
Chester_(Virginie-Occidentale)
Chester_(Wisconsin)
Chester_(fromage)
Chester_(métro_de_Toronto)
Chester_A._Arthur
Chester_A._Lyons
Chester_Aaron
Chester_Alan_Arthur
Chester_Alan_Arthur_II
Chester_Albert_Reed
Chester_Arthur
Chester_Arthur_Arnold
Chester_Arthur_Burnett
Chester_B._Watts
Chester_Barnard
Chester_Barnett
Chester_Beach
Chester_Beatty_I
Chester_Beatty_Library
Chester_Bennett
Chester_Bennigton
Chester_Bennington
Chester_Bliss
Chester_Bomar_Himes
Chester_Bowles
Chester_Brown
Chester_Burleigh_Watts
Chester_Burnett
Chester_Burton_Atkins
Chester_C._Hayes
Chester_Carlson
Chester_Center
Chester_Center_(Connecticut)
Chester_Charles_Bennington
Chester_Cheetah
Chester_Cheetah:_Too_Cool_to_Fool
Chester_Cheetah:_Wild_Wild_Quest
Chester_City
Chester_City_FC
Chester_City_Football_Club
Chester_Commodore
Chester_Conklin
Chester_County
Chester_Crocker
Chester_Cup
Chester_Delray
Chester_Erdheim
Chester_Erskin
Chester_Erskine
Chester_F.C.
Chester_F._Carlson
Chester_FC
Chester_Football_Club
Chester_Frazier
Chester_Gould
Chester_Harding
Chester_Harding_(peintre)
Chester_Hardy_Aldrich
Chester_Hayes
Chester_Heights
Chester_Hill
Chester_Hill_(Pennsylvanie)
Chester_Himes
Chester_Ittner_Bliss
Chester_Jastremski
Chester_Jets
Chester_Lyman
Chester_Lyons
Chester_M._Franklin
Chester_M._Pierce
Chester_Mason
Chester_McGlockton
Chester_Middlebrook_Pierce
Chester_Moore_Hall
Chester_More_Hall
Chester_Morris
Chester_Music
Chester_Newton
Chester_Nez
Chester_Nimitz
Chester_Novello
Chester_Pitts
Chester_Schaeffer
Chester_Simmons
Chester_Springs
Chester_Square
Chester_Taylor
Chester_Terrace
Chester_The_Terrier
Chester_Thompson
Chester_Township
Chester_Township_(Illinois)
Chester_Township_(Pennsylvanie)
Chester_W._Nimitz
Chester_Watts
Chester_Weber
Chester_William_Nimitz
Chester_Williams
Chester_Withey
Chester_le_terrier
Chester_the_Terrier
Chester_the_terrier
Chester_white
Chesterfield
Chesterfield_(Angleterre)
Chesterfield_(Caroline_du_Sud)
Chesterfield_(Cigarette)
Chesterfield_(Derbyshire)
Chesterfield_(Illinois)
Chesterfield_(Indiana)
Chesterfield_(Massachusetts)
Chesterfield_(Missouri)
Chesterfield_(New_Hampshire)
Chesterfield_(cigarette)
Chesterfield_(circonscription_britannique)
Chesterfield_(homonymie)
Chesterfield_(siège)
Chesterfield_Court_House
Chesterfield_F.C.
Chesterfield_FC
Chesterfield_Football_Club
Chesterfield_Inlet
Chesterfield_Motion_Pictures_Corp.
Chesterfield_Motion_Pictures_Corporation
Chesterfield_Pictures
Chesterfield_Street
Chesterfield_Township
Chesterfield_Township_(Illinois)
Chesterfield_Township_(Missouri)
Chestermere
Chestermere-Rocky_View
Chestermere_(Alberta)
Chesterton
Chesterton_(Indiana)
Chesterton_(Warwickshire)
Chestertown
Chesterville
Chestfield
Chestnut_Hill
Chestnut_Hill_(Massachusetts)
Chestnut_Hill_(littérature)
Chestnut_Hill_(série_littéraire)
Chestnut_Hill_College
Chestnut_Ridge_Park
Chestnut_Township
Chestnuts_Roasting_on_an_Open_Fire
Chestov
Chestres
Chesty:_A_Tribute_to_a_Legend
Chesty_Morgan
Chesty_Puller
Cheswick
Cheswick_(Pennsylvanie)
Cheswold
Chet
Chet's_Romance
Chet's_romance
Chet_(Métro_De_Charleroi)
Chet_(album)
Chet_(metro_de_Charleroi)
Chet_(métro_de_Charleroi)
Chet_(métro_de_charleroi)
Chet_Atkins
Chet_Baker
Chet_Baker_Plays_the_Best_of_Lerner_&_Loewe
Chet_Baker_Sings
Chet_Baker_Sings_and_Plays_from_the_Film_«_Let's_Get_Lost_»
Chet_Baker_plays_the_best_of_Lerner_&_Loewe
Chet_Brandenburg
Chet_Carlisle
Chet_Culver
Chet_Faker
Chet_Faliszek
Chet_Holmgren
Chet_Huntley
Chet_Jastremski
Chet_Lemon
Chet_Miller
Chet_Pickard
Chet_Powers
Chet_Walker
Chet_Withey
Chet_atkins
Chetaibi
Chetak
Chetan_Anand
Chetaïbi
Chetco
Chetcuti
Chetcuti_(homonymie)
Chethan_Balasubramanya
Chetia
Chetia_brevis
Chetia_flaviventris
Chetia_gracilis
Chetia_mola
Cheticamp
Chetiflor
Chetiflor_et_ses_évolutions
Chetma
Chetna_Sinha
Chetnik
Chetniks
Chetodon_a_collier
Chetopa
Chetopa_(Kansas)
Chetouane
Chetouane_Belaila
Chetouane_Belaïa
Chetpat_Aiyar
Chetrit
Chetro_Ketl
Chetronus
Chetrum
Chetsang_Rinpoché
Chettia
Chettikudiyiruppu
Chettinad
Chettiwayo
Chettouane_Belaila
Chettusia
Chetumal
Chetwynd
Chetwynd_(homonymie)
Cheu
Cheuang_Sombounkhanh
Cheuby
Cheuf
Cheuge
Cheugugi
Cheuille
Cheung
Cheung_Chau
Cheung_Chi_Keung
Cheung_Chung-kiu
Cheung_Ka_Long
Cheung_King_Lok
Cheung_King_Wai
Cheung_Kong
Cheung_Kong_Center
Cheung_Kong_Holdings
Cheung_Kong_Infrastructure
Cheung_Kong_Infrastructure_Holdings
Cheung_Man
Cheung_Po_Tsai
Cheung_Siu-Fai
Cheung_Siu-fai
Cheung_Siu_Lun
Cheung_Wai-leung
Cheung_Wing-fat
Cheung_Yan
Cheung_Ying
Cheurfa
Cheurfa_(race_bovine)
Cheurfa_Tizi_Tegyar
Cheurfa_n'Bahloul
Cheurfa_n’Bahloul
Cheurfi
Cheust
Cheuvkat_Mammadova
Cheuvreux
Cheux
Chevagnes
Chevagny-les-Chevrieres
Chevagny-les-Chevrières
Chevagny-sur-Guye
Chevaigne
Chevaigne-du-Maine
Chevaigné
Chevaigné-du-Maine
Chevaigné_(Sarthe)
Chevaine
Chevak
Chevak_(Alaska)
Chevakata_Vologda
Cheval
Cheval-Blanc
Cheval-Regon
Cheval-Rigon
Cheval-dragon
Cheval-fondu
Cheval-heure
Cheval-jupon
Cheval-vapeur
Cheval_&_Poney
Cheval_(Astrologie_Chinoise)
Cheval_(Floride)
Cheval_(Registre_Français)
Cheval_(animal)
Cheval_(astrologie_chinoise)
Cheval_(film)
Cheval_(homonymie)
Cheval_(héraldique)
Cheval_(race)
Cheval_(zodiaque)
Cheval_(échecs)
Cheval_Angevin
Cheval_Anglo-normand
Cheval_Ardennais
Cheval_Augeron
Cheval_Barbâtre
Cheval_Barraquand
Cheval_Bayard
Cheval_Bayard_(géant_d'Ath)
Cheval_Bayard_(géant_d’Ath)
Cheval_Blanc
Cheval_Blanc_(Courchevel)
Cheval_Blanc_Courchevel
Cheval_Blanc_D'Uffington
Cheval_Blanc_Randheli
Cheval_Blanc_St-Barth_Isle_de_France
Cheval_Blanc_St-Tropez
Cheval_Breton
Cheval_Caennais
Cheval_Camargue
Cheval_Canadien
Cheval_Castillonnais
Cheval_Charentais
Cheval_Chickasaw
Cheval_Corse
Cheval_D'arçon
Cheval_Dans_L'art
Cheval_De_Bois
Cheval_De_Frise_(groupe)
Cheval_De_L'année_En_Europe
Cheval_De_Léonard
Cheval_De_Przewalski
Cheval_De_Selle
Cheval_De_Trait
Cheval_De_Troie
Cheval_De_Troie_(Informatique)
Cheval_Du_Vercors
Cheval_Fiscal
Cheval_Francais
Cheval_Franches-Montagnes
Cheval_Français
Cheval_Gauvin
Cheval_Henson
Cheval_Indien_(film)
Cheval_Islandais
Cheval_Magazine
Cheval_Mallet
Cheval_Morgan
Cheval_Nisaen
Cheval_Noir
Cheval_Pampa
Cheval_Passion
Cheval_Pour_Recherche_Et_Sauvetage
Cheval_Pratique
Cheval_Rigon
Cheval_Romano_della_Maremma_Laziale
Cheval_Rouge
Cheval_Rouge_(sculpture)
Cheval_Savoir
Cheval_Saxon
Cheval_Soleil
Cheval_Solognot
Cheval_Star
Cheval_Virois
Cheval_Zorse
Cheval_ailé
Cheval_ailé_de_Foncine
Cheval_anglo-arabe
Cheval_aquatique
Cheval_arabe
Cheval_arabe_(Gros)
Cheval_arabe_dans_la_culture
Cheval_arabe_gris
Cheval_arabe_gris-blanc
Cheval_arabe_turc
Cheval_ardennais
Cheval_ariégeois
Cheval_art
Cheval_artésien
Cheval_attaqué_par_un_lion
Cheval_au_Bangladesh
Cheval_au_Bhoutan
Cheval_au_Burkina_Faso
Cheval_au_Bénin
Cheval_au_Cameroun
Cheval_au_Canada
Cheval_au_Danemark
Cheval_au_Gabon
Cheval_au_Ghana
Cheval_au_Japon
Cheval_au_Kazakhstan
Cheval_au_Kenya
Cheval_au_Kirghizistan
Cheval_au_Lesotho
Cheval_au_Liban
Cheval_au_Mali
Cheval_au_Maroc
Cheval_au_Moyen_Âge
Cheval_au_Niger
Cheval_au_Nigeria
Cheval_au_Pakistan
Cheval_au_Portugal
Cheval_au_Qatar
Cheval_au_Royaume-Uni
Cheval_au_Soudan
Cheval_au_Sénégal
Cheval_au_Tadjikistan
Cheval_au_Tchad
Cheval_au_Tibet
Cheval_au_Togo
Cheval_au_Turkménistan
Cheval_au_XIXe_siècle
Cheval_au_XVIe_siècle
Cheval_au_XXe_siècle
Cheval_au_Yémen
Cheval_au_galop
Cheval_au_galop_volant
Cheval_australien
Cheval_auvergnat
Cheval_auvergnat_commun
Cheval_aux_Pays-Bas
Cheval_avec_bride
Cheval_barbe
Cheval_baroque
Cheval_basque_des_montagnes
Cheval_berrichon
Cheval_bigourdan
Cheval_bigourdin
Cheval_blanc
Cheval_blanc_(folklore)
Cheval_blanc_(mythologie)
Cheval_blanc_d'Uffington
Cheval_blanc_d'uffington
Cheval_blanc_dans_la_culture
Cheval_blanc_de_Bratton
Cheval_blanc_de_Chisséria
Cheval_blanc_de_Kilburn
Cheval_blanc_de_Westbury
Cheval_blanc_d’Uffington
Cheval_blême
Cheval_boulonnais
Cheval_bourbourien
Cheval_bourguignon
Cheval_brabançon
Cheval_brandin
Cheval_brennou
Cheval_bâton
Cheval_cabré_Ferrari
Cheval_camarguais
Cheval_camargue
Cheval_canadien
Cheval_carnivore
Cheval_carrossier
Cheval_castré
Cheval_catalan
Cheval_cauchois
Cheval_charentais
Cheval_charolais
Cheval_charollais
Cheval_chez_les_Hmong
Cheval_chez_les_peuples_amérindiens
Cheval_chez_les_peuples_celtes
Cheval_chilien
Cheval_châtré
Cheval_cloné
Cheval_colonial_espagnol
Cheval_commun
Cheval_corse
Cheval_crème
Cheval_crétois
Cheval_d'Auvergne
Cheval_d'Azerbaïdjan
Cheval_d'Erlenbach
Cheval_d'Orgueil
Cheval_d'allure
Cheval_d'allure_de_la_Hague
Cheval_d'allures
Cheval_d'août
Cheval_d'arcon
Cheval_d'arcons
Cheval_d'artillerie
Cheval_d'arçon
Cheval_d'arçons
Cheval_d'attaque
Cheval_d'attelage
Cheval_d'eau
Cheval_d'octobre
Cheval_d'orgueil
Cheval_d'élevage_avec_guerrier
Cheval_dans_l'Antiquité
Cheval_dans_l'animation
Cheval_dans_l'antiquité
Cheval_dans_l'art
Cheval_dans_l'Égypte_antique
Cheval_dans_l'émirat_de_Dubaï
Cheval_dans_la_Première_Guerre_mondiale
Cheval_dans_la_Seconde_Guerre_mondiale
Cheval_dans_la_culture
Cheval_dans_la_culture_bretonne
Cheval_dans_la_fiction
Cheval_dans_la_guerre
Cheval_dans_la_mythologie_celtique
Cheval_dans_la_mythologie_nordique
Cheval_dans_la_république_de_Sakha
Cheval_dans_le_folklore_français
Cheval_dans_les_croyances_celtique
Cheval_dans_les_mines
Cheval_dans_les_mythes_et_légendes
Cheval_dans_l’Antiquité
Cheval_dans_l’antiquité
Cheval_dans_l’art
Cheval_de_Ban'ei
Cheval_de_Barouéli
Cheval_de_Bourgogne
Cheval_de_Brenne
Cheval_de_Bresse
Cheval_de_Bronze_(Capitole)
Cheval_de_Burguete
Cheval_de_Camargue
Cheval_de_Castillon
Cheval_de_Catria
Cheval_de_Corlay
Cheval_de_Cosges
Cheval_de_Dalécarlie
Cheval_de_Delémont
Cheval_de_Dülmen
Cheval_de_Ferghana
Cheval_de_Frise
Cheval_de_Frise_(groupe)
Cheval_de_Grimaud
Cheval_de_Guerre
Cheval_de_Guerre_(film)
Cheval_de_Heck
Cheval_de_Hegardt_et_Stroebel
Cheval_de_Hegart_et_Stroebel
Cheval_de_Hesse
Cheval_de_Karakachan
Cheval_de_Koro
Cheval_de_La_Rochelle
Cheval_de_Lannion
Cheval_de_Leonard
Cheval_de_Letea
Cheval_de_Lettonie
Cheval_de_Léon
Cheval_de_Léonard
Cheval_de_Megève
Cheval_de_Merlerault
Cheval_de_Messara
Cheval_de_Miquelon
Cheval_de_Mosbach
Cheval_de_Mérens
Cheval_de_Namibie
Cheval_de_Nangchen
Cheval_de_Pentro
Cheval_de_Pleven
Cheval_de_Ponthieu
Cheval_de_Pontrieux
Cheval_de_Porrentruy
Cheval_de_Posavina
Cheval_de_Prjevalski
Cheval_de_Przewalski
Cheval_de_Przhevalski
Cheval_de_Rila
Cheval_de_Riwoché
Cheval_de_Rochefort
Cheval_de_Saint-Brieuc
Cheval_de_Sancerre
Cheval_de_Saxe
Cheval_de_Selle_(Registre)
Cheval_de_Senne
Cheval_de_Solutré
Cheval_de_Tchebychev
Cheval_de_Troie
Cheval_de_Troie_(homonymie)
Cheval_de_Troie_(informatique)
Cheval_de_Troie_(roman)
Cheval_de_Tréguier
Cheval_de_Viatka
Cheval_de_ban'ei
Cheval_de_bois
Cheval_de_boucherie
Cheval_de_braou
Cheval_de_brasseur
Cheval_de_bronze_(Capitole)
Cheval_de_bât
Cheval_de_cauchemar
Cheval_de_cirit
Cheval_de_cirque
Cheval_de_couleur
Cheval_de_course
Cheval_de_cutting_canadien
Cheval_de_dressage
Cheval_de_dressage_français
Cheval_de_fer
Cheval_de_fiction
Cheval_de_fond
Cheval_de_frise
Cheval_de_frise_(barrière)
Cheval_de_frise_(groupe)
Cheval_de_guerre
Cheval_de_guerre_(film)
Cheval_de_l'Ain
Cheval_de_l'Ariège
Cheval_de_l'Emmental
Cheval_de_l'Ile_Shackleford
Cheval_de_l'Islet
Cheval_de_l'annee_aux_Etats-Unis
Cheval_de_l'annee_en_Europe
Cheval_de_l'année_au_Japon
Cheval_de_l'année_aux_Etats-Unis
Cheval_de_l'année_aux_États-Unis
Cheval_de_l'année_en_Europe
Cheval_de_l'année_en_Suède
Cheval_de_l'année_en_europe
Cheval_de_l'herbe_et_de_la_boue
Cheval_de_l'Île_Shackleford
Cheval_de_l'île_Cumberland
Cheval_de_l'île_Shackleford
Cheval_de_l'île_de_Cumberland
Cheval_de_l'île_de_Marajó
Cheval_de_l'île_de_sable
Cheval_de_la_Brenne
Cheval_de_la_Caspienne
Cheval_de_la_Dombes
Cheval_de_la_Forêt-Noire
Cheval_de_la_Giara
Cheval_de_la_Hague
Cheval_de_la_Madone
Cheval_de_la_Mayenne
Cheval_de_la_Nièvre
Cheval_de_la_Pampa
Cheval_de_la_Sierra_Tarahumara
Cheval_de_la_baie_de_Somme
Cheval_de_la_lande
Cheval_de_la_mer_Noire
Cheval_de_la_plaine_de_Caen
Cheval_de_la_plantation_McCurdy
Cheval_de_laboratoire
Cheval_de_loisir
Cheval_de_léonard
Cheval_de_lîle_de_sable
Cheval_de_l’année_aux_États-Unis
Cheval_de_l’année_en_Europe
Cheval_de_l’herbe_et_de_la_boue
Cheval_de_mer
Cheval_de_mine
Cheval_de_mineur
Cheval_de_métal
Cheval_de_parade
Cheval_de_polo
Cheval_de_przewalski
Cheval_de_pure_race_espagnole
Cheval_de_réforme
Cheval_de_sang
Cheval_de_sang_Belge
Cheval_de_sang_belge
Cheval_de_sang_suisse
Cheval_de_selle
Cheval_de_selle_d'Orlov
Cheval_de_selle_des_montagnes_du_Kentucky
Cheval_de_selle_luxembourgeois
Cheval_de_selle_suisse
Cheval_de_selle_tadjik
Cheval_de_somme
Cheval_de_spectacle
Cheval_de_sport
Cheval_de_sport_allemand
Cheval_de_sport_américain
Cheval_de_sport_autrichien
Cheval_de_sport_belge
Cheval_de_sport_brésilien
Cheval_de_sport_bulgare
Cheval_de_sport_canadien
Cheval_de_sport_croate
Cheval_de_sport_espagnol
Cheval_de_sport_estonien
Cheval_de_sport_frison
Cheval_de_sport_hongrois
Cheval_de_sport_polonais
Cheval_de_sport_roumain
Cheval_de_sport_suisse
Cheval_de_sport_tchèque
Cheval_de_tirage
Cheval_de_traction
Cheval_de_traction_lourde
Cheval_de_traction_légère
Cheval_de_trait
Cheval_de_trait_Maine-Anjou
Cheval_de_trait_ardennais
Cheval_de_trait_belge
Cheval_de_trait_de_la_Mayenne
Cheval_de_trait_de_la_côte_vendéenne
Cheval_de_trait_du_Maine
Cheval_de_trait_mayennais
Cheval_de_travail
Cheval_de_troie
Cheval_de_troie_(informatique)
Cheval_de_troie_informatique
Cheval_de_trot
Cheval_demi-sang_anglo-breton
Cheval_des_Baléares
Cheval_des_Deux-Ponts
Cheval_des_Dombes
Cheval_des_Marquises
Cheval_des_Nez-Percés
Cheval_des_Outer_Banks
Cheval_des_Tonga
Cheval_des_forêts
Cheval_des_mines
Cheval_des_montagnes_du_Pays_basque
Cheval_des_steppes
Cheval_diablo
Cheval_disparu
Cheval_domestique
Cheval_du_Bangladesh
Cheval_du_Berry
Cheval_du_Biros
Cheval_du_Brabant
Cheval_du_Cap
Cheval_du_Centre
Cheval_du_Condroz
Cheval_du_Conquet
Cheval_du_Cotentin
Cheval_du_Delta
Cheval_du_Delta_du_Danube
Cheval_du_Don
Cheval_du_Fleuve
Cheval_du_Golfe
Cheval_du_Haut-Ienisseï
Cheval_du_Jura
Cheval_du_Kentucky
Cheval_du_Limousin
Cheval_du_Maine
Cheval_du_Marais_de_Saint-Louis
Cheval_du_Merlerault
Cheval_du_Morvan
Cheval_du_Namib
Cheval_du_Simmental
Cheval_du_Ventasso
Cheval_du_Vercors
Cheval_du_Vercors_de_Barraquand
Cheval_du_Yukon
Cheval_du_Yunnan
Cheval_du_bon_pays
Cheval_du_delta
Cheval_du_delta_du_Danube
Cheval_du_mauvais_pays
Cheval_du_plateau_persan
Cheval_du_vent
Cheval_du_vercors
Cheval_durant_la_Première_Guerre_mondiale
Cheval_durant_la_Seconde_Guerre_mondiale
Cheval_durant_les_guerres_napoléoniennes
Cheval_d’Auvergne
Cheval_d’août
Cheval_d’arçon
Cheval_d’arçons
Cheval_effrayé_par_l'orage
Cheval_en_Afghanistan
Cheval_en_Afrique_de_l'Ouest
Cheval_en_Afrique_du_Sud
Cheval_en_Algérie
Cheval_en_Allemagne
Cheval_en_Arabie_Saoudite
Cheval_en_Arabie_saoudite
Cheval_en_Autriche
Cheval_en_Azerbaïdjan
Cheval_en_Belgique
Cheval_en_Bretagne
Cheval_en_Bulgarie
Cheval_en_Chine
Cheval_en_Croatie
Cheval_en_Côte_d'Ivoire
Cheval_en_Espagne
Cheval_en_Estonie
Cheval_en_Finlande
Cheval_en_France
Cheval_en_Gambie
Cheval_en_Guinée
Cheval_en_Hongrie
Cheval_en_Inde
Cheval_en_Indonésie
Cheval_en_Irak
Cheval_en_Iran
Cheval_en_Irlande
Cheval_en_Israël
Cheval_en_Italie
Cheval_en_Jordanie
Cheval_en_Lettonie
Cheval_en_Libye
Cheval_en_Lituanie
Cheval_en_Mauritanie
Cheval_en_Mongolie
Cheval_en_Namibie
Cheval_en_Normandie
Cheval_en_Norvège
Cheval_en_Ouzbékistan
Cheval_en_Pologne
Cheval_en_Roumanie
Cheval_en_Russie
Cheval_en_République_centrafricaine
Cheval_en_République_tchèque
Cheval_en_Slovaquie
Cheval_en_Somalie
Cheval_en_Suède
Cheval_en_Syrie
Cheval_en_Tanzanie
Cheval_en_Tchéquie
Cheval_en_Tunisie
Cheval_en_Turquie
Cheval_en_Zambie
Cheval_en_Égypte
Cheval_en_Éthiopie
Cheval_entier
Cheval_espagnol
Cheval_estonien
Cheval_et_Palefrenier
Cheval_et_Poney
Cheval_et_Poney_:_Ma_vie_avec_les_chevaux_3D
Cheval_et_Poney_:_Ma_vie_de_championne_3D
Cheval_et_Poney_:_Ma_vie_de_soigneur_de_chevaux_3D
Cheval_et_Poney_:_Mon_centre_équestre
Cheval_et_Poney_:_Mon_cheval_virtuel
Cheval_et_Poney_:_Mon_cheval_western_3D
Cheval_et_Poney_:_Mon_haras_3D_-_Au_galop_vers_l'aventure
Cheval_et_Poney_:_Mon_haras_3D_-_Tous_en_selle
Cheval_et_Poney_:_Mon_poulain_3D
Cheval_et_Poney_:_Poney_Rancher
Cheval_et_cavalier_(Léonard_de_Vinci)
Cheval_et_palefrenier
Cheval_et_équitation_en_Bretagne
Cheval_européen_de_l'année
Cheval_fantastique
Cheval_fantôme
Cheval_fiscal
Cheval_flamand
Cheval_frison
Cheval_féral
Cheval_gris
Cheval_guide_d'aveugle
Cheval_haguard
Cheval_iakoute
Cheval_ibérique
Cheval_imaginaire
Cheval_indien
Cheval_irlandais
Cheval_isabelle_effrayé_par_l'orage
Cheval_islandais
Cheval_israélien
Cheval_jurassien
Cheval_kurde
Cheval_letton
Cheval_limousin
Cheval_local_israélien
Cheval_lorrain
Cheval_lourd
Cheval_lusitanien
Cheval_léger_de_la_montagne
Cheval_magazine
Cheval_maigre
Cheval_mallet
Cheval_marin
Cheval_marin_de_Chiloé
Cheval_marocain_de_sport
Cheval_marquisien
Cheval_marron
Cheval_milanais
Cheval_militaire
Cheval_mineur
Cheval_miniature
Cheval_miniature_américain
Cheval_miniature_français
Cheval_miniature_néerlandais
Cheval_minier
Cheval_mongol
Cheval_moucheté
Cheval_médiéval
Cheval_nain
Cheval_nain_d'Ouessant
Cheval_napolitain
Cheval_navarin
Cheval_navarrais
Cheval_navarrin
Cheval_nivernais
Cheval_noir
Cheval_noir_(légende)
Cheval_noir_bâtisseur
Cheval_normand
Cheval_ondin
Cheval_oriental
Cheval_perchisé
Cheval_picard
Cheval_plongeur
Cheval_portugais_de_sport
Cheval_pour_recherche_et_sauvetage
Cheval_pratique
Cheval_proche_du_sang
Cheval_péruvien
Cheval_québécois
Cheval_rouge_au_bain
Cheval_réformé
Cheval_sans_papiers
Cheval_sauvage
Cheval_solognot
Cheval_souris
Cheval_suédois
Cheval_tarbais
Cheval_tarbéen
Cheval_territorial
Cheval_tueur
Cheval_vapeur
Cheval_vendéen
Cheval_volant
Cheval_yakoute
Cheval_à_La_Réunion
Cheval_à_Madagascar
Cheval_à_Oman
Cheval_à_bascule
Cheval_à_deux_fins
Cheval_à_diable
Cheval_à_l'abreuvoir
Cheval_à_l'envers
Cheval_à_la_Renaissance
Cheval_à_sang_chaud
Cheval_à_sang_froid
Cheval_à_vapeur_de_Brunton
Cheval_éteint
Chevalement
Chevalement_de_la_fosse_no_5_des_mines_de_Meurchin
Chevalement_de_la_fosse_n°_13_bis_des_mines_de_Lens
Chevalement_de_la_fosse_n°_5_des_mines_de_Meurchin
Chevalement_du_puits_Berrwiller
Chevalement_du_puits_Sainte-Marie
Chevalement_du_puits_n°_1_bis_de_la_fosse_n°_1_-_1_bis_-_1_ter_des_mines_de_Liévin
Chevalement_du_puits_n°_3_bis_de_la_fosse_n°_3_-_3_bis_des_mines_de_Lens
Chevalement_du_puits_n°_8_de_la_fosse_n°_8_-_8_bis_des_mines_de_Dourges
Chevaleresque
Chevaleresse
Chevaleret
Chevaleret_(métro_de_Paris)
Chevalerie
Chevalerie_Vivien
Chevalerie_d'arc
Chevalerie_de_Sacé
Chevalerie_du_Moyen_Âge
Chevalet
Chevalet_(Musique)
Chevalet_(Peinture)
Chevalet_(Torture)
Chevalet_(musique)
Chevalet_(peinture)
Chevalet_(sciage)
Chevalet_(sciage_bois)
Chevalet_(support)
Chevalet_(torture)
Chevalet_de_pompage
Chevalet_fixe
Chevalet_pliable
Chevalgate
Chevalier
Chevalier,_Mult_Estes_Guariz_(chanson)
Chevalier,_mult_estes_guariz
Chevalier-Hospitalier
Chevalier-Montrachet
Chevalier-montrachet
Chevalier-montrachet_(AOC)
Chevalier_(Oiseau)
Chevalier_(chevalerie)
Chevalier_(distinction)
Chevalier_(film)
Chevalier_(film,_2015)
Chevalier_(oiseau)
Chevalier_(poisson)
Chevalier_Aboyeur
Chevalier_Ange_de_Saint-Priest
Chevalier_Ardent
Chevalier_Arlequin
Chevalier_Bargette
Chevalier_Bartholomée
Chevalier_Bayard
Chevalier_Beloiseau
Chevalier_Bienfaisant_De_La_Cité_Sainte
Chevalier_Bienfaisant_de_la_Cité_Sainte
Chevalier_Blanc_(Droit_Financier)
Chevalier_Bragon
Chevalier_Chardin
Chevalier_Commandeur_de_l'Ordre_du_Bain
Chevalier_Cristal
Chevalier_Croisé
Chevalier_Cuivré
Chevalier_Cul-blanc
Chevalier_De_Boishardy
Chevalier_De_Bronze
Chevalier_De_France
Chevalier_De_Grimaldi
Chevalier_De_Hohenberg
Chevalier_De_Jarjayes
Chevalier_De_Rohan
Chevalier_De_Saint-George
Chevalier_De_Solamnie
Chevalier_De_Vendôme
Chevalier_Des_Fées
Chevalier_Des_Ombres
Chevalier_Des_Touches
Chevalier_Desroches
Chevalier_Digby
Chevalier_Drach
Chevalier_Du_Catogan
Chevalier_Du_Poignard
Chevalier_Falardeau
Chevalier_François
Chevalier_Gambette
Chevalier_Gauvin
Chevalier_Grimaldi
Chevalier_Grivelé
Chevalier_Guignette
Chevalier_Jedi
Chevalier_Kadosch
Chevalier_Kadosh
Chevalier_Krohm
Chevalier_Lanfranc
Chevalier_Louis_Bro_-_Baron_De_Comères
Chevalier_Malheur
Chevalier_Marcel_de_Roover
Chevalier_Milo
Chevalier_Montrachet
Chevalier_Noir
Chevalier_Noir_(Cycle_Arthurien)
Chevalier_Noir_(Dane_Whitman)
Chevalier_Noir_(cycle_arthurien)
Chevalier_Olivier
Chevalier_Or-Azur
Chevalier_Parthon_de_Von
Chevalier_Paul
Chevalier_Paul_(contre-torpilleur)
Chevalier_Paul_(frégate)
Chevalier_Paul_(navire)
Chevalier_Préaux_Locré
Chevalier_Rivalz
Chevalier_Romain
Chevalier_Rouge
Chevalier_Roze
Chevalier_Semipalmé
Chevalier_Sixe
Chevalier_Solitaire
Chevalier_Stagnatile
Chevalier_Sylvain
Chevalier_Teutonique
Chevalier_Vert
Chevalier_Vital
Chevalier_Viénot_de_Vaublanc
Chevalier_Wadard
Chevalier_a_ailes_blanches
Chevalier_a_pattes_jaunes
Chevalier_aboyeur
Chevalier_aigle
Chevalier_arlequin
Chevalier_au_Lion
Chevalier_au_cygne
Chevalier_banneret
Chevalier_bargette
Chevalier_bienfaisant_de_la_Cité_sainte
Chevalier_bienfaisant_de_la_cite_sainte
Chevalier_bienfaisant_de_la_cité_sainte
Chevalier_blanc
Chevalier_blanc_(droit_financier)
Chevalier_blanc_(poisson)
Chevalier_brigand
Chevalier_chante_Paris
Chevalier_combattant
Chevalier_commandeur_de_l'Ordre_de_l'Empire_britannique
Chevalier_commandeur_de_l'ordre_du_Bain
Chevalier_compagnon_de_l'ordre_du_Bain
Chevalier_croise
Chevalier_croisé
Chevalier_cuivre
Chevalier_cuivré
Chevalier_cul-blanc
Chevalier_d'Arcq
Chevalier_d'Arcy
Chevalier_d'Argent
Chevalier_d'Assas
Chevalier_d'Ellis
Chevalier_d'Empire
Chevalier_d'Entrecasteaux
Chevalier_d'Eon
Chevalier_d'Espard
Chevalier_d'Herbain
Chevalier_d'Iberville
Chevalier_d'Or
Chevalier_d'Or_du_Taureau
Chevalier_d'Orgeix
Chevalier_d'argent
Chevalier_d'un_jour
Chevalier_d'Éon
Chevalier_dans_l'Ordre_de_la_Légion_d'Honneur
Chevalier_dans_l'Ordre_des_Arts_et_des_Lettres
Chevalier_de_Bandeville
Chevalier_de_Belle-Isle
Chevalier_de_Bernetz
Chevalier_de_Bertin
Chevalier_de_Boishardy
Chevalier_de_Borda
Chevalier_de_Boufflers
Chevalier_de_Bronze
Chevalier_de_Béla
Chevalier_de_Canterbury
Chevalier_de_Caud
Chevalier_de_Cessole
Chevalier_de_Chastellux
Chevalier_de_Chaumont
Chevalier_de_Christmas
Chevalier_de_Clieu
Chevalier_de_Colomb
Chevalier_de_Colquhoun
Chevalier_de_Courcelles
Chevalier_de_Folard
Chevalier_de_France
Chevalier_de_Fréminville
Chevalier_de_Grammont
Chevalier_de_Grimaldi
Chevalier_de_Hohenberg
Chevalier_de_Jarjayes
Chevalier_de_Jaucourt
Chevalier_de_Jérusalem
Chevalier_de_Kiritimati
Chevalier_de_La_Barre
Chevalier_de_Lamanon
Chevalier_de_Lorimier
Chevalier_de_Lorraine
Chevalier_de_Louville
Chevalier_de_Lussy
Chevalier_de_Lévis
Chevalier_de_Mailly
Chevalier_de_Maison-Rouge
Chevalier_de_Malte
Chevalier_de_Meude-Monpas
Chevalier_de_Mirvel
Chevalier_de_Monti
Chevalier_de_Nordmann
Chevalier_de_Paravey
Chevalier_de_Percefleur
Chevalier_de_Ramsay
Chevalier_de_Ren
Chevalier_de_Rhodes
Chevalier_de_Rocheblave
Chevalier_de_Rohan
Chevalier_de_Roover
Chevalier_de_Rougeville
Chevalier_de_Saint-George
Chevalier_de_Saint-Georges
Chevalier_de_Saint-Jean_de_Jérusalem
Chevalier_de_Saint-Louis
Chevalier_de_Saint-Michel
Chevalier_de_Saint-Réal
Chevalier_de_Saint_Louis
Chevalier_de_Seingalt
Chevalier_de_Sibérie
Chevalier_de_Solamnie
Chevalier_de_Ternay
Chevalier_de_Troyes
Chevalier_de_Valois
Chevalier_de_Vaublanc
Chevalier_de_Vendome
Chevalier_de_Vendôme
Chevalier_de_boishardy
Chevalier_de_bronze
Chevalier_de_france
Chevalier_de_grimaldi
Chevalier_de_hohenberg
Chevalier_de_jarjayes
Chevalier_de_l'Empire
Chevalier_de_l'Espace
Chevalier_de_l'Ordre_National_du_Mérite
Chevalier_de_l'Ordre_National_du_Mérite_de_la_France
Chevalier_de_l'Ordre_de_Leopold
Chevalier_de_l'Ordre_de_Malte
Chevalier_de_l'Ordre_de_la_Jarretière
Chevalier_de_l'Ordre_des_Arts_et_des_Lettres
Chevalier_de_l'Ordre_du_Chardon
Chevalier_de_l'Ordre_du_Roi
Chevalier_de_l'Ordre_du_Saint-Esprit
Chevalier_de_l'Ordre_national_du_Mérite
Chevalier_de_l'Ordre_national_du_Québec
Chevalier_de_l'Ordre_national_du_mérite
Chevalier_de_l'ordre_de_Malte
Chevalier_de_l'ordre_de_Saint-Jean_de_Jérusalem
Chevalier_de_l'ordre_de_Saint-Louis
Chevalier_de_l'ordre_de_Saint-Michel
Chevalier_de_l'ordre_de_la_Jarretière
Chevalier_de_l'ordre_de_la_Légion_d'honneur
Chevalier_de_l'ordre_des_Arts_et_des_Lettres
Chevalier_de_l'ordre_des_Saints-Maurice-et-Lazare
Chevalier_de_l'ordre_des_arts_et_des_lettres
Chevalier_de_l'ordre_du_Collier
Chevalier_de_l'ordre_du_Mérite_agricole
Chevalier_de_l'ordre_du_Mérite_de_la_République_fédérale_d'Allemagne
Chevalier_de_l'ordre_du_Roi
Chevalier_de_l'ordre_du_Saint-Esprit
Chevalier_de_l'ordre_du_roi
Chevalier_de_l'ordre_national_du_Mérite
Chevalier_de_l'ordre_national_du_mérite
Chevalier_de_l'ordre_royal_et_militaire_de_Saint-Louis
Chevalier_de_l'ordre_souverain_de_Malte
Chevalier_de_l'Éperon_d'or
Chevalier_de_l'éperon_d'or
Chevalier_de_la_Barre
Chevalier_de_la_Foi
Chevalier_de_la_Jarretière
Chevalier_de_la_Légion_d'Honneur
Chevalier_de_la_Légion_d'honneur
Chevalier_de_la_Légion_d’Honneur
Chevalier_de_la_Légion_d’honneur
Chevalier_de_la_Santé_publique
Chevalier_de_la_Table_Ronde
Chevalier_de_la_Table_ronde
Chevalier_de_la_Toison_d'Or
Chevalier_de_la_Toison_d'or
Chevalier_de_la_Toison_d’Or
Chevalier_de_la_Toison_d’or
Chevalier_de_la_barre
Chevalier_de_la_croix
Chevalier_de_la_jarretière
Chevalier_de_la_légion_d'Honneur
Chevalier_de_la_légion_d'honneur
Chevalier_de_la_mort
Chevalier_de_l’Empire
Chevalier_de_l’Ordre_Royal_et_Militaire_de_Saint-Louis
Chevalier_de_l’ordre_de_Léopold
Chevalier_de_rivière
Chevalier_de_rohan
Chevalier_de_saint-george
Chevalier_de_solamnie
Chevalier_de_vendôme
Chevalier_des_Arts_et_Lettres
Chevalier_des_Arts_et_des_Lettres
Chevalier_des_Arts_et_lettres
Chevalier_des_Fees
Chevalier_des_Fées
Chevalier_des_Huttes
Chevalier_des_Ombres
Chevalier_des_Ordres_du_Roi
Chevalier_des_Ordres_du_roi
Chevalier_des_Palmes_Académiques
Chevalier_des_Palmes_académiques
Chevalier_des_Saints-Maurice-et-Lazare
Chevalier_des_Touamotou
Chevalier_des_Touches
Chevalier_des_Tuamotu
Chevalier_des_arts_et_des_lettres
Chevalier_des_fées
Chevalier_des_ombres
Chevalier_des_ordres_du_Roi
Chevalier_des_ordres_du_roi
Chevalier_des_touches
Chevalier_destouches
Chevalier_du_Bain
Chevalier_du_Catogan
Chevalier_du_Chardon
Chevalier_du_Muy
Chevalier_du_Mérite_social
Chevalier_du_Plessis
Chevalier_du_Saint-Esprit
Chevalier_du_catogan
Chevalier_du_ciel_(opérette)
Chevalier_du_guet
Chevalier_du_gué
Chevalier_du_poignard
Chevalier_du_roi
Chevalier_du_zodiac
Chevalier_du_zodiaque
Chevalier_d’Argent
Chevalier_d’Assas
Chevalier_d’Eon
Chevalier_d’Herbain
Chevalier_d’Or
Chevalier_dՃon
Chevalier_elfe
Chevalier_errant
Chevalier_errant_(homonymie)
Chevalier_errant_(oiseau)
Chevalier_errant_(roman)
Chevalier_et_Laspalès
Chevalier_et_laspales
Chevalier_gambette
Chevalier_gauvain
Chevalier_grand-croix_de_l'ordre_du_Bain
Chevalier_gris
Chevalier_grivele
Chevalier_grivelé
Chevalier_guignette
Chevalier_honoraire
Chevalier_hospitalier_de_Saint-Jean_de_Jérusalem
Chevalier_impérial
Chevalier_jaune
Chevalier_lancier
Chevalier_militaire
Chevalier_national_de_l'Ordre_du_mérite
Chevalier_noir
Chevalier_noir_(Dane_Whitman)
Chevalier_noir_(Sacré_Graal)
Chevalier_noir_(cycle_arthurien)
Chevalier_noir_(homonymie)
Chevalier_noir_(poisson)
Chevalier_noir_(satellite)
Chevalier_ponctué
Chevalier_romain
Chevalier_rouge
Chevalier_rouge_(aviation_canadienne)
Chevalier_rouge_(poisson)
Chevalier_régulier
Chevalier_sans_peur
Chevalier_sans_peur_et_sans_reproche
Chevalier_semipalme
Chevalier_semipalmé
Chevalier_servant
Chevalier_solitaire
Chevalier_stagnatile
Chevalier_sylvain
Chevalier_tacheté
Chevalier_templier
Chevalier_teutonique
Chevalier_vert
Chevalier_wadard
Chevalier_À_Ailes_Blanches
Chevalier_À_Pattes_Jaunes
Chevalier_à_ailes_blanches
Chevalier_à_l'épée
Chevalier_à_la_rose
Chevalier_à_pattes_jaunes
Chevaliera
Chevaliera_cariocae
Chevaliera_castanea
Chevaliera_comata
Chevaliera_conifera
Chevaliera_crocophylla
Chevaliera_depressa
Chevaliera_digitata
Chevaliera_fernandae
Chevaliera_germinyana
Chevaliera_gigantea
Chevaliera_hostilis
Chevaliera_lateralis
Chevaliera_leucolepis
Chevaliera_lingulata
Chevaliera_magdalenae
Chevaliera_microcephala
Chevaliera_multiflora
Chevaliera_muricata
Chevaliera_ornata
Chevaliera_pallida
Chevaliera_perforata
Chevaliera_rodriguesiana
Chevaliera_rubiginosa
Chevaliera_saxicola
Chevaliera_sphaerocephala
Chevaliera_stephanophora
Chevaliera_strobilacea
Chevaliera_tayoensis
Chevaliera_thyrsigera
Chevaliera_veitchii
Chevalierella
Chevalierella_dewildemanii
Chevaliers
Chevaliers-Gardes
Chevaliers-aigles
Chevaliers-jaguars
Chevaliers_De_Beaucaire
Chevaliers_De_La_Foi
Chevaliers_De_La_Table_Ronde
Chevaliers_De_La_Table_Ronde_(Cercle_Littéraire)
Chevaliers_De_Saint-Pierre
Chevaliers_Du_Cygne
Chevaliers_Du_Fiel
Chevaliers_Du_Travail
Chevaliers_Gardes
Chevaliers_Gris
Chevaliers_Gris_(Warhammer_40,000)
Chevaliers_Gris_(warhammer)
Chevaliers_Porte-Glaive
Chevaliers_Russes
Chevaliers_Teutoniques
Chevaliers_catholiques
Chevaliers_croisés
Chevaliers_d'Argent
Chevaliers_d'Or
Chevaliers_d'or
Chevaliers_d'Émeraude
Chevaliers_de_Baha'u'llah
Chevaliers_de_Bahá'u'lláh
Chevaliers_de_Baphomet
Chevaliers_de_Beaucaire
Chevaliers_de_Bronze
Chevaliers_de_Colomb
Chevaliers_de_Dobrzyń
Chevaliers_de_Longueuil
Chevaliers_de_Malte
Chevaliers_de_Notre-Dame
Chevaliers_de_Rhodes
Chevaliers_de_Rizal
Chevaliers_de_Saint-Pierre
Chevaliers_de_Saint_Pierre
Chevaliers_de_Solamnie
Chevaliers_de_Toggenburg
Chevaliers_de_Wundagore
Chevaliers_de_beaucaire
Chevaliers_de_bronze
Chevaliers_de_l'Ordre_de_Malte
Chevaliers_de_l'ancienne_République
Chevaliers_de_l'ancienne_république
Chevaliers_de_l'indépendance
Chevaliers_de_l'Étole_d'Or
Chevaliers_de_la_Foi
Chevaliers_de_la_Légion_d'honneur
Chevaliers_de_la_Table_Ronde
Chevaliers_de_la_Table_ronde
Chevaliers_de_la_Table_ronde_(homonymie)
Chevaliers_de_la_Toison_d'Or
Chevaliers_de_la_couronne
Chevaliers_de_la_foi
Chevaliers_de_la_sainte_Ampoule
Chevaliers_de_la_table_ronde
Chevaliers_de_la_table_ronde_(cercle_litteraire)
Chevaliers_de_la_table_ronde_(cercle_littéraire)
Chevaliers_de_la_table_ronde_(chanson)
Chevaliers_de_la_table_ronde_(chanson_populaire)
Chevaliers_de_l’Ordre_des_Hospitaliers_de_St_Jean_de_Jérusalem
Chevaliers_de_l’ancienne_République
Chevaliers_de_l’ancienne_république
Chevaliers_de_saint-pierre
Chevaliers_des_Arts_et_des_Lettres
Chevaliers_du_Cygne
Chevaliers_du_Fiel
Chevaliers_du_Lac_d'Annecy
Chevaliers_du_Lotus_d'or
Chevaliers_du_Saint-Sépulcre
Chevaliers_du_Tastevin
Chevaliers_du_Temple
Chevaliers_du_Travail
Chevaliers_du_Zodiaque
Chevaliers_du_cygne
Chevaliers_du_fiel
Chevaliers_du_lac_d'Annecy
Chevaliers_du_poignard
Chevaliers_du_travail
Chevaliers_du_zodiac
Chevaliers_du_zodiaque
Chevaliers_dՃmeraude
Chevaliers_et_Camelots
Chevaliers_et_camelots
Chevaliers_et_croisés_de_Rouergue
Chevaliers_et_croisés_du_Rouergue
Chevaliers_gris
Chevaliers_livoniens
Chevaliers_paysans_de_l'an_mil_au_lac_de_Paladru
Chevaliers_porte-glaive
Chevaliers_porte-glaives
Chevaliers_qui_disent_"Ni_!"
Chevaliers_qui_disent_«_Ni_!_»
Chevaliers_romains
Chevaliers_russes
Chevaliers_solamniques
Chevaliers_templiers_(franc-maçonnerie)
Chevaliers_teutoniques
Chevalin
Chevaline
Chevalière
Chevall.
Chevallay
Chevallerie
Chevalley
Chevalley_(Alger)
Chevallier
Chevallier_Et_Laspalès
Chevallier_et_Laspales
Chevallier_et_Laspalès
Chevallier_et_laspalès
Chevallon
Chevalrex
Chevance
Chevanceaux
Chevandier
Chevandier_de_Valdrome
Chevannay
Chevannes
Chevannes-Changy
Chevannes-Gazeau
Chevannes_(Cote-d'Or)
Chevannes_(Côte-d'Or)
Chevannes_(Côte-d’Or)
Chevannes_(Essonne)
Chevannes_(Loiret)
Chevannes_(Nièvre)
Chevannes_(Yonne)
Chevanton
Chevardnadze
Chevarie
Chevassu
Chevassus-au-Louis
Chevat
Chevatim
Chevau-Légers
Chevau-leger_de_la_garde
Chevau-legers
Chevau-léger
Chevau-léger_De_La_Garde
Chevau-léger_de_la_Garde
Chevau-léger_de_la_garde
Chevau-léger_lancier
Chevau-légers
Chevau-légers_de_la_Garde
Chevau-légers_de_la_garde
Chevau-légers_du_Grand-duché_de_Berg
Chevau-légers_lanciers
Chevau-légers_polonais_de_la_Garde_impériale
Chevauchement
Chevauchement_(homonymie)
Chevauchement_Pennique_Crustal
Chevauchement_d'indicatif_régional
Chevauchement_d'un_indicatif_régional
Chevauchement_de_Lewis
Chevauchement_dentaire
Chevauchement_pennique_crustal
Chevauchement_pennique_frontal
Chevauchements_d'indicatif_régional
Chevauchoir
Chevauchée
Chevauchée_avec_le_diable
Chevauchée_avec_le_diable_(film,_1954)
Chevauchée_d'Edouard_III_de_1346
Chevauchée_d'Edouard_III_en_1346
Chevauchée_d'Édouard_III
Chevauchée_d'Édouard_III_(1346)
Chevauchée_d'Édouard_III_(1359-1360)
Chevauchée_d'Édouard_III_de_1360
Chevauchée_d'Édouard_III_en_1346
Chevauchée_d'Édouard_III_en_1359-1360
Chevauchée_de_1346
Chevauchée_de_Buckingham
Chevauchée_de_Buckingham_(1380)
Chevauchée_de_Lancastre
Chevauchée_de_Lancastre_(1346)
Chevauchée_de_Lancastre_(1369)
Chevauchée_de_Lancastre_(1373)
Chevauchée_de_Lancastre_de_1346
Chevauchée_des_Rois
Chevauchée_des_Walkyries
Chevauchée_du_Prince_noir
Chevauchée_du_Prince_noir_(1355)
Chevauchée_du_Prince_noir_(1356)
Chevauchée_du_Prince_noir_en_1356
Chevauchée_d’Edouard_III_de_1346
Chevauchée_d’Edouard_III_en_1346
Chevauchée_d’Édouard_III_de_1346
Chevauchée_d’Édouard_III_en_1346
Chevauchée_en_1346
Chevauchée_matinale_sur_la_plage
Chevauchée_nocturne_et_Lever_de_soleil
Chevauchée_nocturne_et_lever_de_soleil
Chevauchée_vers_Reims
Chevauchées_du_Prince_noir
Chevaudos
Chevaughn_Walsh
Chevaux
Chevaux-légers
Chevaux-vapeur
Chevaux_De_Bois
Chevaux_De_Bronze_De_Constantin_Ier
Chevaux_De_La_Terre_Du_Milieu
Chevaux_Galopant
Chevaux_Galopant_(soquet)
Chevaux_Galopants
Chevaux_Turkmènes
Chevaux_abandonnés_sur_le_champ_de_bataille
Chevaux_ailés
Chevaux_ailés_de_Tarquinia
Chevaux_arabes_se_battant_dans_une_écurie
Chevaux_au_Moyen-âge
Chevaux_au_Moyen_Âge
Chevaux_baroques
Chevaux_blancs
Chevaux_célestes
Chevaux_d'allures
Chevaux_dans_l'Antiquité
Chevaux_dans_l'antiquité
Chevaux_dans_la_Première_Guerre_mondiale
Chevaux_dans_la_Seconde_Guerre_mondiale
Chevaux_dans_la_chanson_de_Roland
Chevaux_dans_le_paysage
Chevaux_dans_les_mythes_et_légendes
Chevaux_de_Bronze_de_Constantin_Ier
Chevaux_de_Diomède
Chevaux_de_Heck
Chevaux_de_Lorraine
Chevaux_de_Marly
Chevaux_de_Mérens
Chevaux_de_Saint-Marc
Chevaux_de_Troie
Chevaux_de_bois
Chevaux_de_bronze_de_constantin_ier
Chevaux_de_course
Chevaux_de_course_à_Longchamp
Chevaux_de_fiction
Chevaux_de_frise
Chevaux_de_la_Première_Guerre_mondiale
Chevaux_de_la_Terre_du_Milieu
Chevaux_de_la_chanson_de_Roland
Chevaux_de_la_terre_du_milieu
Chevaux_de_lorraine
Chevaux_de_selle
Chevaux_de_trait
Chevaux_de_troie
Chevaux_des_pharaons
Chevaux_du_Soleil
Chevaux_du_Soleil_(Versailles)
Chevaux_du_Soleil_(homonymie)
Chevaux_du_soleil
Chevaux_d’Elberfeld
Chevaux_folkloriques_du_Pas-de-Calais
Chevaux_galopants
Chevaux_imaginaires
Chevaux_légendaires_dans_le_Jura
Chevaux_légendaires_dans_le_département_du_Jura
Chevaux_légendaires_de_Franche-Comté
Chevaux_légendaires_du_Jura
Chevaux_légendaires_du_Pas-de-Calais
Chevaux_sauvages
Chevaux_se_baignant
Chevaux_sortant_de_la_mer
Chevaux_à_sang_chaud
Chevaux_à_sang_froid
Cheveaux
Cheveche_brame
Cheveche_de_Rodrigues
Cheveche_des_terriers
Chevecier
Cheveldayoff
Cheveley_Park_Stakes
Chevelle
Chevelle_(groupe)
Chevelle_Franklyn
Chevelle_Hallback
Chevelu
Chevelure
Chevelure_(comète)
Chevelure_De_Bérénice
Chevelure_de_Berenice
Chevelure_de_Bérénice
Chevelure_de_Bérénice_(constellation)
Chevelure_de_Bérénice_(galaxie_naine)
Chevelure_de_bérénice
Chevelure_de_comète
Chevelure_de_glace
Chevenement
Chevenez
Chevennes
Chevenon
Chevenoz
Chevereau
Chevereşu_Mare
Chevereșu_Mare
Cheverly
Cheverly_(Maryland)
Cheverny
Cheverny_(AOC)
Chevery
Chevesne
Chevesne_à_bosse
Chevet
Chevet_(architecture)
Chevet_(homonymie)
Chevet_à_déambulatoire
Chevetogne
Cheveu
Cheveu_(film)
Cheveu_(groupe)
Cheveu_(homonymie)
Cheveu_crépu
Cheveu_de_Pélé
Cheveu_de_maïs
Cheveu_sur_la_langue
Cheveuges
Cheveuges-Saint-Aignan
Cheveux
Cheveux_afro
Cheveux_auburn
Cheveux_blancs
Cheveux_bleus
Cheveux_blonds
Cheveux_bouclés
Cheveux_bruns
Cheveux_châtains
Cheveux_coupés
Cheveux_courts
Cheveux_crépus
Cheveux_d'Ombre
Cheveux_d'ange
Cheveux_d'ange_(cuisine)
Cheveux_de_Madame_Desbassayns
Cheveux_de_Pélé
Cheveux_de_Vénus
Cheveux_de_glace
Cheveux_du_volcan
Cheveux_frisés
Cheveux_gris
Cheveux_lisses
Cheveux_long
Cheveux_longs
Cheveux_longs_et_idées_courtes
Cheveux_maillés
Cheveux_marrons
Cheveux_noirs
Cheveux_ondulés
Cheveux_onyx
Cheveux_raides
Cheveux_rasés
Cheveux_relevés
Cheveux_roses
Cheveux_roux
Cheveux_teints
Cheveux_verts
Cheveyo
Chevieres
Chevignard
Chevignat
Chevigne
Chevigney
Chevigney-les-Vercel
Chevigney-lès-Vercel
Chevigney-sur-l'Ognon
Chevigney-sur-l’Ognon
Chevigney_(Doubs)
Chevignon
Chevigny
Chevigny-Saint-Sauveur
Chevigny-en-Valiere
Chevigny-en-Valière
Chevigny_(Jura)
Chevigny_(Marne)
Chevigny_Saint_Sauveur
Chevigné
Chevillage
Chevillage_(_pratique_sexuelle_)
Chevillard
Chevillard_(Ain)
Chevillard_(Métier)
Chevillard_(ain)
Chevillard_(metier)
Chevillard_(métier)
Chevillard_(profession)
Cheville
Cheville_(Anatomie)
Cheville_(Musique)
Cheville_(anatomie)
Cheville_(assemblage)
Cheville_(menuiserie)
Cheville_(musique)
Cheville_(vers)
Cheville_(versification)
Cheville_(vis)
Cheville_métallique
Cheville_ouvrière
Cheviller
Chevilles
Chevillette
Chevillier
Chevillière
Chevillon
Chevillon-sur-Huillard
Chevillon_(Haute-Marne)
Chevillon_(Moselle)
Chevillon_(Yonne)
Chevillot
Chevillotte
Chevilly
Chevilly-Larue
Chevilly_(Loiret)
Chevilly_(Vaud)
Chevilly_-_Trois_Communes_(métro_de_Paris)
Chevilly_Trois_communes_(métro_de_Paris)
Chevillèles
Chevillère
Chevillé
Chevin
Chevin_(Star_Wars)
Chevinay
Chevincourt
Chevington
Chevington_(fromage)
Cheviot
Cheviot_(mouton)
Cheviot_Hills
Chevirat_haKelim
Chevirat_hakelim
Chevire-le-Rouge
Cheviré-le-Rouge
Cheviré_le_Rouge
Chevières
Chevofosse
Chevon_Troutman
Chevrainvilliers
Chevral
Chevratte
Chevre
Chevre_(boisson)
Chevre_(outil)
Chevre_des_montagnes_rocheuses
Chevre_du_Poitou
Chevreau
Chevreau_(homonymie)
Chevreau_(viande)
Chevreaux
Chevrefeuille
Chevrefeuille_d'Etrurie
Chevrefeuille_de_Maack
Chevrefeuille_des_bois
Chevrefeuille_des_haies
Chevrefeuille_des_jardins
Chevrefeuille_du_Japon
Chevrefoil
Chevregny
Chevremont
Chevremont-Fontenelle
Chevrens
Chevresis-Monceau
Chevresis-le-Meldeux
Chevresis-les-Dames
Chevressy
Chevret
Chevret_du_Haut-Jura
Chevreton
Chevrette
Chevrette_des_Bauges
Chevrette_des_Bauges/Brouillon
Chevrettier
Chevreuil
Chevreuil_(Groupe)
Chevreuil_(aviso)
Chevreuil_(groupe)
Chevreuil_(homonymie)
Chevreuil_d'Asie
Chevreuil_de_Sibérie
Chevreuil_européen
Chevreuils
Chevreul
Chevreuse
Chevreux
Chevreville
Chevreville_(Manche)
Chevreville_(Oise)
Chevrey
Chevrier
Chevrier_(homonymie)
Chevrier_(legume)
Chevrier_(légume)
Chevrieres
Chevrieres_(Isere)
Chevrieres_(Loire)
Chevrieres_(Oise)
Chevrilles
Chevrillon
Chevrin
Chevrières
Chevrières_(Isère)
Chevrières_(Loire)
Chevrières_(Oise)
Chevroches
Chevrolat
Chevrolet
Chevrolet/GMC_B_Series
Chevrolet_(homonymie)
Chevrolet_150
Chevrolet_210
Chevrolet_3100
Chevrolet_3800
Chevrolet_4100
Chevrolet_4400
Chevrolet_4700
Chevrolet_490
Chevrolet_5100
Chevrolet_5400
Chevrolet_5700
Chevrolet_6100
Chevrolet_6400
Chevrolet_6700
Chevrolet_6900
Chevrolet_AK_Series
Chevrolet_Adra
Chevrolet_Advance_Design
Chevrolet_Aerovette
Chevrolet_Agile
Chevrolet_Alero
Chevrolet_Astra
Chevrolet_Astro
Chevrolet_Astro_I
Chevrolet_Astrovette
Chevrolet_Avalanche
Chevrolet_Aveo
Chevrolet_Beat
Chevrolet_Beauville
Chevrolet_Bel_Air
Chevrolet_Beretta
Chevrolet_Biscayne
Chevrolet_Blazer
Chevrolet_Blazer_(2019)
Chevrolet_Bolt
Chevrolet_Bolt_EUV
Chevrolet_Brookwood
Chevrolet_C/K
Chevrolet_Camaro
Chevrolet_Camaro_(cinquième_génération)
Chevrolet_Camaro_(deuxième_génération)
Chevrolet_Camaro_(homonymie)
Chevrolet_Camaro_(première_génération)
Chevrolet_Camaro_(quatrième_génération)
Chevrolet_Camaro_(sixième_génération)
Chevrolet_Camaro_(troisième_génération)
Chevrolet_Camaro_45th_Anniversary
Chevrolet_Camaro_SS
Chevrolet_Camaro_Yenko
Chevrolet_Caprice
Chevrolet_Captiva
Chevrolet_Cavalier
Chevrolet_Celebrity
Chevrolet_Celta
Chevrolet_Chevelle
Chevrolet_Chevelle_Laguna
Chevrolet_Chevelle_SS
Chevrolet_Chevette
Chevrolet_Chevy_C2
Chevrolet_Chevy_Malibu
Chevrolet_Cheyenne_(concept_car)
Chevrolet_Citation
Chevrolet_City_Express
Chevrolet_Classic
Chevrolet_Classic_Six
Chevrolet_Cobalt
Chevrolet_Cobalt_SS
Chevrolet_Colbat
Chevrolet_Colorado
Chevrolet_Constantia
Chevrolet_Corsa_Classic
Chevrolet_Corsica
Chevrolet_Corvair
Chevrolet_Corvair_Monza_GT
Chevrolet_Corvette
Chevrolet_Corvette_(C1)
Chevrolet_Corvette_(C2)
Chevrolet_Corvette_(C3)
Chevrolet_Corvette_(C4)
Chevrolet_Corvette_(C5)
Chevrolet_Corvette_(C6)
Chevrolet_Corvette_C1
Chevrolet_Corvette_C2
Chevrolet_Corvette_C3
Chevrolet_Corvette_C4
Chevrolet_Corvette_C5
Chevrolet_Corvette_C5-R
Chevrolet_Corvette_C6
Chevrolet_Corvette_C6.R
Chevrolet_Corvette_C6.R_GT2
Chevrolet_Corvette_C6_ZR1
Chevrolet_Corvette_C7
Chevrolet_Corvette_C7.R
Chevrolet_Corvette_C8
Chevrolet_Corvette_C8.R
Chevrolet_Corvette_DP
Chevrolet_Cruze
Chevrolet_D-20
Chevrolet_Del_Ray
Chevrolet_Delray
Chevrolet_Deluxe
Chevrolet_Deluxe_(1941-1942)
Chevrolet_E-Spark
Chevrolet_Eagle
Chevrolet_El_Camino
Chevrolet_El_Morocco
Chevrolet_Engineering_Research_Vehicle
Chevrolet_Epica
Chevrolet_Equinox
Chevrolet_Evanda
Chevrolet_Express
Chevrolet_Express_(concept_car)
Chevrolet_Fleetline
Chevrolet_Fleetmaster
Chevrolet_Frontera
Chevrolet_G20
Chevrolet_G506
Chevrolet_GT30/Jonckheere
Chevrolet_Gemini
Chevrolet_Greenbrier
Chevrolet_Groove
Chevrolet_HHR
Chevrolet_Impala
Chevrolet_Indy_V6
Chevrolet_K5_Blazer
Chevrolet_Kalos
Chevrolet_Kingswood
Chevrolet_Kingswood_Estate
Chevrolet_Kodiak
Chevrolet_LUV
Chevrolet_Lacetti
Chevrolet_Lakewood
Chevrolet_Light_Six
Chevrolet_Lova
Chevrolet_Lova_RV
Chevrolet_Lumina
Chevrolet_Lumina_(homonymie)
Chevrolet_Lumina_APV
Chevrolet_Mako_Shark
Chevrolet_Malibu
Chevrolet_Master
Chevrolet_Master_(1941-1942)
Chevrolet_Matiz
Chevrolet_Menlo
Chevrolet_Metro
Chevrolet_Miray
Chevrolet_Montana
Chevrolet_Monte_Carlo
Chevrolet_Monza
Chevrolet_Monza_(Chine)
Chevrolet_Niva
Chevrolet_Nomad
Chevrolet_Nova
Chevrolet_Nubira
Chevrolet_Nubira_SW
Chevrolet_Omega
Chevrolet_Onix
Chevrolet_Opala
Chevrolet_Optra
Chevrolet_Orlando
Chevrolet_Parkwood
Chevrolet_Prisma
Chevrolet_Prizm
Chevrolet_Rezzo
Chevrolet_S-10
Chevrolet_S-10_Blazer
Chevrolet_S-10_EV
Chevrolet_SS
Chevrolet_SSR
Chevrolet_SS_(concept_car)
Chevrolet_Sail
Chevrolet_Sail_SRV
Chevrolet_Sequel
Chevrolet_Series_AA_Capitol
Chevrolet_Series_AB_National
Chevrolet_Series_AC_International
Chevrolet_Series_AD_Universal
Chevrolet_Series_AE_Independence
Chevrolet_Series_BA_Confederate
Chevrolet_Series_D
Chevrolet_Series_F
Chevrolet_Series_FA
Chevrolet_Series_FB
Chevrolet_Series_M
Chevrolet_Silverado
Chevrolet_Silverado_HD
Chevrolet_Sonic
Chevrolet_Spark
Chevrolet_Spin
Chevrolet_Sprint
Chevrolet_Standard_Six
Chevrolet_Styleline
Chevrolet_Stylemaster
Chevrolet_Suburban
Chevrolet_Superior
Chevrolet_Surburban
Chevrolet_Tahoe
Chevrolet_Task_Force
Chevrolet_Tavera
Chevrolet_Testudo
Chevrolet_Tornado
Chevrolet_Townsman
Chevrolet_Tracker
Chevrolet_TrailBlazer
Chevrolet_TrailBlazer_(2001)
Chevrolet_Trailblazer_(2012)
Chevrolet_Trailblazer_(2019)
Chevrolet_Trans_Sport
Chevrolet_Traverse
Chevrolet_Trax
Chevrolet_Trax_(prototype)
Chevrolet_Triax
Chevrolet_Uplander
Chevrolet_Van
Chevrolet_Vectra
Chevrolet_Vega
Chevrolet_Venture
Chevrolet_Viva
Chevrolet_Viva_(Europe_de_L'Est)
Chevrolet_Volt
Chevrolet_Volt_(deuxième_génération)
Chevrolet_Yeoman
Chevrolet_Zafira
Chevrolet_epica
Chevrolet_full-size
Chevrolet_lumina
Chevrolet_optra
Chevrolet_small-block_engine
Chevrollier
Chevron
Chevron-Texaco
ChevronTexaco
Chevron_(Stargate)
Chevron_(Stoumont)
Chevron_(Typographie)
Chevron_(anatomie)
Chevron_(charpente)
Chevron_(entreprise)
Chevron_(géomorphologie)
Chevron_(héraldique)
Chevron_(typographie)
Chevron_B16
Chevron_B8
Chevron_Blanc
Chevron_Cars_Ltd
Chevron_Corp
Chevron_Corporation
Chevron_Villette
Chevron_World_Challenge
Chevron_blanc
Chevron_de_Blessure
Chevron_de_Captivité
Chevron_de_Front
Chevron_de_blessure
Chevron_de_captivité
Chevron_de_front
Chevronnel
Chevrons_(charpente)
Chevrot
Chevrotain
Chevrotain_Aquatique
Chevrotain_Indien
Chevrotain_aquatique
Chevrotain_de_Balabac
Chevrotain_de_Williamson
Chevrotain_indien
Chevrotain_malais
Chevrotain_napu
Chevrotain_porte-musc
Chevrotain_porte-musc_alpin
Chevrotain_porte-musc_de_Sibérie
Chevrotain_porte_musc
Chevrotain_à_dos_argenté
Chevrotaine
Chevrotin
Chevrotine
Chevrouheid
Chevroux
Chevroux_(Ain)
Chevroux_(Vaud)
Chevroux–La_Bessime
Chevroux–Village
Chevroz
Chevru
Chevry
Chevry-Cossigny
Chevry-en-Sereine
Chevry-sous-le-Bignon
Chevry_(Ain)
Chevry_(Jura)
Chevry_(Manche)
Chevry_(Seine-et-Marne)
Chevry_Jean-Michel
Chevré
Chevtchenko
Chevtchouk
Chevtsov
Chevtsova
Chevy
Chevy_American_Revolution_400
Chevy_Chase
Chevy_Chase_(Maryland)
Chevy_Rock_and_Roll_400
Chevy_Stevens
Chevy_Troutman
Chevyriov
Chevènement
Chevènementisme
Chevé
Chevénement
Chevêche
Chevêche_Brame
Chevêche_De_Rodrigues
Chevêche_Des_Terriers
Chevêche_brame
Chevêche_d'Athéna
Chevêche_de_Maurice
Chevêche_de_Rodrigues
Chevêche_de_la_Réunion
Chevêche_de_rodrigues
Chevêche_des_terriers
Chevêche_d’Athéna
Chevêche_forestière
Chevêchette
Chevêchette_australe
Chevêchette_barrée
Chevêchette_brune
Chevêchette_cabouré
Chevêchette_cingalaise
Chevêchette_cuculoïde
Chevêchette_d'Albertine
Chevêchette_d'Amazonie
Chevêchette_d'Amérique_du_Nord
Chevêchette_d'Europe
Chevêchette_d'Équateur
Chevêchette_de_Californie
Chevêchette_de_Cuba
Chevêchette_de_Hoskins
Chevêchette_de_Java
Chevêchette_de_Parker
Chevêchette_de_Patagonie
Chevêchette_de_Pernambuco
Chevêchette_de_Prigogine
Chevêchette_de_Sri_Lanka
Chevêchette_de_jungle
Chevêchette_de_l'Amazone
Chevêchette_de_la_forêt_pluviale
Chevêchette_des_Andes
Chevêchette_des_Moore
Chevêchette_des_Rocheuses
Chevêchette_des_montagnes
Chevêchette_des_nuages
Chevêchette_des_saguaros
Chevêchette_des_yungas
Chevêchette_du_Cap
Chevêchette_du_Colima
Chevêchette_du_Costa_Rica
Chevêchette_du_Graben
Chevêchette_du_Guatemala
Chevêchette_du_Pérou
Chevêchette_du_Tamaulipas
Chevêchette_d’Europe
Chevêchette_elfe
Chevêchette_naine
Chevêchette_nimbée
Chevêchette_perlée
Chevêchette_siju
Chevêchette_spadicée
Chevêchette_subtropicale
Chevêchette_à_collier
Chevêchette_à_dos_marron
Chevêchette_à_pieds_jaunes
Chevêchette_à_poitrine_barrée
Chevêchette_à_queue_barrée
Chevêchette_à_tête_grise
Chevêtre
Chevêtre_(pont)
Chew
Chew_(Comic)
Chew_(Rivière)
Chew_(comic)
Chew_(comics)
Chew_(riviere)
Chew_(rivière)
Chew_Berry
Chew_Choon_Eng
Chew_Lips
Chew_Stoke
Chew_Valley
Chew_lips
Chewa
Chewa_(peuple_d'Afrique)
Chewang_Norphel
Chewas
Chewbacca
Chewed_Corners
Chewelah
Chewing
Chewing-gum
Chewing-gum_et_Spaghetti
Chewing_Gum
Chewing_Gum_(série_télévisée)
Chewing_Gun
Chewing_gomme
Chewing_gum
Chewing_gum_(série_télévisée)
Chewing_gum_électrique
Chewton_Mendip
Chexbres
Chey
CheyTac_M200_Intervention
Chey_Chettha_II
Chey_Chettha_III
Chey_Chettha_IV
Chey_Chettha_Ier
Chey_Chettha_V
Chey_Chettha_VII
Chey_Dunkley
Cheyanne
Cheyban
Cheyenne
Cheyenne's_Pal
Cheyenne-Marie_Carron
Cheyenne_(Langue)
Cheyenne_(Oklahoma)
Cheyenne_(Wyoming)
Cheyenne_(film,_1947)
Cheyenne_(langue)
Cheyenne_(prénom)
Cheyenne_(rivière)
Cheyenne_(série_télévisée)
Cheyenne_(tribu)
Cheyenne_(voilier)
Cheyenne_111_Z
Cheyenne_111_Z*HDC
Cheyenne_Airport
Cheyenne_Autumn
Cheyenne_Bottoms
Cheyenne_Brando
Cheyenne_Carron
Cheyenne_Dunkley
Cheyenne_Frontier_Days
Cheyenne_Goh
Cheyenne_Jackson
Cheyenne_Kimball
Cheyenne_Mountain
Cheyenne_Mountain_Complex
Cheyenne_Parker
Cheyenne_Silver
Cheyenne_Song
Cheyenne_Song_(album)
Cheyenne_Wells
Cheyenne_Wells_(Colorado)
Cheyenne_Woods
Cheyenne_et_Lola
Cheyennes
Cheyennes_(tribu)
Cheyi
Cheykh
Cheykh_Bahai
Cheylade
Cheylard
Cheylard-l'Eveque
Cheylard-l'Évêque
Cheylard-l’Évêque
Cheylard_(homonymie)
Cheylard_d'Aujac
Cheylat
Cheyletidae
Cheyletiellose
Cheyletus_eruditus
Cheylus
Cheyna_Matthews
Cheyna_Williams
Cheyne
Cheyne_Beach_Whaling_Station
Cheyne_Capital
Cheyne_Editeur
Cheyne_Rahme
Cheyne_Walk
Cheyne_editeur
Cheyne_Éditeur
Cheyne_éditeur
Cheynes-Stokes
Cheynes_IV
Cheynet
Cheyney
Cheyney_University_of_Pennsylvania
Cheyre
Cheyres
Cheyres-Châbles
Cheyssieu
Cheyssiol_(Meyssac)
Cheysson
Cheytan_Ibrahim_Pacha
Chez-moi
Chez-soi
Chez-soi_(magazine)
Chez.com
Chez_Ali_Club_De_Marrakech
Chez_Ali_Club_de_Marrakech
Chez_Ashton
Chez_Azaïez
Chez_Big_Momma
Chez_Big_Momma_2
Chez_Blanchons
Chez_Castel
Chez_Chartier
Chez_Clément
Chez_Damier
Chez_Denise
Chez_Dominique
Chez_FOG
Chez_Flek
Chez_Francis
Chez_Francisque
Chez_George_(Bruxelles)
Chez_Georges
Chez_Georges_(Bruxelles)
Chez_Gino
Chez_Helene
Chez_Hélène
Chez_Julien
Chez_Krull
Chez_Laurette
Chez_Le_Père_Lathuille
Chez_Les_Heureux_Du_Monde
Chez_Loulou
Chez_Lucien
Chez_Léon
Chez_Mangaye
Chez_Marcus
Chez_Maupassant
Chez_Michou
Chez_Moi
Chez_Moix
Chez_Nadette
Chez_Nous
Chez_Nous_(cabaret)
Chez_Nous_(film)
Chez_Panisse
Chez_Regine
Chez_Régine
Chez_Saint-Pierre
Chez_Tonton,_Pastis_Ô_Maître
Chez_Verdurette
Chez_Victoire
Chez_Victor
Chez_Walter
Chez_Wam
Chez_Yvonne
Chez_ali_club_de_marrakech
Chez_des_amis
Chez_la_maréchale_de_la_noblesse
Chez_la_modiste
Chez_la_modiste_(Degas)
Chez_la_sorcière
Chez_le_Père_Lathuille
Chez_le_barbier
Chez_le_magnétiseur
Chez_le_pere_Lathuille
Chez_le_photographe
Chez_le_photographe_(film,_1907)
Chez_le_prof._Pierre
Chez_le_prof._Pierre_(album)
Chez_le_prof_Pierre
Chez_le_prof_Pierre_(album)
Chez_le_père_Lathuille
Chez_le_père_lathuille
Chez_les_Flamands
Chez_les_Hyperboréens
Chez_les_Zoaques
Chez_les_fous
Chez_les_géants
Chez_les_heureux_du_monde
Chez_les_heureux_du_monde_(film,_2000)
Chez_les_passants
Chez_les_Êtres_de_la_forêt
Chez_les_êtres_de_la_forêt
Chez_ma_tante
Chez_moi
Chez_moi_(album)
Chez_moi_(album,_1974)
Chez_moi_(album,_1981)
Chez_moi_(chanson)
Chez_moi_(homonymie)
Chez_moi_à_Copacabana
Chez_nous
Chez_nous_(chanson)
Chez_nous_(film)
Chez_nous_(film,_1978)
Chez_nous_(film,_2017)
Chez_nous_c'est_trois_!
Chez_soi
Chez_tonton
Chez_tonton,_Pastis_O_Maitre
Chez_tonton,_Pastis_Ô_Maître
Chez_tonton,_pastis_ô_maître
Chez_wam
Chezal-Benoit
Chezal-Benoît
Chezani
Chezard-Saint-Martin
Cheze
Chezelle
Chezelles
Chezelles_(Indre)
Chezelles_(Indre-et-Loire)
Chezeneuve
Chezery-Forens
Chezidek
Chezine
Cheznovice
Chezy
Chezy-en-Orxois
Chezy-sur-Marne
Chezy_(Allier)
Chezzetcook
Cheïkh
Cheïkh_Benzerga
Cheïkh_Hamallah
Cheïkh_Sharif_Ahmed
Chełb
Chełchy
Chełchy-Chabdzyno
Chełchy-Jakusy
Chełchy-Klimki
Chełchy_(Ełk)
Chełchy_(Mazovie)
Chełchy_(Podlachie)
Chełchy_Dzierskie
Chełchy_Iłowe
Chełchy_Kmiece
Chełkowo
Chełm
Chełm_(Bochnia)
Chełm_(Lidzbark_Warmiński)
Chełm_(Lubin)
Chełm_(Olkusz)
Chełm_(gmina)
Chełm_(homonymie)
Chełm_(Środa_Śląska)
Chełm_Dolny
Chełm_Gryficki
Chełm_Górny
Chełm_Mały
Chełm_Śląski
Chełm_Śląski_(gmina)
Chełm_Żarski
Chełmce_(Grande-Pologne)
Chełmce_(Sainte-Croix)
Chełmce_(?ódź)
Chełmek
Chełmek_(Lubusz)
Chełmek_(gmina)
Chełmek_(homonymie)
Chełmek_Wołowski
Chełmica
Chełmicko
Chełmiec
Chełmiec_(Basse-Silésie)
Chełmiec_(Lublin)
Chełmiec_(Petite-Pologne)
Chełmiec_(Sępopol)
Chełmiec_(gmina)
Chełmienko
Chełminko
Chełmno
Chełmno-Parcele
Chełmno_(Camp_D'extermination)
Chełmno_(Szamotuły)
Chełmno_(Ville)
Chełmno_(camp_d'extermination)
Chełmno_(camp_d’extermination)
Chełmno_(gmina)
Chełmno_(homonymie)
Chełmno_(région)
Chełmno_(ville)
Chełmno_Nad_Nerem
Chełmno_nad_Nerem
Chełmno_nad_nerem
Chełmo
Chełmsko
Chełmsko_(Lubusz)
Chełmsko_Śląskie
Chełmża
Chełmża_(gmina)
Chełpa
Chełpina
Chełst
Chełst_(Grande-Pologne)
Chełst_(Mazovie)
Chełstowo
Chełsty
Chełsty_(Mazovie)
Chełsty_(?ódź)
Chełstów
Chełstówek
Cheţani
Chețani
Che’hina
Chgrp
Chgrp_(Unix)
Chhagalnaiya
Chhajja
Chhang_Dawa
Chhap
Chhapahile
Chhapari
Chhapaudi
Chhapra
Chharka
Chhatak
Chhatara
Chhatarpur
Chhatarpur_(ville)
Chhataul
Chhatawa
Chhatiwan
Chhatona
Chhatradev
Chhatraganj
Chhatrapati
Chhatrapati_Shahuji_Maharaj_Medical_University
Chhatrapati_Shivaji
Chhatrapati_Shivaji_International_Airport
Chhatrapati_Shivaji_Maharaj
Chhatrapati_Shivaji_Terminus
Chhatrapati_Shivâjî_Maharaj
Chhatrapur
Chhatrasal
Chhatri
Chhattarpur
Chhattisgarh
Chhattisgarhi
Chhattīsgarh
Chhau
Chhayanath_Rara
Chhean_Vam
Chheng_Phon
Chheskam
Chhetri
Chhht_!
Chhime_Rigzing
Chhinchu
Chhindwara
Chhinnamasta
Chhisti
Chhollywood
Chhonhup
Chhoser
Chhota_Ghallughara
Chhota_Imambara
Chhota_Udaipur
Chhotu_Ram
Chhuikadan
Chhukha
Chhumchaur
Chhunly_Pagenburg
Chhupa_Rustam_:_A_Musical_Thriller
Chhurim
Chhurpi
Chhusang
Chi
Chi'Bi
Chi'bi
Chi's_Sweet_Home
Chi-Chi
Chi-Chi's
Chi-Lan_Do-Lam
Chi-Mc
Chi-Raq
Chi-Sheng_Lin
Chi-Town_Rumble
Chi-X
Chi-chi's_tex_mex
Chi-deux
Chi-deux_minimum
Chi-tsu
Chi-yi
Chi1_Orionis
Chi2
Chi2_Orionis
ChiPitts
ChiRunning
ChiTumbuka
Chi_(bande_dessinée)
Chi_(homonymie)
Chi_(kana)
Chi_(rivière)
Chi_(unité)
Chi_2
Chi_:_Une_vie_de_chat
Chi_Bi
Chi_Bi_(bataille)
Chi_Bootis
Chi_Cao
Chi_Carinae
Chi_Cheng
Chi_Cheng_(Athlète)
Chi_Cheng_(athlete)
Chi_Cheng_(athlète)
Chi_Cheng_(athlétisme)
Chi_Chi
Chi_Chi's_Pro_Challenge_Golf
Chi_Chi_(panda)
Chi_Chi_DeVayne
Chi_Chi_Gonzalez
Chi_Chi_LaRue
Chi_Chi_La_Rue
Chi_Cygni
Chi_Draconis
Chi_Eekway
Chi_Eridani
Chi_Haotian
Chi_Hoang_Ti
Chi_In-jin
Chi_Kraeng
Chi_Kuan-chun
Chi_Li
Chi_Limited
Chi_Lupi
Chi_Mai
Chi_McBride
Chi_Omega
Chi_Onwurah
Chi_Orionis
Chi_Psi
Chi_Shenron
Chi_Shu-Ju
Chi_Shu-ju
Chi_Ta-wei
Chi_Ursae_Majoris
Chi_Virginis
Chi_You
Chi_Zijian
Chi_bi
Chi_carré
Chi_cheng_(athlète)
Chi_deux
Chi_fou_mi
Chi_gong
Chi_kung
Chi_latin
Chi_lavora_è_perduto_(In_capo_al_mondo)
Chi_li
Chi_point_suscrit
Chi_rho
Chi_sao
Chi_sarà_con_te
Chi_si_ferma_è_perduto
Chi_trova_un_amico_trova_un_tesoro
Chi_vuol_essere_milionario_?
Chi_è_senza_peccato...
Chia
Chia-Chiao_Lin
Chia-Jen_Lo
Chia-Jung_Chuang
Chia_(Italie)
Chia_(plante)
Chia_Chiao_Lin
Chia_Jung_Chuang
Chia_Pet
Chia_Pets
Chia_dorée
Chiabodo
Chiac
Chiachkotan
Chiacque
Chiadma
Chiado
Chiado_(Lisbonne)
Chiador
Chiaffredo_Mastrella
Chiah
Chiaia
Chiaie
Chiajna
Chiajna_(homonymie)
Chiaka_Ogbogu
Chiaki
Chiaki_Fujimoto
Chiaki_Ishii
Chiaki_Ishikawa
Chiaki_J._Konaka
Chiaki_Konaka
Chiaki_Kuriyama
Chiaki_Minamiyama
Chiaki_Miyamoto
Chiaki_Mukai
Chiaki_Omigawa
Chiaki_Takahashi
Chiaki_Takahashi_(homme_politique)
Chiaki_Takahashi_(seiyū)
Chiaki_Yamada
Chiaki_Yokoe
Chiaki_kuriyama
Chialamberto
Chialingosaure
Chialingosaurus
Chialingosaurus_kuani
Chialisme
Chiamaka_Nnadozie
Chiamate_Roma_3131
Chiamela_duvaucellii
Chiamela_lineata
Chiampo
Chiana
Chiana-Paga_(circonscription)
Chiana_(canal)
Chiana_(homonymie)
Chianale
Chianche
Chianciano
Chianciano_Terme
Chiang_Ching
Chiang_Ching-Kuo
Chiang_Ching-kuo
Chiang_Chuan
Chiang_Fang-liang
Chiang_Hung
Chiang_Kai-Shek
Chiang_Kai-chek
Chiang_Kai-shek
Chiang_Kaishek
Chiang_Kaï-shek
Chiang_Khong
Chiang_Mai
Chiang_Mai_Rajabhat_University
Chiang_Mai_University
Chiang_Peng-Lung
Chiang_Peng-lung
Chiang_Quan
Chiang_Rai
Chiang_Rai_International_Airport
Chiang_Saen
Chiang_Sheng
Chiang_Wai_Hung
Chiang_Wei-kuo
Chiang_chuan
Chiang_quan
Chiangmai
Chiangmaia
Chiangmaia_sawetamali
Chiangrai_United
Chiangrai_United_F.C.
Chiangrai_United_FC
Chiangrai_United_Football_Club
Chiangus
Chiani
Chiani_(rivière)
Chianina
Chianni
Chianocco
Chianopelas
Chianopelas_maculatus
Chianti
Chianti_(DOC)
Chianti_(DOP)
Chianti_(Région)
Chianti_(Vin)
Chianti_(region)
Chianti_(région)
Chianti_(vin)
Chianti_Classico
Chiantla
Chiao_Chiao
Chiapa_De_Corzo
Chiapa_de_Corzo
Chiapa_de_corzo
Chiapanèque
Chiapanèques
Chiapas
Chiapas,_Le_Cœur_Et_L'effroi
Chiapas,_le_Cœur_et_l'Effroi
Chiapas,_le_Cœur_et_l’Effroi
Chiapas,_le_coeur_et_l'effroi
Chiapas,_le_cœur_et_l'effroi
Chiapas_(Phantasialand)
Chiapas_FC
Chiapas_Fútbol_Club
Chiapasona
Chiapasona_defuncta
Chiapetta
Chiapilla
Chiappe
Chiappera
Chiappori
Chiaque
Chiara
Chiara_222
Chiara_Appendino
Chiara_Arcangeli
Chiara_Badano
Chiara_Banchini
Chiara_Bazzoni
Chiara_Boggiatto
Chiara_Borgogno
Chiara_Bux
Chiara_Cainero
Chiara_Caselli
Chiara_Cini
Chiara_Civello
Chiara_Consolini
Chiara_Consonni
Chiara_Conti
Chiara_Corbella-Petrillo
Chiara_Costazza
Chiara_D'Anna
Chiara_Dall'Ora
Chiara_Daraio
Chiara_Di_Iulio
Chiara_Fancelli
Chiara_Ferragni
Chiara_Francini
Chiara_Frugoni
Chiara_Gagnarli
Chiara_Galiazzo
Chiara_Gemma
Chiara_Gensini
Chiara_Guerrera
Chiara_Hoelzl
Chiara_Hölzl
Chiara_Iezzi
Chiara_Ingrao
Chiara_Lapi
Chiara_Lubich
Chiara_Luce
Chiara_Luce_Badano
Chiara_Mair
Chiara_Marchitelli
Chiara_Margarita_Cozzolani
Chiara_Maria_Gemma
Chiara_Masini_Luccetti
Chiara_Massini
Chiara_Mastalli
Chiara_Mastroianni
Chiara_Matraini
Chiara_Muti
Chiara_Negrini
Chiara_Parisi
Chiara_Pellacani
Chiara_Pierobon
Chiara_Rosa
Chiara_Sacchi
Chiara_Samugheo
Chiara_Scarabelli
Chiara_Simionato
Chiara_Simoneschi-Cortesi
Chiara_Siracusa
Chiara_Stella_Bux
Chiara_Tabani
Chiara_Teocchi
Chiara_Valentini
Chiara_Varotari
Chiara_Zocchi
Chiara_e_Serafina
Chiaramonte
Chiaramonte_Gulfi
Chiaramonti
Chiaramonti_(homonymie)
Chiarano
Chiaravalle
Chiaravalle_Centrale
Chiareggio
Chiarella
Chiarello
Chiaretta_Gelli
Chiari
Chiari_(homonymie)
Chiarini
Chiarissimo_Falconieri_Mellini
Chiarissimo_Fancelli
Chiaromonte
Chiaroscuro
Chiascio
Chiasma
Chiasma_(homonymie)
Chiasma_Optique
Chiasma_intermédiaire
Chiasma_optique
Chiasmas
Chiasmatypie
Chiasme
Chiasme_optique
Chiasme_syntaxique
Chiasmia
Chiasmia_clathrata
Chiasmia_clathrata_vanderbana
Chiasmia_goldiei
Chiasmocleis
Chiasmocleis_alagoana
Chiasmocleis_alagoanus
Chiasmocleis_albopunctata
Chiasmocleis_anatipes
Chiasmocleis_antenori
Chiasmocleis_atlantica
Chiasmocleis_avilapiresae
Chiasmocleis_bassleri
Chiasmocleis_bicegoi
Chiasmocleis_boliviana
Chiasmocleis_capixaba
Chiasmocleis_carvalhoi
Chiasmocleis_centralis
Chiasmocleis_cordeiroi
Chiasmocleis_crucis
Chiasmocleis_devriesi
Chiasmocleis_gnoma
Chiasmocleis_haddadi
Chiasmocleis_hudsoni
Chiasmocleis_jimi
Chiasmocleis_lacrimae
Chiasmocleis_leucosticta
Chiasmocleis_magnova
Chiasmocleis_mantiqueira
Chiasmocleis_mehelyi
Chiasmocleis_panamensis
Chiasmocleis_papachibe
Chiasmocleis_quilombola
Chiasmocleis_royi
Chiasmocleis_sapiranga
Chiasmocleis_schubarti
Chiasmocleis_shudikarensis
Chiasmocleis_supercilialba
Chiasmocleis_supercilialbus
Chiasmocleis_tridactyla
Chiasmocleis_urbanae
Chiasmocleis_ventrimaculata
Chiasmodon
Chiasmodon_niger
Chiasmodontidae
Chiasmodontidés
Chiasmopes
Chiasmopes_hystrix
Chiasmopes_lineatus
Chiasmopes_namaquensis
Chiasmopes_signatus
Chiasse
Chiasse_Burger
Chiasse_Burgers
Chiasso
Chiasson
Chiasson-Savoy
Chiastic_Slide
Chiastolite
Chiat/Day
Chiat/Day_Building
Chiat\Day
Chiatra
Chiatura
Chiatura_(municipalité)
Chiau_Wen-Yan
Chiauci
Chiaurie
Chiautempan
Chiautla_(État_de_Mexico)
Chiautla_de_Tapia
Chiavari
Chiavari_(homonymie)
Chiavazza
Chiavenna
Chiavenna_(torrent)
Chiavenne
Chiaverano
Chiayi
Chiayi_City
Chiayusaure
Chiayusaurus
Chib
Chiba
Chiba-dera
Chiba-ken
Chiba_(homonymie)
Chiba_Institute_of_Technology
Chiba_Lotte_Marines
Chiba_Marine_Stadium
Chiba_Newtown_Railway
Chiba_TV
Chiba_Takusabur?
Chiba_Television_Broadcasting
Chiba_Tetsuya
Chiba_Yusuke
Chibaiskweda
Chibam
Chibam_(Amran)
Chibam_(homonymie)
Chibana_Ch?shin
Chibana_Sh?shin
Chibane
Chibani
Chibani_(droit_du_travail)
Chibani_(homonymie)
Chibania
Chibanien
Chibanis
Chibarwe
Chibcha
Chibchanomys
Chibchas
Chibchea
Chibchea_merida
Chibed
Chibi
Chibi-Robo
Chibi-Robo!
Chibi-Robo!_Park_Patrol
ChibiOS/RT
Chibi_(Chanteuse)
Chibi_(Hebei)
Chibi_(Hubei)
Chibi_(Terme_Japonais)
Chibi_(chanteuse)
Chibi_(terme_japonais)
Chibi_Devi!
Chibi_Devil
Chibi_Japan_Expo
Chibi_Maruko-Chan:_Waku_Waku_Shopping
Chibi_Maruko-Chan_Deluxe_Quiz
Chibi_Maruko-chan
Chibi_Maruko-chan_Deluxe_Quiz
Chibi_Marukochan_Deluxe_Quiz
Chibi_Online
Chibi_Robo
Chibi_Robo!
Chibi_Trunks
Chibi_online
Chibimaruko-chan
Chibiusa
Chibiusa_Tsukino
Chibly_Langlois
Chibok
Chibolo
Chiboni
Chibotte
Chibouctou
Chibougamau
Chibougamau_(homonymie)
Chibougamau_(ville)
Chibout_Kamel
Chibre
Chibtine
Chibu
Chibu,_Shimane
Chibundu_Onuzo
Chiburi-jima
Chiburijima
Chibuto
Chibuzor_Okonkwo
Chic
Chic-Chocs
Chic-ism
Chic_!
Chic_&_Swell
Chic_(Groupe_De_Musique)
Chic_(album)
Chic_(emission_de_television)
Chic_(groupe)
Chic_(groupe_de_musique)
Chic_(Émission_De_Télévision)
Chic_(émission_de_télévision)
Chic_Charnley
Chic_Choc_!
Chic_FM
Chic_Johnson
Chic_Mystique
Chic_Sale
Chic_Young
Chic_de_ville
Chic_en_ville
Chic_planète
Chica
Chica_Umino
Chica_Vampiro
Chica_vampiro
Chicabal
Chicacao
Chicacha
Chicacha_(langue)
Chicachas
Chicago
Chicago(Illinois)
Chicago,_Burlington_and_Quincy_Railroad
Chicago,_Detroit,_Redruth
Chicago,_Illinois
Chicago,_Indiana_and_Southern_Railroad
Chicago,_Milwaukee,_St._Paul_And_Pacific_Railroad
Chicago,_Milwaukee,_St._Paul_and_Pacific_Railroad
Chicago,_Milwaukee_and_Puget_Sound_Railroad
Chicago,_Milwaukee_and_Puget_Sound_Railway
Chicago,_Peoria_and_St._Louis_Railroad
Chicago,_Rock_Island_and_Pacific_Railroad
Chicago,_St._Paul,_Minneapolis_and_Omaha_Railway
Chicago,_milwaukee,_st._paul_and_pacific_railroad
Chicago-O'Hare
Chicago-Sun_Times
Chicago-digest
Chicago-style_hot_dog
Chicago-style_pizza
Chicago/The_Blues/Today!
ChicagoFest
Chicago_'L'
Chicago_(2002)
Chicago_(Comédie_Musicale)
Chicago_(Groupe)
Chicago_(Illinois)
Chicago_(Ligne_bleue_CTA)
Chicago_(Ligne_brune_&_mauve_CTA)
Chicago_(Ligne_rouge_CTA)
Chicago_(Poème)
Chicago_(Rivière)
Chicago_(That_Toddlin'_Town)
Chicago_(album)
Chicago_(cocktail)
Chicago_(comedie_musicale)
Chicago_(comédie_musicale)
Chicago_(film)
Chicago_(film,_1927)
Chicago_(film,_2002)
Chicago_(franchise)
Chicago_(groupe)
Chicago_(homonymie)
Chicago_(ligne_bleue_CTA)
Chicago_(ligne_brune_&_mauve_CTA)
Chicago_(ligne_rouge_CTA)
Chicago_(lignes_brune_&_mauve_CTA)
Chicago_(magazine)
Chicago_(manga)
Chicago_(pièce_de_théâtre)
Chicago_(poeme)
Chicago_(poème)
Chicago_(riviere)
Chicago_(rivière)
Chicago_(épisode_de_Prison_Break)
Chicago_1930
Chicago_7
Chicago_90
Chicago_Air_&_Water_Show
Chicago_American
Chicago_American_Gears
Chicago_American_Giants
Chicago_Architecture_Foundation
Chicago_Area_Project
Chicago_Art_Institute
Chicago_Avenue_Pumping_Station
Chicago_Bears
Chicago_BlackHawks
Chicago_Blackhawks
Chicago_Blaze
Chicago_Blues
Chicago_Board_Options_Exchange
Chicago_Board_of_Trade
Chicago_Board_of_Trade_Building
Chicago_Booth_School_of_Business
Chicago_Boys
Chicago_Bridge_&_Iron_Company
Chicago_Bruins
Chicago_Bulls
Chicago_Butter_and_Egg_Board
Chicago_Cab
Chicago_Cardinals
Chicago_Children's_Museum
Chicago_City_Council
Chicago_City_Hall
Chicago_Climate_Exchange
Chicago_Coliseum
Chicago_Condors
Chicago_Convention_and_Tourism_Bureau
Chicago_Cubs
Chicago_Cultural_Center
Chicago_Daily_News
Chicago_Daily_Telegraph
Chicago_Daily_Times
Chicago_Daily_Tribune
Chicago_Defender
Chicago_Department_of_Transportation
Chicago_Departments
Chicago_Express
Chicago_Federal_Building
Chicago_Film_Critics_Association
Chicago_Film_Critics_Association_Award
Chicago_Film_Critics_Association_Awards
Chicago_Films_Critics_Association_Awards
