Changshan
Changshou
Changshu
Changshun
Changsin
Changsin_(métro_de_Séoul)
Changsu_Wang
Changtai
Changtang
Changthang
Changthangi
Changting
Changtse
Changtu
Changu_Narayan
Changui
Changuimun
Changuinola
Changuinola_(district)
Changuito
Changulia_albiventer
Changulia_multipunctata
Changwat
Changwon
Changwu
Changxing
Changxing'ien
Changxingien
Changy
Changy_(Cher)
Changy_(Loire)
Changy_(Loiret)
Changy_(Marne)
Changy_(Nièvre)
Changy_(Saone-et-Loire)
Changy_(Saône-et-Loire)
Changyang
Changyi
Changyi_(homonymie)
Changyi_Wang
Changyou
Changyou.com
Changyu
Changyuan
Changyuraptor
Changyuraptor_yangi
Changzhi
Changzhou
Changzhou_(homonymie)
Changzhou_Dinosaur_Park
Changzhou_Dinosaurs_Park
Changzhou_Lan_Xiang_WZ6
Changzhou_Modern_Media_Center
Changzhou_SinoType_Technology
Changzhug
Changé
Changé,_Mayenne
Changé-Oriental
Changé-lès-Laval
Changé_(Eure-et-Loir)
Changé_(Mayenne)
Changé_(Sarthe)
Changéledix
Changüi
Changüy
Changüí
Chang’e
Chang’e_2
Chanhassen
Chanhe
Chanhu-daro
Chanhu_Daro
Chani
Chani_(chanteur)
Chania
Chaniat
Chanic
Chanidae
Chanie
Chanie_Wenjack
Chaniers
Chanig_Ar_Gall
Chanig_ar_Gall
Chanimetal
Chanin_Building
Chanin_Hale
Chanique_Rabe
Chanira_Bajracharya
Chaniwa
Chaniá
Chankatagh
Chankheli
Chankillo
Chanklich
Chanko-nabe
Chanko_nabe
Chankonabe
Chanlatte
Chanlatte_(homonymie)
Chanly
Chanmina
Chann_McRae
Channa
Channa_(bouddhisme)
Channa_(poisson)
Channa_Bankanensis
Channa_Cyanospilos
Channa_Marulius
Channa_Striata
Channa_argus
Channa_bankanensis
Channa_cyanospilos
Channa_marulius
Channa_micropeltes
Channa_striata
Channagirika
Channahon
Channahon_(Illinois)
Channahon_Township
Channay
Channay-sur-Lathan
Channel
Channel-Port-aux-Basques
Channel-Port_Aux_Basques
Channel-Port_aux_Basques
Channel_10
Channel_10_(chaîne_de_télévision)
Channel_12_(Israel)
Channel_24
Channel_3
Channel_31_(Kazakhstan)
Channel_3_(Thaïlande)
Channel_4
Channel_4_News
Channel_4_News_(Royaume-Uni)
Channel_4_News_(États-Unis)
Channel_4_Television
Channel_4_television
Channel_5
Channel_5_(Royaume-Uni)
Channel_5_(chaîne_de_télévision)
Channel_7
Channel_A
Channel_Africa
Channel_Awesome
Channel_Bonding
Channel_Cats_de_Huntsville
Channel_Dash
Channel_F
Channel_Fist
Channel_Five
Channel_Fleet
Channel_Four
Channel_Four_Films
Channel_Four_Television_Corporation
Channel_Island
Channel_Islands
Channel_Islands_De_Californie
Channel_Islands_Electricity_Grid
Channel_Islands_National_Park
Channel_Islands_de_Californie
Channel_Islands_de_Californied
Channel_Key
Channel_Key_(Lower_Keys)
Channel_Key_(Middle_Keys)
Channel_Lake
Channel_Live
Channel_M
Channel_Manager
Channel_NewsAsia
Channel_Nine
Channel_One
Channel_One_(NTSC-M)
Channel_One_(groupe)
Channel_One_Cup
Channel_One_Studios
Channel_Orange
Channel_PhotoMultiplier
Channel_Progress
Channel_Quality_Indicator
Channel_S
Channel_Service_Unit_—_Data_Service_Unit
Channel_Seven
Channel_Television
Channel_Tres
Channel_Tunnel
Channel_Tunnel_Rail_Link
Channel_VAS_Championships
Channel_VAS_Championships_2016
Channel_VAS_Championships_2017
Channel_VAS_Championships_2018
Channel_VAS_Championships_2019
Channel_V_at_the_Hard_Rock_Live
Channel_Zero
Channel_Zero_(Canada)
Channel_Zero_(album)
Channel_Zero_(homonymie)
Channel_Zero_(série_télévisée)
Channel_agence_de_presse
Channel_bonding
Channel_five
Channel_island
Channel_islands_de_Californie
Channel_manager
Channel_state_information
Channel_–_Port_aux_Basques
Channeled_Scablands
Channeling
Channelling
Channeltron
Channelview_(Texas)
Channer
Channes
Channi
Channichthyidae
Channichthyidés
Channidae
Channig
Channing
Channing_(Texas)
Channing_Cox
Channing_Crowder
Channing_Dungey
Channing_E._Phillips
Channing_Frye
Channing_H._Cox
Channing_Pollock
Channing_Pollock_(dramaturge)
Channing_Tatum
Channing_Wilroy
Channoidei
Channomuraena
Channomuraena_bauchotae
Channon_Roe
Channon_Thompson
Chano
Chano_(football,_1965)
Chano_Dominguez
Chano_Domínguez
Chano_Pozo
Chano_Pozzo
Chano_Urueta
Chanoch_Albeck
Chanoch_Nissany
Chanod
Chanod_(homonymie)
Chanodichthys
Chanoga
Chanoidei
Chanoides
Chanoididae
Chanoine
Chanoine_(homonymie)
Chanoine_Bondroit
Chanoine_Cardaliaguet
Chanoine_Clavel_de_Saint-Geniez
Chanoine_Corillion
Chanoine_Cornette
Chanoine_Crampon
Chanoine_De_Haerne
Chanoine_Falc'hun
Chanoine_Frères
Chanoine_Gaston_Roussel
Chanoine_Godinot
Chanoine_Groulx
Chanoine_Jacques_Grand'Maison
Chanoine_Kir
Chanoine_Letteron
Chanoine_Moreau
Chanoine_Nègre
Chanoine_Paul_Boutin
Chanoine_Picquenard
Chanoine_Porée
Chanoine_Puissant
Chanoine_Régulier
Chanoine_Winterer
Chanoine_d'honneur
Chanoine_de_Latran
Chanoine_divorcé
Chanoine_honoraire
Chanoine_laïc
Chanoine_regulier
Chanoine_régulier
Chanoine_séculier
Chanoinerie_de_Carrouges
Chanoines
Chanoines_De_La_Sainte-Croix
Chanoines_De_Saint-Augustin
Chanoines_De_Sainte-Croix-de-la-Bretonnerie
Chanoines_Réguliers
Chanoines_Réguliers_De_La_Mère_De_Dieu
Chanoines_Réguliers_De_La_Sainte-Croix
Chanoines_Réguliers_De_La_Sainte-croix
Chanoines_Réguliers_De_Prémontré
Chanoines_Réguliers_De_Saint-Jean-de-Kenty
Chanoines_Réguliers_De_Saint-Maurice_D'Agaune
Chanoines_Réguliers_De_Saint-jean-de-kenty
Chanoines_Réguliers_De_Saint_Augustin
Chanoines_Réguliers_de_la_Mère_de_Dieu
Chanoines_de_Latran
Chanoines_de_Saint-Augustin
Chanoines_de_Saint-Victor
Chanoines_de_Saint-Victor_de_Paris
Chanoines_de_Sainte-Croix-de-la-Bretonnerie
Chanoines_de_la_Sainte-Croix
Chanoines_de_la_Sainte-Croix_de_la_Bretonnerie_et_des_Blancs-Manteaux
Chanoines_de_la_sainte-croix
Chanoines_de_saint-augustin
Chanoines_de_sainte-croix-de-la-bretonnerie
Chanoines_du_Latran
Chanoines_du_Saint-Sépulcre
Chanoines_mariés
Chanoines_reguliers_de_Saint-Jean-de-Kenty
Chanoines_reguliers_de_la_Mere_de_Dieu
Chanoines_reguliers_de_la_Sainte-Croix
Chanoines_reguliers_de_saint_Augustin
Chanoines_réguliers
Chanoines_réguliers_de_Marie_Mère_du_Rédempteur
Chanoines_réguliers_de_Notre-Sauveur
Chanoines_réguliers_de_Prémontré
Chanoines_réguliers_de_Saint-Jean-de-Kenty
Chanoines_réguliers_de_Saint-Maurice_d'Agaune
Chanoines_réguliers_de_Saint-Victor
Chanoines_réguliers_de_Saint_Ruf
Chanoines_réguliers_de_Saint_Victor
Chanoines_réguliers_de_Windesheim
Chanoines_réguliers_de_l'Immaculée_Conception
Chanoines_réguliers_de_la_Mère_de_Dieu
Chanoines_réguliers_de_la_Sainte-Croix
Chanoines_réguliers_de_la_Sainte-Croix_de_Coïmbre
Chanoines_réguliers_de_la_Très_Sainte-Croix_de_l’Étoile_Rouge
Chanoines_réguliers_de_la_mère_de_dieu
Chanoines_réguliers_de_la_pénitence_des_martyrs
Chanoines_réguliers_de_la_sainte-croix
Chanoines_réguliers_de_prémontré
Chanoines_réguliers_de_saint-jean-de-kenty
Chanoines_réguliers_de_saint-maurice_d'agaune
Chanoines_réguliers_de_saint_Augustin
Chanoines_réguliers_de_saint_augustin
Chanoines_réguliers_des_frères_de_la_vie_commune
Chanoines_réguliers_du_Grand-Saint-Bernard
Chanoines_réguliers_du_Latran
Chanoines_réguliers_du_Latran_de_la_congrégation_d'Autriche
Chanoines_réguliers_du_Saint-Esprit
Chanoines_réguliers_du_Saint-Sépulcre
Chanoinesse
Chanoinesse_de_Saint-Augustin
Chanoinesses_De_Saint-Augustin
Chanoinesses_De_Saint-augustin
Chanoinesses_d'Epinal
Chanoinesses_d'Épinal
Chanoinesses_de_Saint-Augustin
Chanoinesses_de_Saint-Augustin_de_la_Congrégation_Notre-Dame
Chanoinesses_de_Saint-Augustin_de_la_congrégation_Notre-Dame
Chanoinesses_de_la_Croix
Chanoinesses_de_saint-augustin
Chanoinesses_du_Saint-Esprit
Chanoinesses_du_Saint-Sépulcre
Chanoinesses_réguliers_de_Saint_Augustin
Chanoinesses_régulières_de_Saint_Augustin
Chanoinesses_régulières_du_Saint-Sépulcre
Chanoinesses_régulières_hospitalières_de_la_miséricorde_de_Jésus
Chanoir
Chanon_Santinatornkul
Chanonat
Chanond_Keanchan
Chanos
Chanos-Curson
Chanos_Chanos
Chanos_chanos
Chanot
Chanothianá
Chanousse
Chanoux
Chanoux_(homonymie)
Chanov
Chanovice
Chanoy
Chanoyu
Chanoz-Chatenay
Chanoz-Châtenay
Chanp-Sént-Pére
Chanpagnàe
Chanpeng_Nontasin
Chanpim_Kantatian
Chanpuru
Chanpuru_1_~Happy_Marriage_Song_Cover_Shū~
Chanpuru_1~Happy_Marriage_Song_Cover_Shuu~
Chanpurū
Chanquillo
Chanranhan_yusan
Chans'_Ou_an_Destiné
Chansi
Chansigaud
Chansigne
Chansin
Chansley
Chansolme
Chanson
Chanson-thème
Chanson_(homonymie)
Chanson_(à_boire)
Chanson_Au_Québec
Chanson_Bassa
Chanson_Bretonne
Chanson_Cachée
Chanson_Canadienne-française
Chanson_De_Craonne
Chanson_De_Geste
Chanson_De_Marche
Chanson_De_Marin
Chanson_De_Marins
Chanson_De_Noël
Chanson_De_Révolte
Chanson_De_Soldat_De_Marécage
Chanson_De_Toile
Chanson_Des_Nibelungen
Chanson_Du_Hérisson_(Disque-Monde)
Chanson_Du_Hérisson_(Disque-monde)
Chanson_En_Laisse
Chanson_En_Langue_D'oïl
Chanson_Française
Chanson_Italienne
Chanson_Paillarde
Chanson_Patriotique
Chanson_Perpétuelle
Chanson_Perpétuelle_(Ernest_Chausson)
Chanson_Plus_Bifluoree
Chanson_Plus_Bifluorée
Chanson_Polyphonique
Chanson_Populaire
Chanson_Pour_L'Auvergnat
Chanson_Pour_L'Auvergnat_(Album)
Chanson_Pour_L'auvergnat
Chanson_Pour_L'auvergnat_(Album)
Chanson_Pour_Un_Garagiste
Chanson_Québécoise
Chanson_Révolutionnaire
Chanson_Révolutionnaire_Ou_De_Résistance
Chanson_Traditionnelle
Chanson_Traditionnelle_Française
Chanson_a_boire
Chanson_au_Québec
Chanson_au_québec
Chanson_bretonne
Chanson_cachée
Chanson_canadienne-française
Chanson_caritative
Chanson_catalane
Chanson_contestataire
Chanson_d'Aiquin
Chanson_d'Antioche
Chanson_d'Ar-mor
Chanson_d'Armor
Chanson_d'Azincourt
Chanson_d'ailleurs
Chanson_d'amour_de_Kangding
Chanson_d'aube
Chanson_d'automne
Chanson_d'avril
Chanson_de_Beyoncé
Chanson_de_Bregalad
Chanson_de_Craonne
Chanson_de_Dermot_et_du_comte
Chanson_de_Gaufrey
Chanson_de_Grotti
Chanson_de_Grótti
Chanson_de_Gudrun
Chanson_de_Guillaume
Chanson_de_Jérusalem
Chanson_de_Katyusha
Chanson_de_Matin
Chanson_de_Maugis_d'Aigremont
Chanson_de_Nauru
Chanson_de_Noël
Chanson_de_Noēl
Chanson_de_Nuit
Chanson_de_Ossian
Chanson_de_Roland
Chanson_de_Siegfried_à_la_peau_de_corne
Chanson_de_Solveig
Chanson_de_Walther
Chanson_de_craonne
Chanson_de_croisade
Chanson_de_geste
Chanson_de_l'Année
Chanson_de_l'Ouest
Chanson_de_l'alphabet
Chanson_de_l'homme_heureux
Chanson_de_l'oignon
Chanson_de_la_Croisade
Chanson_de_la_Croisade_albigeoise
Chanson_de_la_croisade
Chanson_de_la_croisade_albigeoise
Chanson_de_marche
Chanson_de_marin
Chanson_de_marins
Chanson_de_noël
Chanson_de_revolte
Chanson_de_révolte
Chanson_de_sainte_Foy_d'Agen
Chanson_de_sainte_Foy_d’Agen
Chanson_de_soldat_de_marécage
Chanson_de_solveig
Chanson_de_toile
Chanson_de_variété
Chanson_de_variétés
Chanson_des_Babus
Chanson_des_Camelots_du_Roi
Chanson_des_Camelots_du_roi
Chanson_des_Nibelungen
Chanson_des_Restos
Chanson_des_Saisnes
Chanson_des_nibelungen
Chanson_des_quatre_fils_Aymon
Chanson_des_rues
Chanson_douce
Chanson_douce_(film)
Chanson_douce_(homonymie)
Chanson_du_herisson_(Disque-monde)
Chanson_du_hérisson_(Disque-Monde)
Chanson_du_hérisson_(Disque-monde)
Chanson_du_hérisson_(disque-monde)
Chanson_du_maçon
Chanson_du_poireau
Chanson_d’Antioche
Chanson_en_laisse
Chanson_en_langue_d'oil
Chanson_en_langue_d'oïl
Chanson_en_langue_d’oïl
Chanson_enfantine
Chanson_engagée
Chanson_entêtante
Chanson_folklorique
Chanson_francophone
Chanson_francophone_de_l'année
Chanson_française
Chanson_française_(Volo)
Chanson_française_(album_de_Volo)
Chanson_grenadière
Chanson_humanitaire
Chanson_humoristique
Chanson_instrumentale
Chanson_internationale_de_l'année
Chanson_italienne
Chanson_lyonnaise_à_la_Renaissance
Chanson_lyrique
Chanson_napolitaine
Chanson_nouvelle_de_deux_dames_de_la_halle...
Chanson_occitane
Chanson_oranaise
Chanson_paillard
Chanson_paillarde
Chanson_paillarde_en_Belgique,_en_France_et_au_Québec
Chanson_paillarde_en_Belgique_et_en_France
Chanson_paillarde_en_Belgiquen,_en_France_et_au_Québec
Chanson_paillarde_en_France
Chanson_parodique
Chanson_patriotique
Chanson_païenne
Chanson_païenne_(film,_1929)
Chanson_païenne_(film,_1950)
Chanson_perpetuelle
Chanson_perpétuelle
Chanson_perpétuelle_(Ernest_Chausson)
Chanson_perpétuelle_(ernest_chausson)
Chanson_persane
Chanson_phare
Chanson_plus_bifluorée
Chanson_plus_bifluorée_(album)
Chanson_plus_bifluorée_A_l'Européen
Chanson_plus_bifluorée_À_l'Européen
Chanson_plus_bifluorée_à_l'Européen
Chanson_polyphonique
Chanson_polyphonique_franco-flamande
Chanson_polyphonique_néerlandaise
Chanson_populaire
Chanson_populaire_(Chine)
Chanson_populaire_(chanson)
Chanson_populaire_en_Chine
Chanson_pour_Lya
Chanson_pour_Lya_(nouvelle)
Chanson_pour_Nathalie
Chanson_pour_enfants
Chanson_pour_l'Auvergnat
Chanson_pour_l'Auvergnat_(album)
Chanson_pour_l'auvergnat
Chanson_pour_l'auvergnat_(album)
Chanson_pour_les_enfants_l'hiver
Chanson_pour_l’Auvergnat
Chanson_pour_ma_mie
Chanson_pour_que_tu_m'aimes_un_peu
Chanson_pour_un_garagiste
Chanson_pour_un_marin
Chanson_publicitaire
Chanson_québécoise
Chanson_revolutionnaire_ou_de_resistance
Chanson_russe
Chanson_réaliste
Chanson_révolutionnaire
Chanson_révolutionnaire_ou_de_résistance
Chanson_sur_Paris
Chanson_sur_ma_drôle_de_vie
Chanson_sur_une_drôle_de_vie
Chanson_thème
Chanson_traditionnelle
Chanson_traditionnelle_en_occitan
Chanson_traditionnelle_francaise
Chanson_traditionnelle_française
Chanson_triste
Chanson_tzigane
Chanson_À_Boire
Chanson_à_boire
Chanson_à_boire_(Poulenc)
Chanson_à_boire_(homonymie)
Chanson_à_parties
Chanson_à_récapitulation
Chanson_à_texte
Chanson_à_virer
Chansongs
Chansonnette
Chansonnier
Chansonnier_(chanteur)
Chansonnier_(humoriste)
Chansonnier_(manuscrit)
Chansonnier_(manuscrit_ou_imprimé)
Chansonnier_cordiforme
Chansonnier_d'Anvers
Chansonnier_de_Cambrai
Chansonnier_de_Hieronymus_Lauweryn_de_Watervliet
Chansonnier_de_Jean_de_Montchenu
Chansonnier_de_La_Haye
Chansonnier_de_Medinaceli
Chansonnier_de_Palacio
Chansonnier_de_Ségovie
Chansonnier_de_Zeghere_van_Male
Chansonnier_du_Roi
Chansonnier_enluminé_de_Weingarten
Chansonnier_estudiantin
Chansonniers
Chansonniers_Estudiantins
Chansonniers_estudiantins
Chansonnière
Chansons
Chansons,_chansons,_chansons
Chansons_"contre"
Chansons_"possibles"_et_"impossibles"
Chansons_Célèbre_Du_Groupe_Toto
Chansons_Célèbres_Du_Groupe_Toto
Chansons_De_Geste
Chansons_De_Jacques_Brel
Chansons_De_La_Commune
Chansons_De_Marin
Chansons_De_Marins
Chansons_De_Noël
Chansons_Du_Deuxième_Étage
Chansons_En_Stock
Chansons_En_Stok
Chansons_Interlopes_(1906-1966)
Chansons_Inédites,_Inusitées._Compilatoires_Et_Complémentaires_Etc.
Chansons_Jouées_À_Woodstock
Chansons_Madécasses_(Maurice_Ravel)
Chansons_Nouvelles
Chansons_Paillardes
Chansons_Pour_L'élite
Chansons_Pour_Les_Pieds
Chansons_Pour_Les_Pieds_(Album)
Chansons_Pour_Les_Pieds_(album)
Chansons_Pour_Toutes_Sortes_De_Monde
Chansons_Pour_Une_Fan
Chansons_a_la_carte
Chansons_bretonnes
Chansons_bretonnes_et_celtiques
Chansons_célèbre_du_groupe_Toto
Chansons_célèbre_du_groupe_toto
Chansons_célèbres_du_groupe_Toto
Chansons_célèbres_du_groupe_toto
Chansons_d'amour
Chansons_de_Bilitis
Chansons_de_Jacques_Brel
Chansons_de_Jules_Verne
Chansons_de_Léo_Ferré
Chansons_de_Michael_Jackson
Chansons_de_Noël
Chansons_de_Paris
Chansons_de_Pierre_Mac_Orlan
Chansons_de_geste
Chansons_de_gueux
Chansons_de_jacques_brel
Chansons_de_la_Commune
Chansons_de_la_Terre_mourante
Chansons_de_la_commune
Chansons_de_marin
Chansons_de_marins
Chansons_de_noël
Chansons_du_Vent_et_du_Soleil
Chansons_du_deuxieme_etage
Chansons_du_deuxième_étage
Chansons_décadentes_et_fantasmagoriques
Chansons_en_stock
Chansons_en_stok
Chansons_fleuves
Chansons_gaillardes
Chansons_inedites,_inusitees._compilatoires_et_complementaires_etc.
Chansons_interdites
Chansons_interlopes
Chansons_interlopes_(1906-1966)
Chansons_inédites,_inusitées,_compilatoires_et_complémentaires,_etc.
Chansons_inédites,_inusitées._compilatoires_et_complémentaires_etc.
Chansons_jouees_a_Woodstock
Chansons_jouées_à_Woodstock
Chansons_jouées_à_woodstock
Chansons_madecasses
Chansons_madécasses
Chansons_madécasses_(Parny)
Chansons_madécasses_(Ravel)
Chansons_nettes
Chansons_nouvelles
Chansons_ordinaires
Chansons_pacifistes
Chansons_paillardes
Chansons_polyphoniques_néerlandaises
Chansons_populaires
Chansons_populaires_de_France
Chansons_populaires_de_France_par_Yves_Montand
Chansons_pour_Elle
Chansons_pour_ceux_qui_s'aiment
Chansons_pour_l'elite
Chansons_pour_l'élite
Chansons_pour_les_enfants_l'hiver
Chansons_pour_les_pieds
Chansons_pour_les_pieds_(album)
Chansons_pour_lՎlite
Chansons_pour_tous_les_jours
Chansons_pour_tous_les_temps
Chansons_pour_toutes_sortes_de_monde
Chansons_pour_une_fan
Chansons_pour…
Chansons_sur_Paris
Chansons_traditionnelles
Chansons_wallonnes
Chansons_wallons
Chansons_«_contre_»
Chansons_À_La_Carte
Chansons_à_la_Carte
Chansons_à_la_carte
Chansons_écossaises_(Ladmirault)
Chant
Chant_(homonymie)
Chant_(menuiserie)
Chant_(metrologie)
Chant_(métrique)
Chant_(métrologie)
Chant_(oiseau)
Chant_A_Tenore
Chant_Bedouin
Chant_Byzantin
Chant_Bédouin
Chant_Caverneux
Chant_Choral
Chant_Corse
Chant_D'offertoire
Chant_D'étoile
Chant_De_Baleine
Chant_De_Baleines
Chant_De_Bataille
Chant_De_Communion
Chant_De_Gorge
Chant_De_Guerre_Pour_L'Armée_Du_Rhin
Chant_De_Louange
Chant_De_Marin
Chant_De_Marins
Chant_De_Noël
Chant_De_Ralliement
Chant_De_Stade
Chant_De_Travail
Chant_Des_Allobroges
Chant_Des_Baleines
Chant_Des_Dunes
Chant_Des_Marais
Chant_Des_Marines
Chant_Des_Ouvriers
Chant_Des_Partisans
Chant_Des_Regrets_Éternels
Chant_Diphonique
Chant_Down_Babylon
Chant_Du_Cygne
Chant_Du_Départ
Chant_Du_Gros
Chant_Du_Monde
Chant_Gallican
Chant_Gregorien
Chant_Grégorien
Chant_Général
Chant_III_de_l'Eneide
Chant_III_de_l'Énéide
Chant_III_de_l’Énéide
Chant_II_de_l'Énéide
Chant_IV_de_l'Énéide
Chant_IX_De_L'Énéide
Chant_IX_de_l'Eneide
Chant_IX_de_l'Énéide
Chant_IX_de_l’Énéide
Chant_I_de_l'Énéide
Chant_Ix_De_L'énéide
Chant_Messin
Chant_Mozarabe
Chant_Patriotique
Chant_Patriotique_(Hymne_National_Coréen)
Chant_Royal
Chant_Sacré
Chant_Sacré_(Hector_Berlioz)
Chant_Syllabique
Chant_VIII_de_l'Énéide
Chant_VII_De_L'Énéide
Chant_VII_Dee_L'Énéide
Chant_VII_de_l'Eneide
Chant_VII_de_l'Énéide
Chant_VII_de_l’Énéide
Chant_VII_dee_l'Énéide
Chant_VI_De_L'Énéide
Chant_VI_de_l'Eneide
Chant_VI_de_l'Énéide
Chant_VI_de_l’Énéide
Chant_V_de_l'Énéide
Chant_Vi_De_L'énéide
Chant_Vii_De_L'énéide
Chant_XII_de_l'Énéide
Chant_XI_de_l'Énéide
Chant_X_de_l'Énéide
Chant_Znamenny
Chant_amoébée
Chant_amébée
Chant_après_chant
Chant_arménien
Chant_blanc
Chant_byzantin
Chant_bédouin
Chant_bénéventain
Chant_carolingien
Chant_caverneux
Chant_choral
Chant_choral_Serbe
Chant_choral_des_fribourgeois
Chant_choral_serbe
Chant_chrétien
Chant_classique
Chant_corse
Chant_d'Allemagne
Chant_d'Oiseau
Chant_d'amour
Chant_d'amour_(De_Chirico)
Chant_d'etoile
Chant_d'hiver
Chant_d'offertoire
Chant_d'Étoile
Chant_d'étoile
Chant_de_Bataille
Chant_de_Guerre_pour_l'Armée_du_Rhin
Chant_de_Hildebrand
Chant_de_Kumarbi
Chant_de_Noel
Chant_de_Noël
Chant_de_Noël_(homonymie)
Chant_de_Palestine
Chant_de_Prusse_orientale
Chant_de_Ralliement
Chant_de_Völundr
Chant_de_Walther_d'Aquitaine
Chant_de_baleine
Chant_de_baleines
Chant_de_bataille
Chant_de_cabestan
Chant_de_communion
Chant_de_gorge
Chant_de_gorge_inuit
Chant_de_grâce
Chant_de_guerre_parisien
Chant_de_guerre_pour_l'armée_du_rhin
Chant_de_joie
Chant_de_l'éternel_regret
Chant_de_la_Fleur_rouge
Chant_de_la_Sibylle
Chant_de_la_fleur_rouge
Chant_de_la_nuit
Chant_de_louange
Chant_de_lutte
Chant_de_marin
Chant_de_marins
Chant_de_métier
Chant_de_noël
Chant_de_ralliement
Chant_de_réalisation
Chant_de_révolte
Chant_de_stade
Chant_de_supporters
Chant_de_travail
Chant_des_Africains
Chant_des_Allobroges
Chant_des_Italiens
Chant_des_Légions_polonaises_en_Italie
Chant_des_Marines
Chant_des_Nibelungen
Chant_des_Partisans
Chant_des_Saliens
Chant_des_Wallons
Chant_des_allobroges
Chant_des_baleines
Chant_des_degrés
Chant_des_dunes
Chant_des_italiens
Chant_des_marais
Chant_des_marines
Chant_des_oiseaux
Chant_des_ouvriers
Chant_des_partisans
Chant_des_partisans_de_l'Amour
Chant_des_partisans_de_l’Amour
Chant_des_regrets_eternels
Chant_des_regrets_éternels
Chant_des_setos
Chant_des_wallons
Chant_des_étudiants_wallons
Chant_diphonique
Chant_du_Départ
Chant_du_Gros
Chant_du_conscrit_de_Languedô
Chant_du_cygne
Chant_du_depart
Chant_du_départ
Chant_du_gros
Chant_du_harpiste
Chant_du_harpiste_aveugle
Chant_du_monde
Chant_du_neuf_thermidor
Chant_du_parti
Chant_dՎtoile
Chant_folklorique_estudiantin
Chant_funèbre
Chant_funèbre_(Magnard)
Chant_funèbre_d'une_mère...
Chant_gallican
Chant_gregorien
Chant_grégorien
Chant_grégorien_en_France_aux_XVIIe_et_XVIIIe_siècles
Chant_guttural
Chant_général
Chant_harmonique
Chant_ix_de_l'énéide
Chant_jazz
Chant_khöömii
Chant_libre
Chant_liturgique
Chant_liturgique_éthiopien
Chant_lyrique
Chant_messin
Chant_militaire
Chant_mozarabe
Chant_musulman
Chant_patriotique
Chant_patriotique_(hymne_national_coréen)
Chant_polyphonique
Chant_polyphonique_des_pygmées_Aka
Chant_polyphonique_géorgien
Chant_polyphonique_pyrénéen
Chant_populaire
Chant_pour_enfants
Chant_public_devant_deux_chaises_électriques
Chant_religieux
Chant_royal
Chant_sacre_(Hector_Berlioz)
Chant_sacré
Chant_sacré_(Hector_Berlioz)
Chant_sacré_(hector_berlioz)
Chant_sacré_corse
Chant_sean-nós
Chant_sean_nos
Chant_sean_nós
Chant_solo
Chant_sous_une_forteresse
Chant_syllabique
Chant_séculaire
Chant_traditionnel
Chant_traditionnel_français
Chant_traditionnel_irlandais
Chant_traditionnel_occitan
Chant_vi_de_l'énéide
Chant_vieux-romain
Chant_vii_de_l'énéide
Chant_vii_dee_l'énéide
Chant_à_bouche_fermée
Chant_à_répondre
Chantaboum
Chantaburi
Chantaco
Chantada
Chantada_(Comarque)
Chantada_(comarque)
Chantage
Chantage_(film)
Chantage_(film,_1929)
Chantage_(film,_1939)
Chantage_(film,_1955)
Chantage_(homonymie)
Chantage_a_Washington
Chantage_affectif
Chantage_ailé
Chantage_au_bolchévisme
Chantage_au_meurtre
Chantage_de_femmes
Chantage_mortel
Chantage_À_Washington
Chantage_à_Washington
Chantage_à_la_terre
Chantage_à_washington
Chantaje
Chantal
Chantal_(Haïti)
Chantal_(film,_2007)
Chantal_(ville)
Chantal_Abergel
Chantal_Achterberg
Chantal_Ackerman
Chantal_Akerman
Chantal_Andere
Chantal_Andrea_Barthélémy
Chantal_Antier
Chantal_Arens
Chantal_Aubry
Chantal_Aumeran
Chantal_Ayissi
Chantal_Banlier
Chantal_Baril
Chantal_Baudaux
Chantal_Beaugeant
Chantal_Beltman
Chantal_Bergeron
Chantal_Berthelot
Chantal_Bertouille
Chantal_Biya
Chantal_Blaak
Chantal_Blanc-Pamard
Chantal_Botts
Chantal_Bournissen
Chantal_Bourrague
Chantal_Bourragué
Chantal_Bouvier_De_Lamotte
Chantal_Bouvier_de_Lamotte
Chantal_Briet
Chantal_Broquet
Chantal_Brunel
Chantal_Brunschwig
Chantal_Cadieux
Chantal_Cahour
Chantal_Carlat
Chantal_Cauquil
Chantal_Chaude_de_Silans
Chantal_Chaudé_De_Silans
Chantal_Chaudé_de_Silans
Chantal_Chawaf
Chantal_Claret
Chantal_Colleu-Dumond
Chantal_Collin
Chantal_Compaoré
Chantal_Conand
Chantal_Connasse
Chantal_Couliou
Chantal_Couvreur
Chantal_Crousel
Chantal_Dallenbach
Chantal_Danjou
Chantal_Darget
Chantal_Daucourt
Chantal_David
Chantal_De_Guerre
Chantal_De_Spiegeleer
Chantal_Defachelle
Chantal_Delsol
Chantal_Deltenre
Chantal_Demming
Chantal_Deruaz
Chantal_Deseyne
Chantal_Detcherry
Chantal_Duguay_Mallet
Chantal_Dumas
Chantal_Dupille
Chantal_Dupuy-Dunier
Chantal_Dällenbach
Chantal_Fontaine
Chantal_Fortier
Chantal_Francke
Chantal_Fraïsse
Chantal_Galladé
Chantal_Gallia
Chantal_Garrigues
Chantal_Gary
Chantal_Gevrey
Chantal_Gorostegui
Chantal_Goya
Chantal_Grimm
Chantal_Groot
Chantal_Grosléziat
Chantal_Guittet
Chantal_Hamaide
Chantal_Hebert
Chantal_Herbé
Chantal_Hoffmann
Chantal_Hébert
Chantal_Jacquet_(animalière)
Chantal_Janzen
Chantal_Jaquet
Chantal_Jaquet_(homonymie)
Chantal_Jolis
Chantal_Jouanno
Chantal_Jourdan
Chantal_Jouvhomme
Chantal_Juillet
Chantal_Julien
Chantal_Kanyimbo
Chantal_Kelly
Chantal_Klein
Chantal_Kreviazuk
Chantal_LANVIN
Chantal_Laboureur
Chantal_Ladesou
Chantal_Lamarre
Chantal_Langlace
Chantal_Langlacé
Chantal_Lanvin
Chantal_Lauby
Chantal_Le_Brun
Chantal_Le_Brun_Keris
Chantal_Le_Brun_Kéris
Chantal_Leblanc
Chantal_Leblond
Chantal_Leclerc
Chantal_Legendre
Chantal_Legendre_CHANATH
Chantal_Legendre_Chanath
Chantal_Liennel
Chantal_Longpré
Chantal_Loïal
Chantal_Mace
Chantal_Machabée
Chantal_Macé
Chantal_Magalie_Mbazoo-Kassa
Chantal_Magalie_Mbazoo_Kassa
Chantal_Maillard
Chantal_Malherbe
Chantal_Manès-Bonnisseau
Chantal_Marin
Chantal_Masson
Chantal_Mathieu
Chantal_Mauduit
Chantal_Meek
Chantal_Millon-Delsol
Chantal_Montellier
Chantal_Mouffe
Chantal_Naud
Chantal_Navarro
Chantal_Neuwirth
Chantal_Neveu
Chantal_Ngalula_Mulumba
Chantal_Nobel
Chantal_Paul
Chantal_Pelletier
Chantal_Petit
Chantal_Petitclerc
Chantal_Philippe
Chantal_Picault
Chantal_Pichon
Chantal_Pontbriand
Chantal_Poullain
Chantal_Poupaud
Chantal_Rega
Chantal_Renaud
Chantal_Richard
Chantal_Ringuet
Chantal_Rittaud-Hutinet
Chantal_Robillard
Chantal_Robin-Rodrigo
Chantal_Roger_Tuile
Chantal_Rogerat
Chantal_Rouleau
Chantal_Rousselot
Chantal_Réga
Chantal_Safou
Chantal_Safu
Chantal_Saint-Jarre
Chantal_Salaris
Chantal_Schertz
Chantal_Seggiaro
Chantal_Serre
Chantal_Simonot
Chantal_Soucy
Chantal_Spitz
Chantal_Stoman
Chantal_Strasser
Chantal_Sébire
Chantal_Taiba
Chantal_Taupin
Chantal_Tauxe
Chantal_Taïba
Chantal_Thomas
Chantal_Thomass
Chantal_Van_Landeghem
Chantal_Van_den_Broek-Blaak
Chantal_Vandierendonck
Chantal_Versmissen-Sollie
Chantal_Zourbas
Chantal_bergeron
Chantal_bouvier_de_lamotte
Chantal_chaudé_de_silans
Chantal_d'Orléans
Chantal_de_Bruijn
Chantal_de_Guerre
Chantal_de_Ridder
Chantal_de_Rudder
Chantal_de_Souza
Chantal_duPont
Chantal_dumas
Chantal_robillard
Chantal_stoman
Chantal_van_Landeghem
Chantal_van_den_Broek-Blaak
Chantale_Gozzi
Chantale_Jeannotte
Chantalia
Chantalia_conandae
Chantalou
Chantalpetit
Chantaussel
Chante,_Luna
Chante,_danse,_aime
Chante,_danse,_aime_(téléfilm)
Chante-Bois
Chante-nous_ça_!
Chante..._au_bord_de_La_Fontaine
Chante_!
Chante_!_BO_saison_2
Chante_!_BO_saison_4
Chante_Black
Chante_France
Chante_Hier_Pour_Aujourd'hui
Chante_Mon_Amour
Chante_Moore
Chante_Noël
Chante_hier_pour_aujourd'hui
Chante_la_Révolution
Chante_la_Révolution_(Album)
Chante_la_résistance
Chante_mon_amour
Chante_pour_le_soleil
Chante_ton_bac_d'abord
Chanteau
Chanteau_(homonymie)
Chanteclair
Chanteclair_(dessinateur)
Chanteclair_(gâteau)
Chanteclairix
Chantecler
Chantecler_(Rostand)
Chantecler_(Théâtre)
Chantecler_(film)
Chantecler_(pomme)
Chantecler_(race_de_poule)
Chantecler_(théâtre)
Chanteclerc
Chantecoq
Chantecoq_(Marne)
Chantecoq_(film)
Chantecoq_(homonymie)
Chantecorps
Chanteduc_(Laval-sur-Doulon)
Chantefable
Chantefleurs_et_Chantefables
Chantefleurs_et_chantefables
Chantefrance.com
Chantegrue
Chanteheux
Chanteins
Chanteix
Chantel_Jeffries
Chantel_Malone
Chantel_Riley
Chantelle
Chantelle_(Lingerie)
Chantelle_(entreprise)
Chantelle_(lingerie)
Chantelle_(marque)
Chantelle_Brown_Young
Chantelle_Handy
Chantelle_Michell
Chantelle_Michell-Newbery
Chantelle_Newbery
Chantelle_Paige
Chantelle_Swaby
Chantells
Chanteloube_(Razès)
Chanteloup
Chanteloup-en-Brie
Chanteloup-les-Bois
Chanteloup-les-Vignes
Chanteloup_(Deux-Sevres)
Chanteloup_(Deux-Sèvres)
Chanteloup_(Eure)
Chanteloup_(Ille-et-Vilaine)
Chanteloup_(Manche)
Chanteloup_(Seine-et-Marne)
Chantelouve
Chantelouve_(film)
Chantels
Chantemelle
Chantemelle_(Etalle)
Chantemelle_(Étalle)
Chantemerle
Chantemerle-Saint-Pol
Chantemerle-les-Bles
Chantemerle-les-Blés
Chantemerle-les-Grignan
Chantemerle-lès-Grignan
Chantemerle-sur-la-Soie
Chantemerle_(Hautes-Alpes)
Chantemerle_(Marne)
Chantemesse
Chantenay
Chantenay-Saint-Imbert
Chantenay-Villedieu
Chantenay-sur-Loire
Chantenay_(Loire-Atlantique)
Chantenay_(Loire-Inférieure)
Chantenay_(Sarthe)
Chantenay_(navire)
Chantepie
Chantepy
Chantepérier
Chanter
Chanter_(album)
Chanter_(chanson)
Chanter_(chanson_de_Florent_Pagny)
Chanter_(chanson_de_Mireille_Mathieu)
Chanter_En_Yaourt
Chanter_La_Vie
Chanter_en_yaourt
Chanter_la_vie
Chanter_le_1er_mai
Chanter_plus_fort_que_la_mer
Chanter_pour_ceux_qui_sont_loin_de_chez_eux
Chanter_À_Vue
Chanter_à_vue
Chanterac
Chanteraine
Chanteraine_(Rivière)
Chanteraine_(affluent_de_l'Indre)
Chanteraine_(affluent_de_l'Ouanne)
Chanteraine_(affluent_de_la_Vauvise)
Chanteraine_(riviere)
Chanteraine_(rivière)
Chanteranne_(Châteauponsac)
Chantereau
Chantereine
Chantereine_(homonymie)
Chanterelle
Chanterelle_(Cantal)
Chanterelle_(Musique)
Chanterelle_(homonymie)
Chanterelle_(musique)
Chanterelle_En_Tube
Chanterelle_Orangée
Chanterelle_bleue
Chanterelle_claviforme
Chanterelle_en_tube
Chanterelle_grise
Chanterelle_jaune
Chanterelle_noircissante
Chanterelle_orangée
Chanterelle_violette
Chantes
Chantesse
Chanteuges
Chanteur
Chanteur-compositeur-interprète
Chanteur_D'opéra
Chanteur_De_Chanson
Chanteur_De_Jazz
Chanteur_Espagnol
Chanteur_d'elberfeld
Chanteur_d'opéra
Chanteur_de_Kosovo
Chanteur_de_Playback
Chanteur_de_Yourlov
Chanteur_de_chanson
Chanteur_de_charme
Chanteur_de_charme_(chanson)
Chanteur_de_chaâbi
Chanteur_de_jazz
Chanteur_de_jazz_(album)
Chanteur_de_jazz_(chanson)
Chanteur_de_jazz_(homonymie)
Chanteur_de_playback
Chanteur_de_variété
Chanteur_des_Montagnes
Chanteur_des_années_80
Chanteur_des_montagnes
Chanteur_des_rues
Chanteur_du_Berg
Chanteur_du_Kosovo
Chanteur_du_Pays_de_Berg
Chanteur_d’opéra
Chanteur_espagnol
Chanteur_florentin_du_XVe_siècle
Chanteur_lyrique
Chanteur_passionné
Chanteur_soprano
Chanteur_Écossais
Chanteur_écossais
Chanteurs
Chanteurs_Sans_Frontières
Chanteurs_sans_frontieres
Chanteurs_sans_frontières
Chanteuse
Chanteuse_Carla
Chanteuse_Saya
Chanteuse_d'opéra
Chanteuse_de_cabaret
Chanteuse_de_rue
Chanteuse_de_variété
Chanteuses
Chantez_la_vie,_l'amour,_et_la_mort
Chantez_la_vie,_l'amour_et_la_mort
Chanthaburi
Chantharath
Chanticleers_de_Coastal_Carolina
Chantico
Chantico_Corona
Chantier
Chantier-Musil
Chantier-Musil_(Spectacle)
Chantier-Musil_(spectacle)
Chantier-musil_(spectacle)
Chantier-nature
Chantier_(Stephen_King)
Chantier_(batiment)
Chantier_(bâtiment)
Chantier_(dans_le_bâtiment)
Chantier_(roman)
Chantier_(viticulture)
Chantier_Davie
Chantier_Donnart
Chantier_Dubigeon-Normandie
Chantier_Dynamique
Chantier_Glehen
Chantier_Krebs
Chantier_Le_Cœur
Chantier_Naval
Chantier_Naval_ADDSCO_De_Mobile
Chantier_Naval_Addsco_De_Mobile
Chantier_Naval_Avondale
Chantier_Naval_Bath_Iron_Works
Chantier_Naval_Couach
Chantier_Naval_De_La_Ciotat
Chantier_Naval_Electric_Boat_De_Groton
Chantier_Naval_Fore_River_De_Quincy
Chantier_Naval_Ingalls_De_Pascagoula
Chantier_Naval_Mazagon
Chantier_Panafricain_D'écriture_Dramatique_Des_Femmes
Chantier_Piriou
Chantier_Scott
Chantier_Vergoz
Chantier_archeologique_Cartier-Roberval
Chantier_archéologique_Cartier-Roberval
Chantier_culturel
Chantier_de_boutres_de_Sour
Chantier_de_démolition_navale_de_Chittagong
Chantier_de_démolition_navale_de_Gadani
Chantier_de_jeunes
Chantier_de_jeunesse
Chantier_de_l'économie_sociale
Chantier_de_réparation_navale_de_Turku
Chantier_des_collection_du_MuCEM_(Musée_des_Civilisations_de_l'Europe_et_de_la_Méditerranée)
Chantier_des_collection_du_mucem_(musée_des_civilisations_de_l'europe_et_de_la_méditerranée)
Chantier_des_collections
Chantier_des_collections_du_MuCEM_(Musee_des_Civilisations_de_l'Europe_et_de_la_Mediterranee)
Chantier_des_collections_du_MuCEM_(Musée_des_Civilisations_de_l'Europe_et_de_la_Méditerranée)
Chantier_des_collections_du_mucem_(musée_des_civilisations_de_l'europe_et_de_la_méditerranée)
Chantier_du_Guip
Chantier_intermodal
Chantier_maritime_A.C._Davie
Chantier_maritime_A.C._Davie_de_Lévis
Chantier_médiéval_de_Guédelon
Chantier_médiéval_de_la_Sogne
Chantier_nature
Chantier_naval
Chantier_naval_ADDSCO_de_Mobile
Chantier_naval_Avondale
Chantier_naval_Bath_Iron_Works
Chantier_naval_Crucy
Chantier_naval_Electric_Boat_de_Groton
Chantier_naval_Fore_River_de_Quincy
Chantier_naval_Hyundai_Mipo
Chantier_naval_Ingalls_de_Pascagoula
Chantier_naval_Mazagon
Chantier_naval_Newport_News_Shipbuilding
Chantier_naval_Northrop_Grumman_de_Newport_News
Chantier_naval_Río_Santiago
Chantier_naval_Scotts
Chantier_naval_Sredne-Nevski
Chantier_naval_TaraTari
Chantier_naval_William_Beardmore
Chantier_naval_addsco_de_mobile
Chantier_naval_avondale
Chantier_naval_bath_iron_works
Chantier_naval_d'Amherstburg
Chantier_naval_d'Ancône
Chantier_naval_d'Antigua
Chantier_naval_de_Castellammare_di_Stabia
Chantier_naval_de_Chatham
Chantier_naval_de_Deptford
Chantier_naval_de_Gosport
Chantier_naval_de_Greenock
Chantier_naval_de_Hietalahti
Chantier_naval_de_Jiangnan
Chantier_naval_de_La_Ciotat
Chantier_naval_de_Long_Beach
Chantier_naval_de_Mare_Island
Chantier_naval_de_Newport_News
Chantier_naval_de_Norfolk
Chantier_naval_de_Palerme
Chantier_naval_de_Perno
Chantier_naval_de_Philadelphie
Chantier_naval_de_Plymouth
Chantier_naval_de_Portsmouth
Chantier_naval_de_Puget_Sound
Chantier_naval_de_Rauma
Chantier_naval_de_Rosyth
Chantier_naval_de_Sestri_Ponente
Chantier_naval_de_Turku
Chantier_naval_de_Woolwich
Chantier_naval_de_l'Amirauté
Chantier_naval_de_l'Amour
Chantier_naval_de_la_Baltique
Chantier_naval_de_la_ciotat
Chantier_naval_de_mare_island
Chantier_naval_des_frères_Orlando
Chantier_naval_d’Antigua
Chantier_naval_electric_boat_de_groton
Chantier_naval_fore_river_de_quincy
Chantier_naval_ingalls_de_pascagoula
Chantier_naval_n°10_(Russie)
Chantier_naval_royal_de_Halifax
Chantier_panafricain_d'ecriture_dramatique_des_femmes
Chantier_panafricain_d'écriture_dramatique_des_femmes
Chantier_panafricain_dՎcriture_dramatique_des_femmes
Chantier_participatif
Chantier_populaire
Chantiers_Amel
Chantiers_Chibougamau
Chantiers_Claparede
Chantiers_Claparède
Chantiers_Crucy
Chantiers_De_La_Jeunesse_Française
Chantiers_De_Penhoët
Chantiers_Dubigeon
Chantiers_Germaniawerft
Chantiers_Hyundai_Mipo
Chantiers_La_Perrière
Chantiers_Navales_De_La_Ciotat_S.A.
Chantiers_Navales_de_la_Ciotat_S.A.
Chantiers_Navals_Français
Chantiers_Navals_Kuat
Chantiers_Piriou
Chantiers_Vergoz
Chantiers_américains
Chantiers_aéro-maritimes_de_la_Seine
Chantiers_aéro_maritimes_de_la_Seine
Chantiers_aéronavals_Étienne_Romano
Chantiers_de_Jeunesse
Chantiers_de_La_Buire
Chantiers_de_Normandie
Chantiers_de_Penhoet
Chantiers_de_Penhoët
Chantiers_de_boutres_de_Sour
Chantiers_de_construction
Chantiers_de_constructions_navales
Chantiers_de_jeunes
Chantiers_de_jeunesse
Chantiers_de_jeunesse_de_la_marine
Chantiers_de_l'Atlantique
Chantiers_de_l'atlantique
Chantiers_de_la_Jeunesse
Chantiers_de_la_Loire
Chantiers_de_la_jeunesse
Chantiers_de_la_jeunesse_francaise
Chantiers_de_la_jeunesse_française
Chantiers_de_la_loire
Chantiers_de_l’Atlantique
Chantiers_de_l’Océan
Chantiers_de_penhoët
Chantiers_de_travaux_publics
Chantiers_du_Cardinal
Chantiers_et_Ateliers_Augustin_Normand
Chantiers_et_Ateliers_de_Provence
Chantiers_et_ateliers_de_Penhoët
Chantiers_et_ateliers_de_la_Perrière
Chantiers_histoire_et_architecture_médiévales
Chantiers_jeunesse
Chantiers_naval_Scotts
Chantiers_naval_de_Greenock
Chantiers_navales_de_la_ciotat_s.a.
Chantiers_navals
Chantiers_navals_Fujinagata
Chantiers_navals_Gamelin
Chantiers_navals_Pattison
Chantiers_navals_de_Barriol
Chantiers_navals_de_Gdansk
Chantiers_navals_de_Gdańsk
Chantiers_navals_de_Greenock
Chantiers_navals_de_La_Seyne-sur-Mer
Chantiers_navals_de_Saint-Nazaire
Chantiers_navals_de_Woolwich
Chantiers_navals_de_la_Baltique
Chantiers_navals_du_Nord_et_de_la_Méditerranée
Chantiers_navals_français
Chantiers_politiques
Chantignole
Chantignolle
Chantignonville
Chantillac
Chantilly
Chantilly-Tiffany
Chantilly-Tiffany_(chat)
Chantilly-tiffany
Chantilly/tiffany
Chantilly_(Virginie)
Chantilly_(chat)
Chantilly_(cuisine)
Chantilly_(homonymie)
Chantilly_(paquebot)
Chantilly_(race_de_chat)
Chantilly_Arts_&_Elegance_2019
Chantilly_Arts_&_Elegance_Richard_Mille
Chantilly_Arts_&_Élégance_Richard_Mille
Chantilly_Lace
Chantoceau
Chantocé
Chantoir
Chantoire
Chanton
Chantonnay
Chantons_Brassens
Chantons_Sous_La_Pluie
Chantons_en_chœur
Chantons_la_Reine_des_Neiges
Chantons_les_fables_de_La_Fontaine
Chantons_maintenant
Chantons_quand_même
Chantons_sous_l'Occupation
Chantons_sous_la_pluie
Chantons_sur_la_piste
Chantons_à_l'école
Chantoung
Chantounàes
Chantourne
Chantourner
Chantourné
Chantraine
Chantraine_(homonymie)
Chantraines
Chantrans
Chantrapas
Chantre
Chantre_(christianisme)
Chantre_(judaïsme)
Chantre_(liturgie)
Chantre_chrétien
Chantreau
Chantrel
Chantrenne
Chantres
Chantrezac
Chantrigne
Chantrigné
Chantron
Chants
Chants_Alizés
Chants_Cypriens
Chants_D'un_Compagnon_Errant
Chants_D'épuration
Chants_De_Chu
Chants_De_La_Terre_Lointaine
Chants_De_Maldoror
Chants_De_Marin
Chants_De_Marins
Chants_De_Noël_Polonais
Chants_De_Noël_Polonais_(Lutosławski)
Chants_Grégoriens
Chants_cypriens
Chants_d'Auvergne
Chants_d'Espagne
Chants_d'Hypérion
Chants_d'Ossian
Chants_d'epuration
Chants_d'un_compagnon_errant
Chants_d'épuration
Chants_dans_l'Égypte_antique
Chants_dans_la_Nuit
Chants_de_Chu
Chants_de_Maldoror
Chants_de_Noel_polonais
Chants_de_Noël
Chants_de_Noël_polonais
Chants_de_Noël_polonais_(Lutosławski)
Chants_de_Terre_et_de_Ciel
Chants_de_baleines
Chants_de_l'Emmanuel
Chants_de_l'aube
Chants_de_la_Kitharède
Chants_de_la_Terre_lointaine
Chants_de_la_terre_lointaine
Chants_de_maldoror
Chants_de_marin
Chants_de_marins
Chants_de_marins_(Album)
Chants_de_marins_(album)
Chants_de_noël
Chants_de_noël_polonais
Chants_de_noël_polonais_(lutosławski)
Chants_de_réalisation
Chants_de_révolte_-_1796-1935
Chants_de_stade
Chants_de_tourtereaux
Chants_des_green_boys
Chants_des_mers_du_sud
Chants_des_montées
Chants_du_1er_mai
Chants_du_Serviteur
Chants_dՎpuration
Chants_et_contes_de_Noël
Chants_et_danses_de_la_mort
Chants_grégoriens
Chants_hourrites
Chants_liturgiques
Chants_magnétiques
Chants_musulmans
Chants_patriotiques_algériens
Chants_polyphoniques_des_pygmées_Aka
Chants_pour_la_victoire
Chants_zazous
Chantsigne
Chanturgue
Chanté_Moore
Chanté_Nwel
Chantégéline
Chantérac
Chantôme
Chanu
Chanum_Coronae
Chanume_Corona
Chanur
Chanute
Chanute_(Kansas)
Chanute_Air_Force_Base
Chanveaux
Chanverrie
Chanville
Chanvre
Chanvre_&_Libertés
Chanvre_&_Libertés_-_NORML_France
Chanvre_(homonymie)
Chanvre_Agricole
Chanvre_Cultive
Chanvre_Cultivé
Chanvre_D'eau
Chanvre_D'ouvrage
Chanvre_De_Manille
Chanvre_De_Maurice
Chanvre_Indien
Chanvre_Industriel
Chanvre_Psychotrope
Chanvre_afghan
Chanvre_agricole
Chanvre_cultive
Chanvre_cultivé
Chanvre_d'eau
Chanvre_d'ouvrage
Chanvre_de_Manille
Chanvre_de_Maurice
Chanvre_de_manille
Chanvre_de_maurice
Chanvre_du_Bengale
Chanvre_d’eau
Chanvre_et_Libertés
Chanvre_indien
Chanvre_industriel
Chanvre_psychotrope
Chanvre_récréatif
Chanvre_résistant
Chanvre_sauvage
Chanvrier
Chanxhe
Chany
Chany_Jeanguenin
Chanya_Button
Chanya_Joyce_Dorothy_Button
Chanyeol
Chanyu
Chanyue
Chanza
Chanzeaux
Chanzy
Chanzy_(croiseur_cuirassé)
Chançay
Chané
Chanéac
Chanéac_(homonymie)
Chanéaz
Chanée
Chao
Chao'an
Chao-Chigne
Chao_(Sonic_the_Hedgehog)
Chao_(État)
Chao_Agnes_Hsiung
Chao_Anou
Chao_Ko
Chao_Lei
Chao_Mae_Tuptim
Chao_Meng-Fu_(cratère)
Chao_Meng-fu
Chao_Pethsarath
Chao_Phetsarath
Chao_Phraya
Chao_Phraya_Chakri
Chao_Quang_Lo
Chao_Sanmartin
Chao_Sanmartín
Chao_Sua
Chao_Wang
Chao_Wu
Chao_Yang
Chao_Yuen_Ren
Chao_Zhai
Chaoboridae
Chaoborus
Chaoborus_Edulis
Chaoborus_edulis
Chaoburmus
Chaohu
Chaohua_Wang
Chaohusaurus
Chaoiniens
Chaoite
Chaon
Chaon_(homonymie)
Chaonan
Chaones
Chaonie
Chaoniens
Chaopraya_University
Chaordique
Chaos
Chaos!_Comics
Chaos,_partie_1
Chaos,_partie_2
Chaos:_In_the_Darkness
Chaos;Head_NoAH
Chaos;Head_Noah
Chaos_&_Harmonie
Chaos_(4Realms)
Chaos_(Exogéologie)
Chaos_(Géologie)
Chaos_(Mars)
Chaos_(Mythologie)
Chaos_(Religion)
Chaos_(Sonic_the_Hedgehog)
Chaos_(Warhammer)
Chaos_(algue)
Chaos_(amibe)
Chaos_(catch)
Chaos_(exogeologie)
Chaos_(exogéologie)
Chaos_(film)
Chaos_(film,_2001)
Chaos_(film,_2005)
Chaos_(geologie)
Chaos_(géologie)
Chaos_(jeu_vidéo)
Chaos_(mars)
Chaos_(mythologie)
Chaos_(religion)
Chaos_(roman)
Chaos_(série_télévisée)
Chaos_(épisode_Buffy)
Chaos_(épisode_de_Buffy)
Chaos_1/2
Chaos_1/2_(Buffy)
Chaos_1/2_(buffy)
Chaos_2/2
Chaos_A.D.
Chaos_Blast
Chaos_Chaos
Chaos_Chaos_(album)
Chaos_Communication_Camp
Chaos_Communication_Congress
Chaos_Computer_Club
Chaos_Computer_Club_France
Chaos_Control
Chaos_Crags
Chaos_Creek
Chaos_De_Montpellier-le-Vieux
Chaos_De_Montpellier-le-vieux
Chaos_De_Nîmes-le-Vieux
Chaos_De_Nîmes-le-vieux
Chaos_Diffluens
Chaos_Dragon
Chaos_Earth
Chaos_Emerald
Chaos_Emeralds
Chaos_Engine
Chaos_Et_Harmonie
Chaos_Festival
Chaos_Field
Chaos_Field:_New_Order
Chaos_Gate
Chaos_In_Motion_2007-2008
Chaos_In_Motion_2007–2008
Chaos_Island:_The_Lost_World_-_Jurassic_Park
Chaos_Island_-_The_Lost_World:_Jurassic_Park
Chaos_League
Chaos_League:_Sudden_Death
Chaos_League_:_Mort_subite
Chaos_Monkey
Chaos_Overlords
Chaos_Production
Chaos_Productions
Chaos_Reborn
Chaos_Reigns
Chaos_Ridden_Years_-_Stockholm_Knockout_Live
Chaos_Strikes_Back
Chaos_Sur_La_Planète
Chaos_Team
Chaos_Theory
Chaos_Theory:_Splinter_Cell_3_Soundtrack
Chaos_Theory_(Original_Soundtrack)
Chaos_Theory_(album_d'Amon_Tobin)
Chaos_Theory_(original_soundtrack)
Chaos_Theory_Remixed
Chaos_Theory_Remixed_(The_Soundtrack_to_Splinter_Cell_3D)
Chaos_UK
Chaos_Walking_(film)
Chaos_and_Creation_in_the_Backyard
Chaos_and_Disorder
Chaos_calme
Chaos_croissant
Chaos_créateur
Chaos_de_Montpellier-le-Vieux
Chaos_de_Nimes-le-Vieux
Chaos_de_Nîmes-le-Vieux
Chaos_de_montpellier-le-vieux
Chaos_de_nîmes-le-vieux
Chaos_diffluens
Chaos_déterministe
Chaos_et_Harmonie
Chaos_in_Motion_2007-2008
Chaos_in_Motion_2007–2008
Chaos_moléculaire
Chaos_on_Deponia
Chaos_on_deponia
Chaos_quantique
Chaos_ridden_years_-_stockholm_knockout_live
Chaos_sur_la_planete
Chaos_sur_la_planète
Chaos_technique
Chaos_theory_(original_soundtrack)
Chaosdorf
Chaosfield
Chaoshan
Chaosium
Chaosphere
Chaostage
Chaotian
Chaotic
Chaotic_(Serie_de_TV)
Chaotic_(Série_de_TV)
Chaotic_(série_télévisée)
Chaotic_Beauty
Chaotic_Dischord
Chaotique
Chaotique_Ana
Chaotix
Chaotrope
Chaotropique
Chaouabti
Chaouachi
Chaouanons
Chaouarma
Chaouchi
Chaoudé
Chaouen
Chaouen_(épave)
Chaouf
Chaouf_(Village_Oueld_Chrif)
Chaouf_(village_oueld_chrif)
Chaoui
Chaoui_(homonymie)
Chaoui_(musique)
Chaoui_Press
Chaouia
Chaouia-Ouardigha
Chaouia-Ourdigha
Chaouia_(Maroc)
Chaouilley
Chaouin
Chaouinigane
Chaouinigane_(division_sénatoriale)
Chaouinigane_(division_sénatoriale_canadienne)
Chaouis
Chaouiyeh
Chaouki
Chaouki_Ben_Saada
Chaouki_Dayf
Chaouki_Dries
Chaouki_Guehche
Chaouni
Chaource
Chaource_(Aube)
Chaource_(fromage)
Chaourse
Chaouïa
Chaoyang
Chaoyang_(Pékin)
Chaoyang_(homonymie)
Chaoyangopteridae
Chaoyangopterinae
Chaoyangsauridae
Chaoyangsaurus
Chaoyangsaurus_youngi
Chaoz
Chaozhou
Chaozhou_(Dialecte)
Chaozhou_Ren
Chaozhouhua
Chaozu
Chap
Chap'la
Chap-Book
Chap-book
Chapa_(Amarante)
Chapa_Blues_Records
Chapa_de_Mota
Chapachupa
Chapada
Chapada_(Rio_Grande_do_Sul)
Chapada_(capoeira)
Chapada_(géologie)
Chapada_Diamantina
Chapada_Gaúcha
Chapada_da_Natividade
Chapada_de_Areia
Chapada_do_Norte
Chapada_dos_Guimarães
Chapadao_do_Lageado
Chapadinha
Chapadinha_Futebol_Clube
Chapadão_Do_Lageado
Chapadão_do_Céu
Chapadão_do_Lageado
Chapadão_do_Sul
Chapadão_do_lageado
Chapaev
Chapaeva
Chapaevsk
Chapagua
Chapais
Chapais,_Jean_Charles_Louis_Thomas
Chapais_(Quebec)
Chapais_(Québec)
Chapais_(canton)
Chapaize
Chapakot
Chapal
Chapal_(société)
Chapal_Skymark
Chapala
Chapalele
Chapalia
Chapalichthys
Chapalichthys_Pardalis
Chapalichthys_pardalis
Chapalu
Chapaprieta
Chapaprieta_Torregrosa
Chapaprieta_y_Torregrosa
Chapar
Chaparana
Chaparana_aenea
Chaparana_delacouri
Chaparana_fansipani
Chaparana_gammii
Chaparana_quadranus
Chaparana_sikimensis
Chaparana_taihangnica
Chaparana_unculuanus
Chapardeurs
Chapare
Chapareillan
Chaparral
Chaparral_(Nouveau-Mexique)
Chaparral_(Tolima)
Chaparral_(Voiture)
Chaparral_(homonymie)
Chaparral_(police_d'écriture)
Chaparral_(voiture)
Chaparral_(western)
Chaparral_Cars
Chaparral_et_forêts_claires_d'altitude_de_Californie
Chaparral_et_forêts_claires_de_Californie
Chaparrals_de_Dallas
Chaparrals_du_Texas
Chaparrastique
Chaparro
Chapati
Chapati_tunisien
Chapatte
Chapayev
Chapayeva
Chapayevsk
Chapbook
Chapcha
Chapchal
Chapdelaine
Chapdes-Beaufort
Chapdeuil
Chapdeuil-Saint-Just
Chapdeuil-et-Saint-Just
Chape
Chape_(Catholicisme)
Chape_(architecture)
Chape_(catholicisme)
Chape_(construction)
Chape_(héraldique)
Chapeau
Chapeau,_Agathe_!
Chapeau,_Quebec
Chapeau-claque
Chapeau_(Allier)
Chapeau_(Québec)
Chapeau_(Typographie)
Chapeau_(bière)
Chapeau_(champignon)
Chapeau_(homonymie)
Chapeau_(mycologie)
Chapeau_(oenologie)
Chapeau_(presse)
Chapeau_(typographie)
Chapeau_(œnologie)
Chapeau_Bas
Chapeau_Claque
Chapeau_De_Cow-boy
Chapeau_De_Cowboy
Chapeau_De_Fer
Chapeau_De_Fée
Chapeau_De_Gendarme
Chapeau_De_Gendarme_(Menuiserie)
Chapeau_De_Gendarme_(Montagne)
Chapeau_De_Paille
Chapeau_Melon
Chapeau_Melon_Et_Bottes_De_Cuir
Chapeau_Melon_Et_Bottes_De_Cuir_:_Liste_Des_Épisodes
Chapeau_Melon_et_Bottes_de_Cuir
Chapeau_Rond_Rouge
Chapeau_Sindhi
Chapeau_algérois
Chapeau_bas
Chapeau_chinois
Chapeau_chinois_(coquillage)
Chapeau_chinois_(fumisterie)
Chapeau_chinois_(homonymie)
Chapeau_chinois_(musique)
Chapeau_claque
Chapeau_claque_(film)
Chapeau_claque_ou_Gibus
Chapeau_claque_ou_gibus
Chapeau_cloche
Chapeau_cloche_et_tête_à_claques
Chapeau_d'Or
Chapeau_d'or
Chapeau_de_Gendarme
Chapeau_de_Gendarme_(Septmoncel)
Chapeau_de_Gendarme_(Soule)
Chapeau_de_Gendarme_(montagne)
Chapeau_de_Napoléon
Chapeau_de_Puupää
Chapeau_de_cow-boy
Chapeau_de_cowboy
Chapeau_de_fer
Chapeau_de_fée
Chapeau_de_gendarme
Chapeau_de_gendarme_(menuiserie)
Chapeau_de_gendarme_(montagne)
Chapeau_de_jardin
Chapeau_de_marc
Chapeau_de_paille
Chapeau_de_paille_(One_Piece)
Chapeau_de_paille_de_Florence
Chapeau_de_paille_tressée_de_Toscane
Chapeau_de_panama
Chapeau_de_roue
Chapeau_de_triomphe
Chapeau_doctoral
Chapeau_d’Or
Chapeau_el_«_esmirriau_»
Chapeau_en_aluminium
Chapeau_juif
Chapeau_melon
Chapeau_melon_(homonymie)
Chapeau_melon_et_Bottes_de_cuir
Chapeau_melon_et_bottes_de_cuir
Chapeau_melon_et_bottes_de_cuir_(comics)
Chapeau_melon_et_bottes_de_cuir_(film)
Chapeau_melon_et_bottes_de_cuir_:_liste_des_épisodes
Chapeau_noir
Chapeau_parapluie
Chapeau_rond_rouge
Chapeau_sindi
Chapeau_tartare
Chapeau_tatare
Chapeau_tyrolien
Chapeau_À_Claque
Chapeau_à_bec
Chapeau_à_claque
Chapeau_à_la_valaque
Chapeauclaque
Chapeaumelon
Chapeauroux
Chapeaux
Chapeaux_(Suède)
Chapeaux_algérois
Chapeaux_chinois
Chapeaux_pointus
Chapeck_9
Chapeco
Chapecoense
Chapecó
Chapeiry
Chapel
Chapel-en-le-Frith
Chapel_(langage)
Chapel_Arm
Chapel_De_Fer
Chapel_Hill
Chapel_Hill,_North_Carolina
Chapel_Hill_(Caroline_du_Nord)
Chapel_Hill_(Tennessee)
Chapel_Island_5
Chapel_Island_First_Nation
Chapel_Of_Love
Chapel_Royal
Chapel_Township
Chapel_Tséten_Püntsok
Chapel_de_Charles_VI
Chapel_de_fer
Chapel_en_le_Frith
Chapel_of_Love
Chapel_of_love
Chapel_of_the_Sacred_Heart
Chapel_of_the_Transfiguration
Chapelain
Chapelain_(homonymie)
Chapelain_Militaire
Chapelain_conventuel
Chapelain_d'obédience
Chapelain_de_Sa_Sainteté
Chapelain_hospitalier
Chapelain_militaire
Chapelaine
Chapelaine_(Vassimont)
Chapelet
Chapelet_(engin_de_chantier)
Chapelet_(engin_de_génie_civil)
Chapelet_(homonymie)
Chapelet_De_La_Divine_Miséricorde
Chapelet_Miséricordieux
Chapelet_Musulman
Chapelet_Quotidien
Chapelet_Thai
Chapelet_Thaï
Chapelet_basque
Chapelet_catholique
Chapelet_de_Saint_Michel_Archange
Chapelet_de_la_Divine_Misericorde
Chapelet_de_la_Divine_Miséricorde
Chapelet_de_la_divine_Miséricorde
Chapelet_de_la_divine_miséricorde
Chapelet_de_la_miséricorde
Chapelet_des_Cinq_Plaies
Chapelet_des_Cinq_Plaies_de_Jésus
Chapelet_en_famille
Chapelet_irlandais
Chapelet_miséricordieux
Chapelet_musulman
Chapelet_quotidien
Chapelet_thaï
Chapelet_à_saint_Michel
Chapelier
Chapelier_(homonymie)
Chapelier_Fou
Chapelier_Fou_(musicien)
Chapelier_de_fleurs
Chapelier_fou
Chapelier_fou_(Alice_au_pays_des_merveilles)
Chapelier_fou_(Batman)
Chapelier_fou_(comics)
Chapelier_toqué
Chapeliers_de_paon
Chapelle
Chapelle-Agnon
Chapelle-Anthenaise
Chapelle-Biche
Chapelle-Blanche
Chapelle-Bâton
Chapelle-Chambertin
Chapelle-Craonnaise
Chapelle-Cécelin
Chapelle-Erbrée
Chapelle-Fortin
Chapelle-Fouquet
Chapelle-Gaugain
Chapelle-Guillaume
Chapelle-Haute-Grue
Chapelle-Heuzebrocq
Chapelle-Huon
Chapelle-Janson
Chapelle-Moche
Chapelle-Mongenouil
Chapelle-Montligeon
Chapelle-Monvoisin
Chapelle-Morthemer
Chapelle-Mémorial_Kongolo_de_Gentinnes
Chapelle-Mémorial_Mildred_B._Cooper
Chapelle-Naude
Chapelle-Rainsouin
Chapelle-Royale
Chapelle-Saint-Aubert
Chapelle-Saint-Aubin
Chapelle-Saint-Fray
Chapelle-Saint-Ouen
Chapelle-Saint-Pierre
Chapelle-Saint-Rémy
Chapelle-Saint-Sauveur
Chapelle-Saint-Ulric
Chapelle-Sainte-Catherine
Chapelle-Sainte-Catherine_de_Pervyse
Chapelle-Souëf
Chapelle-Spinasse
Chapelle-St-Aubin
Chapelle-St-Fray
Chapelle-St-Rémy
Chapelle-Thècle
Chapelle-Urée
Chapelle-Vallon
Chapelle-Viel
Chapelle-Viviers
Chapelle-Voland
Chapelle-Yvon
Chapelle-a-Oie
Chapelle-a-Wattines
Chapelle-au-Bois
Chapelle-au-Moine
Chapelle-au-Riboul
Chapelle-aux-Champs
Chapelle-aux-Choux
Chapelle-aux-Lys
Chapelle-chambertin
Chapelle-chambertin_(AOC)
Chapelle-d'Aligné
Chapelle-d'Andaine
Chapelle-d'Armentières_New_Military_Cemetery
Chapelle-d'Armentières_Old_Military_Cemetery
Chapelle-d'Huin
Chapelle-de-Bragny
Chapelle-de-Guinchay
Chapelle-des-Bois
Chapelle-du-Bois
Chapelle-du-Fest
Chapelle-du-Noyer
Chapelle-d’Huin
Chapelle-en-Juger
Chapelle-ermitage_Sainte-Anne
Chapelle-fontaine_Sainte-Radegonde_dite_la_Grand_Font
Chapelle-lez-Herlaimont
Chapelle-mausolée_de_la_reine_Louise
Chapelle-près-Sées
Chapelle-sous-Brancion
Chapelle-sous-Dun
Chapelle-sur-Moudon
Chapelle-à-Oie
Chapelle-à-Wattines
Chapelle_(Broye)
Chapelle_(Fribourg)
Chapelle_(Glane)
Chapelle_(Glâne)
Chapelle_(Suisse)
Chapelle_(homonymie)
Chapelle_(pseudonyme)
Chapelle_(Écrivain)
Chapelle_(écrivain)
Chapelle_Absidiale
Chapelle_Agios_Giorgios_(Mistra)
Chapelle_Alfred_Kordelin
Chapelle_All_Souls
Chapelle_Anglicane_St-John_(Ditchfield)
Chapelle_Baglioni
Chapelle_Barbadori
Chapelle_Barbault_de_Saint-Chartier
Chapelle_Bardi
Chapelle_Bardi_(Santa_Croce)
Chapelle_Bardi_(Santa_Maria_Novella)
Chapelle_Baroncelli
Chapelle_Bartolini_Salimbeni
Chapelle_Belimarković_à_Vrnja?ka_Banja
Chapelle_Blanche_(Karnak)
Chapelle_Blanchet
Chapelle_Brancacci
Chapelle_Bricout
Chapelle_Bréa
Chapelle_Bufalini
Chapelle_Capponi
Chapelle_Carafa
Chapelle_Cathelineau
Chapelle_Chigi
Chapelle_Christ_Church
Chapelle_Colleoni
Chapelle_Conti
Chapelle_Corneille
Chapelle_Corneille_-_Auditorium_de_Normandie
Chapelle_Corsini
Chapelle_Cuthbert
Chapelle_Darblay
Chapelle_Demidoff_de_San_Donato
Chapelle_Expiatoire
Chapelle_Fischbach
Chapelle_Fishbach
Chapelle_Forerie
Chapelle_Foujita
Chapelle_Fujita
Chapelle_Giulia
Chapelle_Gosin
Chapelle_Gravel
Chapelle_Hariš
Chapelle_Heuzeboscq
Chapelle_Heuzebrocq
Chapelle_Italienne
Chapelle_Jean-XXIII_de_Clichy-sous-Bois
Chapelle_Jean-XXIII_de_Drancy
Chapelle_Jean_XXIII_(Clichy-sous-Bois)
Chapelle_Jeanne-d'Arc_de_Commercy
Chapelle_L'Emmanuel_(La_Courneuve)
Chapelle_L'Emmanuel_de_La_Courneuve
Chapelle_Le_Corbusier
Chapelle_Leloup_de_Spa
Chapelle_Loretto
Chapelle_Luis_de_Lucena
Chapelle_L’Œuvre-du-Sacré-Cœur_de_Puteaux
Chapelle_Macary
Chapelle_Madame_de_Mailly-Maillet
Chapelle_Maes
Chapelle_Manastir_à_Novi_Be?ej
Chapelle_Marimont
Chapelle_Matisse
Chapelle_McLaren_(Port-au-Persil)
Chapelle_Milinović_à_Subotica
Chapelle_Musicale_Reine_Elisabeth
Chapelle_Musicale_Reine_Élisabeth
Chapelle_Neuve_de_Langonnet
Chapelle_New_Park_Street
Chapelle_Nicoline
Chapelle_Nicoline_(Vatican)
Chapelle_Nosso_Senhor_dos_Passos
Chapelle_Notre-Dame
Chapelle_Notre-Dame-Auxiliatrice
Chapelle_Notre-Dame-Auxiliatrice_de_Birżebbuġa
Chapelle_Notre-Dame-Auxiliatrice_de_Moresnet
Chapelle_Notre-Dame-Libératrice_(Salins-les-Bains)
Chapelle_Notre-Dame-Libératrice_de_Salins-les-Bains
Chapelle_Notre-Dame-au-Chêne_d'Irchonwelz
Chapelle_Notre-Dame-d'Alet
Chapelle_Notre-Dame-d'Alet_de_Montaigut-sur-Save
Chapelle_Notre-Dame-d'Arosse
Chapelle_Notre-Dame-d'Assistance_de_Vred
Chapelle_Notre-Dame-d'Elpret_de_Marchiennes
Chapelle_Notre-Dame-d'Entrevignes
Chapelle_Notre-Dame-d'Entrevignes_de_Sigale
Chapelle_Notre-Dame-de-Badones
Chapelle_Notre-Dame-de-Beaumont_de_La_Chapelle-du-Châtelard
Chapelle_Notre-Dame-de-Beauregard_d'Orgon
Chapelle_Notre-Dame-de-Becquerel
Chapelle_Notre-Dame-de-Beldou_de_Saint-Jory
Chapelle_Notre-Dame-de-Belloc
Chapelle_Notre-Dame-de-Belloch
Chapelle_Notre-Dame-de-Bon-Cœur_de_Lucéram
Chapelle_Notre-Dame-de-Bon-Secours
Chapelle_Notre-Dame-de-Bon-Secours_(Fougères)
Chapelle_Notre-Dame-de-Bon-Secours_de_Beuvry-la-Forêt
Chapelle_Notre-Dame-de-Bon-Secours_de_Dieppe
Chapelle_Notre-Dame-de-Bon-Secours_de_Fontainebleau
Chapelle_Notre-Dame-de-Bon-Secours_de_Lavilledieu
Chapelle_Notre-Dame-de-Bon-Secours_de_Montréal
Chapelle_Notre-Dame-de-Bon-Secours_de_Perpignan
Chapelle_Notre-Dame-de-Bon-Secours_de_Varsberg
Chapelle_Notre-Dame-de-Bonlieu_(Ethe)
Chapelle_Notre-Dame-de-Bonne-Conduite_(Bastogne)
Chapelle_Notre-Dame-de-Bonne-Encontre
Chapelle_Notre-Dame-de-Bonne-Espérance
Chapelle_Notre-Dame-de-Bonne-Espérance_d'Azerat
Chapelle_Notre-Dame-de-Bonne-Nouvelle
Chapelle_Notre-Dame-de-Bonsecours
Chapelle_Notre-Dame-de-Bonsecours_(Nantes)
Chapelle_Notre-Dame-de-Bonsecours_d'Écaillon
Chapelle_Notre-Dame-de-Bonsecours_de_Nantes
Chapelle_Notre-Dame-de-Bonsecours_de_Rieulay
Chapelle_Notre-Dame-de-Cahuzac
Chapelle_Notre-Dame-de-Cahuzac_de_Gimont
Chapelle_Notre-Dame-de-Carmès
Chapelle_Notre-Dame-de-Charité_de_Rouen
Chapelle_Notre-Dame-de-Chiquinquirá
Chapelle_Notre-Dame-de-Clairmont_d'Apt
Chapelle_Notre-Dame-de-Colombier
Chapelle_Notre-Dame-de-Comfort
Chapelle_Notre-Dame-de-Compassion_du_Coudray_d'Aulnay-sous-Bois
Chapelle_Notre-Dame-de-Consolation_(Hyères)
Chapelle_Notre-Dame-de-Consolation_(Paris)
Chapelle_Notre-Dame-de-Consolation_d'Aix-en-Provence
Chapelle_Notre-Dame-de-Consolation_de_Paris
Chapelle_Notre-Dame-de-Cottenvillers
Chapelle_Notre-Dame-de-Cénaret
Chapelle_Notre-Dame-de-Cénaret_de_Saint-Chély-du-Tarn
Chapelle_Notre-Dame-de-Fatima_de_Pironchamps
Chapelle_Notre-Dame-de-Fatima_de_Siersthal
Chapelle_Notre-Dame-de-Foy_de_Loupoigne
Chapelle_Notre-Dame-de-Fátima
Chapelle_Notre-Dame-de-Fátima_de_Pironchamps
Chapelle_Notre-Dame-de-Fátima_de_Siersthal
Chapelle_Notre-Dame-de-Grâce-et-de-Toute-Joie_de_Villeneuve-sur-Lot
Chapelle_Notre-Dame-de-Grâce_d'Équemauville
Chapelle_Notre-Dame-de-Grâce_de_Charmes
Chapelle_Notre-Dame-de-Grâce_de_Grenelle
Chapelle_Notre-Dame-de-Grâce_de_Saméon
Chapelle_Notre-Dame-de-Joie_du_Gohazé
Chapelle_Notre-Dame-de-Jérusalem_(Fréjus)
Chapelle_Notre-Dame-de-Kérinec
Chapelle_Notre-Dame-de-Lannelou
Chapelle_Notre-Dame-de-Lhommal_(Bras)
Chapelle_Notre-Dame-de-Lhor
Chapelle_Notre-Dame-de-Liesse_de_Drancy
Chapelle_Notre-Dame-de-Lorette
Chapelle_Notre-Dame-de-Lorette_(Saint-Épain)
Chapelle_Notre-Dame-de-Lorette_(Sainte-Julie)
Chapelle_Notre-Dame-de-Lorette_d'Alençon
Chapelle_Notre-Dame-de-Lorette_de_Conliège
Chapelle_Notre-Dame-de-Lorette_de_Sainpuits
Chapelle_Notre-Dame-de-Lorette_de_Sainte-Julie
Chapelle_Notre-Dame-de-Lourdes
Chapelle_Notre-Dame-de-Lourdes_(Noisy-le-Grand)
Chapelle_Notre-Dame-de-Lourdes_de_Canton
Chapelle_Notre-Dame-de-Lourdes_de_Chermont
Chapelle_Notre-Dame-de-Lourdes_de_Floriana
Chapelle_Notre-Dame-de-Lourdes_de_Montréal
Chapelle_Notre-Dame-de-Lourdes_de_Moustoir-Ac
Chapelle_Notre-Dame-de-Lourdes_de_Philippsbourg
Chapelle_Notre-Dame-de-Lourdes_de_Saint-Pierre
Chapelle_Notre-Dame-de-Lourdes_de_Wandignies-Hamage
Chapelle_Notre-Dame-de-Légevin
Chapelle_Notre-Dame-de-Manéguen
Chapelle_Notre-Dame-de-Monflières
Chapelle_Notre-Dame-de-Moyenpont
Chapelle_Notre-Dame-de-Nazareth
Chapelle_Notre-Dame-de-Nazareth_(Toulouse)
Chapelle_Notre-Dame-de-Nazareth_d'Entrechaux
Chapelle_Notre-Dame-de-Nazareth_de_Toulouse
Chapelle_Notre-Dame-de-Nize
Chapelle_Notre-Dame-de-Nouillan
Chapelle_Notre-Dame-de-Pitie_(Lugny)
Chapelle_Notre-Dame-de-Pitié
Chapelle_Notre-Dame-de-Pitié_(Alleins)
Chapelle_Notre-Dame-de-Pitié_(Annecy-le-Vieux)
Chapelle_Notre-Dame-de-Pitié_(Lanvellec)
Chapelle_Notre-Dame-de-Pitié_(Le_Val)
Chapelle_Notre-Dame-de-Pitié_(Lugny)
Chapelle_Notre-Dame-de-Pitié_de_Boqueho
Chapelle_Notre-Dame-de-Pitié_de_Fontevraud-l'Abbaye
Chapelle_Notre-Dame-de-Pitié_de_Galey
Chapelle_Notre-Dame-de-Pitié_de_Lanvellec
Chapelle_Notre-Dame-de-Pitié_de_Longny-au-Perche
Chapelle_Notre-Dame-de-Pitié_de_Lugny
Chapelle_Notre-Dame-de-Pitié_de_Marignane
Chapelle_Notre-Dame-de-Pitié_de_Nevers
Chapelle_Notre-Dame-de-Pitié_de_Seix
Chapelle_Notre-Dame-de-Pitié_de_Serrières
Chapelle_Notre-Dame-de-Protection_de_Cagnes-sur-Mer
Chapelle_Notre-Dame-de-Quelven
Chapelle_Notre-Dame-de-Recouvrance_de_Ploemel
Chapelle_Notre-Dame-de-Rocamadour_de_Camaret-sur-Mer
Chapelle_Notre-Dame-de-Romanin
Chapelle_Notre-Dame-de-Réconciliation_de_Lille
Chapelle_Notre-Dame-de-Sanguinou
Chapelle_Notre-Dame-de-Santé_de_Carpentras
Chapelle_Notre-Dame-de-Sardaigne_de_Saint-Cézaire-sur-Siagne
Chapelle_Notre-Dame-de-Sénisse_de_Rochebaudin
Chapelle_Notre-Dame-de-Tout-Pouvoir_de_Fongrave
Chapelle_Notre-Dame-de-Toute-Aide
Chapelle_Notre-Dame-de-Toute-Aide_de_Querrien
Chapelle_Notre-Dame-de-Toute-Bonté
Chapelle_Notre-Dame-de-Toute-Prudence
Chapelle_Notre-Dame-de-Trescoët
Chapelle_Notre-Dame-de-Tréavrec
Chapelle_Notre-Dame-de-Verdale
Chapelle_Notre-Dame-de-Vers
Chapelle_Notre-Dame-de-Vie
Chapelle_Notre-Dame-de-Vie_de_Mougins
Chapelle_Notre-Dame-de-Vérité
Chapelle_Notre-Dame-de-l'Aire
Chapelle_Notre-Dame-de-l'Assomption
Chapelle_Notre-Dame-de-l'Assomption-du-Plan
Chapelle_Notre-Dame-de-l'Assomption_de_Blonville-sur-Mer
Chapelle_Notre-Dame-de-l'Assomption_de_Courchevel
Chapelle_Notre-Dame-de-l'Aube
Chapelle_Notre-Dame-de-l'Espérance
Chapelle_Notre-Dame-de-l'Espérance_(Pontarlier)
Chapelle_Notre-Dame-de-l'Espérance_de_La_Rochelle
Chapelle_Notre-Dame-de-l'Espérance_de_Pontarlier
Chapelle_Notre-Dame-de-l'Hermitage
Chapelle_Notre-Dame-de-l'Immaculée-Conception
Chapelle_Notre-Dame-de-l'Immaculée-Conception_d'Aix-en-Provence
Chapelle_Notre-Dame-de-l'Immaculée-Conception_de_Nantes
Chapelle_Notre-Dame-de-l'Orme
Chapelle_Notre-Dame-de-l'Étoile_(Bobigny)
Chapelle_Notre-Dame-de-l'Étoile_de_Bobigny
Chapelle_Notre-Dame-de-la-Balme_de_La_Balme-les-Grottes
Chapelle_Notre-Dame-de-la-Balme_de_Montvernier
Chapelle_Notre-Dame-de-la-Bonne-Fontaine_de_Domjevin
Chapelle_Notre-Dame-de-la-Brouffe_de_Mariembourg
Chapelle_Notre-Dame-de-la-Charité_d'Illescas
Chapelle_Notre-Dame-de-la-Clarté_(Combrit)
Chapelle_Notre-Dame-de-la-Clarté_(Perros-Guirec)
Chapelle_Notre-Dame-de-la-Clarté_(Plonévez-Porzay)
Chapelle_Notre-Dame-de-la-Clarté_de_Combrit
Chapelle_Notre-Dame-de-la-Clarté_de_Kervignac
Chapelle_Notre-Dame-de-la-Clarté_de_Perros-Guirec
Chapelle_Notre-Dame-de-la-Clarté_de_Plonévez-Porzay
Chapelle_Notre-Dame-de-la-Compassion
Chapelle_Notre-Dame-de-la-Compassion_(Bellentre)
Chapelle_Notre-Dame-de-la-Compassion_de_Gassin
Chapelle_Notre-Dame-de-la-Cour_de_Lantic
Chapelle_Notre-Dame-de-la-Course-Landaise
Chapelle_Notre-Dame-de-la-Course_landaise
Chapelle_Notre-Dame-de-la-Croix_de_Gimnée
Chapelle_Notre-Dame-de-la-Croix_de_Marciac
Chapelle_Notre-Dame-de-la-Côte
Chapelle_Notre-Dame-de-la-Fontaine_(Chièvres)
Chapelle_Notre-Dame-de-la-Fontaine_de_Saint-Brieuc
Chapelle_Notre-Dame-de-la-Garde_de_Seiches-sur-le-Loir
Chapelle_Notre-Dame-de-la-Genouillade
Chapelle_Notre-Dame-de-la-Gorge
Chapelle_Notre-Dame-de-la-Lauze
Chapelle_Notre-Dame-de-la-Levée
Chapelle_Notre-Dame-de-la-Levée_(Villers-les-Pots)
Chapelle_Notre-Dame-de-la-Louze
Chapelle_Notre-Dame-de-la-Mer_de_Cayeux-sur-Mer
Chapelle_Notre-Dame-de-la-Miséricorde_de_Mouterhouse
Chapelle_Notre-Dame-de-la-Miséricorde_de_Nanterre
Chapelle_Notre-Dame-de-la-Miséricorde_de_Nissan-lez-Enserune
Chapelle_Notre-Dame-de-la-Montagne
Chapelle_Notre-Dame-de-la-Motte
Chapelle_Notre-Dame-de-la-Médaille-Miraculeuse_de_Hamrun
Chapelle_Notre-Dame-de-la-Médaille-miraculeuse
Chapelle_Notre-Dame-de-la-Neige
Chapelle_Notre-Dame-de-la-Paix_de_Picpus
Chapelle_Notre-Dame-de-la-Pitié_de_Beaulieu
Chapelle_Notre-Dame-de-la-Pitié_de_Mellionnec
Chapelle_Notre-Dame-de-la-Porte-de-Fer_d'Angers
Chapelle_Notre-Dame-de-la-Porte-de-Fer_d’Angers
Chapelle_Notre-Dame-de-la-Reconnaissance_(Pierrefitte-sur-Seine)
Chapelle_Notre-Dame-de-la-Reconnaissance_(Pierrefitte-sur-Seine))
Chapelle_Notre-Dame-de-la-Rivière
Chapelle_Notre-Dame-de-la-Roche_de_Villeneuve
Chapelle_Notre-Dame-de-la-Ronce
Chapelle_Notre-Dame-de-la-Roque_de_Moissac-Bellevue
Chapelle_Notre-Dame-de-la-Rose
Chapelle_Notre-Dame-de-la-Route
Chapelle_Notre-Dame-de-la-Sagesse
Chapelle_Notre-Dame-de-la-Salette
Chapelle_Notre-Dame-de-la-Salette_de_Banyuls-sur-Mer
Chapelle_Notre-Dame-de-la-Salette_de_Calas
Chapelle_Notre-Dame-de-la-Salette_de_Camoël
Chapelle_Notre-Dame-de-la-Salette_de_Sainte-Marie
Chapelle_Notre-Dame-de-la-Salette_de_Suresnes
Chapelle_Notre-Dame-de-la-Visitation
Chapelle_Notre-Dame-de-la-Visitation_d'Écaillon
Chapelle_Notre-Dame-de-la-Visitation_de_Breil-sur-Roya
Chapelle_Notre-Dame-de-la-Visitation_de_Piène-Haute
Chapelle_Notre-Dame-de-la-Visitation_de_Termignon
Chapelle_Notre-Dame-de-la-médaille-miraculeuse
Chapelle_Notre-Dame-des-Anges
Chapelle_Notre-Dame-des-Anges_(Clichy-sous-Bois)
Chapelle_Notre-Dame-des-Anges_(Ouhans)
Chapelle_Notre-Dame-des-Anges_d'Ouhans
Chapelle_Notre-Dame-des-Anges_de_Clichy-sous-Bois
Chapelle_Notre-Dame-des-Anges_de_Lurs
Chapelle_Notre-Dame-des-Anges_de_Mégevette
Chapelle_Notre-Dame-des-Anges_de_Perpignan
Chapelle_Notre-Dame-des-Anges_de_Rochemaure
Chapelle_Notre-Dame-des-Anges_de_Royan
Chapelle_Notre-Dame-des-Anges_du_Cannet
Chapelle_Notre-Dame-des-Ardents_de_Lille
Chapelle_Notre-Dame-des-Ardilliers
Chapelle_Notre-Dame-des-Ardilliers_de_Saumur
Chapelle_Notre-Dame-des-Armées_de_Versailles
Chapelle_Notre-Dame-des-Aubagnans
Chapelle_Notre-Dame-des-Aviateurs
Chapelle_Notre-Dame-des-Ayes
Chapelle_Notre-Dame-des-Belles-Pierres
Chapelle_Notre-Dame-des-Belles-Pierres_d'Ophain
Chapelle_Notre-Dame-des-Bois
Chapelle_Notre-Dame-des-Bois_d'Erbsenthal
Chapelle_Notre-Dame-des-Bois_de_La_Suze-sur-Sarthe
Chapelle_Notre-Dame-des-Bois_de_Villers-sous-Chalamont
Chapelle_Notre-Dame-des-Bruyères_de_Saint-Maurice-de-Beynost
Chapelle_Notre-Dame-des-Champs_de_Saint-Jean-d'Assé
Chapelle_Notre-Dame-des-Cyclistes
Chapelle_Notre-Dame-des-Douleurs_de_Peillon
Chapelle_Notre-Dame-des-Flammes
Chapelle_Notre-Dame-des-Fleurs
Chapelle_Notre-Dame-des-Fleurs_de_Languidic
Chapelle_Notre-Dame-des-Fleurs_de_Plouay
Chapelle_Notre-Dame-des-Fleurs_de_Plouharnel
Chapelle_Notre-Dame-des-Fontaines_de_La_Brigue
Chapelle_Notre-Dame-des-Fontaines_de_la_Brigue
Chapelle_Notre-Dame-des-Gouttes_d'Housselmont
Chapelle_Notre-Dame-des-Gouttes_d'Housselmont_(Allamps)
Chapelle_Notre-Dame-des-Grâces_de_Breil-sur-Roya
Chapelle_Notre-Dame-des-Hermones
Chapelle_Notre-Dame-des-Malades_de_Malmedy
Chapelle_Notre-Dame-des-Marins_de_Saint-Pierre-et-Miquelon
Chapelle_Notre-Dame-des-Mineurs_de_Strasbourg
Chapelle_Notre-Dame-des-Miracles_d'Avignon
Chapelle_Notre-Dame-des-Monts_de_Breil-sur-Roya
Chapelle_Notre-Dame-des-Neiges_d'Abriès-Ristolas
Chapelle_Notre-Dame-des-Neiges_d'Aiguilles
Chapelle_Notre-Dame-des-Neiges_de_Gourdon
Chapelle_Notre-Dame-des-Neiges_de_Nifflon
Chapelle_Notre-Dame-des-Neiges_de_Puy-Saint-Pierre
Chapelle_Notre-Dame-des-Oiseaux
Chapelle_Notre-Dame-des-Ormes
Chapelle_Notre-Dame-des-Pins_de_La_Palmyre
Chapelle_Notre-Dame-des-Prisonniers_d'Avoriaz
Chapelle_Notre-Dame-des-Roses_de_Callian
Chapelle_Notre-Dame-des-Sans-Logis-et-de-Tout-le-Monde
Chapelle_Notre-Dame-des-Scouts
Chapelle_Notre-Dame-des-Scouts_(Orval)
Chapelle_Notre-Dame-des-Sept-Douleurs_d'Abriès-Ristolas
Chapelle_Notre-Dame-des-Sept-Douleurs_de_Bargème
Chapelle_Notre-Dame-des-Sept-Douleurs_de_Champeillant
Chapelle_Notre-Dame-des-Sept-Douleurs_de_Domessin
Chapelle_Notre-Dame-des-Sept-Douleurs_de_Montgenèvre
Chapelle_Notre-Dame-des-Sept-Douleurs_de_Moustoir-Ac
Chapelle_Notre-Dame-des-Trois-Épis
Chapelle_Notre-Dame-des-Trois-Épis_d'Ammerschwihr
Chapelle_Notre-Dame-des-Vertus_(Berric)
Chapelle_Notre-Dame-des-Vertus_(La_Flèche)
Chapelle_Notre-Dame-des-Vertus_(Noblehaye)
Chapelle_Notre-Dame-des-Vertus_de_Nampty
Chapelle_Notre-Dame-des-Vignes_de_Sainte-Marie-de-Barousse
Chapelle_Notre-Dame-des-Vignes_de_Visan
Chapelle_Notre-Dame-des-Voirons_de_Boëge
Chapelle_Notre-Dame-des-neiges_de_La_Gueulaz
Chapelle_Notre-Dame-du-Bon-Conseil_de_Paris
Chapelle_Notre-Dame-du-Bon-Refuge_du_Turchon
Chapelle_Notre-Dame-du-Bouchet_de_Guchen
Chapelle_Notre-Dame-du-Bout-du-Pont
Chapelle_Notre-Dame-du-Cap-Falcon
Chapelle_Notre-Dame-du-Champdé
Chapelle_Notre-Dame-du-Château_(Saint-Étienne-du-Grès)
Chapelle_Notre-Dame-du-Château_d'Allauch
Chapelle_Notre-Dame-du-Château_de_Saignes
Chapelle_Notre-Dame-du-Château_de_Saint-Étienne-du-Grès
Chapelle_Notre-Dame-du-Chêne_(Scey-Maisières)
Chapelle_Notre-Dame-du-Chêne_de_Blotzheim
Chapelle_Notre-Dame-du-Chêne_de_La_Ferrière-de-Flée
Chapelle_Notre-Dame-du-Cloître
Chapelle_Notre-Dame-du-Foyer
Chapelle_Notre-Dame-du-Glaive
Chapelle_Notre-Dame-du-Groseau
Chapelle_Notre-Dame-du-Haut
Chapelle_Notre-Dame-du-Haut_de_Ronchamp
Chapelle_Notre-Dame-du-Loc
Chapelle_Notre-Dame-du-Lys
Chapelle_Notre-Dame-du-Mai
Chapelle_Notre-Dame-du-Marché
Chapelle_Notre-Dame-du-Marché_(Jodoigne)
Chapelle_Notre-Dame-du-Mont_de_Thoraise
Chapelle_Notre-Dame-du-Mûrier
Chapelle_Notre-Dame-du-Mûrier_de_Batz-sur-Mer
Chapelle_Notre-Dame-du-Nid_de_Juigné
Chapelle_Notre-Dame-du-Peuple_de_Draguignan
Chapelle_Notre-Dame-du-Pont_de_Bollène
Chapelle_Notre-Dame-du-Purgatoire_des_Mouilles
Chapelle_Notre-Dame-du-Rempart_de_Namur
Chapelle_Notre-Dame-du-Revest
Chapelle_Notre-Dame-du-Rhône_de_Ruoms
Chapelle_Notre-Dame-du-Roc_de_Castellane
Chapelle_Notre-Dame-du-Rosaire
Chapelle_Notre-Dame-du-Rosaire_(Lille)
Chapelle_Notre-Dame-du-Rosaire_(Roanne)
Chapelle_Notre-Dame-du-Rosaire_de_Belpech
Chapelle_Notre-Dame-du-Rugby
Chapelle_Notre-Dame-du-Saint-Sacrement_de_Paris
Chapelle_Notre-Dame-du-Sehring
Chapelle_Notre-Dame-du-Val_de_Sotteville-sur-Mer
Chapelle_Notre-Dame-du-Val_de_Tilly-sur-Seulles
Chapelle_Notre-Dame-du-Vieux-Château
Chapelle_Notre-Dame-d’Esclaux
Chapelle_Notre-Dame-en-son-Assomption_de_Buxereuilles
Chapelle_Notre-Dame-la-Blanche
Chapelle_Notre-Dame-la-Blanche_de_Guérande
Chapelle_Notre-Dame-la-Blanche_de_Theix
Chapelle_Notre-Dame-Ô-Pie_de_Pierregot
Chapelle_Notre-Dame_(Bayonne)
Chapelle_Notre-Dame_Auxiliatrice_du_Triolet
Chapelle_Notre-Dame_Auxiliatrice_du_Triolet_(Marbais)
Chapelle_Notre-Dame_La_Brune_Du_Barroux
Chapelle_Notre-Dame_auxiliatrice_du_Quesnel
Chapelle_Notre-Dame_d'Aleyrac
Chapelle_Notre-Dame_d'Ardène
Chapelle_Notre-Dame_d'Aubune
Chapelle_Notre-Dame_d'Err
Chapelle_Notre-Dame_d'Hermone
Chapelle_Notre-Dame_d'Hortus
Chapelle_Notre-Dame_d'Oudenberg
Chapelle_Notre-Dame_d'Étrigé
Chapelle_Notre-Dame_de-la-Délivrance_de_Guchan
Chapelle_Notre-Dame_de_Bacarisse
Chapelle_Notre-Dame_de_Bayonne
Chapelle_Notre-Dame_de_Beaulieu
Chapelle_Notre-Dame_de_Beauvais
Chapelle_Notre-Dame_de_Beauvoir
Chapelle_Notre-Dame_de_Beauvoir_(Le_Beausset)
Chapelle_Notre-Dame_de_Beauvoir_de_Beaumont-de-Pertuis
Chapelle_Notre-Dame_de_Beauvois
Chapelle_Notre-Dame_de_Belloc
Chapelle_Notre-Dame_de_Belval
Chapelle_Notre-Dame_de_Benva
Chapelle_Notre-Dame_de_Bois-Vert
Chapelle_Notre-Dame_de_Bon-Secours_(Nodebais)
Chapelle_Notre-Dame_de_Bon-Secours_de_Nesle
Chapelle_Notre-Dame_de_Bon-Secours_de_Nodebais
Chapelle_Notre-Dame_de_Bon_Secours_(Cran)
Chapelle_Notre-Dame_de_Bon_Secours_de_Nodebais
Chapelle_Notre-Dame_de_Bon_Secours_de_Zétrud-Lumay
Chapelle_Notre-Dame_de_Bongarant
Chapelle_Notre-Dame_de_Bonne-Pensée
Chapelle_Notre-Dame_de_Bovelles
Chapelle_Notre-Dame_de_Brue-Auriac
Chapelle_Notre-Dame_de_Bréal
Chapelle_Notre-Dame_de_Buglose
Chapelle_Notre-Dame_de_Béléan
Chapelle_Notre-Dame_de_Béquerel
Chapelle_Notre-Dame_de_Cambron
Chapelle_Notre-Dame_de_Capelou
Chapelle_Notre-Dame_de_Capelou_(Belvès)
Chapelle_Notre-Dame_de_Carami
Chapelle_Notre-Dame_de_Charné
Chapelle_Notre-Dame_de_Châteaulin
Chapelle_Notre-Dame_de_Clairefontaine
Chapelle_Notre-Dame_de_Coat-an-Poudou
Chapelle_Notre-Dame_de_Constance
Chapelle_Notre-Dame_de_Corbiac
Chapelle_Notre-Dame_de_Cran
Chapelle_Notre-Dame_de_Crénénan
Chapelle_Notre-Dame_de_Dambach-la-Ville
Chapelle_Notre-Dame_de_Darnouët
Chapelle_Notre-Dame_de_Dromon
Chapelle_Notre-Dame_de_Florielle
Chapelle_Notre-Dame_de_Foncourrieu
Chapelle_Notre-Dame_de_Foy
Chapelle_Notre-Dame_de_Gratemoine_à_Séranon
Chapelle_Notre-Dame_de_Grâce
Chapelle_Notre-Dame_de_Haurt
Chapelle_Notre-Dame_de_Heigne
Chapelle_Notre-Dame_de_Hirel
Chapelle_Notre-Dame_de_Jodoigne
Chapelle_Notre-Dame_de_Jérusalem
Chapelle_Notre-Dame_de_Kerdroguen
Chapelle_Notre-Dame_de_Kerdévot
Chapelle_Notre-Dame_de_Kergoat
Chapelle_Notre-Dame_de_Kergrist
Chapelle_Notre-Dame_de_Kerven
Chapelle_Notre-Dame_de_Kérinec
Chapelle_Notre-Dame_de_La_Bastide-des-Jourdans
Chapelle_Notre-Dame_de_La_Clarté_(Kervignac)
Chapelle_Notre-Dame_de_La_Clarté_(Perros-Guirec)
Chapelle_Notre-Dame_de_La_Mongie
Chapelle_Notre-Dame_de_La_Peinière
Chapelle_Notre-Dame_de_Lamaron
Chapelle_Notre-Dame_de_Lambader
Chapelle_Notre-Dame_de_Languivoa
Chapelle_Notre-Dame_de_Leffond
Chapelle_Notre-Dame_de_Lourdes_de_Canton
Chapelle_Notre-Dame_de_Lourdes_de_Montréal
Chapelle_Notre-Dame_de_Luxembourg_(Torgny)
Chapelle_Notre-Dame_de_Lézurgan
Chapelle_Notre-Dame_de_Mayran
Chapelle_Notre-Dame_de_Merquel
Chapelle_Notre-Dame_de_Milin
Chapelle_Notre-Dame_de_Monserratu
Chapelle_Notre-Dame_de_Montaigu_(Villers-la-Ville)
Chapelle_Notre-Dame_de_Montplacé
Chapelle_Notre-Dame_de_Montserato
Chapelle_Notre-Dame_de_Montéglise
Chapelle_Notre-Dame_de_Moulins
Chapelle_Notre-Dame_de_Pitié_de_Cadeilhan
Chapelle_Notre-Dame_de_Pitié_de_Nevers
Chapelle_Notre-Dame_de_Plaine-Dranse_de_Châtel
Chapelle_Notre-Dame_de_Polignan
Chapelle_Notre-Dame_de_Port-Blanc
Chapelle_Notre-Dame_de_Posat
Chapelle_Notre-Dame_de_Pouey-Laün
Chapelle_Notre-Dame_de_Pritz
Chapelle_Notre-Dame_de_Pène-Tailhade
Chapelle_Notre-Dame_de_Pépiole
Chapelle_Notre-Dame_de_Quilinen
Chapelle_Notre-Dame_de_Recluse
Chapelle_Notre-Dame_de_Riantmont
Chapelle_Notre-Dame_de_Rieux
Chapelle_Notre-Dame_de_Rocamadour
Chapelle_Notre-Dame_de_Roubignac
Chapelle_Notre-Dame_de_Sabart
Chapelle_Notre-Dame_de_Saint-Yan
Chapelle_Notre-Dame_de_Sart-Messire-Guillaume
Chapelle_Notre-Dame_de_Scaubecq
Chapelle_Notre-Dame_de_Spéluque
Chapelle_Notre-Dame_de_Steenbergen
Chapelle_Notre-Dame_de_Stoepe_d'Ertvelde
Chapelle_Notre-Dame_de_Tanya
Chapelle_Notre-Dame_de_Tanya_(Laroque-des-Albères)
Chapelle_Notre-Dame_de_Trémalo
Chapelle_Notre-Dame_de_Tréminou
Chapelle_Notre-Dame_de_Tunis
Chapelle_Notre-Dame_de_Valentine
Chapelle_Notre-Dame_de_Valmy
Chapelle_Notre-Dame_de_Valmy_(Charenton-le-Pont)
Chapelle_Notre-Dame_de_Vassivière
Chapelle_Notre-Dame_de_Vaudouan
Chapelle_Notre-Dame_de_Vaudouan_de_Briantes
Chapelle_Notre-Dame_de_Verdale
Chapelle_Notre-Dame_de_Vers-la-Ville
Chapelle_Notre-Dame_de_Vilar
Chapelle_Notre-Dame_de_Villethiou
Chapelle_Notre-Dame_de_Völkerich
Chapelle_Notre-Dame_de_l'Annonciation_de_l'hôpital_Charles-Foix
Chapelle_Notre-Dame_de_l'Aouach
Chapelle_Notre-Dame_de_l'Espérance
Chapelle_Notre-Dame_de_l'Espérance_(La_Rochelle)
Chapelle_Notre-Dame_de_l'Espérance_de_Tunis
Chapelle_Notre-Dame_de_l'Hermitage
Chapelle_Notre-Dame_de_l'Olm
Chapelle_Notre-Dame_de_l'Ortial
Chapelle_Notre-Dame_de_la_Baume
Chapelle_Notre-Dame_de_la_Borne
Chapelle_Notre-Dame_de_la_Brèche_de_Chartres
Chapelle_Notre-Dame_de_la_Candelaria
Chapelle_Notre-Dame_de_la_Candelaria_(Montebello)
Chapelle_Notre-Dame_de_la_Candelaria_(Río_Grande)
Chapelle_Notre-Dame_de_la_Cavalerie_de_Limaye
Chapelle_Notre-Dame_de_la_Certenue
Chapelle_Notre-Dame_de_la_Colombe_(Linsmeau)
Chapelle_Notre-Dame_de_la_Confiance_(Paris)
Chapelle_Notre-Dame_de_la_Faigne
Chapelle_Notre-Dame_de_la_Galline
Chapelle_Notre-Dame_de_la_Garde_de_Kertugal
Chapelle_Notre-Dame_de_la_Gardette
Chapelle_Notre-Dame_de_la_Gasnerie_d'Andouillé
Chapelle_Notre-Dame_de_la_Merci
Chapelle_Notre-Dame_de_la_Merci_(Clermont-Ferrand)
Chapelle_Notre-Dame_de_la_Ménour
Chapelle_Notre-Dame_de_la_Paix_du_Monde
Chapelle_Notre-Dame_de_la_Paix_du_monde
Chapelle_Notre-Dame_de_la_Pitié_de_Mellionnec
Chapelle_Notre-Dame_de_la_Providence_de_Dijon
Chapelle_Notre-Dame_de_la_Pépiole
Chapelle_Notre-Dame_de_la_Rencontre_d'Amphion-les-Bains
Chapelle_Notre-Dame_de_la_Roque_de_Moissac-Bellevue
Chapelle_Notre-Dame_de_la_Rose
Chapelle_Notre-Dame_de_la_Trinité_de_Cluis
Chapelle_Notre-Dame_de_la_Visitation
Chapelle_Notre-Dame_de_la_paix
Chapelle_Notre-Dame_de_la_paix_(Sremski_Karlovci)
Chapelle_Notre-Dame_de_tous_les_Peuples
Chapelle_Notre-Dame_del_Pilar_de_Salles
Chapelle_Notre-Dame_des_Affligés
Chapelle_Notre-Dame_des_Affligés_de_Jumet
Chapelle_Notre-Dame_des_Affligés_de_Limal
Chapelle_Notre-Dame_des_Affligés_de_Longueville
Chapelle_Notre-Dame_des_Affligés_de_Villers-la-Ville
Chapelle_Notre-Dame_des_Affligés_de_Ways
Chapelle_Notre-Dame_des_Anges_(Mégevette)
Chapelle_Notre-Dame_des_Armées_à_Versailles
Chapelle_Notre-Dame_des_Bois_de_Sucy-en-Brie
Chapelle_Notre-Dame_des_Buis
Chapelle_Notre-Dame_des_Champs_de_Saint-Jean_d'Assé
Chapelle_Notre-Dame_des_Cyclistes
Chapelle_Notre-Dame_des_Fièvres_de_Franquenies
Chapelle_Notre-Dame_des_Fièvres_et_de_Consolation_de_Franquenies
Chapelle_Notre-Dame_des_Fleurs
Chapelle_Notre-Dame_des_Fougères
Chapelle_Notre-Dame_des_Marches
Chapelle_Notre-Dame_des_Neiges_de_Ris
Chapelle_Notre-Dame_des_Orties
Chapelle_Notre-Dame_des_Sept_Douleurs_d'Étagnières
Chapelle_Notre-Dame_des_Vertus
Chapelle_Notre-Dame_des_Victoires_de_Voiron
Chapelle_Notre-Dame_des_Vignères
Chapelle_Notre-Dame_des_roses_de_Callian
Chapelle_Notre-Dame_du_Bon-Secours_de_Zétrud-Lumay
Chapelle_Notre-Dame_du_Bourg
Chapelle_Notre-Dame_du_Burgo
Chapelle_Notre-Dame_du_Château_de_Saignes
Chapelle_Notre-Dame_du_Danouët
Chapelle_Notre-Dame_du_Grasweg
Chapelle_Notre-Dame_du_Guelhouit
Chapelle_Notre-Dame_du_Haut
Chapelle_Notre-Dame_du_Kreisker
Chapelle_Notre-Dame_du_Lys
Chapelle_Notre-Dame_du_Mai
Chapelle_Notre-Dame_du_Majou_(Gourdon)
Chapelle_Notre-Dame_du_Marché_(Jodoigne)
Chapelle_Notre-Dame_du_Mont_(Thoraise)
Chapelle_Notre-Dame_du_Plan_d'Ilheu
Chapelle_Notre-Dame_du_Purgatoire_du_Châtelard
Chapelle_Notre-Dame_du_Refuge
Chapelle_Notre-Dame_du_Roc-Vignonnet
Chapelle_Notre-Dame_du_Roc-Vignonnet_(Antignac)
Chapelle_Notre-Dame_du_Rosaire
Chapelle_Notre-Dame_du_Rosaire_(Lille)
Chapelle_Notre-Dame_du_Rosaire_(Roanne)
Chapelle_Notre-Dame_du_Roux
Chapelle_Notre-Dame_du_Roux_(Frasnes-lez-Gosselies)
Chapelle_Notre-Dame_du_Sacré-Cœur
Chapelle_Notre-Dame_du_Sacré-Cœur_(Saint-André-de-Boege)
Chapelle_Notre-Dame_du_Sacré-Cœur_(Saint-André-de-Boëge)
Chapelle_Notre-Dame_du_Salut_de_Fécamp
Chapelle_Notre-Dame_du_Triolet
Chapelle_Notre-Dame_du_Val_d'Amour
Chapelle_Notre-Dame_du_Vieux_Chalet
Chapelle_Notre-Dame_du_Wacken
Chapelle_Notre-Dame_d’Aleyrac
Chapelle_Notre-Dame_et_Saint-Denis_de_Saives
Chapelle_Notre-Dame_la_Brune
Chapelle_Notre-Dame_ten_Pui_(Neerijse)
Chapelle_Notre-Dame_ten_Pui_de_Neerijse
Chapelle_Notre-Père_de_Buchenbach
Chapelle_Notre_Dame_de_Consolation_(Hyères)
Chapelle_Notre_Dame_de_Port-Blanc
Chapelle_Notre_Dame_de_Santé_de_Carpentras
Chapelle_Notre_Dame_de_Spéluque
Chapelle_Notre_Dame_de_la_Bonne_Fontaine_de_Domjevin
Chapelle_Notre_Dame_de_la_Galline
Chapelle_Notre_Dame_de_la_Lanzada
Chapelle_Notre_Dame_de_la_Médaille_Miraculeuse
Chapelle_Notre_Dame_des_Vertus
Chapelle_Notre_Dame_du_Burgo
Chapelle_Onze-Lieve-Vrouw_van_'t_Boompje
Chapelle_Ostojić_à_Subotica
Chapelle_Palatine
Chapelle_Paolina
Chapelle_Paoline
Chapelle_Paraire
Chapelle_Paul-Couturier
Chapelle_Pauline
Chapelle_Perret
Chapelle_Peruzzi
Chapelle_Pointue
Chapelle_Pontano
Chapelle_Portinari
Chapelle_Radić_à_Subotica
Chapelle_Rayonnante
Chapelle_Redemptoris_Mater
Chapelle_Reine-Astrid_de_Briquemont
Chapelle_Rentert_de_Waltzing
Chapelle_Rinuccini
Chapelle_Rosemond
Chapelle_Rosemont
Chapelle_Rothko
Chapelle_Royale
Chapelle_Sacré-Cœur-au-Bois-Clary
Chapelle_Saint-Aaron
Chapelle_Saint-Achillée
Chapelle_Saint-Adrien_de_Saint-Barthélemy
Chapelle_Saint-Agapit_de_Séchelles
Chapelle_Saint-Agricol_de_Clary
Chapelle_Saint-Agricol_de_Roquemaure
Chapelle_Saint-Aignan
Chapelle_Saint-Alexandre-Nevski_de_Peterhof
Chapelle_Saint-Amand_de_Théziers
Chapelle_Saint-Amant_de_Théziers
Chapelle_Saint-André_(Villemomble)
Chapelle_Saint-André_d'Auriac
Chapelle_Saint-André_de_Chânes
Chapelle_Saint-André_de_Cléguérec
Chapelle_Saint-André_de_Mitroys
Chapelle_Saint-André_de_Paris-Plage
Chapelle_Saint-André_de_Rivesaltes
Chapelle_Saint-André_de_Sévanes
Chapelle_Saint-André_de_Villemomble
Chapelle_Saint-André_de_l'Abbaye
Chapelle_Saint-André_des_Arques
Chapelle_Saint-Andéol_de_La_Bâtie-Rolland
Chapelle_Saint-Andéol_de_la_Bâtie-Rolland
Chapelle_Saint-Anne_d'Inagoj
Chapelle_Saint-Anne_de_Montgenèvre
Chapelle_Saint-Anne_du_Pègue
Chapelle_Saint-Antoine
Chapelle_Saint-Antoine-de-Padoue_d'Abriès-Ristolas
Chapelle_Saint-Antoine-de-Padoue_de_Vielle-Aure
Chapelle_Saint-Antoine-et-Sainte-Françoise_de_Corlay
Chapelle_Saint-Antoine-l'Ermite_de_Ba?
Chapelle_Saint-Antoine-l'Ermite_de_Breil-sur-Roya
Chapelle_Saint-Antoine_(Cali)
Chapelle_Saint-Antoine_de_Clans
Chapelle_Saint-Antoine_de_Guiscriff
Chapelle_Saint-Antoine_de_La_Sarraz
Chapelle_Saint-Antoine_de_Melgven
Chapelle_Saint-Antoine_de_Padoue_de_Vielle-Aure
Chapelle_Saint-Antoine_de_Ploërmel
Chapelle_Saint-Antoine_de_la_Croix_de_Chavaux
Chapelle_Saint-Antoine_et_Saint-Maurice_de_Luthézieu
Chapelle_Saint-Apollinaire_de_Puimoisson
Chapelle_Saint-Ariès_de_Bollène
Chapelle_Saint-Aubert
Chapelle_Saint-Aubert_de_Nice
Chapelle_Saint-Aubert_du_Mont-Saint-Michel
Chapelle_Saint-Aubin_d'Auquainville
Chapelle_Saint-Aubin_d'Heckbous
Chapelle_Saint-Aubin_de_Chambly
Chapelle_Saint-Aubin_de_Chateaupanne
Chapelle_Saint-Aubin_de_Châteaupanne
Chapelle_Saint-Aubin_de_Fitou
Chapelle_Saint-Auguste
Chapelle_Saint-Augustin
Chapelle_Saint-Aurélien_de_Limoges
Chapelle_Saint-Aventin_de_Verrières
Chapelle_Saint-Avit_d'Aix-en-Othe
Chapelle_Saint-Avé-d'en-Bas
Chapelle_Saint-Aygou
Chapelle_Saint-Barnabé_de_Basseterre
Chapelle_Saint-Barthélemy_d'Abriès-Ristolas
Chapelle_Saint-Barthélemy_de_Montluel
Chapelle_Saint-Barthélemy_de_Mougins
Chapelle_Saint-Barthélemy_de_Paderborn
Chapelle_Saint-Barthélemy_de_Saint-Julien-de-Concelles
Chapelle_Saint-Barthélémy_d'Abriès-Ristolas
Chapelle_Saint-Barthélémy_d'Iffendic
Chapelle_Saint-Barthélémy_de_Montluel
Chapelle_Saint-Barthélémy_de_Mougins
Chapelle_Saint-Barthélémy_de_Pleucadeuc
Chapelle_Saint-Baudel_de_Pourrain
Chapelle_Saint-Benezet
Chapelle_Saint-Benoît_d'Argenton-sur-Creuse
Chapelle_Saint-Benoît_d'Aubenas
Chapelle_Saint-Benoît_de_Cavaillon
Chapelle_Saint-Benoît_de_Chassiers
Chapelle_Saint-Benoît_de_Limoges
Chapelle_Saint-Benoît_de_Marmande
Chapelle_Saint-Benoît_de_Saint-Maurice-lès-Châteauneuf
Chapelle_Saint-Bernard
Chapelle_Saint-Bernard-de-Montparnasse
Chapelle_Saint-Bernard_de_Colombes
Chapelle_Saint-Bernard_de_Servigny
Chapelle_Saint-Bernard_de_Villers
Chapelle_Saint-Bernard_de_Villers-la-Ville
Chapelle_Saint-Bernardin
Chapelle_Saint-Bernardin_d'Abriès-Ristolas
Chapelle_Saint-Bernardin_d'Antibes
Chapelle_Saint-Blaise
Chapelle_Saint-Blaise-des-Simples
Chapelle_Saint-Blaise-des-Simples_(Milly-la-Forêt)
Chapelle_Saint-Blaise-des-Simples_de_Milly-la-Forêt
Chapelle_Saint-Blaise_(Saint-Triphon)
Chapelle_Saint-Blaise_d'Hyères
Chapelle_Saint-Blaise_de_Bollène
Chapelle_Saint-Blaise_de_Gras
Chapelle_Saint-Blaise_de_Truyes
Chapelle_Saint-Blaise_des_Baux-de-Provence
Chapelle_Saint-Bon
Chapelle_Saint-Bon_de_Thonon-les-Bains
Chapelle_Saint-Brice_d'Hausgauen
Chapelle_Saint-Brice_d'Oltingue
Chapelle_Saint-Bruno
Chapelle_Saint-Bruno_de_Bellevaux
Chapelle_Saint-Bénezet
Chapelle_Saint-Bénézet
Chapelle_Saint-Cado_de_Belz
Chapelle_Saint-Calixte_de_Mons
Chapelle_Saint-Camille_de_Bry-sur-Marne
Chapelle_Saint-Caprais_de_Castillon-du-Gard
Chapelle_Saint-Charles-Borromée
Chapelle_Saint-Charles_d'Asnières-sur-Seine
Chapelle_Saint-Charles_d'Avignon
Chapelle_Saint-Charles_de_Saint-Florent-le-Vieil
Chapelle_Saint-Charles_de_la_Croix-Saint-Simon
Chapelle_Saint-Charles_des_Ruffins
Chapelle_Saint-Christol_de_Nissan-lez-Enserune
Chapelle_Saint-Christophe
Chapelle_Saint-Christophe-et-Saint-Jacques_d'Auvillers
Chapelle_Saint-Christophe_(Tain-l'Hermitage)
Chapelle_Saint-Christophe_d'Hargimont
Chapelle_Saint-Christophe_de_Hun
Chapelle_Saint-Christophe_de_La_Houppe
Chapelle_Saint-Christophe_de_Lafare
Chapelle_Saint-Christophe_de_Lorient
Chapelle_Saint-Christophe_de_Paris
Chapelle_Saint-Clair
Chapelle_Saint-Clair_d'Aiguilhe
Chapelle_Saint-Clair_de_Banneville-sur-Ajon
Chapelle_Saint-Clair_de_Causse-et-Diège
Chapelle_Saint-Clair_de_Gémenos
Chapelle_Saint-Clair_de_Lyon
Chapelle_Saint-Clair_de_Verdun
Chapelle_Saint-Clamens
Chapelle_Saint-Claude-la-Colombière
Chapelle_Saint-Claude_d'Entre-les-Fourgs,_Jougne
Chapelle_Saint-Claude_d'Inguiniel
Chapelle_Saint-Claude_de_Belmont-de-la-Loire
Chapelle_Saint-Claude_de_Cipières
Chapelle_Saint-Claude_des_Pénitents_noirs_de_Saorge
Chapelle_Saint-Cloud
Chapelle_Saint-Clément
Chapelle_Saint-Clément_d'Elven
Chapelle_Saint-Colomban
Chapelle_Saint-Colomban_(Saint-Nolff)
Chapelle_Saint-Colomban_de_Carnac
Chapelle_Saint-Corneille_du_Hamelet
Chapelle_Saint-Cosme_et_Saint-Damien_de_Gigondas
Chapelle_Saint-Criat_de_Verchizeuil
Chapelle_Saint-Cry_de_Nivillac
Chapelle_Saint-Crépin_d'Évron
Chapelle_Saint-Cunibert_de_Bizory
Chapelle_Saint-Cyprien_de_Bressuire
Chapelle_Saint-Cézaire_de_Château-Bas
Chapelle_Saint-Côme-et-Saint-Damien_de_La_Cadière-d'Azur
Chapelle_Saint-Damien_d'Assise
Chapelle_Saint-Daniel_d’Asnières-sur-Seine
Chapelle_Saint-Denis_(Lamanon)
Chapelle_Saint-Denis_de_Bagnols-en-Forêt
Chapelle_Saint-Denis_de_Juzaine
Chapelle_Saint-Denis_de_Lamanon
Chapelle_Saint-Didier_de_Comps-sur-Artuby
Chapelle_Saint-Didier_des_Tourettes
Chapelle_Saint-Dominique_de_Dingli
Chapelle_Saint-Dominique_de_Juvisy
Chapelle_Saint-Don
Chapelle_Saint-Donat_de_Montfort
Chapelle_Saint-Donat_de_Roeser
Chapelle_Saint-Donat_de_Saint-Servais
Chapelle_Saint-Elzéar_de_Montfuron
Chapelle_Saint-Erhard
Chapelle_Saint-Erhard_(Strasbourg)
Chapelle_Saint-Esprit_d'Antibes
Chapelle_Saint-Etienne
Chapelle_Saint-Eutrope_d'Angers
Chapelle_Saint-Eutrope_d’Angers
Chapelle_Saint-Ferdinand
Chapelle_Saint-Ferréol_et_Saint-Ferjeux_de_Miserey-Salines
Chapelle_Saint-Fiacre
Chapelle_Saint-Fiacre_de_Melrand
Chapelle_Saint-Fiacre_de_Pluvigner
Chapelle_Saint-Fiacre_de_Radenac
Chapelle_Saint-Fiacre_du_Faouët
Chapelle_Saint-Firmin
Chapelle_Saint-Firmin_de_Saint-Martin-Saint-Firmin
Chapelle_Saint-Fraimbault_de_Saint-Georges-de-la-Couée
Chapelle_Saint-François
Chapelle_Saint-François-Jaccard_de_Sévillon
Chapelle_Saint-François-Xavier_de_Macao
Chapelle_Saint-François-Xavier_de_Vieux-Goa
Chapelle_Saint-François-d'Assise_de_Dijon
Chapelle_Saint-François-de-Paule_de_Bormes-les-Mimosas
Chapelle_Saint-François_(Enghien)
Chapelle_Saint-François_(Rennes)
Chapelle_Saint-François_d'Assise
Chapelle_Saint-François_d'Enghien
Chapelle_Saint-François_de_Dieppe
Chapelle_Saint-François_de_Neuville-lès-Dieppe
Chapelle_Saint-François_de_Paule
Chapelle_Saint-Fructueux_de_Roca-Vella
Chapelle_Saint-Frézal_de_La_Canourgue
Chapelle_Saint-Félix_de_Castelmaure
Chapelle_Saint-Félix_du_Château
Chapelle_Saint-Gabriel_de_Maisons-Alfort
Chapelle_Saint-Gabriel_de_Tarascon
Chapelle_Saint-Genest_de_Metz
Chapelle_Saint-Gengould_de_Courmononcle
Chapelle_Saint-Gengoult_de_Larochemillay
Chapelle_Saint-Gengoux_de_Larochemillay
Chapelle_Saint-Geoffroy_d'Angers
Chapelle_Saint-Geoffroy_d’Angers
Chapelle_Saint-George
Chapelle_Saint-Georges
Chapelle_Saint-Georges_(Mistra)
Chapelle_Saint-Georges_d'Ornans
Chapelle_Saint-Georges_de_Bouillé
Chapelle_Saint-Georges_de_Bouxwiller
Chapelle_Saint-Georges_de_Courban
Chapelle_Saint-Georges_de_Lunas
Chapelle_Saint-Georges_de_Penfao
Chapelle_Saint-Georges_de_Thizy
Chapelle_Saint-Georges_de_Windsor
Chapelle_Saint-Georges_à_Novi_Be?ej
Chapelle_Saint-Gerbold
Chapelle_Saint-Germain_de_Cesseras
Chapelle_Saint-Germain_de_Langonnet
Chapelle_Saint-Germain_de_Querqueville
Chapelle_Saint-Germain_de_Roussas
Chapelle_Saint-Germain_de_Séglien
Chapelle_Saint-Germain_de_la_Serre
Chapelle_Saint-Gervais_de_Briouze
Chapelle_Saint-Ghislain_de_Dampremy
Chapelle_Saint-Giaume_de_Nice
Chapelle_Saint-Gildas_de_Bieuzy
Chapelle_Saint-Gilles
Chapelle_Saint-Gilles_(Stoumont)
Chapelle_Saint-Gilles_de_Chauveheid
Chapelle_Saint-Gilles_de_Pons
Chapelle_Saint-Gonery
Chapelle_Saint-Gonéry
Chapelle_Saint-Goustan_du_Croisic
Chapelle_Saint-Grat_de_Lucéram
Chapelle_Saint-Grat_de_Mieussy
Chapelle_Saint-Grégoire_de_Bénévent-et-Charbillac
Chapelle_Saint-Grégoire_de_Gap
Chapelle_Saint-Grégoire_de_Rungis
Chapelle_Saint-Guen_de_Saint-Tugdual
Chapelle_Saint-Guen_de_Vannes
Chapelle_Saint-Guirec
Chapelle_Saint-Gunthiern_de_Locoyarn
Chapelle_Saint-Guénaël_de_Cléguer
Chapelle_Saint-Guénolé_de_Brest
Chapelle_Saint-Guérin_de_Saint-Gervais-les-Bains
Chapelle_Saint-Géniès_de_Laudun-l'Ardoise
Chapelle_Saint-Gény_(Lectoure)
Chapelle_Saint-Gény_de_Lectoure
Chapelle_Saint-Henri
Chapelle_Saint-Henri_(Kokemäki)
Chapelle_Saint-Herbot
Chapelle_Saint-Herbot_de_Saint-Herbot
Chapelle_Saint-Hermentaire
Chapelle_Saint-Hervé_de_Gourin
Chapelle_Saint-Hilaire-du-Mont
Chapelle_Saint-Hilaire_d'Ancelle
Chapelle_Saint-Hilaire_de_Matagne-la-Petite
Chapelle_Saint-Hippolyte_de_Loupian
Chapelle_Saint-Honorat_des_Mées
Chapelle_Saint-Hubert_(Libois)
Chapelle_Saint-Hubert_de_Berniprey
Chapelle_Saint-Hubert_de_Courcelles
Chapelle_Saint-Hubert_de_Courcelles-le-Roi
Chapelle_Saint-Hubert_de_Libois
Chapelle_Saint-Hubert_de_Tenneville
Chapelle_Saint-Hubert_de_Tervueren
Chapelle_Saint-Hubert_de_Tervuren
Chapelle_Saint-Hubert_et_Sainte-Vierge_de_Blindef
Chapelle_Saint-Hubert_à_Tervueren
Chapelle_Saint-Idunet_de_Pluzunet
Chapelle_Saint-Ignace_de_San_Ġiljan
Chapelle_Saint-Igny
Chapelle_Saint-Igny_de_Villers-le-Sec
Chapelle_Saint-Isidore_d'Elange
Chapelle_Saint-Jacques
Chapelle_Saint-Jacques-le-Majeur
Chapelle_Saint-Jacques-le-Majeur_d'Abriès-Ristolas
Chapelle_Saint-Jacques-le-Majeur_de_Nice
Chapelle_Saint-Jacques-le-Mineur_d'Abriès-Ristolas
Chapelle_Saint-Jacques-le-Mineur_de_Gap
Chapelle_Saint-Jacques_(Besançon)
Chapelle_Saint-Jacques_de_Bagnolet
Chapelle_Saint-Jacques_de_Besançon
