Rue_des_Cinq_Diamants
Rue_des_Ciseaux
Rue_des_Cités
Rue_des_Cités_(Aubervilliers)
Rue_des_Clarisses
Rue_des_Clarisses_(Liège)
Rue_des_Clarisses_(Strasbourg)
Rue_des_Clefs
Rue_des_Clefs_(Colmar)
Rue_des_Cloches
Rue_des_Cloutiers
Rue_des_Cloys
Rue_des_Cloÿs
Rue_des_Clématites
Rue_des_Coffres
Rue_des_Colonels-Renard
Rue_des_Colonels_Renard
Rue_des_Colonies
Rue_des_Colonnes
Rue_des_Colonnes-du-Trône
Rue_des_Commanderesses
Rue_des_Compagnons
Rue_des_Compagnons_(Bruxelles)
Rue_des_Compagnons_(Schaerbeek)
Rue_des_Consuls
Rue_des_Contreforts_(Pérouges)
Rue_des_Convalescents
Rue_des_Coquilles
Rue_des_Corbières
Rue_des_Cordeliers
Rue_des_Cordeliers_(Nancy)
Rue_des_Cordeliers_(Nantes)
Rue_des_Cordeliers_(Paris)
Rue_des_Cordelières
Rue_des_Corderies
Rue_des_Cordiers
Rue_des_Cordiers_(Strasbourg)
Rue_des_Coteaux
Rue_des_Coteaux_(Bruxelles)
Rue_des_Cottages
Rue_des_Couples
Rue_des_Couronnes
Rue_des_Couronnes_(ancienne)
Rue_des_Couteliers
Rue_des_Coutures-Saint-Gervais
Rue_des_Croisiers
Rue_des_Croisiers_(Liège)
Rue_des_Croix-de-Guerre
Rue_des_Célestines
Rue_des_Célestines_(Lille)
Rue_des_Célestines_(Liège)
Rue_des_Cévennes
Rue_des_Dames
Rue_des_Dames_(Nancy)
Rue_des_Dames_(Paris)
Rue_des_Dardanelles
Rue_des_Degres
Rue_des_Degrés
Rue_des_Dentelles
Rue_des_Dervallières
Rue_des_Deux-Avenues
Rue_des_Deux-Boules
Rue_des_Deux-Ermites
Rue_des_Deux-Gares
Rue_des_Deux-Gares_(Paris)
Rue_des_Deux-Hermites
Rue_des_Deux-Moulins
Rue_des_Deux-Moulins-Saint-Marcel
Rue_des_Deux-Ponts
Rue_des_Deux-Ponts_(Nantes)
Rue_des_Deux-Ponts_(Paris)
Rue_des_Deux-Portes
Rue_des_Deux-Portes-Saint-André
Rue_des_Deux-Portes-Saint-Jean
Rue_des_Deux-Portes-Saint-Sauveur
Rue_des_Deux-Portes_(rue_de_Nevers)
Rue_des_Deux-Sœurs
Rue_des_Deux-Écus
Rue_des_Deux-Épées
Rue_des_Deux_Chaussées
Rue_des_Deux_Gares
Rue_des_Deux_Maisons
Rue_des_Deux_Épées_(Lille)
Rue_des_Docteurs-Augusta-et-Jules-Déjérine
Rue_des_Docteurs-Déjérine
Rue_des_Docteurs_Augusta_et_Jules_Déjérine
Rue_des_Dominicaines
Rue_des_Dominicains
Rue_des_Dominicains_(Bruxelles)
Rue_des_Dominicains_(Liège)
Rue_des_Dominicains_(Nancy)
Rue_des_Dunes
Rue_des_Débris-Saint-Étienne
Rue_des_Débris-Saint-Étienne_(Lille)
Rue_des_Décembristes
Rue_des_Déchargeurs
Rue_des_Déménageurs
Rue_des_Déportés
Rue_des_Déportés_(Laval)
Rue_des_Eaux
Rue_des_Ecoles
Rue_des_Ecouffes
Rue_des_Enfants-Rouges
Rue_des_Entrepreneurs
Rue_des_Entrepreneurs_(France_Inter)
Rue_des_Entrepreneurs_(Paris)
Rue_des_Envierges
Rue_des_Eperonniers
Rue_des_Escrivains
Rue_des_Fabriques
Rue_des_Fantasques
Rue_des_Farges
Rue_des_Faures
Rue_des_Favorites
Rue_des_Ferblantiers
Rue_des_Fermiers
Rue_des_Feuillantines
Rue_des_Filatiers
Rue_des_Filles-Dieu
Rue_des_Filles-Dieu_(Reims)
Rue_des_Filles-Saint-Thomas
Rue_des_Filles-du-Calvaire
Rue_des_Filles_Saint-Thomas
Rue_des_Fillettes
Rue_des_Fillettes_(Aubervilliers)
Rue_des_Fillettes_(Paris)
Rue_des_Fleurs
Rue_des_Fleurs_(Lille)
Rue_des_Fleurs_(Toulouse)
Rue_des_Fonds-Verts
Rue_des_Fontaines-Roland
Rue_des_Fontaines-du-Temple
Rue_des_Fontenelles
Rue_des_Fontenelles_(Nanterre)
Rue_des_Fontis
Rue_des_Forces
Rue_des_Forges
Rue_des_Forges_(Dijon)
Rue_des_Forges_(Paris)
Rue_des_Forges_(Strasbourg)
Rue_des_Fories
Rue_des_Fossoyeurs
Rue_des_Fossés
Rue_des_Fossés-Monsieur-le-Prince
Rue_des_Fossés-Montmartre
Rue_des_Fossés-Saint-Bernard
Rue_des_Fossés-Saint-Germain
Rue_des_Fossés-Saint-Germain-des-Prés
Rue_des_Fossés-Saint-Germain-l'Auxerrois
Rue_des_Fossés-Saint-Jacques
Rue_des_Fossés-Saint-Marcel
Rue_des_Fossés-Saint-Martin
Rue_des_Fossés-Saint-Victor
Rue_des_Fossés-du-Temple
Rue_des_Fossés_Saint-Bernard
Rue_des_Fossés_Saint-Jacques
Rue_des_Fossés_Saint-Michel
Rue_des_Fossés_du_Temple
Rue_des_Fougères
Rue_des_Fourneaux
Rue_des_Fourreurs
Rue_des_Francs-Bourgeois
Rue_des_Francs-Bourgeois-Saint-Michel
Rue_des_Francs_Bourgeois
Rue_des_Frigos
Rue_des_Frères
Rue_des_Frères-Flavien
Rue_des_Frères-Lion
Rue_des_Frères-Morane
Rue_des_Frères-Périer
Rue_des_Frères-d'Astier-de-La-Vigerie
Rue_des_Frères_(Strasbourg)
Rue_des_Frères_Flavien
Rue_des_Frères_Mercier
Rue_des_Frères_Morane
Rue_des_Frères_Périer
Rue_des_Fuseaux
Rue_des_Fuseliers
Rue_des_Fêtes
Rue_des_Gardes
Rue_des_Gardes_(Meuson)
Rue_des_Gardinoux
Rue_des_Gestes
Rue_des_Glacis
Rue_des_Glacières_(Strasbourg)
Rue_des_Glaïeuls
Rue_des_Glycines
Rue_des_Glycines_(Paris)
Rue_des_Gobelins
Rue_des_Goncourt
Rue_des_Grandes-Arcades
Rue_des_Grands-Augustins
Rue_des_Grands-Champs
Rue_des_Grands-Champs_(Paris)
Rue_des_Grands-Degrés
Rue_des_Grands-Moulins
Rue_des_Grands_Augustins
Rue_des_Granges
Rue_des_Granges_(Besançon)
Rue_des_Gras
Rue_des_Gravellieres
Rue_des_Gravilliers
Rue_des_Greniers
Rue_des_Grignoux
Rue_des_Grès
Rue_des_Guildes
Rue_des_Guillemins
Rue_des_Guillemites
Rue_des_Gâtines
Rue_des_Haies
Rue_des_Hallebardes
Rue_des_Halles
Rue_des_Halles_(Bruxelles)
Rue_des_Halles_(Nancy)
Rue_des_Halles_(Nantes)
Rue_des_Halles_(Paris)
Rue_des_Hannetons
Rue_des_Hannetons_(Strasbourg)
Rue_des_Haudriettes
Rue_des_Haudriettes_(ancienne)
Rue_des_Hautes-Formes
Rue_des_Hauts-Montiboeufs
Rue_des_Hauts-Montibœufs
Rue_des_Hauts-Pavés
Rue_des_Herbiers
Rue_des_Hospitalières-Saint-Gervais
Rue_des_Houblonnières
Rue_des_Héliotropes
Rue_des_Héros
Rue_des_Immeubles-Industriels
Rue_des_Innocents
Rue_des_Invalides
Rue_des_Iris
Rue_des_Irlandais
Rue_des_Islettes
Rue_des_Italiens
Rue_des_Ixellois
Rue_des_Jacinthes
Rue_des_Jacobins
Rue_des_Jacobins-Réformés
Rue_des_Jacobins_(Reims)
Rue_des_Jardiniers
Rue_des_Jardins
Rue_des_Jardins-Poissonnière
Rue_des_Jardins-Saint-Paul
Rue_des_Jardins_(Madrid)
Rue_des_Jardins_(Paris)
Rue_des_Jeûneurs
Rue_des_Jongleurs
Rue_des_Jonquilles
Rue_des_Jonquilles_(Liège)
Rue_des_Juges-Consuls
Rue_des_Juifs
Rue_des_Juifs_(Paris)
Rue_des_Juifs_(Strasbourg)
Rue_des_Jésuites
Rue_des_Laboureurs
Rue_des_Lavandières
Rue_des_Lavandières-Place-Maubert
Rue_des_Lavandières-Sainte-Opportune
Rue_des_Lentilles
Rue_des_Lilas
Rue_des_Lions-Saint-Paul
Rue_des_Liserons
Rue_des_Lois
Rue_des_Lombards
Rue_des_Longues-Raies
Rue_des_Loups
Rue_des_Loups_(Nancy)
Rue_des_Lyanes
Rue_des_Lyonnais
Rue_des_Magasins
Rue_des_Malmaisons
Rue_des_Manneliers
Rue_des_Marais
Rue_des_Marais-Saint-Germain
Rue_des_Marais-du-Temple
Rue_des_Maraîchers
Rue_des_Marchais
Rue_des_Marchandises
Rue_des_Marchands
Rue_des_Marchands_(Colmar)
Rue_des_Marchands_(Toulouse)
Rue_des_Marchands_à_Colmar
Rue_des_Marechaux
Rue_des_Marguettes
Rue_des_Mariettes
Rue_des_Mariniers
Rue_des_Marins
Rue_des_Marionnettes
Rue_des_Marmousets
Rue_des_Marmousets-Cité
Rue_des_Marmousets-en-la-Cité
Rue_des_Marmouzets
Rue_des_Maronites
Rue_des_Marronniers
Rue_des_Marronniers_(Lyon)
Rue_des_Marronniers_(Paris)
Rue_des_Martinets
Rue_des_Martyrs
Rue_des_Martyrs-de-la-Libération
Rue_des_Maréchaux
Rue_des_Mathurins
Rue_des_Mathurins-Saint-Jacques
Rue_des_Mauvais-Garçons
Rue_des_Mauvais-Garçons-Saint-Germain
Rue_des_Mauvais-Garçons-Saint-Jean
Rue_des_Mauvaises-Paroles
Rue_des_Maçons
Rue_des_Messageries
Rue_des_Meuniers
Rue_des_Meuniers_(Liège)
Rue_des_Michottes
Rue_des_Mignottes
Rue_des_Mimosas
Rue_des_Mimosas_(Bruxelles)
Rue_des_Mineurs
Rue_des_Minimes
Rue_des_Minimes_(Bruxelles)
Rue_des_Minimes_(Le_Mans)
Rue_des_Minimes_(Paris)
Rue_des_Moineaux
Rue_des_Moines
Rue_des_Moines_(Paris)
Rue_des_Moissons
Rue_des_Moissons_(Reims)
Rue_des_Montiboeufs
Rue_des_Montibœufs
Rue_des_Morfondus
Rue_des_Morillons
Rue_des_Morts
Rue_des_Mouettes
Rue_des_Moulins
Rue_des_Moulins_(12e_arrondissement_de_Paris)
Rue_des_Moulins_(16e_arrondissement_de_Paris)
Rue_des_Moulins_(Paris)
Rue_des_Moulins_(Reims)
Rue_des_Moulins_(Toulouse)
Rue_des_Mousses
Rue_des_Murs
Rue_des_Murs-de-la-Roquette
Rue_des_Murs_(Reims)
Rue_des_Mâconnais
Rue_des_Ménétriers
Rue_des_Mésanges
Rue_des_Mûriers
Rue_des_Mûriers_(Paris)
Rue_des_Nanettes
Rue_des_Nonnaindières
Rue_des_Nonnains-d'Hyères
Rue_des_Nonnains-d’Hyères
Rue_des_Noyers
Rue_des_Noyers_(Paris)
Rue_des_Néfliers
Rue_des_Négociants
Rue_des_Nénuphars
Rue_des_Oiseaux
Rue_des_Olivettes
Rue_des_Ombiaux
Rue_des_Orchidées
Rue_des_Orfèvres
Rue_des_Orfèvres_(Strasbourg)
Rue_des_Ormeaux
Rue_des_Ormes
Rue_des_Orphelines
Rue_des_Orphelins
Rue_des_Orphelins_(Reims)
Rue_des_Orphelins_(Strasbourg)
Rue_des_Orteaux
Rue_des_Orties-Saint-Honoré
Rue_des_Orties-du-Louvre
Rue_des_Oubliers
Rue_des_Oubloyers
Rue_des_Palais
Rue_des_Palais_(Bruxelles)
Rue_des_Panoramas
Rue_des_Panoyaux
Rue_des_Paons
Rue_des_Paquerettes
Rue_des_Paradoux
Rue_des_Partants
Rue_des_Patriarches
Rue_des_Pavillons
Rue_des_Pavots
Rue_des_Pavots_(Bruxelles)
Rue_des_Paysagistes
Rue_des_Païens
Rue_des_Païens_(Strasbourg)
Rue_des_Pecheries
Rue_des_Pensées
Rue_des_Pensées_(Bruxelles)
Rue_des_Perchamps
Rue_des_Petites-Ecuries
Rue_des_Petites-Écuries
Rue_des_Petites-Écuries-du-Roy
Rue_des_Petites-Écuries_(Nantes)
Rue_des_Petites-Écuries_(Paris)
Rue_des_Petites_Ecuries
Rue_des_Petits-Augustins
Rue_des_Petits-Carreaux
Rue_des_Petits-Champs
Rue_des_Petits-Champs-Saint-Martin
Rue_des_Petits-Champs_(ancienne,_Paris)
Rue_des_Petits-Degrés
Rue_des_Petits-Hotels
Rue_des_Petits-Hôtels
Rue_des_Petits-Piliers
Rue_des_Petits-Pères
Rue_des_Petits-Pères_(Lyon)
Rue_des_Petits-Pères_(Paris)
Rue_des_Peupliers
Rue_des_Peupliers_(Paris)
Rue_des_Pierres-Plantées
Rue_des_Pignons
Rue_des_Piliers
Rue_des_Piliers-aux-Potiers-d'Ètain
Rue_des_Piliers-aux-Potiers-d'Étain
Rue_des_Piliers-des-Halles
Rue_des_Piques
Rue_des_Pirogues-de-Bercy
Rue_des_Pitas
Rue_des_Pittas
Rue_des_Plaisirs
Rue_des_Planches
Rue_des_Planches_(Strasbourg)
Rue_des_Plantes
Rue_des_Plantes_(Bruxelles)
Rue_des_Plantes_(Paris)
Rue_des_Plâtriers
Rue_des_Plâtrières
Rue_des_Poirées
Rue_des_Poissonceaux
Rue_des_Poissonceaux_(Lille)
Rue_des_Poissonniers
Rue_des_Poissonniers_(Nantes)
Rue_des_Poissonniers_(Neuilly-sur-Seine)
Rue_des_Poissonniers_(Reims)
Rue_des_Poitevins
Rue_des_Polinaires
Rue_des_Pommes
Rue_des_Ponchettes
Rue_des_Ponts
Rue_des_Ponts-de-Comines
Rue_des_Ponts_(Nancy)
Rue_des_Ponts_de_Comines
Rue_des_Porcherons
Rue_des_Portes-Blanches
Rue_des_Porteurs
Rue_des_Postes
Rue_des_Postes_(Aubervilliers)
Rue_des_Potiers
Rue_des_Poules
Rue_des_Poules_(Strasbourg)
Rue_des_Poulies
Rue_des_Poulies-Saint-Pou
Rue_des_Poullies
Rue_des_Poutiroux
Rue_des_Poètes
Rue_des_Prairies
Rue_des_Prairies_(Paris)
Rue_des_Prairies_(homonymie)
Rue_des_Pretres-Saint-Severin
Rue_des_Prouvaires
Rue_des_Prouvelles
Rue_des_Pruniers
Rue_des_Prébendiers
Rue_des_Prébendés
Rue_des_Prémontrés
Rue_des_Prémontrés_(Liège)
Rue_des_Prêcheurs
Rue_des_Prêtres
Rue_des_Prêtres-Saint-Germain-l'Auxerrois
Rue_des_Prêtres-Saint-Germain-l’Auxerrois
Rue_des_Prêtres-Saint-Paul
Rue_des_Prêtres-Saint-Séverin
Rue_des_Prêtres_(Colmar)
Rue_des_Prêtres_(Toulouse)
Rue_des_Pucelles
Rue_des_Puits-Clos
Rue_des_Puits-Creusés
Rue_des_Pyramides
Rue_des_Pyrenees
Rue_des_Pyrénnées
Rue_des_Pyrénées
Rue_des_Pyrénées_(Paris)
Rue_des_Pâquerettes
Rue_des_Pâquerettes_(Bruxelles)
Rue_des_Pâtures
Rue_des_Pècheries
Rue_des_Pères_Blancs
Rue_des_Pères_Blancs_(Bruxelles)
Rue_des_Pères_Blancs_(Etterbeek)
Rue_des_Pénitentes
Rue_des_Pénitents-Blancs
Rue_des_Pénitents-Gris
Rue_des_Périchaux
Rue_des_Pêcheries
Rue_des_Quatre-Billards
Rue_des_Quatre-Chapeaux
Rue_des_Quatre-Fils
Rue_des_Quatre-Frères-Peignot
Rue_des_Quatre-Vents
Rue_des_Quatre-frères-Peignot
Rue_des_Quatre-Églises
Rue_des_Quatre-Églises_(Nancy)
Rue_des_Quatre_Frères_Peignot
Rue_des_Quatre_Vents
Rue_des_Quenouilles
Rue_des_Quinze-Vingts
Rue_des_Quêteurs
Rue_des_Rasselins
Rue_des_Rats
Rue_des_Recommanderesses
Rue_des_Reculettes
Rue_des_Religieuses
Rue_des_Remorqueurs
Rue_des_Remparts
Rue_des_Remparts-d'Ainay
Rue_des_Remparts_(Liège)
Rue_des_Renaudes
Rue_des_Renforts
Rue_des_Rigoles
Rue_des_Rivageois
Rue_des_Rochettes
Rue_des_Rondeaux
Rue_des_Rondes_(Pérouges)
Rue_des_Rondonneaux
Rue_des_Roses
Rue_des_Rosiers
Rue_des_Rosiers_(Montmartre)
Rue_des_Rosiers_(Paris)
Rue_des_Rosiers_(Saint-Ouen-sur-Seine)
Rue_des_Rosiers_à_Montmartre
Rue_des_Récollets
Rue_des_Récollets_(Lille)
Rue_des_Récollets_(Liège)
Rue_des_Récollets_(Montréal)
Rue_des_Récollets_(Paris)
Rue_des_Récollets_(Strasbourg)
Rue_des_Régans
Rue_des_Réglises
Rue_des_Réservoirs
Rue_des_Réservoirs_(Paris)
Rue_des_Réservoirs_(Versailles)
Rue_des_Sables
Rue_des_Sablons
Rue_des_Saints-Peres
Rue_des_Saints-Pères
Rue_des_Salenques
Rue_des_Salorges
Rue_des_Sapins
Rue_des_Saules
Rue_des_Saussaies
Rue_des_Saussaies_(film)
Rue_des_Scaphandriers
Rue_des_Sept-Agaches
Rue_des_Sept-Arpents
Rue_des_Sept-Hommes
Rue_des_Sept-Voies
Rue_des_Serruriers
Rue_des_Serruriers_(Colmar)
Rue_des_Serruriers_(Laval)
Rue_des_Serruriers_(Strasbourg)
Rue_des_Singes
Rue_des_Six-Frères-Ruellan
Rue_des_Solitaires
Rue_des_Stations
Rue_des_Suisses
Rue_des_Sœurs
Rue_des_Sœurs-Macarons
Rue_des_Sœurs_(Strasbourg)
Rue_des_Sœurs_Macarons
Rue_des_Tables-Claudiennes
Rue_des_Taillandiers
Rue_des_Tailleurs-de-Pierre
Rue_des_Tanneries
Rue_des_Tanneurs
Rue_des_Tanneurs_(Bruxelles)
Rue_des_Tanneurs_(Colmar)
Rue_des_Tanneurs_(Lille)
Rue_des_Tanneurs_(Liège)
Rue_des_Tanneurs_(Metz)
Rue_des_Tapisseries
Rue_des_Teinturiers
Rue_des_Teinturiers_(Avignon)
Rue_des_Teinturiers_(Paris)
Rue_des_Teinturiers_(Paris,_ancienne)
Rue_des_Teinturiers_(Toulouse)
Rue_des_Telliers
Rue_des_Templiers
Rue_des_Tennis
Rue_des_Ternes
Rue_des_Terres-au-Curé
Rue_des_Thermopyles
Rue_des_Tiercelins
Rue_des_Tilleuls
Rue_des_Tisserands
Rue_des_Tongres
Rue_des_Tourelles
Rue_des_Tourelles_(Paris)
Rue_des_Tournelles
Rue_des_Tournelles_(Reims)
Rue_des_Tournelles_(Vaugirard)
Rue_des_Tournelles_(homonymie)
Rue_des_Tourneurs
Rue_des_Tourneurs_(Colmar)
Rue_des_Tourneurs_(Toulouse)
Rue_des_Tours
Rue_des_Tramways_(Houplines)
Rue_des_Trente-Six-Ponts
Rue_des_Tripiers
Rue_des_Trois-Artichauts
Rue_des_Trois-Banquets
Rue_des_Trois-Bornes
Rue_des_Trois-Canettes
Rue_des_Trois-Chandeliers
Rue_des_Trois-Couronnes
Rue_des_Trois-Couronnes-Saint-Marcel
Rue_des_Trois-Couronnes_(Lille)
Rue_des_Trois-Couronnes_(Paris)
Rue_des_Trois-Croissants
Rue_des_Trois-Frères
Rue_des_Trois-Frères-Barthélemy
Rue_des_Trois-Frères-Busson
Rue_des_Trois-Frères-Carasso
Rue_des_Trois-Frères_Busson,_Lorient
Rue_des_Trois-Gâteaux
Rue_des_Trois-Journées
Rue_des_Trois-Maries
Rue_des_Trois-Maures
Rue_des_Trois-Mollettes
Rue_des_Trois-Ormes
Rue_des_Trois-Pavillons
Rue_des_Trois-Pierres
Rue_des_Trois-Piliers
Rue_des_Trois-Pistolets
Rue_des_Trois-Ponts
Rue_des_Trois-Portes
Rue_des_Trois-Raisinets
Rue_des_Trois-Renards
Rue_des_Trois-frères-Barthélemy
Rue_des_Trois-pistolets
Rue_des_Trois_Couronnes
Rue_des_Trois_Couronnes_(Lille)
Rue_des_Trois_Mollettes
Rue_des_Trois_Pierres
Rue_des_Trois_Ponts
Rue_des_Tuileries
Rue_des_Têtes
Rue_des_Unterlinden
Rue_des_Urbanistes
Rue_des_Urbanistes_(Lille)
Rue_des_Ursins
Rue_des_Ursulines
Rue_des_Ursulines_(Paris)
Rue_des_Ursulines_(Saint-Denis)
Rue_des_Ursulines_(Tourcoing)
Rue_des_Ursulines_(Trois-Rivières)
Rue_des_Vennes
Rue_des_Vertus
Rue_des_Vieilles-Douves
Rue_des_Vieilles-Etuves-Saint-Martin
Rue_des_Vieilles-Haudriettes
Rue_des_Vieilles-Tuileries
Rue_des_Vieilles-Étuves
Rue_des_Vieilles-Étuves-Saint-Honoré
Rue_des_Vieilles-Étuves-Saint-Martin
Rue_des_Vignerons
Rue_des_Vignes
Rue_des_Vignes_(Nantes)
Rue_des_Vignes_(Paris)
Rue_des_Vignoles
Rue_des_Vinaigriers
Rue_des_Vingt-Deux
Rue_des_Volontaires
Rue_des_Volontaires_(Paris)
Rue_des_Volontaires_(homonymie)
Rue_des_Volubilis
Rue_des_Volubillis
Rue_des_Wallons
Rue_des_Wallons_(Bruxelles)
Rue_des_Wallons_(Liège)
Rue_des_Wallons_(Louvain-la-Neuve)
Rue_des_Wallons_(Paris)
Rue_des_Wallons_et_place_des_Wallons
Rue_des_abbesses
Rue_des_acacias
Rue_des_ailes
Rue_des_allocs
Rue_des_anglais
Rue_des_archers_(Lyon)
Rue_des_archives
Rue_des_arènes
Rue_des_beaux-arts
Rue_des_bernardins
Rue_des_billettes
Rue_des_blancs-manteaux
Rue_des_bons-enfants
Rue_des_bons-enfants_(marseille)
Rue_des_bons-enfants_(paris)
Rue_des_boutiques_obscures
Rue_des_capucines
Rue_des_capucins
Rue_des_cargaisons
Rue_des_carmes
Rue_des_cascades
Rue_des_cascades_(album)
Rue_des_cascades_(film)
Rue_des_chardons
Rue_des_colonels_Renard
Rue_des_compagnons
Rue_des_consuls
Rue_des_coutures-saint-gervais
Rue_des_degrés
Rue_des_entrepreneurs
Rue_des_entrepreneurs_(paris)
Rue_des_feuillantines
Rue_des_filles-du-calvaire
Rue_des_fossés_saint-bernard
Rue_des_fossés_saint-jacques
Rue_des_francs-bourgeois
Rue_des_grands-champs
Rue_des_gravilliers
Rue_des_haudriettes
Rue_des_hospitalières_saint_gervais
Rue_des_héros
Rue_des_jardins
Rue_des_lombards
Rue_des_maraichers
Rue_des_martyrs
Rue_des_maréchaux
Rue_des_minimes
Rue_des_moines
Rue_des_murailles
Rue_des_murailles_(homonymie)
Rue_des_ombres
Rue_des_palais
Rue_des_pavots
Rue_des_petites-écuries
Rue_des_petites_perles
Rue_des_petits-hôtels
Rue_des_pignons
Rue_des_plaisirs
Rue_des_prairies
Rue_des_prêtres-saint-séverin
Rue_des_pyrénées
Rue_des_pâquerettes
Rue_des_pêcheries
Rue_des_quatre-fils
Rue_des_ravissantes_(recueil)
Rue_des_rondeaux
Rue_des_rosiers
Rue_des_saints-pères
Rue_des_saussaies
Rue_des_scaphandriers
Rue_des_stations
Rue_des_tiercelins
Rue_des_tournelles
Rue_des_trois_frères_Busson
Rue_des_vertus
Rue_des_voleurs
Rue_des_Éburons
Rue_des_Échasses
Rue_des_Échevins
Rue_des_Échevins_(Bruxelles)
Rue_des_Échevins_(Nantes)
Rue_des_Écluses-Saint-Martin
Rue_des_Écoles
Rue_des_Écoles_(Aubervilliers)
Rue_des_Écoles_(Bondy)
Rue_des_Écoles_(Colmar)
Rue_des_Écoles_(Paris)
Rue_des_Écoles_(Paris,_ancienne)
Rue_des_Écoles_(Reims)
Rue_des_Écoles_(radio)
Rue_des_Écoliers
Rue_des_Écoliers_(Bruxelles)
Rue_des_Écoliers_(Liège)
Rue_des_Écouffes
Rue_des_Écrivains
Rue_des_Écuries
Rue_des_Écuries-d'Artois
Rue_des_Écuries_(Nancy)
Rue_des_Écuries_d'Artois
Rue_des_Égouts-du-Ponceau
Rue_des_Élus
Rue_des_Éperonniers
Rue_des_Éperons
Rue_des_Éperons_(Laval)
Rue_des_Épinettes
Rue_des_États
Rue_des_États-Généraux
Rue_des_États_(Nancy)
Rue_des_États_(Nantes)
Rue_des_Étuves
Rue_des_écoles
Rue_des_étoiles
Rue_docteur-Doyen
Rue_du_11-Novembre
Rue_du_11-Novembre-1918
Rue_du_14-Juillet
Rue_du_18-Mars
Rue_du_19-Mars-1962
Rue_du_19-Mars-1962_(région_Aquitaine)
Rue_du_19-Mars-1962_(région_Bretagne)
Rue_du_19-Mars-1962_(région_Languedoc-Roussillon)
Rue_du_19-Mars-1962_(région_Midi-Pyrénées)
Rue_du_19-Mars-1962_(région_Rhône-Alpes)
Rue_du_22-Septembre
Rue_du_22-Septembre_(Courbevoie)
Rue_du_24-avril-1915
Rue_du_29-Juillet
Rue_du_3e-Dragons
Rue_du_4-Septembre
Rue_du_4e-Zouaves
Rue_du_4e_Zouaves_(Rosny-sous-Bois)
Rue_du_8-Mai
Rue_du_8-Mai-1945
Rue_du_8-Mai-1945_(Argenteuil,_Val-d'Oise)
Rue_du_8-Mai-1945_(Paris)
Rue_du_8-Mai-1945_(région_Rhône-Alpes)
Rue_du_Bac
Rue_du_Bac_(Paris)
Rue_du_Bac_(film,_1991)
Rue_du_Bac_(homonymie)
Rue_du_Bac_(métro_de_Paris)
Rue_du_Baigneur
Rue_du_Baignoir
Rue_du_Bailli
Rue_du_Bailly
Rue_du_Bailly_(Saint-Denis)
Rue_du_Bain-aux-Roses
Rue_du_Banquier
Rue_du_Barachois
Rue_du_Barbier-Maes
Rue_du_Barbâtre
Rue_du_Barbâtre_(Reims)
Rue_du_Bastion
Rue_du_Bastion-du-Meunier
Rue_du_Bastion-du-Meunier_(Lille)
Rue_du_Bastion_du_Meunier
Rue_du_Battoir-Saint-André
Rue_du_Baudet
Rue_du_Beemdgracht
Rue_du_Bel-Respiro
Rue_du_Bel_Respiro
Rue_du_Berger,_16-18
Rue_du_Bessin
Rue_du_Bocage
Rue_du_Boccador
Rue_du_Bocq
Rue_du_Bocq_(Auderghem)
Rue_du_Bocq_(Bruxelles)
Rue_du_Boeuf
Rue_du_Bois-Tortu
Rue_du_Bois-de-Boulogne
Rue_du_Bois-de-Boulogne_(Neuilly-sur-Seine)
Rue_du_Bois-de-Boulogne_(Paris)
Rue_du_Bois_Sauvage
Rue_du_Bon-Jésus
Rue_du_Bon-Pasteur
Rue_du_Bon-Puits
Rue_du_Bon_Secours
Rue_du_Bord-de-l'Eau
Rue_du_Borrégo
Rue_du_Bouffay
Rue_du_Bouloi
Rue_du_Bouquet-de-Longchamp
Rue_du_Bourg
Rue_du_Bourg-Tibourg
Rue_du_Bourg-de-Brie
Rue_du_Bourg-l'Abbé
Rue_du_Bourg-l'Abbé_(ancienne,_Paris)
Rue_du_Bourg-l’Abbé
Rue_du_Bourgmestre
Rue_du_Bourgmestre_(Ixelles)
Rue_du_Bourgmestre_à_Ixelles
Rue_du_Bourgneuf
Rue_du_Bournard
Rue_du_Bournard_(Colombes)
Rue_du_Bout-du-Monde
Rue_du_Bout_du_Pont-Notre-Dame
Rue_du_Brabant
Rue_du_Brabant_(Bruxelles)
Rue_du_Bras-de-Fer
Rue_du_Buis
Rue_du_Buisson-Saint-Louis
Rue_du_Bât-d'Argent
Rue_du_Bâtonnier-Guinaudeau
Rue_du_Béarnais
Rue_du_Béguinage
Rue_du_Bélier
Rue_du_Bœuf
Rue_du_Cadran
Rue_du_Cadran_(Paris)
Rue_du_Cadran_Saint-Pierre
Rue_du_Caire
Rue_du_Calvaire
Rue_du_Calvaire_(Nantes)
Rue_du_Calvaire_(Paris)
Rue_du_Calvaire_(Suresnes)
Rue_du_Camas
Rue_du_Cambodge
Rue_du_Canada
Rue_du_Canard
Rue_du_Canard_(Colmar)
Rue_du_Canard_(Toulouse)
Rue_du_Cange
Rue_du_Canivet
Rue_du_Capitaine-Dreyfus
Rue_du_Capitaine-Dreyfus_(Montreuil)
Rue_du_Capitaine-Ferber
Rue_du_Capitaine-Lagache
Rue_du_Capitaine-Madon
Rue_du_Capitaine-Marchal
Rue_du_Capitaine-Ménard
Rue_du_Capitaine-Olchanski
Rue_du_Capitaine-Scott
Rue_du_Capitaine-Tarron
Rue_du_Capitaine_Ménard
Rue_du_Caporal-Peugeot
Rue_du_Cardinal-Dubois
Rue_du_Cardinal-Guibert
Rue_du_Cardinal-Lemoine
Rue_du_Cardinal-Mercier
Rue_du_Cardinal-Tisserant
Rue_du_Cardinal-de-Lorraine
Rue_du_Cardinal_Lemoine
Rue_du_Carmel
Rue_du_Carneau
Rue_du_Carrousel
Rue_du_Carré
Rue_du_Castel-Marly
Rue_du_Castel-Marly_(Nanterre)
Rue_du_Casterneau
Rue_du_Chaffault
Rue_du_Chalet
Rue_du_Chalet_(Bruxelles)
Rue_du_Chalet_(Paris)
Rue_du_Chalet_(Saint-Josse-ten-Noode)
Rue_du_Champ-Fleury
Rue_du_Champ-de-Foire-aux-Boissons
Rue_du_Champ-de-Mars
Rue_du_Champ-de-Mars_(Paris)
Rue_du_Champ-de-Mars_(Reims)
Rue_du_Champ-de-l'Alouette
Rue_du_Champ-de-l’Alouette
Rue_du_Champ_Jacquet
Rue_du_Champ_de_Mars
Rue_du_Champ_de_l'Alouette
Rue_du_Champfleury
Rue_du_Champion
Rue_du_Champs_de_Mars
Rue_du_Change
Rue_du_Change_(Tours)
Rue_du_Chantre
Rue_du_Chapeau-Rouge
Rue_du_Chapeau-Rouge_(Nantes)
Rue_du_Chapitre
Rue_du_Chapon_(Strasbourg)
Rue_du_Charolais
Rue_du_Chartron
Rue_du_Chasseur
Rue_du_Chastiau_Festu
Rue_du_Chat-Qui-Pêche
Rue_du_Chat-qui-Danse
Rue_du_Chat-qui-Peche
Rue_du_Chat-qui-Pêche
Rue_du_Chat-qui-pêche
Rue_du_Chat_qui_Danse
Rue_du_Chateau-des-Rentiers
Rue_du_Chaudron
Rue_du_Chaume
Rue_du_Chemin-Vert
Rue_du_Chemin-de-Fer
Rue_du_Chemin-de-Fer_(Paris)
Rue_du_Chemin-de-Fer_(Versailles)
Rue_du_Chemin-de-Pantin
Rue_du_Chemin-vert
Rue_du_Chemin_de_Pantin
Rue_du_Cher
Rue_du_Cher_(Nantes)
Rue_du_Cher_(Paris)
Rue_du_Cherche-Midi
Rue_du_Cheval-Blanc
Rue_du_Cheval-Blanc_(Nancy)
Rue_du_Cheval-Blanc_(Nantes)
Rue_du_Cheval_Vert
Rue_du_Chevaleret
Rue_du_Chevalier
Rue_du_Chevalier-de-La-Barre
Rue_du_Chevalier-de-Saint-George
Rue_du_Chevalier-de-la-Barre
Rue_du_Chevalier-du-Guet
Rue_du_Chevalier_de_Saint-George
Rue_du_Chevet
Rue_du_Chevet-Saint-Gervais
Rue_du_Chevet-Saint-Landry
Rue_du_Chevet-Saint-Landy
Rue_du_Chevet-de-l'Église
Rue_du_Château
Rue_du_Château-Lafite
Rue_du_Château-Landon
Rue_du_Château-Rouge
Rue_du_Château-d'Eau
Rue_du_Château-des-Rentiers
Rue_du_Château-d’Eau
Rue_du_Château_(Bruxelles,_Evere)
Rue_du_Château_(Bruxelles,_Ixelles)
Rue_du_Château_(Evere)
Rue_du_Château_(Ixelles)
Rue_du_Château_(Nantes)
Rue_du_Château_(Neuilly)
Rue_du_Château_(Neuilly-sur-Seine)
Rue_du_Château_(Paris)
Rue_du_Château_Fêtu
Rue_du_Chêne
Rue_du_Chêne-d'Aron
Rue_du_Ciel
Rue_du_Cimetière-Saint-André-des-Arts
Rue_du_Cimetière-Saint-Benoist
Rue_du_Cimetière-Saint-Benoit
Rue_du_Cimetière-Saint-Benoît
Rue_du_Cimetière-Saint-Gervais
Rue_du_Cimetière_Saint-Nicolas-des-Champs
Rue_du_Cinema
Rue_du_Cinéma
Rue_du_Cinéma_(Bruxelles)
Rue_du_Cinéma_(Molenbeek-Saint-Jean)
Rue_du_Cinéma_(Paris)
Rue_du_Cirque
Rue_du_Cirque_(Lille)
Rue_du_Cirque_(Paris)
Rue_du_Cloitre-Saint-Merri
Rue_du_Clos
Rue_du_Clos-Bruneau
Rue_du_Clos-Feuquières
Rue_du_Clos_Ganay
Rue_du_Clou-dans-le-Fer
Rue_du_Cloître
Rue_du_Cloître-Notre-Dame
Rue_du_Cloître-Saint-Benoît
Rue_du_Cloître-Saint-Jean
Rue_du_Cloître-Saint-Merri
Rue_du_Cloître-de-la-Raison
Rue_du_Cloître_(Nancy)
Rue_du_Cloître_Saint-Benoît
Rue_du_Coeur-Volant
Rue_du_Coin-Brûlé
Rue_du_Colisée
Rue_du_Collège
Rue_du_Collège-de-Foix
Rue_du_Collège_(Charleroi)
Rue_du_Colombier
Rue_du_Colombier_(Paris)
Rue_du_Colonel-Chambonnet
Rue_du_Colonel-Chambonnet_(Lyon)
Rue_du_Colonel-Colonna-d'Ornano
Rue_du_Colonel-Combes
Rue_du_Colonel-Dominé
Rue_du_Colonel-Driant
Rue_du_Colonel-Lacuée
Rue_du_Colonel-Manhès
Rue_du_Colonel-Moll
Rue_du_Colonel-Monteil
Rue_du_Colonel-Oudot
Rue_du_Colonel-Pierre-Avia
Rue_du_Colonel-Pointurier
Rue_du_Colonel-Renard
Rue_du_Colonel-Renard_(Nancy)
Rue_du_Colonel-Rozanoff
Rue_du_Colonel_Haouas
Rue_du_Colonel_Moll
Rue_du_Colonel_Renard
Rue_du_Commandant-Boulay
Rue_du_Commandant-Guilbaud
Rue_du_Commandant-Jean-Duhail
Rue_du_Commandant-L'Herminier
Rue_du_Commandant-Lamy
Rue_du_Commandant-Léandri
Rue_du_Commandant-L’Herminier
Rue_du_Commandant-Marchand
Rue_du_Commandant-Mortenol
Rue_du_Commandant-René-Mouchotte
Rue_du_Commandant-Rivière
Rue_du_Commandant-Rolland
Rue_du_Commandant-Schloesing
Rue_du_Commandant-de-Surian
Rue_du_Commandant_Guilbaud
Rue_du_Commandant_Marchand_(Liège)
Rue_du_Commandant_de_Surian
Rue_du_Commandeur
Rue_du_Commerce
Rue_du_Commerce_(Cholet)
Rue_du_Commerce_(Paris)
Rue_du_Commerce_(Tours)
Rue_du_Commerce_(entreprise)
Rue_du_Commerce_(société)
Rue_du_Congo
Rue_du_Conseil
Rue_du_Conseil-Souverain
Rue_du_Conseil-des-Cent
Rue_du_Conseil_des_Cent
Rue_du_Conseiller-Collignon
Rue_du_Conseiller_Collignon
Rue_du_Conservatoire
Rue_du_Consulat
Rue_du_Consulat_(Limoges)
Rue_du_Contrat-Social
Rue_du_Contrat-Social_(Paris)
Rue_du_Contrat-Social_(Rouen)
Rue_du_Contrat_Social
Rue_du_Conventionnel-Chiappe
Rue_du_Conventionnel_Chiappe
Rue_du_Coq
Rue_du_Coq-Saint-Honoré
Rue_du_Coq-Saint-Jean
Rue_du_Coq-d'Inde
Rue_du_Coq-d'Inde_(Bruxelles)
Rue_du_Coq-d'Inde_(Toulouse)
Rue_du_Coq_(Liège)
Rue_du_Coq_(Strasbourg)
Rue_du_Corbeau
Rue_du_Corbeau_(Bruxelles)
Rue_du_Corbillon
Rue_du_Cotentin
Rue_du_Coton
Rue_du_Coudray
Rue_du_Coup-de-Baston
Rue_du_Craetveld
Rue_du_Croissant
Rue_du_Croissant_(Bruxelles)
Rue_du_Croissant_(Paris)
Rue_du_Crucifix-Saint-Jacques-de-la-Boucherie
Rue_du_Crucifix-Saint-Jacques-la-Boucherie
Rue_du_Curé
Rue_du_Curé-Saint-Étienne
Rue_du_Curé-Saint-Étienne_(Lille)
Rue_du_Cygne
Rue_du_Cygne_(Paris)
Rue_du_Dahlia
Rue_du_Dahlia_(Bruxelles)
Rue_du_Dahomey
Rue_du_Dauphin
Rue_du_Dauphin_(Charleroi)
Rue_du_Delta
Rue_du_Delta-Lafayette
Rue_du_Demi-Saint
Rue_du_Depart
Rue_du_Dessous-des-Berges
Rue_du_Dessous_des_Berges
Rue_du_Diamant
Rue_du_Disque
Rue_du_Dix-Décembre
Rue_du_Dobropol
Rue_du_Docteur
Rue_du_Docteur-Albert-Schweitzer
Rue_du_Docteur-Babinski
Rue_du_Docteur-Bauer
Rue_du_Docteur-Blanche
Rue_du_Docteur-Bourneville
Rue_du_Docteur-Charles-Richet
Rue_du_Docteur-Edmond-Locard
Rue_du_Docteur-Escat
Rue_du_Docteur-Ferron
Rue_du_Docteur-Ferroul
Rue_du_Docteur-Finlay
Rue_du_Docteur-Germain-Sée
Rue_du_Docteur-Goujon
Rue_du_Docteur-Heulin
Rue_du_Docteur-Jacquemaire-Clemenceau
Rue_du_Docteur-Jacquemaire-Clémenceau
Rue_du_Docteur-Jean-Arlaud
Rue_du_Docteur-Jean-Fiolle
Rue_du_Docteur-Labbé
Rue_du_Docteur-Lamaze
Rue_du_Docteur-Lancereaux
Rue_du_Docteur-Landouzy
Rue_du_Docteur-Laurent
Rue_du_Docteur-Lecène
Rue_du_Docteur-Leray
Rue_du_Docteur-Leroy
Rue_du_Docteur-Lucas-Championnière
Rue_du_Docteur-Léon-Perrin
Rue_du_Docteur-Magnan
Rue_du_Docteur-Paquelin
Rue_du_Docteur-Paul-Brousse
Rue_du_Docteur-Pesqué
Rue_du_Docteur-Pesqué_(Aubervilliers)
Rue_du_Docteur-Potain
Rue_du_Docteur-Roux
Rue_du_Docteur-Schmitt
Rue_du_Docteur-Thomas
Rue_du_Docteur-Tuffier
Rue_du_Docteur-Victor-Hutinel
Rue_du_Docteur_Albert_Schweitzer
Rue_du_Docteur_Bauer
Rue_du_Docteur_Blanche
Rue_du_Docteur_Edmond_Locard
Rue_du_Docteur_Fiolle
Rue_du_Docteur_Jacquemaire_Clémenceau
Rue_du_Docteur_Jean_Fiolle
Rue_du_Docteur_Lancereaux
Rue_du_Donjon
Rue_du_Donjon_(Bruxelles)
Rue_du_Douanier-Rousseau
Rue_du_Douanier-Rousseau_(Laval)
Rue_du_Douanier-Rousseau_(Paris)
Rue_du_Dragon
Rue_du_Duc-Antoine
Rue_du_Duc-Raoul
Rue_du_Duc-de-Bordeaux
Rue_du_Duc-de-Bourgogne
Rue_du_Duc_Raoul
Rue_du_Duc_de_Bourgogne
Rue_du_Débarcadère
Rue_du_Départ
Rue_du_Départ_(Paris)
Rue_du_Départ_(film)
Rue_du_Département
Rue_du_Dévidoir
Rue_du_Dôme
Rue_du_Dôme_(Laval)
Rue_du_Dôme_(Paris)
Rue_du_Dôme_(Strasbourg)
Rue_du_Facteur
Rue_du_Faisan
Rue_du_Faisan_(Strasbourg)
Rue_du_Faubourg-Bonnefoy
Rue_du_Faubourg-Franciade
Rue_du_Faubourg-Montmartre
Rue_du_Faubourg-Poissonnière
Rue_du_Faubourg-Saint-Antoine
Rue_du_Faubourg-Saint-Denis
Rue_du_Faubourg-Saint-Denis_(Paris)
Rue_du_Faubourg-Saint-Honore
Rue_du_Faubourg-Saint-Honoré
Rue_du_Faubourg-Saint-Jacques
Rue_du_Faubourg-Saint-Laurent
Rue_du_Faubourg-Saint-Lazare
Rue_du_Faubourg-Saint-Martin
Rue_du_Faubourg-de-Gloire
Rue_du_Faubourg-de-Saverne
Rue_du_Faubourg-du-Roule
Rue_du_Faubourg-du-Temple
Rue_du_Faubourg_Saint-Antoine
Rue_du_Faubourg_Saint-Denis
Rue_du_Faubourg_Saint-Honoré
Rue_du_Faubourg_Saint-Jacques
Rue_du_Faubourg_Saint-Laurent
Rue_du_Faubourg_Saint-Martin
Rue_du_Faubourg_de_Saverne
Rue_du_Faubourg_du_Temple
Rue_du_Fauconnier
Rue_du_Fer-a-Moulin
Rue_du_Fer-à-Moulin
Rue_du_Fer_à_Moulin
Rue_du_Figuier
Rue_du_Figuier_(Paris)
Rue_du_Fil
Rue_du_Fil_(Strasbourg)
Rue_du_Foin
Rue_du_Foin-Saint-Jacques
Rue_du_Foin-au-Marais
Rue_du_Foin_(Paris,_ancienne)
Rue_du_Forez
Rue_du_Forgeron
Rue_du_Fort
Rue_du_Fort_(Strasbourg)
Rue_du_Fossé-des-Orphelins
Rue_du_Fossé-des-Tailleurs
Rue_du_Fossé_aux_Loups
Rue_du_Fouare
Rue_du_Fouarre
Rue_du_Four
Rue_du_Four-Basset
Rue_du_Four-Saint-Germain
Rue_du_Four-Saint-Honoré
Rue_du_Four-Saint-Jacques
Rue_du_Four_(Nancy)
Rue_du_Four_(Paris)
Rue_du_Fourbastard
Rue_du_Foyer_Schaerbeekois
Rue_du_Franc-Meurier
Rue_du_Fret
Rue_du_Férétra
Rue_du_Gabon
Rue_du_Gardon
Rue_du_Gazomètre
Rue_du_Germoir
Rue_du_Gindre
Rue_du_Gouvernement_(Charleroi)
Rue_du_Grand-Chantier
Rue_du_Grand-Chemin
Rue_du_Grand-Hurleur
Rue_du_Grand-Marché_(Tours)
Rue_du_Grand-Marivaux
Rue_du_Grand-Prieuré
Rue_du_Grand-Rabbin-Haguenauer
Rue_du_Grand-Rabbin_Haguenauer
Rue_du_Grand-Veneur
Rue_du_Grand_Chantier
Rue_du_Grenier-Saint-Lazare
Rue_du_Grenier-sur-l'Eau
Rue_du_Grenier-sur-l’Eau
Rue_du_Grenier_Saint-Lazare
Rue_du_Grenier_sur_l'Eau
Rue_du_Griffon
Rue_du_Gril
Rue_du_Gros-Caillou
Rue_du_Gros-Caillou_(Paris,_ancienne)
Rue_du_Gros-Chenet
Rue_du_Gros-Horloge
Rue_du_Gros-Pet
Rue_du_Gros_Horloge
Rue_du_Groupe-Manouchian
Rue_du_Guignier
Rue_du_Général-Alain-de-Boissieu
Rue_du_Général-Anselin
Rue_du_Général-Appert
Rue_du_Général-Archinard
Rue_du_Général-Aubé
Rue_du_Général-Baratier
Rue_du_Général-Battesti
Rue_du_Général-Bertrand
Rue_du_Général-Bertrand_(Liège)
Rue_du_Général-Bertrand_(Paris)
Rue_du_Général-Beuret
Rue_du_Général-Blaise
Rue_du_Général-Brunet
Rue_du_Général-Buat
Rue_du_Général-Camou
Rue_du_Général-Clergerie
Rue_du_Général-Delestraint
Rue_du_Général-Delestraint_(Paris)
Rue_du_Général-Estienne
Rue_du_Général-Estienne_(Reims)
Rue_du_Général-Fabvier
Rue_du_Général-Foy
Rue_du_Général-Gallieni
Rue_du_Général-Gallieni_(Rosny-sous-Bois)
Rue_du_Général-Galliéni_(Rosny-sous-Bois)
Rue_du_Général-Giraud
Rue_du_Général-Grossetti
Rue_du_Général-Guilhem
Rue_du_Général-Guillaumat
Rue_du_Général-Henrion-Bertier
Rue_du_Général-Henrys
Rue_du_Général-Humbert
Rue_du_Général-Lambert
Rue_du_Général-Langlois
Rue_du_Général-Lanrezac
Rue_du_Général-Largeau
Rue_du_Général-Lasalle
Rue_du_Général-Leclerc
Rue_du_Général-Leclerc-de-Hauteclocque
Rue_du_Général-Leclerc_(Bois-Colombes)
Rue_du_Général-Leclerc_(Issy-les-Moulineaux)
Rue_du_Général-Leclerc_(Le_Kremlin-Bicêtre)
Rue_du_Général-Leclerc_(Louveciennes)
Rue_du_Général-Leclerc_(Rosny-sous-Bois)
Rue_du_Général-Leclerc_(Rouen)
Rue_du_Général-Lucotte
Rue_du_Général-Malleterre
Rue_du_Général-Michel-Bizot
Rue_du_Général-Niessel
Rue_du_Général-Niox
Rue_du_Général-Renault
Rue_du_Général-Roguet
Rue_du_Général-Roguet_(Clichy)
Rue_du_Général-Roques
Rue_du_Général-Sarrail
Rue_du_Général-Séré-de-Rivières
Rue_du_Général-de-Castelnau
Rue_du_Général-de-Gaulle
Rue_du_Général-de-Gaulle_(Laval)
Rue_du_Général-de-Gaulle_(Reims)
Rue_du_Général-de-Langle-de-Cary
Rue_du_Général-de-Larminat
Rue_du_Général-de-Maud'Huy
Rue_du_Général-de-Maud'huy
Rue_du_Général-d’Andigné
Rue_du_Général_Baratier
Rue_du_Général_Bertrand
Rue_du_Général_Beuret
Rue_du_Général_Foy
Rue_du_Général_Lambert
Rue_du_Général_Plessier
Rue_du_Général_Sarrail
Rue_du_Général_de_Castelnau
Rue_du_Général_de_Langle_de_Cary
Rue_du_Général_de_Larminat
Rue_du_Géorama
Rue_du_Hainaut
Rue_du_Hameau
Rue_du_Harlay
Rue_du_Hasard
Rue_du_Haut-Bourgeois
Rue_du_Haut-Moulin
Rue_du_Haut-Moulin-du-Temple
Rue_du_Haut-Moulin-en-la-Cité
Rue_du_Haut-Pavé
Rue_du_Havre
Rue_du_Havre_(Paris)
Rue_du_Havre_(film)
Rue_du_Havre_(roman)
Rue_du_Havre_(téléfilm)
Rue_du_Helder
Rue_du_Houyoux
Rue_du_Houyoux_(Bruxelles)
Rue_du_Hoyoux
Rue_du_Huit-Mai-1945
Rue_du_Hurepoix
Rue_du_Japon
Rue_du_Jard
Rue_du_Jardin-Botanique
Rue_du_Jardin-des-Plantes
Rue_du_Jardin-du-Roi
Rue_du_Jardin_botanique
Rue_du_Jardin_des_Olives
Rue_du_Jardinet
Rue_du_Javelot
Rue_du_Jour
Rue_du_Jourdain
Rue_du_Jura
Rue_du_Kremlin
Rue_du_Ladhof
Rue_du_Landreau
Rue_du_Landy
Rue_du_Landy_(Clichy)
Rue_du_Landy_(Seine-Saint-Denis)
Rue_du_Languedoc
Rue_du_Laos
Rue_du_Laveu
Rue_du_Liban
Rue_du_Lieutenant-Chauré
Rue_du_Lieutenant-Colonel-Dax
Rue_du_Lieutenant-Colonel-Deport
Rue_du_Lieutenant-Colonel-Pélissier
Rue_du_Lieutenant-Colonel_Pélissier
Rue_du_Lieutenant-Colpin_(Lille)
Rue_du_Lieutenant-Herduin
Rue_du_Lieutenant-Lapeyre
Rue_du_Lieutenant_Colpin_(Lille)
Rue_du_Lieutenant_Herduin
Rue_du_Lieuvin
Rue_du_Logiciel-Libre
Rue_du_Loing
Rue_du_Loiret
Rue_du_Lombard
Rue_du_Lombard_(Bruxelles)
Rue_du_Lombard_(Lille)
Rue_du_Loquidy
Rue_du_Louvre
Rue_du_Louvre_(homonymie)
Rue_du_Lunain
Rue_du_Luxembourg
Rue_du_Lycée
Rue_du_Lycée_(Colmar)
Rue_du_Lycée_(Laval)
Rue_du_Lycée_(Nancy)
Rue_du_Lycée_(Paris)
Rue_du_Léman
Rue_du_Mai
Rue_du_Mail
Rue_du_Mail_(Angers)
Rue_du_Mail_(Lyon)
Rue_du_Mail_(Paris)
Rue_du_Mail_(Rouen)
Rue_du_Maine
Rue_du_Mambour
Rue_du_Manège
Rue_du_Manège_(Colmar)
Rue_du_Manège_(Nancy)
Rue_du_Marais
Rue_du_Marais-Vert
Rue_du_Marais_(Bruxelles)
Rue_du_Marais_(Nantes)
Rue_du_Marais_Vert
Rue_du_Marc
Rue_du_Marc_(Reims)
Rue_du_Marche-au-Charbon
Rue_du_Marchis
Rue_du_Marchis_(Laval)
Rue_du_Marchix
Rue_du_Marché
Rue_du_Marché-Neuf
Rue_du_Marché-Ordener
Rue_du_Marché-Palu
Rue_du_Marché-Popincourt
Rue_du_Marché-Saint-Honoré
Rue_du_Marché-au-Charbon
Rue_du_Marché-aux-Fleurs
Rue_du_Marché-aux-Fromages
Rue_du_Marché-aux-Herbes
Rue_du_Marché-aux-Poirées
Rue_du_Marché-des-Blancs-Manteaux
Rue_du_Marché-des-Capucins
Rue_du_Marché-des-Patriarches
Rue_du_Marché_(Nanterre)
Rue_du_Marché_au_Charbon
Rue_du_Marché_aux_Fromages
Rue_du_Marché_aux_Herbes
Rue_du_Marché_aux_Peaux
Rue_du_Marché_des_Patriarches
Rue_du_Maroc
Rue_du_Maroquin
Rue_du_Marquis-d'Arlandes
Rue_du_Martroi-Saint-Jean
Rue_du_Maréchal-Foch
Rue_du_Maréchal-Harispe
Rue_du_Maréchal-Joffre
Rue_du_Maréchal-Joffre_(Pau)
Rue_du_Maréchal-Leclerc
Rue_du_Maréchal-Leclerc_(Saint-Denis)
Rue_du_Maréchal-Leclerc_(Saint-Denis,_La_Réunion)
Rue_du_Maréchal-Leclerc_(Saint-Maurice,_Val-de-Marne)
Rue_du_Maréchal-Maunoury
Rue_du_Maréchal-Maunoury_(Rosny-sous-Bois)
Rue_du_Maréchal-Oudinot
Rue_du_Maréchal-Pétain
Rue_du_Maréchal_Foch
Rue_du_Maréchal_Oudinot
Rue_du_Maure
Rue_du_Maure-Qui-Trompe
Rue_du_Maure-qui-Trompe
Rue_du_May
Rue_du_Midi
Rue_du_Milieu
Rue_du_Milieu-des-Ursins
Rue_du_Miroir
Rue_du_Miroir_(Strasbourg)
Rue_du_Moine
Rue_du_Molinel
Rue_du_Monastère
Rue_du_Monceau-Saint-Gervais
Rue_du_Monde
Rue_du_Mont-Aigoual
Rue_du_Mont-Blanc
Rue_du_Mont-Blanc_(Paris)
Rue_du_Mont-Cenis
Rue_du_Mont-Dore
Rue_du_Mont-Louis
Rue_du_Mont-Thabor
Rue_du_Mont-Valérien
Rue_du_Mont-Valérien_(Saint-Cloud)
Rue_du_Mont-Valérien_(Suresnes)
Rue_du_Mont-d'Arène
Rue_du_Mont-de-Piété
Rue_du_Mont_Saint-Martin
Rue_du_Montparnasse
Rue_du_More
Rue_du_Morvan
Rue_du_Moulin
Rue_du_Moulin-Joly
Rue_du_Moulin-Vert
Rue_du_Moulin-de-Beurre
Rue_du_Moulin-de-la-Garde
Rue_du_Moulin-de-la-Pointe
Rue_du_Moulin-de-la-Vierge
Rue_du_Moulin-des-Lapins
Rue_du_Moulin-des-Prés
Rue_du_Moulin-du-Château
Rue_du_Moulin_(Bruxelles)
Rue_du_Moulin_(Nancy)
Rue_du_Moulin_(Nantes)
Rue_du_Moulin_de_la_Pointe_(Paris)
Rue_du_Moulin_à_Papier
Rue_du_Moulin_à_Vent
Rue_du_Moulinet
Rue_du_Moutier
Rue_du_Moutier_(Aubervilliers)
Rue_du_Mouton
Rue_du_Mouton_(Colmar)
Rue_du_Mouton_(Paris)
Rue_du_Mouton_Blanc
Rue_du_Murier
Rue_du_Musée
Rue_du_Médoc
Rue_du_Méry
Rue_du_Mûrier
Rue_du_Niger
Rue_du_Nil
Rue_du_Nord
Rue_du_Nord-Belge
Rue_du_Nord_(Colmar)
Rue_du_Nord_(Paris)
Rue_du_Nord_(Paris,_ancienne)
Rue_du_Noyer
Rue_du_Noyer-Durand
Rue_du_Noyer_(Bruxelles)
Rue_du_Onze-Novembre_(Cannes)
Rue_du_Page
Rue_du_Page_(Bruxelles)
Rue_du_Page_(Ixelles)
Rue_du_Palais
Rue_du_Palais-Grillet
Rue_du_Palais-des-Thermes
Rue_du_Palais_(Liège)
Rue_du_Palais_(Lyon)
Rue_du_Panier
Rue_du_Paon
Rue_du_Paon-Blanc
Rue_du_Paon-Saint-André
Rue_du_Paon-Saint-Germain
Rue_du_Paon-Saint-Victor
Rue_du_Paon_(Strasbourg)
Rue_du_Parc
Rue_du_Parc-Royal
Rue_du_Parc-de-Montsouris
Rue_du_Parc_(Liège)
Rue_du_Parc_(Noisy-le-Sec)
Rue_du_Parc_Royal
Rue_du_Parchemin
Rue_du_Parlement
Rue_du_Parvis
Rue_du_Pas-de-la-Mule
Rue_du_Pas_de_la_Mule
Rue_du_Pasteur-Marc-Boegner
Rue_du_Pasteur-Wagner
Rue_du_Pavillon
Rue_du_Pavillon_(Bruxelles)
Rue_du_Pavé_de_la_Place-Maubert
Rue_du_Peloponnèse
Rue_du_Peloponnèse_(Evere)
Rue_du_Pensionnat
Rue_du_Pensionnat_(Paris)
Rue_du_Perche
Rue_du_Pet-au-Diable
Rue_du_Petit-Bacchus
Rue_du_Petit-Banquier
Rue_du_Petit-Bourbon
Rue_du_Petit-Bourbon-Louvre
Rue_du_Petit-Bourbon-Saint-Sulpice
Rue_du_Petit-Bourgeois
Rue_du_Petit-Champlain
Rue_du_Petit-Crucifix
Rue_du_Petit-David
Rue_du_Petit-Four
Rue_du_Petit-Four-Saint-Hilaire
Rue_du_Petit-Hurleur
Rue_du_Petit-Lion
Rue_du_Petit-Lyon
Rue_du_Petit-Marivaux
Rue_du_Petit-Moine
Rue_du_Petit-Musc
Rue_du_Petit-Paon
Rue_du_Petit-Paris_(Metz)
Rue_du_Petit-Pont
Rue_du_Petit-Puits
Rue_du_Petit-Saint-Jean
Rue_du_Petit-musc
Rue_du_Petit_Four
Rue_du_Petit_Heuleu
Rue_du_Peuplier
Rue_du_Pic-de-Barrette
Rue_du_Pied-de-Biche
Rue_du_Pied-de-Boeuf
Rue_du_Pied-de-Bœuf
Rue_du_Pied_de_Grue
Rue_du_Pila-Saint-Gély
Rue_du_Pila_Saint_Gély
Rue_du_Pilier
Rue_du_Pilier_(Aubervilliers)
Rue_du_Pin
Rue_du_Pin-Doré
Rue_du_Pin-Doré_(Laval)
Rue_du_Pinson
Rue_du_Pinson_(Bruxelles)
Rue_du_Pipay
Rue_du_Placieux
Rue_du_Plan_Incliné
Rue_du_Plat
Rue_du_Plat-d'Étain
Rue_du_Plat_(Lille)
Rue_du_Plat_(Lyon)
Rue_du_Plateau
Rue_du_Plâtre
Rue_du_Plâtre-Saint-Jacques
Rue_du_Plâtre-au-Marais
Rue_du_Plâtre_(Lyon)
Rue_du_Plâtre_(Paris)
Rue_du_Plâtre_Saint-Jacques
Rue_du_Poids-de-l'Huile
Rue_du_Poil-au-Con
Rue_du_Point-du-Jour
Rue_du_Point-du-Jour_(Boulogne-Billancourt)
Rue_du_Poirier
Rue_du_Poitou
Rue_du_Ponceau
Rue_du_Pont-Guilheméry
Rue_du_Pont-Louis-Philippe
Rue_du_Pont-Mouja
Rue_du_Pont-Neuf
Rue_du_Pont-Neuf_(Lille)
Rue_du_Pont-Neuf_(Paris)
Rue_du_Pont-Notre-Dame
Rue_du_Pont-Saint-Michel
Rue_du_Pont-Sauvetout
Rue_du_Pont-au-Change
Rue_du_Pont-aux-Biches-Saint-Martin
Rue_du_Pont-aux-Choux
Rue_du_Pont-de-Lodi
Rue_du_Pont-de-Mayenne
Rue_du_Pont-de-Pont-Rousseau
Rue_du_Pont-de-Tounis
Rue_du_Pont-de-l'Arche-de-Mauves
Rue_du_Pont-à-Raismes
Rue_du_Pont-à-Raisnes
Rue_du_Pont_(Liège)
Rue_du_Pont_Neuf
Rue_du_Pont_de_Mayenne
Rue_du_Pont_À_Raismes
Rue_du_Porce
Rue_du_Port
Rue_du_Port-au-Vin
Rue_du_Port_(Saint-Denis)
Rue_du_Port_Saint-Landry
Rue_du_Pot-de-Fer
Rue_du_Pot-de-Fer-Saint-Sulpice
Rue_du_Pot-de-fer_(Paris)
Rue_du_Pot_d'Or
Rue_du_Potay
Rue_du_Poteau
Rue_du_Poumon
Rue_du_Pourtour
Rue_du_Pourtour-Saint-Gervais
Rue_du_Prado
Rue_du_Pressoir
Rue_du_Prieuré
Rue_du_Prieuré_(Toulouse)
Rue_du_Priez
Rue_du_Priez_(Lille)
Rue_du_Prince_(Pérouges)
Rue_du_Prince_Michel
Rue_du_Printemps
Rue_du_Printemps_(Bruxelles)
Rue_du_Printemps_(Paris)
Rue_du_Professeur-Florian-Delbarre
Rue_du_Professeur-Gosset
Rue_du_Professeur-Hyacinthe-Vincent
Rue_du_Professeur-Louis-Renault
Rue_du_Progres
Rue_du_Progrès
Rue_du_Progrès_(Bruxelles)
Rue_du_Progrès_(Le_Pré-Saint-Gervais)
Rue_du_Progrès_(Nantes)
Rue_du_Progrès_(Paris)
Rue_du_Prolétaire_rouge
Rue_du_Pré
Rue_du_Pré-Gauchet
Rue_du_Pré-Nian
Rue_du_Pré-Saint-Gervais
Rue_du_Pré-Saint-Gervais_(Pantin)
Rue_du_Pré-aux-Chevaux
Rue_du_Pré-aux-Clercs
Rue_du_Pré-de-la-Bataille
Rue_du_Pré_de_la_bataille
Rue_du_Président
Rue_du_Président-Carnot
Rue_du_Président-Wilson
Rue_du_Président-Wilson_(Levallois-Perret)
Rue_du_Président-Édouard-Herriot
Rue_du_Président_de_Gerlache
Rue_du_Prévôt
Rue_du_Puits
Rue_du_Puits-Artésien
Rue_du_Puits-Certain
Rue_du_Puits-Mauconseil
Rue_du_Puits-Vert
Rue_du_Puits-aux-Marais
Rue_du_Puits-d'Amour
Rue_du_Puits-d'Argent
Rue_du_Puits-de-L'Ermite
Rue_du_Puits-de-l'Ermite
Rue_du_Puits-du-Chapitre
Rue_du_Puits-du-Fer
Rue_du_Puits-qui-Parle
Rue_du_Puits_(Strasbourg)
Rue_du_Purgatoire
Rue_du_Pâquier
Rue_du_Père-Brottier
Rue_du_Père-Corentin
Rue_du_Père-Guérin
Rue_du_Père-Julien-Dhuit
Rue_du_Père-Prosper-Enfantin
Rue_du_Père-Teilhard-de-Chardin
Rue_du_Pélican
Rue_du_Péloponnèse
Rue_du_Périgord
Rue_du_Pôle-Nord
Rue_du_Quatre-Septembre
Rue_du_Quatre-Septembre_(Aix-en-Provence)
Rue_du_Quatre-Septembre_(Paris)
Rue_du_Quatrième-Zouaves
Rue_du_Radium
Rue_du_Railway
Rue_du_Ranelagh
Rue_du_Ranzay
Rue_du_Refuge
Rue_du_Refuge_(Marseille)
Rue_du_Refuge_(Nantes)
Rue_du_Regard
Rue_du_Rempart
Rue_du_Rempart-Matabiau
Rue_du_Rempart-Saint-Étienne
Rue_du_Rempart-Villeneuve
Rue_du_Rempart_(Colmar)
Rue_du_Rempart_(Paris)
Rue_du_Rempart_(homonymie)
Rue_du_Renard
Rue_du_Renard_(4e_arrondissement_de_Paris)
Rue_du_Renard_(Paris)
Rue_du_Renard_(Rouen)
Rue_du_Rendez-Vous
Rue_du_Repos
Rue_du_Repos_(Bruxelles)
Rue_du_Repos_(Paris)
Rue_du_Repos_(Stains)
Rue_du_Retrait
Rue_du_Rhin
Rue_du_Rhône
Rue_du_Rocher
Rue_du_Roi-Albert
Rue_du_Roi-Albert_(Nantes)
Rue_du_Roi-Baco
Rue_du_Roi-Dore
Rue_du_Roi-Doré
Rue_du_Roi-d'Alger
Rue_du_Roi-de-Sicile
Rue_du_Roi-d’Alger
Rue_du_Roi_de_Sicile
Rue_du_Rosaire
Rue_du_Rouet
Rue_du_Rouge-Cloître
Rue_du_Roule
Rue_du_Ruisseau
Rue_du_Ruisseau_(Bruxelles)
Rue_du_Ruisseau_(Paris)
Rue_du_Ruisselet
Rue_du_Réduit
Rue_du_Réduit_(Lille)
Rue_du_Rêwe
Rue_du_Sablon
Rue_du_Sabot
Rue_du_Sahel
Rue_du_Saint-Esprit
Rue_du_Saint-Gothard
Rue_du_Saint-Sacrement
Rue_du_Salé
Rue_du_Sanglier
Rue_du_Sanhédrin
Rue_du_Saphir
Rue_du_Saphir_(Bruxelles)
Rue_du_Sauvage
Rue_du_Sauvage_(Mulhouse)
Rue_du_Savon
Rue_du_Savon_(Strasbourg)
Rue_du_Sentier
Rue_du_Sentier_(Paris)
Rue_du_Sergent-Bauchat
Rue_du_Sergent-Blandan
Rue_du_Sergent-Blandan_(Lyon)
Rue_du_Sergent-Blandan_(Nancy)
Rue_du_Sergent-Hoff
Rue_du_Sergent-Maginot
Rue_du_Sergent_Bauchat
Rue_du_Sergent_Hoff
Rue_du_Serpentin_34
Rue_du_Simplon
Rue_du_Soleil
Rue_du_Soleil_(Bruxelles)
Rue_du_Soleil_(Paris)
Rue_du_Sommerard
Rue_du_Sommet-des-Alpes
Rue_du_Soudan
Rue_du_Souvenir
Rue_du_Souvenir_(Lyon)
Rue_du_Square-Carpeaux
Rue_du_Stade
Rue_du_Stalon
Rue_du_Suffrage_Universel
Rue_du_Suissel
Rue_du_Surmelin
Rue_du_Séjour
Rue_du_Sénéchal
Rue_du_Sénégal
Rue_du_Sépulcre
Rue_du_Tabac
Rue_du_Taciturne
Rue_du_Tage
Rue_du_Tambour_(Pérouges)
Rue_du_Tambour_(Reims)
Rue_du_Tapis-Vert
Rue_du_Taur
Rue_du_Temple
Rue_du_Temple-Neuf
Rue_du_Temple_(Lyon)
Rue_du_Temple_(Paris)
Rue_du_Temple_(Reims)
Rue_du_Temps
Rue_du_Terrage
Rue_du_Terrier-aux-Lapins
Rue_du_Terris
Rue_du_Terris_(Liège)
Rue_du_Texel
Rue_du_Théâtre
Rue_du_Thêatre
Rue_du_Tibre
Rue_du_Tilleul
Rue_du_Tilleul_(Bruxelles)
Rue_du_Tonkin
Rue_du_Tonnelet-Rouge
Rue_du_Tourniquet
Rue_du_Tourniquet-Saint-Jean
Rue_du_Traihoir
Rue_du_Transit
Rue_du_Transvaal
Rue_du_Triangle
Rue_du_Trou-Bernart
Rue_du_Trépied
Rue_du_Trésor
Rue_du_Trésor_(Reims)
Rue_du_Trésorier
Rue_du_Tunnel
Rue_du_Télégraphe
Rue_du_Télégraphe_(ancienne)
Rue_du_Val-d'Or
Rue_du_Val-d'Or_(Saint-Cloud_et_Suresnes)
Rue_du_Val-de-Grâce
Rue_du_Val-de-Marne
Rue_du_Val_d'Or_(Saint-Cloud_et_Suresnes)
Rue_du_Vallon-des-Auffes
Rue_du_Verger
Rue_du_Vertbois
Rue_du_Vertbois_(Liège)
Rue_du_Vertbois_(Paris)
Rue_du_Vieil-Hôpital
Rue_du_Vieil-Hôpital_(Nantes)
Rue_du_Vieil-Hôpital_(Strasbourg)
Rue_du_Vieux-Colombier
Rue_du_Vieux-Faubourg
Rue_du_Vieux-Saint-Louis
Rue_du_Vieux-Seigle
Rue_du_Vieux_Colombier
Rue_du_Vieux_Faubourg
Rue_du_Vieux_Faubourg_(Lille)
Rue_du_Vieux_Mayeur
Rue_du_Vieux_Moulin
Rue_du_Village
Rue_du_Village_(Court-Saint-Étienne)
Rue_du_Villageois
Rue_du_Vin-le-Roy
Rue_du_Vingt-Neuf-Juillet
Rue_du_Volga
Rue_du_bac
Rue_du_berger,_16-18_(Ixelles)
Rue_du_bois-de-boulogne
Rue_du_bourg_(Thiers)
Rue_du_bras_de_fer
Rue_du_buis
Rue_du_cardinal-lemoine
Rue_du_cardinal_Lemoine
Rue_du_chapitre
Rue_du_chat-qui-pêche
Rue_du_chaume
Rue_du_cherche-midi
Rue_du_chevaleret
Rue_du_chevalier-de-la-barre
Rue_du_château-des-rentiers
Rue_du_cinéma
Rue_du_clown_triste
Rue_du_cloître-saint-merri
Rue_du_colonel-Chambonnet_(Lyon)
Rue_du_colonel_Renard
Rue_du_commerce
Rue_du_commerce_(paris)
Rue_du_coton
Rue_du_dahlia
Rue_du_depart
Rue_du_dessous-des-berges
Rue_du_docteur_Thomas
Rue_du_dragon
Rue_du_départ
Rue_du_facteur
Rue_du_faubourg-saint-antoine
Rue_du_faubourg-saint-denis
Rue_du_faubourg-saint-honoré
Rue_du_fer-à-moulin
Rue_du_forez
Rue_du_gros-horloge
Rue_du_général_Battesti
Rue_du_général_Brunet
Rue_du_général_de_Gaulle
Rue_du_huit-mai-1945
Rue_du_logiciel_libre
Rue_du_loiret
Rue_du_louvre
Rue_du_marais
Rue_du_marché-au-charbon
Rue_du_marché_des_Capucins
Rue_du_maréchal-Gérard_(Nancy)
Rue_du_monde
Rue_du_moulin-de-la-pointe
Rue_du_nord
Rue_du_noyer
Rue_du_parc_de_Kaleva
Rue_du_parc_royal
Rue_du_perche
Rue_du_petit-musc
Rue_du_pied_de_grue
Rue_du_pinson
Rue_du_pont-aux-choux
Rue_du_pont_Saint-Jaime
Rue_du_pot-de-fer
Rue_du_prado
Rue_du_progrès
Rue_du_prolétaire_rouge
Rue_du_quatre-septembre
Rue_du_radium
Rue_du_rempart
Rue_du_rempart_(fortification)
Rue_du_rempart_(fortification_polygonale)
Rue_du_renard
Rue_du_rendez-vous
Rue_du_retrait_(film)
Rue_du_roi-doré
Rue_du_roi_Fayçal
Rue_du_ruisseau
Rue_du_sahel
Rue_du_saphir
Rue_du_sauvage_(mulhouse)
Rue_du_square_Montsouris
Rue_du_temple
Rue_du_temps
Rue_du_vieux-colombier
Rue_du_volga
Rue_duguay-trouin
Rue_d’Abbeville
Rue_d’Aboukir
Rue_d’Aguesseau
Rue_d’Alembert
Rue_d’Alep
Rue_d’Alexandrie
Rue_d’Alger
Rue_d’Aligre
Rue_d’Alésia
Rue_d’Amboise
Rue_d’Amboise_(Petit-Montrouge)
Rue_d’Amsterdam
Rue_d’Andigné
Rue_d’Angoulême
Rue_d’Angoulême-Saint-Honoré
Rue_d’Anjou
Rue_d’Anjou_(Reims)
Rue_d’Antin
Rue_d’Arcole
Rue_d’Argentine
Rue_d’Argout
Rue_d’Armaillé
Rue_d’Artagnan
Rue_d’Artois
Rue_d’Artois_(9e_arrondissement_de_Paris)
Rue_d’Assas
Rue_d’Assaut
Rue_d’Astorg
Rue_d’Athènes
Rue_d’Aubagne
Rue_d’Aubervilliers
Rue_d’Aumale
Rue_d’Aumale_(19e_arrondissement_de_Paris)
Rue_d’Aumale_(Bruxelles)
Rue_d’Aumale_(Paris)
Rue_d’Austerlitz
Rue_d’Austerlitz_(Lyon)
Rue_d’Austerlitz_(Paris)
Rue_d’Autriche
Rue_d’Avron
Rue_d’Enghien
Rue_d’Estrées
Rue_d’Eupatoria
Rue_d’Hauteville
Rue_d’Hautpoul
Rue_d’Obligado
Rue_d’Oradour-sur-Glane
Rue_d’Ormesson
Rue_d’Ouessant
Rue_d’Ulm
Rue_dՃcosse_(Paris)
Rue_dՃdimbourg
Rue_dՃdimbourg_(Paris)
Rue_dՃpinal
Rue_dՃpinal_(Nancy)
Rue_et_place_Couchot
Rue_et_place_Couchot_(Bar-le-Duc)
Rue_et_place_couchot_(bar-le-duc)
Rue_et_place_des_Wallons
Rue_francis_davso
Rue_françois-joseph_navez
Rue_françoise-duparc
Rue_frédéric-sauton
Rue_fétide
Rue_gasnier-guy
Rue_gay-lussac
Rue_gourmande
Rue_haute
Rue_haute_(film)
Rue_jacques-ibert
Rue_jacques-kellner
Rue_jacques-louvel-tessier
Rue_jean-baptiste-berlier
Rue_jean-baptiste_brems
Rue_jean-jaurès
Rue_jean-talon
Rue_jeanne-d'arc
Rue_jeanne-d'arc_(paris)
Rue_jeanne-d'arc_(rouen)
Rue_jeanne-hachette
Rue_jules-chaplain
Rue_kétanou
Rue_l'Espérance
Rue_l'Olive
Rue_la_Tour-d'Auvergne
Rue_le_Bastard
Rue_louis-vicat
Rue_louise-weiss
Rue_léon-frot
Rue_mallet_stevens
Rue_maurice_des_ombiaux
Rue_michel-le-comte
Rue_militaire
Rue_militaire_(fortification)
Rue_monseigneur-lavarenne
Rue_monsieur-le-prince
Rue_neuve
Rue_notre-dame-des-champs
Rue_nouvelle
Rue_o_Corbel
Rue_o_Fevre
Rue_o_Ponel
Rue_o_Serf
Rue_officinale
Rue_ordener
Rue_oscar-roty
Rue_paul-féval
Rue_pavoisée
Rue_pevtcheski
Rue_pierre-et-marie-curie
Rue_pierre-leroux
Rue_pietonne
Rue_piper
Rue_piétonne
Rue_piétonnière
Rue_podkolokolny
Rue_porte_de_la_Monnaie
Rue_prince-arthur
Rue_princesse_(film)
Rue_principale
Rue_protobyzantine_avec_un_bâtiment_voûté_et_une_basilique_dans_la_forteresse_de_Niš
Rue_rené-goscinny
Rue_rené-ravaud
Rue_roger-verlomme
Rue_rouge
Rue_royale_sainte-marie
Rue_saint-andré-des-arts
Rue_saint-antoine
Rue_saint-benoît
Rue_saint-claude
Rue_saint-denis
Rue_saint-denis_(montréal)
Rue_saint-denis_(paris)
Rue_saint-dominique
Rue_saint-fargeau
Rue_saint-georges
Rue_saint-gilles
Rue_saint-guillaume
Rue_saint-honoré
Rue_saint-jacques
Rue_saint-jacques_(montréal)
Rue_saint-jacques_(paris)
Rue_saint-jean
Rue_saint-jean_(québec)
Rue_saint-joseph
Rue_saint-julien-le-pauvre
Rue_saint-laurent
Rue_saint-malo
Rue_saint-martin
Rue_saint-nicolas
Rue_saint-nicolas_(nancy)
Rue_saint-nicolas_(neder-over-heembeek)
Rue_saint-paul
Rue_saint-paul_(montréal)
Rue_saint-sabin
Rue_saint-sébastien
Rue_saint-séverin
Rue_saint-urbain
Rue_saint-vincent
Rue_saint_rome
Rue_sainte-anastase
Rue_sainte-anne
Rue_sainte-catherine_(bordeaux)
Rue_sainte-croix-de-la-bretonnerie
Rue_sans_issue
Rue_sans_issue_(film)
Rue_sauvage
Rue_scolaire
Rue_simon-le-franc
Rue_t'Serclaes
Rue_van_Soust
Rue_vide-bourse
Rue_vieille-du-temple
Rue_villiers-de-l'isle-adam
Rue_vivienne
Rue_william_degouve_de_nuncques
Rue_yvonne-le-tac
Rue_À_Claques_(Lille)
Rue_À_Fiens
Rue_Éblé
Rue_Écorchard
Rue_Édith-Cavell_(Courbevoie)
Rue_Édouard-Charton
Rue_Édouard-Colonne
Rue_Édouard-Delesalle
Rue_Édouard-Detaille
Rue_Édouard-Fournier
Rue_Édouard-Glissant
Rue_Édouard-Herriot
Rue_Édouard-Jacques
Rue_Édouard-Lartet
Rue_Édouard-Lefèbvre
Rue_Édouard-Lockroy
Rue_Édouard-Manet
Rue_Édouard-Mignot
Rue_Édouard-Pailleron
Rue_Édouard-Quénu
Rue_Édouard-Robert
Rue_Édouard-VII
Rue_Édouard-Vaillant
Rue_Édouard-Vaillant_(Bondy)
Rue_Édouard_Branly
Rue_Édouard_Deknoop
Rue_Édouard_Dekoster
Rue_Édouard_Fiers
Rue_Édouard_Henrard
Rue_Édouard_Herriot
Rue_Édouard_Remouchamps
Rue_Édouard_Stuckens
Rue_Édouard_Wacken
Rue_Égide-Charles_Bouvier
Rue_Éginhard
Rue_Élie-Delaunay
Rue_Élie-Faure
Rue_Élie_Lambotte
Rue_Élisa-Borey
Rue_Élisa-Lemonnier
Rue_Élisabeth-Vigée-Le-Brun
Rue_Élémir-Bourges
Rue_Émeriau
Rue_Émile-Allez
Rue_Émile-Bertin
Rue_Émile-Blémont
Rue_Émile-Bollaert
Rue_Émile-Borel
Rue_Émile-Cartailhac
Rue_Émile-Cazier
Rue_Émile-Chaine
Rue_Émile-Deslandres
Rue_Émile-Desvaux
Rue_Émile-Deutsch-de-La-Meurthe
Rue_Émile-Dubois
Rue_Émile-Duclaux
Rue_Émile-Duployé
Rue_Émile-Duployé_(Paris)
Rue_Émile-Durkheim
Rue_Émile-Faguet
Rue_Émile-Gallé
Rue_Émile-Gilbert
Rue_Émile-Landrin
Rue_Émile-Lepeu
Rue_Émile-Leudet
Rue_Émile-Levassor
Rue_Émile-Level
Rue_Émile-Masson
Rue_Émile-Menier
Rue_Émile-Ménier
Rue_Émile-Pierre-Casel
Rue_Émile-Péhant
Rue_Émile-Reynaud
Rue_Émile-Richard
Rue_Émile-Rostan
Rue_Émile-Zola
Rue_Émile-Zola_(La_Courneuve)
Rue_Émile-Zola_(Lyon)
Rue_Émile-Zola_(Reims)
Rue_Émile-Zola_(Suresnes)
Rue_Émile-Zola_(Troyes)
Rue_Émile_Banning
Rue_Émile_Cazier
Rue_Émile_Claus
Rue_Émile_Dubois
Rue_Émile_Duployé
Rue_Émile_Gilbert
Rue_Émile_Gérard
Rue_Émile_Idiers
Rue_Émile_Levassor
Rue_Émile_Rotiers
Rue_Émile_Steeno
Rue_Émile_Vandervelde
Rue_Émile_Vandervelde_(Liège)
Rue_Émile_Vandervelde_(Manage)
Rue_Émile_Verhaeren
Rue_Émile_Wittmann
Rue_Émile_Zola
Rue_Émilio-Castelar
Rue_Émélie
Rue_Éracle
Rue_Érard
Rue_Érasme
Rue_Érasme_(Paris)
Rue_Éric-Tabarly
Rue_Étex
Rue_Étienne-Dolet
Rue_Étienne-Dolet_(Paris)
Rue_Étienne-Dolet_(Romainville)
Rue_Étienne-Dolet_de_Paris
Rue_Étienne-Jodelle
Rue_Étienne-Marcel
Rue_Étienne-Marcel_(Bagnolet_et_Montreuil)
Rue_Étienne-Marcel_(Pantin)
Rue_Étienne-Marcel_prolongée
Rue_Étienne-Marey
Rue_Étienne_Soubre
Rue_Étroite
Rue_Évariste-Galois
Rue_Évariste-Luminais
Rue_Évette
Rue_à_Bouvetins
Rue_à_Chavetiers
Rue_à_Claques
Rue_à_Fiens
Rue_à_l'Abbé-de-Cligny
Rue_à_l'Abbé_de_Cligny
Rue_à_sens_unique
Rue_émile-desvaux
Rue_émile-dubois
Rue_émile-richard
Rue_étienne-marcel
Rue_?ồng_Khởi
Rue_Řásnovka
Rue_Široká
Rue_Štupartská
Rueben_James_Kun
Rueben_Kun
Rueben_Randle
Ruebin_Walters
Ruechheim
Rueckbeilia
Rued_Langgaard
Rueda
Rueda_(Castille-et-León)
Rueda_(DO)
Rueda_(Espagne)
Rueda_(vin)
Rueda_de_Casino
Rueda_de_Jalon
Rueda_de_Jalón
Rueda_de_casino
Rueda_de_la_Sierra
Ruederbach
Ruedi_Aeschbacher
Ruedi_Baumann
Ruedi_Baur
Ruedi_Eberle
Ruedi_Imbach
Ruedi_Killias
Ruedi_Lustenberger
Ruedi_Marti
Ruedi_Noser
Ruedi_Wild
Ruediger_John
Ruediger_de_Saxe
Ruedo
Ruedo_Ibérico
Ruedo_iberico
Ruedo_ibérico
Rueducommerce
Rueducommerce.com
Ruee_vers_l'or_du_Klondike
Rueff
Ruega_por_ella
Rueggisberg
Rueglio
Ruegsau
Ruehan_van_Jaarsveld
Ruehl
Ruehleia
Ruehleia_bedheimensis
RueiBin_Chen
Rueil
Rueil-Malmaison
Rueil-la-Gadelière
Rueil_(Eure-et-Loir)
Rueil_Athletic_Club
Rueil_Malmaison
Rueil_Pro_Basket
Rueil_athletic_club
Rueil_pro_basket
Ruel
Ruel_(chanteur)
Ruel_(singer)
Ruel_Fox
Rueland
Rueland_Frueauf
Rueland_Frueauf_l'Ancien
Rueland_Frueauf_le_Jeune
Ruelas
Ruele_de_Saine
Ruelin_de_Tréguier
Ruelisheim
Ruellan
Ruelland
Ruelle
Ruelle-sur-Touvre
Ruelle-sur-touvre
Ruelle_(Charente)
Ruelle_(Montréal)
Ruelle_(homonymie)
Ruelle_Au_Père-Fragile
Ruelle_Baudin
Ruelle_Bidault
Ruelle_Fraisier
Ruelle_Jean-Gentien
Ruelle_Saint-Bon
Ruelle_Saint-Christophe
Ruelle_Saint-Médard
Ruelle_Sainte-Marguerite
Ruelle_Sainte-Marguerite_(Strasbourg)
Ruelle_Sourdis
Ruelle_Sur_Touvre
Ruelle_Tourtchaninov
Ruelle_au_Prêtre
Ruelle_au_Père-Fragile
Ruelle_d'Or
Ruelle_de_Dessous-le-Chêne
Ruelle_de_l'Abreuvoir
Ruelle_de_l'Abreuvoir_(Strasbourg)
Ruelle_de_l'Agneau
Ruelle_de_l'Esprit
Ruelle_de_l'Esprit_(Strasbourg)
Ruelle_de_l'Étoile
Ruelle_de_la_Brèche-aux-Loups
Ruelle_de_la_Cuiller-à-Pot
Ruelle_de_la_Farine
Ruelle_de_la_Planchette
Ruelle_des_Chats
Ruelle_des_Hébrard
Ruelle_des_Nonnains
Ruelle_des_Ramoneurs
Ruelle_des_Roses
Ruelle_des_Roses_(Strasbourg)
Ruelle_des_Tanneurs
Ruelle_des_Trois-Maures
Ruelle_des_Étuves
Ruelle_du_Caquet
Ruelle_du_Fumier
Ruelle_du_Petit-Bourgneuf
Ruelle_du_Pâtre
Ruelle_du_Soleil-d'Or
Ruelle_du_Soleil-d’Or
Ruelle_du_Soleil_d'Or
Ruelle_du_four_Saint-Martin-des-Champs
Ruelle_verte
Ruelle_à_Montréal
Ruelles
Ruelles_de_Paris
Ruellette_Sainte-Geneviève
Ruellia
Ruellia_brevifolia
Ruellia_chartacea
Ruellia_devosiana
Ruellia_elegans
Ruellia_geminiflora
Ruellia_schnellii
Ruellia_simplex
Ruellia_tuberosa
Ruellin
Ruengu
Ruente
Ruer
Ruera_(rivière)
Rueras
Rues_Adolf-Hitler
Rues_Adolf_Hitler
Rues_Desaix
Rues_d'Avignon
Rues_d'Avignon_Centre
Rues_de_Grenoble
Rues_de_Marseille
Rues_de_Montréal
Rues_de_Paris
Rues_de_Paris_(dénomination)
Rues_de_Paris_en_1636
Rues_de_Paris_vers_1450
Rues_de_Quebec
Rues_de_Québec
Rues_de_grenoble
Rues_de_québec
Rues_du_chemin_de_fer
Rues_et_places_célèbres_de_Belgrade
Rues_et_places_de_Nevers
Rues_et_places_du_centre-ville_de_Nantes
Rues_et_places_importantes_de_Belgrade
Rues_militarisées
Rues_piétonnes
Rues_pour_tous
Ruesca
Ruesga
Ruesha_Littlejohn
Ruesnes
Ruesnes_Communal_Cemetery
Ruessio
Ruessium
Ruesta
Ruet
Ruet_(homonymie)
Ruet_(rivière)
Ruete
Ruether
Ruette
Ruette_(homonymie)
Ruetz
Rueun
Ruey
Rueyres
Rueyres-Saint-Laurent
Rueyres-Treyfayes
Rueyres-les-Pres
Rueyres-les-Prés
Rueyres-les-prés
Rueyres_(Lot)
Rueyres_(Vaud)
Ruf
Ruf_(automobile)
Ruf_(entreprise)
Ruf_3800_S
Ruf_Automobile
Ruf_BTR
Ruf_BTR2
Ruf_CTR
Ruf_CTR2
Ruf_CTR3
Ruf_Dakara
Ruf_RCT
Ruf_RTR
Ruf_R_Kompressor
Ruf_Records
Ruf_Roadster
Ruf_Rt_12
Ruf_Rt_12_R
Ruf_Rt_12_S
Ruf_SCR
Ruf_SCR_2018
Ruf_Sports_Car
Ruf_Turbo_R
Ruf_ctr3
Ruf_d'Avignon
Ruf_de_Metz
Ruf_der_Wälder
Rufat_Riskiyev
Rufc_i_Ri
Rufc_i_Vjetër
Rufe
Rufe_Davis
Rufenach
Rufenacht
Ruff
Ruff_'n'_Tumble
Ruff_Endz
Ruff_Neg
Ruff_Rhymes:_Greatest_Hits_Collection
Ruff_Ryders
Ruff_Ryders'_First_Lady
Ruff_Ryders_Entertainment
Ruff_Ryders_Ryde_or_Die_Vol._3
Ruff_Stuff
Ruff_ryders_ryde_or_die_vol._3
Ruffa_Gutierrez
Ruffano
Ruffe
Ruffec
Ruffec-le-Château
Ruffec2
Ruffec_(Charente)
Ruffec_(Indre)
Ruffec_le_Château
Ruffecois
Ruffepeyre
Ruffey-le-Chateau
Ruffey-le-Château
Ruffey-le-château
Ruffey-les-Beaune
Ruffey-les-Echirey
Ruffey-lès-Beaune
Ruffey-lès-Echirey
Ruffey-lès-beaune
Ruffey-lès-echirey
Ruffey-sur-Seille
Ruffey-sur-seille
Ruffey_(Saône-et-Loire)
Ruffi
Ruffia
Ruffiac
Ruffiac_(Lot-et-Garonne)
Ruffiac_(Morbihan)
Ruffiac_(lot-et-garonne)
Ruffian
Ruffian_Games
Ruffier
Ruffieu
Ruffieux
Ruffieux_(homonymie)
Ruffigne
Ruffigny
Ruffigné
Ruffile_de_Forlimpopoli
Ruffin
Ruffin_Bayambudila_Mvibidulu
Ruffin_Castus_Massa
Ruffin_G._Pleasant
Ruffin_Massa
Ruffine_Tsiranana
Ruffini
Ruffinihaus
Ruffino_d'Assisi
Ruffié
Ruffles
Ruffneck
Ruffneck_(DJ)
Ruffneck_Records
Ruffneck_records
Ruffo
Ruffo_di_Calabria
Rufforth
Ruffre
Ruffrè
Ruffré
Ruffy
Ruffécois
Rufigi
Rufiji
Rufiji_(fleuve)
Rufin
Rufin-Rémy_Schockaert
Rufin_(commandant_de_cavalerie)
Rufin_(maître_des_soldats)
Rufin_(poète_grec)
Rufin_Gavriilovich_Sudkovsky
Rufin_Grijp
Rufin_Lué
Rufin_Mbou_Mikima
Rufin_Schockaert
Rufin_Sudkovsky
Rufin_d'Aquilee
Rufin_d'Aquilée
Rufin_d'Assise
Rufin_et_Valère
Rufin_le_Syrien
Rufina
Rufina_Gasheva
Rufina_Noeggerath
Rufina_Uba
Rufina_Ubah
Rufine
Rufine_Assina
Rufine_Renaud
Rufine_de_Séville
Rufino_Bernedo
Rufino_Blanco-Fombona
Rufino_Blanco_Fombona
Rufino_Jiao_Santos
Rufino_José_Cuervo
Rufino_Luro_Cambaceres
Rufino_Santos
Rufino_Sotolongo
Rufino_Tamayo
Rufino_de_Elizalde
Rufino_d’Almeida
Rufinus
Rufipenne
Rufipenne_de_Blyth
Rufipenne_de_Tristram
Rufipenne_de_blyth
Rufipenne_morio
Rufipenne_nabouroup
Rufipenne_à_bec_fin
Rufipenne_à_queue_étroite
Rufirallus_castaneiceps
Rufirallus_viridis
Rufisme
Rufisque
Rufisque_Est
Rufisque_Nord
Rufisque_Ouest
Rufius_Achilius_Maecius_Placidus
Rufius_Achilius_Sividius
Rufius_Aggerius_Festus
Rufius_Antonius_Agrypnius_Volusianus
Rufius_Festus
Rufius_Gennadius_Avienus
Rufius_Gennadius_Probus_Orestes
Rufius_Magnus_Faustus_Avienus
Rufius_Petronianus_Nicomachus_Cethegus
Rufius_Postumianus
Rufius_Postumius_Festus
Rufius_Praetextatus_Postumianus
Rufius_Probianus
Rufius_Synesius_Hadrianus
Rufius_Valerius_Messalla
Rufius_Valerius_Messalla_(préfet_de_Rome)
Rufius_Viventius_Gallus
Rufiventris
Rufiyaa
Rufo
Rufrius_Crispinus
Rufst_Du,_mein_Vaterland
Rufst_du,_mein_Vaterland
Rufst_du,_mein_vaterland
Rufus
Rufus_&_Chaka_Khan
Rufus_(Oregon)
Rufus_(Street_Fighter)
Rufus_(groupe)
Rufus_(homonymie)
Rufus_(logiciel)
Rufus_(medecin)
Rufus_(médecin)
Rufus_(personnage)
Rufus_(personnage_de_Supernatural)
Rufus_Alan_MacKahan
Rufus_Antonius_Agrypnius_Volusianus
Rufus_Barringer
Rufus_Beck
Rufus_Bullock
Rufus_Daggett
Rufus_Does_Judy_at_Carnegie_Hall
Rufus_Du_Sol
Rufus_Ewing
Rufus_Festus_Avienus
Rufus_Griswold
Rufus_H._Pope
Rufus_Halley
Rufus_Harley
Rufus_Hathaway
Rufus_Henry_Pope
Rufus_Ingalls
Rufus_Isaacs
Rufus_Isaacs_(1er_Marquis_of_Reading)
Rufus_Isaacs_(1er_marquis_de_Reading)
Rufus_Isaacs_(théoricien_des_jeux)
Rufus_Jones
Rufus_Jones_(écrivain)
Rufus_King
Rufus_King_(1814-1876)
Rufus_King_(général)
Rufus_King_(homme_politique)
Rufus_King_(écrivain)
Rufus_McCain
Rufus_Norris
Rufus_Pollock
Rufus_S._Bratton
Rufus_Scrimgeour
Rufus_Sewell
Rufus_Smith
Rufus_T._Firefly
Rufus_Thibodeaux
Rufus_Thomas
Rufus_Turner
Rufus_W._Cobb
Rufus_Wainwright
Rufus_Wainwright_(album)
Rufus_d'Éphèse
Rufus_d’Éphèse
Rufus_wainwright_(album)
Rufusia
Rufusia_pilicola
Rufusiaceae
Rufusiales
Ruga
Ruga-Ruga
Ruga_(Népal)
Rugabano
Rugal
Ruganapis
Ruganapis_scutata
Rugantino
Rugantino_(comédie_musicale)
Rugantino_(film)
Ruganzu_II
Ruganzu_II_Ndori
Ruganzu_II_du_Rwanda
Ruganzu_I_Bwimba
Ruganzu_Ier
Ruganzu_Ier_du_Rwanda
Ruganzu_Ndoli
Rugao
Rugapholcomma
Rugare_Gumbo
Rugas
Rugat
Rugathodes
Rugathodes_acoreensis
Rugathodes_madeirensis
Rugathodes_pico
Rugazi
Rugbraud
Rugby
Rugby+
Rugby-Bundesliga
Rugby-fauteuil
Rugby-fauteuil_aux_Jeux_paralympiques
Rugby-fauteuil_aux_Jeux_paralympiques_d'été_de_2012
Rugby-fauteuil_aux_Jeux_paralympiques_d'été_de_2016
Rugby-fauteuil_aux_Jeux_paralympiques_d'été_de_2020
RugbyWA
Rugby_(Angleterre)
Rugby_(Dakota_du_Nord)
Rugby_(Royaume-Uni)
Rugby_(Warwickshire)
Rugby_(borough)
Rugby_(circonscription_britannique)
Rugby_(dakota_du_nord)
Rugby_(district)
Rugby_(journal)
Rugby_(mouvement_symphonique)
Rugby_(sport)
Rugby_08
Rugby_15
Rugby_18
Rugby_2007
Rugby_2008
Rugby_ATL
Rugby_Afrique
Rugby_Alberta
Rugby_Americas_North
Rugby_Americas_North_Sevens
Rugby_Anderlecht
Rugby_Athletic_Club_angérien
Rugby_Atlético_de_Madrid
Rugby_Auray_club
Rugby_Australia
Rugby_Belgique
Rugby_Boitsfort
Rugby_Bologne
Rugby_Bologne_1928
Rugby_Brescia
Rugby_Béjaïa_Club
Rugby_Calvisano
Rugby_Canada
Rugby_Canada_National_Junior_Championship
Rugby_Causse_Vézère
Rugby_Challenge
Rugby_Challenge_(Afrique_du_Sud)
Rugby_Challenge_(jeu_video)
Rugby_Challenge_(rugby_à_XV)
Rugby_Challenge_2
Rugby_Challenge_2006
Rugby_Challenge_3
Rugby_Championship
Rugby_Charenton_Maisons-Alfort_Saint_Maurice
Rugby_Chartres_Métropole
Rugby_Clermont-la-Plaine
Rugby_Clermont_La_Plaine
Rugby_Clermont_la_Plaine
Rugby_Club_'t_Gooi
Rugby_Club_Aachen
Rugby_Club_Academy_Tbilissi
Rugby_Club_Aia
Rugby_Club_Akademia_Tbilissi
Rugby_Club_Armazi
Rugby_Club_Armia
Rugby_Club_Armia_Tbilisi
Rugby_Club_Armia_Tbilissi
Rugby_Club_Aubagnais
Rugby_Club_Aubenas_Vals
Rugby_Club_Auch
Rugby_Club_Auscitain
Rugby_Club_Bassin_Arcachon
Rugby_Club_Bassin_d'Arcachon
Rugby_Club_Bassin_d'_Arcachon
Rugby_Club_Batoumi
Rugby_Club_Batumi
Rugby_Club_Boitsfort
Rugby_Club_Bon-Encontre
Rugby_Club_Béja
Rugby_Club_Carqueiranne-Hyères
Rugby_Club_Chilly-Mazarin
Rugby_Club_Châteaurenard
Rugby_Club_Compiègne
Rugby_Club_Dijonnais
Rugby_Club_Ettahrir
Rugby_Club_Frameries
Rugby_Club_Gapencais
Rugby_Club_Hilversum
Rugby_Club_I_Cavalieri_Prato
Rugby_Club_I_Medicei
Rugby_Club_Iunkerebi
Rugby_Club_Jiki
Rugby_Club_Junkers
Rugby_Club_Kochebi
Rugby_Club_La_Valette_Le_Revest_La_Garde_Le_Pradet
Rugby_Club_La_Valette_Le_Revest_La_Garde_Le_Pradet_(féminine)
Rugby_Club_La_Valette_Le_Revest_La_Garde_Le_Pradet_(masculine)
Rugby_Club_Les_Angles_Gard_Rhodanien
Rugby_Club_Locomotive_Tbilissi
Rugby_Club_Lonsois
Rugby_Club_Massy_Essonne
Rugby_Club_Nîmes
Rugby_Club_Nîmes_Gard
Rugby_Club_Nîmois
Rugby_Club_Ottignies
Rugby_Club_Puilboreau
Rugby_Club_Rouen
Rugby_Club_Rustavi
Rugby_Club_Rustavi_Kharebi
Rugby_Club_Saint-Sébastien
Rugby_Club_Savoie_Rumilly
Rugby_Club_Soignies
Rugby_Club_Sportif_de_Brétigny-sur-Orge
Rugby_Club_Stade_phocéen
Rugby_Club_Steaua_Bucarest
Rugby_Club_Strasbourg
Rugby_Club_Strasbourg_Alsace
Rugby_Club_Suresnes_Hauts-de-Seine
Rugby_Club_Suresnois
Rugby_Club_Sélestat_Giessen
Rugby_Club_The_Bassets
Rugby_Club_Toulonnais
Rugby_Club_Tricastin
Rugby_Club_Vallée_du_Gapeau
Rugby_Club_Vannes
Rugby_Club_Vannetais
Rugby_Club_Visé
Rugby_Club_auscitain
Rugby_Club_bassin_d'Arcachon
Rugby_Club_d'Annemasse
Rugby_Club_d'Arras
Rugby_Club_de_Drancy
Rugby_Club_de_Luxembourg
Rugby_Club_de_Metz
Rugby_Club_de_Pontoise
Rugby_Club_de_Rouen
Rugby_Club_de_Toulon
Rugby_Club_de_Zéramdine
Rugby_Club_de_la_Vallée_du_Gapeau
Rugby_Club_du_Pays_de_Meaux
Rugby_Club_lonsois
Rugby_Club_nîmois
Rugby_Club_sablais
Rugby_Club_toulonnais
Rugby_Club_valettois_revestois
Rugby_Clube_da_Lousa
Rugby_Clube_da_Lousã
Rugby_Coq_Mosan
Rugby_Europe
Rugby_Europe_Championship
Rugby_Europe_International_Championship_2017-2018
Rugby_Europe_International_Championship_à_XV_2017-2018
Rugby_Europe_Sevens_Championship_Series_2021
Rugby_Europe_Super_Cup
Rugby_Europe_Super_Cup_2021-2022
Rugby_Football_League
Rugby_Football_League_Championship
Rugby_Football_Union
Rugby_Gold_Cup_Championship
Rugby_Grenade_sports
Rugby_Hebdo
Rugby_ING_Cup
Rugby_Klub_03_Berlin
Rugby_Lanester_Locunel
Rugby_League_European_Federation
Rugby_League_Hall_of_Fame
Rugby_League_International_Federation
Rugby_League_International_Federation_Golden_Boot
Rugby_League_Montpellier_XIII
Rugby_League_Park
Rugby_League_Review
Rugby_League_World
Rugby_League_World_Golden_Boot_Award
Rugby_Leaguer_&_League_Express
Rugby_Leonessa_1928
Rugby_Lions
Rugby_Lyons
Rugby_Lyons_Piacenza
Rugby_Manitoba
Rugby_Melun_Combs_Senart_77
Rugby_Nice_Cote_d'Azur_universite-racing
Rugby_Nice_Côte-d'Azur_Université
Rugby_Nice_Côte_d'Azur
Rugby_Nice_Côte_d'Azur_Université-Racing
Rugby_Nice_Côte_d'Azur_Université_Racing
Rugby_Nice_Côte_d'Azur_université-racing
Rugby_Nova_Scotia
Rugby_Olympique_Choletais
Rugby_Olympique_Grasse
Rugby_Olympique_Lunellois
Rugby_Olympique_de_Grasse
Rugby_Ottignies
Rugby_Ottignies_Club
Rugby_Pack
Rugby_Park
Rugby_Park_Stadium
Rugby_Parme
Rugby_Québec
Rugby_Reggio_Associazione_Sportiva
Rugby_Roma
Rugby_Rome
Rugby_Rovigo
Rugby_Saint-Herblain
Rugby_Saint-Herblain_(RUSH)
Rugby_Sassenage_Isère
Rugby_School
Rugby_Super_League_(Etats-Unis)
Rugby_Super_League_(États-Unis)
Rugby_Touch
Rugby_Treize
Rugby_Union_Donau_Wien
Rugby_Union_Dunkerque
Rugby_United_New_York
Rugby_Viadana
Rugby_Viadana_1970
Rugby_World_Cup_'95
Rugby_World_Cup_1995
Rugby_World_Magazine
Rugby_X
Rugby_a_13
Rugby_a_9
Rugby_a_XIII
Rugby_a_XIII_(handi-valid_sport)
Rugby_a_XIII_dans_le_monde
Rugby_a_XIII_en_France
Rugby_a_XV
Rugby_a_XV_(statistiques)
Rugby_a_XV_au_Canada
Rugby_a_XV_au_Mexique
Rugby_a_XV_au_Venezuela
Rugby_a_XV_au_pays_de_Galles
Rugby_a_XV_aux_jeux_Olympiques_d'ete_de_1900
Rugby_a_XV_aux_jeux_Olympiques_de_1908
Rugby_a_XV_aux_jeux_Olympiques_de_1920
Rugby_a_XV_aux_jeux_Olympiques_de_1924
Rugby_a_XV_dans_le_monde
Rugby_a_XV_en_Afrique_du_Sud
Rugby_a_XV_en_Argentine
Rugby_a_XV_en_Australie
Rugby_a_XV_en_Irlande
Rugby_a_XV_feminin
Rugby_a_XV_feminin_en_France
Rugby_a_sept
Rugby_a_sept_aux_Jeux_du_Commonwealth
Rugby_athletic_club_angérien
Rugby_athlétic_club_angérien
Rugby_athlétique_club_Castelroussin
Rugby_athlétique_club_castelroussin
Rugby_aux_Jeux_Olympiques
Rugby_aux_Jeux_asiatiques_de_2006
Rugby_aux_Jeux_olympiques
Rugby_aux_Jeux_olympiques_d'été_de_1900
Rugby_aux_Jeux_olympiques_de_1900
Rugby_aux_Jeux_olympiques_de_1908
Rugby_aux_Jeux_olympiques_de_1920
Rugby_aux_Jeux_olympiques_de_1924
Rugby_aux_Jeux_paralympiques
Rugby_aux_jeux_Olympiques
Rugby_aux_jeux_Olympiques_d'été_de_1900
Rugby_aux_jeux_Olympiques_de_1900
Rugby_aux_jeux_Olympiques_de_1908
Rugby_aux_jeux_Olympiques_de_1920
Rugby_aux_jeux_Olympiques_de_1924
Rugby_aux_jeux_asiatiques_de_2006
Rugby_aux_jeux_olympiques
Rugby_aux_jeux_olympiques_de_1900
Rugby_belge
Rugby_club_Amiénois
Rugby_club_Andrézieux-Bouthéon
Rugby_club_Arpajon
Rugby_club_Arpajon_Veinaze
Rugby_club_Arpajon_Veinazès
Rugby_club_Aubenas_Vals
Rugby_club_Auch
Rugby_club_Bassin_d'Arcachon
Rugby_club_Batoumi
Rugby_club_Bon-Encontre
Rugby_club_Cannes_Mandelieu
Rugby_club_Carqueiranne-Hyeres
Rugby_club_Carqueiranne-Hyères
Rugby_club_Chateaurenard
Rugby_club_Châteaurenard
Rugby_club_Clermont-Cournon
Rugby_club_Draguignan
Rugby_club_Eymeux
Rugby_club_Hyères-Carqueiranne-La_Crau
Rugby_club_Hyères_Carqueiranne_La_Crau
Rugby_club_Jacou_Montpellier_Nord
Rugby_club_La_Valette_Le_Revest_La_Garde_Le_Pradet
Rugby_club_Le_Mans
Rugby_club_Les_Angles_Gard_rhodanien
Rugby_club_Locomotive_Tbilissi
Rugby_club_Martigues
Rugby_club_Martigues_Port-de-Bouc
Rugby_club_Massy_Essonne
Rugby_club_Montauban
Rugby_club_Mussidan
Rugby_club_Nimes_Gard
Rugby_club_Nogent-le-Rotrou
Rugby_club_Nîmes_Gard
Rugby_club_Orangeois
Rugby_club_Orleans
Rugby_club_Orléans
Rugby_club_Palavas-les-Genêts
Rugby_club_Pays_de_Roquefort
Rugby_club_Plabennec
Rugby_club_Plages_d'Orb
Rugby_club_Pont-Audemer
Rugby_club_Puilboreau
Rugby_club_Roubaix
Rugby_club_Rouen
Rugby_club_Saint-Sulpice-la-Pointe_XV
Rugby_club_Saint-Sulpice_XV
Rugby_club_Saint-Sébastien
Rugby_club_Savoie_Rumilly
Rugby_club_Six-Fours
Rugby_club_Soignies
Rugby_club_Sorgues
Rugby_club_Steaua_Bucarest
Rugby_club_Strasbourg
Rugby_club_Strasbourg_Alsace
Rugby_club_Suresnes_Hauts-de-Seine
Rugby_club_Thonon_Chablais
Rugby_club_Tricastin
Rugby_club_Val_d'Europe
Rugby_club_amienois
Rugby_club_amiénois
Rugby_club_arlésien_XV
Rugby_club_aubagnais
Rugby_club_aubenas_vals
Rugby_club_audomarois
Rugby_club_auscitain
Rugby_club_auxerrois
Rugby_club_bassin_d'Arcachon
Rugby_club_baulois
Rugby_club_blaisois
Rugby_club_buguois
Rugby_club_buxynois
Rugby_club_carqueiranne-hyères
Rugby_club_castelnaudarien
Rugby_club_chagnotin
Rugby_club_châteaurenard
Rugby_club_compiègnois
Rugby_club_cévenol
Rugby_club_d'Arras
Rugby_club_d'Orléans-la-Source
Rugby_club_d'arras
Rugby_club_de_Belleville-Beaujolais
Rugby_club_de_Blois
Rugby_club_de_Compiègne
Rugby_club_de_Courbevoie
Rugby_club_de_Draguignan
Rugby_club_de_Drancy
Rugby_club_de_Gradignan
Rugby_club_de_Lons
Rugby_club_de_Metz
Rugby_club_de_Metz_Moselle
Rugby_club_de_Mulhouse
Rugby_club_de_Pomarez
Rugby_club_de_Pont-à-Mousson
Rugby_club_de_Pontoise
Rugby_club_de_Pontoise-Cergy
Rugby_club_de_Revel
Rugby_club_de_Rillieux
Rugby_club_de_Roubaix
Rugby_club_de_Rouen
Rugby_club_de_Saint-Cernin
Rugby_club_de_Saint-Vite
Rugby_club_de_Saint-Étienne
Rugby_club_de_Seyssins
Rugby_club_de_Sorgues
Rugby_club_de_Soyaux
Rugby_club_de_Strasbourg
Rugby_club_de_Sucy
Rugby_club_de_Sucy-en-Brie
Rugby_club_de_Versailles
Rugby_club_de_Vesoul
Rugby_club_de_Vincennes
Rugby_club_de_l'agglomération_de_Cergy-Pontoise
Rugby_club_de_la_Dombes
Rugby_club_de_la_Vallée_du_Gapeau
Rugby_club_de_luxembourg
Rugby_club_de_metz
Rugby_club_des_Vallons-de-la-Tour
Rugby_club_des_Vallons_de_la_Tour
Rugby_club_dijonnais
Rugby_club_du_Pays_Six_fournais
Rugby_club_du_Tricastin
Rugby_club_du_canton_de_Montrevel-en-Bresse
Rugby_club_du_pays_Saint_Jeannais
Rugby_club_du_pays_de_Saint-Yrieix
Rugby_club_eymeusien
Rugby_club_guérétois
Rugby_club_hérouvillais
Rugby_club_issoldunois
Rugby_club_lonsois
Rugby_club_massy_essonne
Rugby_club_mauriacois
Rugby_club_montcellien
Rugby_club_muretain
Rugby_club_nimois
Rugby_club_nîmes_gard
Rugby_club_nîmois
Rugby_club_orléanais
Rugby_club_orléans
Rugby_club_pays_de_Fougères
Rugby_club_pays_de_Meaux
Rugby_club_quimpérois
Rugby_club_revélois
Rugby_club_riomois
Rugby_club_romanais_péageois
Rugby_club_rouen
Rugby_club_sablais
Rugby_club_sorguais
Rugby_club_sorguais_Rhône_Ouvèze
Rugby_club_sportif_de_Metz-Homecourt
Rugby_club_suresnois
Rugby_club_teillois
Rugby_club_toulonnais
Rugby_club_toulonnais_(féminine)
Rugby_club_trignacais
Rugby_club_uzerchois
Rugby_club_uzétien
Rugby_club_valettois_revestois
Rugby_club_vannetais
Rugby_clube_da_lousã
Rugby_du_Pays_d'Olmes
Rugby_en_Grèce
Rugby_en_République_démocratique_du_Congo
Rugby_en_fauteuil_roulant
Rugby_en_fauteuil_roulant_aux_Jeux_paralympiques_d'été_de_2012
Rugby_fauteuil
Rugby_flag
Rugby_football
Rugby_football_club_de_Tain
Rugby_foulard
Rugby_féminin
Rugby_féminin_Dijon_Bourgogne
Rugby_féminin_en_France
Rugby_league
Rugby_league_en_Grèce
Rugby_nice_côte_d'azur_université-racing
Rugby_olympique_Castelnaudary_XV
Rugby_olympique_agathois
Rugby_olympique_choletais
Rugby_olympique_club_Houilles
Rugby_olympique_club_de_Houilles
Rugby_olympique_club_giffois
Rugby_olympique_de_Grasse
Rugby_olympique_lunellois
Rugby_olympique_védasien_-_Mosson_Coulazou
Rugby_saint-jeannais
Rugby_sancerrois
Rugby_strobet
Rugby_subaquatique
Rugby_super_league_(états-unis)
Rugby_tango_chalonnais
Rugby_union
Rugby_union_Dunkerque_Littoral
Rugby_union_athlétique_Gujan-Mestras
Rugby_union_in_Namibia
Rugby_Épernay_Champagne
Rugby_à_10
Rugby_à_13
Rugby_à_15
Rugby_à_5
Rugby_à_7
Rugby_à_7_aux_Jeux_du_Commonwealth_de_2010
Rugby_à_9
Rugby_à_IX
Rugby_à_VII
Rugby_à_XIII
Rugby_à_XIII_(handi-valid_sport)
Rugby_à_XIII_amateur
Rugby_à_XIII_au_Burundi
Rugby_à_XIII_au_Cameroun
Rugby_à_XIII_au_Ghana
Rugby_à_XIII_au_Kenya
Rugby_à_XIII_au_Maroc
Rugby_à_XIII_aux_Émirats_arabes_unis
Rugby_à_XIII_dans_le_monde
Rugby_à_XIII_en_Afrique
Rugby_à_XIII_en_Angleterre
Rugby_à_XIII_en_Australie
Rugby_à_XIII_en_France
Rugby_à_XIII_en_Grèce
Rugby_à_XIII_en_République_démocratique_du_Congo
Rugby_à_XIII_en_Serbie
Rugby_à_XIII_en_fauteuil_roulant
Rugby_à_XIII_en_Éthiopie
Rugby_à_XIII_féminin
Rugby_à_XV
Rugby_à_XV_(statistiques)
Rugby_à_XV_au_Bénin
Rugby_à_XV_au_Canada
Rugby_à_XV_au_Danemark
Rugby_à_XV_au_Japon
Rugby_à_XV_au_Kenya
Rugby_à_XV_au_Liechtenstein
Rugby_à_XV_au_Luxembourg
Rugby_à_XV_au_Mexique
Rugby_à_XV_au_Monténégro
Rugby_à_XV_au_Népal
Rugby_à_XV_au_Tonga
Rugby_à_XV_au_Vanuatu
Rugby_à_XV_au_Venezuela
Rugby_à_XV_au_Vietnam
Rugby_à_XV_au_Viêt_Nam
Rugby_à_XV_au_pays_de_Galles
Rugby_à_XV_aux_Fidji
Rugby_à_XV_aux_Jeux_olympiques
Rugby_à_XV_aux_Jeux_olympiques_d'été_de_1900
Rugby_à_XV_aux_Jeux_olympiques_d'été_de_1908
Rugby_à_XV_aux_Jeux_olympiques_d'été_de_1920
Rugby_à_XV_aux_Jeux_olympiques_d'été_de_1924
Rugby_à_XV_aux_Jeux_olympiques_de_1900
Rugby_à_XV_aux_Jeux_olympiques_de_1908
Rugby_à_XV_aux_Jeux_olympiques_de_1920
Rugby_à_XV_aux_Jeux_olympiques_de_1924
Rugby_à_XV_aux_Pays-Bas
Rugby_à_XV_aux_Tonga
Rugby_à_XV_aux_jeux_Olympiques_d'été_de_1900
Rugby_à_XV_aux_jeux_Olympiques_de_1908
Rugby_à_XV_aux_jeux_Olympiques_de_1920
Rugby_à_XV_aux_jeux_Olympiques_de_1924
Rugby_à_XV_aux_États-Unis
Rugby_à_XV_dans_le_monde
Rugby_à_XV_en_Afghanistan
Rugby_à_XV_en_Afrique_du_Sud
Rugby_à_XV_en_Algérie
Rugby_à_XV_en_Allemagne
Rugby_à_XV_en_Andorre
Rugby_à_XV_en_Angleterre
Rugby_à_XV_en_Argentine
Rugby_à_XV_en_Arménie
Rugby_à_XV_en_Australie
Rugby_à_XV_en_Autriche
Rugby_à_XV_en_Belgique
Rugby_à_XV_en_Biélorussie
Rugby_à_XV_en_Bulgarie
Rugby_à_XV_en_Espagne
Rugby_à_XV_en_Estonie
Rugby_à_XV_en_Finlande
Rugby_à_XV_en_France
Rugby_à_XV_en_Grèce
Rugby_à_XV_en_Géorgie
Rugby_à_XV_en_Irlande
Rugby_à_XV_en_Islande
Rugby_à_XV_en_Italie
Rugby_à_XV_en_Lettonie
Rugby_à_XV_en_Lituanie
Rugby_à_XV_en_Moldavie
Rugby_à_XV_en_Namibia
Rugby_à_XV_en_Namibie
Rugby_à_XV_en_Norvège
Rugby_à_XV_en_Nouvelle-Zélande
Rugby_à_XV_en_Roumanie
Rugby_à_XV_en_Russie
Rugby_à_XV_en_République_démocratique_du_Congo
Rugby_à_XV_en_République_tchèque
Rugby_à_XV_en_Suisse
Rugby_à_XV_en_Suède
Rugby_à_XV_en_Tchéquie
Rugby_à_XV_en_Tunisie
Rugby_à_XV_en_URSS
Rugby_à_XV_en_Ukraine
Rugby_à_XV_en_Union_soviétique
Rugby_à_XV_en_Uruguay
Rugby_à_XV_en_fauteuil_roulant
Rugby_à_XV_en_Écosse
Rugby_à_XV_féminin
