Régiment_de_Gassion_cavalerie
Régiment_de_Gatinais
Régiment_de_Gaubert_dragons
Régiment_de_Genlis
Régiment_de_Gensac
Régiment_de_Germinon_cavalerie
Régiment_de_Gesvres_cavalerie
Régiment_de_Givry_cavalerie
Régiment_de_Goesbriand_dragons
Régiment_de_Gohas
Régiment_de_Gondrin
Régiment_de_Gournay_cavalerie
Régiment_de_Grammont
Régiment_de_Grammont_cavalerie
Régiment_de_Grammont_dragons
Régiment_de_Gramont
Régiment_de_Gramont-liégeois
Régiment_de_Gramont-liégois
Régiment_de_Gramont_(1641)
Régiment_de_Grancey
Régiment_de_Grandvillars
Régiment_de_Graville
Régiment_de_Greder
Régiment_de_Greder_(1674)
Régiment_de_Greder_(régiment_de_Salm-Salm)
Régiment_de_Greder_(régiment_de_Vigier)
Régiment_de_Grenoble
Régiment_de_Grignan
Régiment_de_Grignan_(homonymie)
Régiment_de_Grignan_cavalerie
Régiment_de_Gréder
Régiment_de_Guiche
Régiment_de_Guise
Régiment_de_Guyenne
Régiment_de_Guyenne_(1762)
Régiment_de_Guyenne_(homonymie)
Régiment_de_Guyenne_(régiment_du_Dauphin)
Régiment_de_Gâtinais
Régiment_de_Gâtinais_(régiment_Royal-Auvergne)
Régiment_de_Gâtinais_(régiment_de_Lorraine)
Régiment_de_Hainault
Régiment_de_Hainault_(1762)
Régiment_de_Hainault_(homonymie)
Régiment_de_Hainault_(licencié_en_1762)
Régiment_de_Hainaut
Régiment_de_Hallwyl
Régiment_de_Hemel
Régiment_de_Hessy
Régiment_de_Highlanders_d’Argyll_et_de_Sutherland
Régiment_de_Hohenlohe
Régiment_de_Hohenlohe_(Restauration)
Régiment_de_Hull
Régiment_de_Hull_(RCAC)
Régiment_de_Jarnac_dragons
Régiment_de_Jarzé
Régiment_de_Jenner
Régiment_de_Jenner_(1751)
Régiment_de_Jenner_(1763)
Régiment_de_Jonzac
Régiment_de_Jonzac-Sainte-Maure
Régiment_de_Joyeuse
Régiment_de_Karrer
Régiment_de_Koenigsmarck
Régiment_de_Königsmarck
Régiment_de_Kœnigsmark
Régiment_de_Kœnigsmark_(1680)
Régiment_de_Kœnigsmark_cavalerie_(1671)
Régiment_de_L'Aigle
Régiment_de_L'Aigle(1702-1714)
Régiment_de_La_Bloquerie
Régiment_de_La_Bretesche_dragons
Régiment_de_La_Châtre
Régiment_de_La_Cour_au_Chantre
Régiment_de_La_Couronne
Régiment_de_La_Ferronnays
Régiment_de_La_Ferronnays_cavalerie
Régiment_de_La_Ferronnays_dragons
Régiment_de_La_Ferté-Imbault
Régiment_de_La_Ferté-Sennecterre
Régiment_de_La_Ferté-Senneterre
Régiment_de_La_Feuillade_cavalerie
Régiment_de_La_Frezelière
Régiment_de_La_Frézelière
Régiment_de_La_Fère
Régiment_de_La_Fère-Infanterie
Régiment_de_La_Fère_(1661)
Régiment_de_La_Fère_(Artillerie)
Régiment_de_La_Fère_(homonymie)
Régiment_de_La_Fère_artillerie
Régiment_de_La_Gervaisais
Régiment_de_La_Lande_dragons
Régiment_de_La_Marche
Régiment_de_La_Marche-Prince
Régiment_de_La_Marche-Prince_(régiment_de_Conti)
Régiment_de_La_Marche-Prince_(régiment_de_Périgord)
Régiment_de_La_Marche-Prince_cavalerie
Régiment_de_La_Marche_(1684)
Régiment_de_La_Marche_(homonymie)
Régiment_de_La_Marck
Régiment_de_La_Margelle_cavalerie
Régiment_de_La_Marine
Régiment_de_La_Marine_infanterie
Régiment_de_La_Mothe
Régiment_de_La_Mothe-Houdancourt_cavalerie
Régiment_de_La_Mothe_(1667)
Régiment_de_La_Mothe_(homonymie)
Régiment_de_La_Motte
Régiment_de_La_Rablière_cavalerie
Régiment_de_La_Reine
Régiment_de_La_Reine-Dragons
Régiment_de_La_Reine-Mère
Régiment_de_La_Reine-Mère_cavalerie
Régiment_de_La_Reine_(1661)
Régiment_de_La_Reine_(homonymie)
Régiment_de_La_Reine_cavalerie
Régiment_de_La_Reine_dragons
Régiment_de_La_Rivière
Régiment_de_La_Roche-Aymon
Régiment_de_La_Roche-sur-Yon_cavalerie
Régiment_de_La_Rochefoucauld
Régiment_de_La_Rochefoucauld_cavalerie
Régiment_de_La_Rochefoucauld_cavalerie_(1726)
Régiment_de_La_Rochefoucauld_cavalerie_(1743)
Régiment_de_La_Rochefoucauld_dragons
Régiment_de_La_Rocheguyon_cavalerie
Régiment_de_La_Rocheguyon_cavalerie_(1712)
Régiment_de_La_Sarre
Régiment_de_La_Suze_dragons
Régiment_de_La_Tour-d'Auvergne
Régiment_de_La_Tour-du-Pin
Régiment_de_La_Tour_cavalerie
Régiment_de_La_Tour_d'Auvergne
Régiment_de_La_Tour_d'Auvergne_(1805-1811)
Régiment_de_La_Tour_d'Auvergne_(Premier_Empire)
Régiment_de_La_Tour_du_Pin
Régiment_de_La_Tournelle_cavalerie
Régiment_de_La_Tremoille
Régiment_de_La_Trémoille
Régiment_de_La_Trémoille_(1728)
Régiment_de_La_Trémoille_(homonymie)
Régiment_de_La_Trémoille_cavalerie
Régiment_de_La_Valette_cavalerie
Régiment_de_La_Vallière
Régiment_de_La_Vaupalière_cavalerie
Régiment_de_La_Viefville_cavalerie
Régiment_de_Labour
Régiment_de_Labour_infanterie
Régiment_de_Lachau-Montauban
Régiment_de_Lally
Régiment_de_Lamballe
Régiment_de_Lambesc_cavalerie
Régiment_de_Lameth_cavalerie
Régiment_de_Lanan_dragons
Régiment_de_Languedoc
Régiment_de_Languedoc-Orléans
Régiment_de_Languedoc_(1672)
Régiment_de_Languedoc_(homonymie)
Régiment_de_Languedoc_dragons
Régiment_de_Lannoy
Régiment_de_Lançon_cavalerie
Régiment_de_Larrard_cavalerie
Régiment_de_Larray
Régiment_de_Lastic
Régiment_de_Laubanie
Régiment_de_Lauragais
Régiment_de_Lautrec
Régiment_de_Lautrec_cavalerie
Régiment_de_Lautrec_dragons
Régiment_de_Lauzun
Régiment_de_Lauzun_hussards
Régiment_de_Laval
Régiment_de_Le_Lude
Régiment_de_Leisler
Régiment_de_Lemont
Régiment_de_Lemps
Régiment_de_Lenck
Régiment_de_Lenoncourt_cavalerie_(1706)
Régiment_de_Lescure_dragons
Régiment_de_Lesdiguieres
Régiment_de_Lesdiguières
Régiment_de_Leuville
Régiment_de_Limosin
Régiment_de_Limousin
Régiment_de_Lionnois
Régiment_de_Listenay
Régiment_de_Listenois_dragons
Régiment_de_Livry
Régiment_de_Livry_cavalerie
Régiment_de_Livry_cavalerie_(1699)
Régiment_de_Lochmann
Régiment_de_Lordat_cavalerie
Régiment_de_Lorges_cavalerie
Régiment_de_Lorges_cavalerie_(1702)
Régiment_de_Lorraine
Régiment_de_Lorraine-Dragons
Régiment_de_Lorraine_(1684-1762)
Régiment_de_Lorraine_(1766)
Régiment_de_Lorraine_(Dragons)
Régiment_de_Lorraine_(homonymie)
Régiment_de_Lorraine_(régiment_d'Aunis)
Régiment_de_Lorraine_cavalerie
Régiment_de_Lorraine_dragons
Régiment_de_Louvigny
Régiment_de_Louvigny-Gramont
Régiment_de_Louvigny_(régiment_d'Île-de-France)
Régiment_de_Louvigny_(régiment_de_Vintimille)
Régiment_de_Lowendal
Régiment_de_Luc_cavalerie
Régiment_de_Lullin_de_Châteauvieux
Régiment_de_Lusignan_cavalerie
Régiment_de_Luxembourg
Régiment_de_Luynes_cavalerie
Régiment_de_Lynden_hussards
Régiment_de_Lyonnais
Régiment_de_Lyonne
Régiment_de_Lyonnois
Régiment_de_Lée
Régiment_de_Lée_(1694)
Régiment_de_Lémon
Régiment_de_Lévis_cavalerie
Régiment_de_Magnières_cavalerie
Régiment_de_Mailly
Régiment_de_Mailly_(régiment_de_Guyenne)
Régiment_de_Mailly_(régiment_de_Saint-Mauris)
Régiment_de_Mailly_dragons
Régiment_de_Maine
Régiment_de_Maine_(1675-1736)
Régiment_de_Maine_(1775)
Régiment_de_Maine_(homonymie)
Régiment_de_Maine_cavalerie
Régiment_de_Maisonneuve
Régiment_de_Manchester
Régiment_de_Manuel
Régiment_de_Marbeuf_dragons
Régiment_de_Marche_de_Cochinchine
Régiment_de_Marcieu_cavalerie
Régiment_de_Marcillac_cavalerie
Régiment_de_Marcilly_cavalerie
Régiment_de_Marsan
Régiment_de_Marteville_cavalerie
Régiment_de_Masselin
Régiment_de_Maugiron
Régiment_de_Maugiron_cavalerie
Régiment_de_Maulevrier
Régiment_de_May
Régiment_de_May_(régiment_d'Ernest)
Régiment_de_May_(régiment_de_Diesbach)
Régiment_de_Mazarin
Régiment_de_Mazarin-Catalans
Régiment_de_Mazarin-Français
Régiment_de_Mazarin-Français_(1644)
Régiment_de_Mazarin-Français_(1654)
Régiment_de_Mazarin-Français_(1659)
Régiment_de_Mazarin-Italien
Régiment_de_Melin_cavalerie
Régiment_de_Mesle
Régiment_de_Meslé
Régiment_de_Mestre-de-Camp_Général
Régiment_de_Mestre_de_Camp_Général
Régiment_de_Mestre_de_Camp_Général_de_Dragons
Régiment_de_Mestre_de_Camp_Général_dragons
Régiment_de_Metz
Régiment_de_Meuron
Régiment_de_Meuse
Régiment_de_Mirabeau
Régiment_de_Miromesnil
Régiment_de_Monaco
Régiment_de_Monchy_cavalerie
Régiment_de_Monnin
Régiment_de_Monsieur
Régiment_de_Monsieur_(Restauration)
Régiment_de_Monsieur_(homonymie)
Régiment_de_Mont-Réal
Régiment_de_Montaigu
Régiment_de_Montauban
Régiment_de_Montauban_cavalerie
Régiment_de_Montauban_cavalerie_(1665)
Régiment_de_Montauban_cavalerie_(1702)
Régiment_de_Montausier
Régiment_de_Montbas_cavalerie
Régiment_de_Montboissier
Régiment_de_Montboissier_(1743)
Régiment_de_Montboissier_(régiment_d'Aunis)
Régiment_de_Montboissier_(régiment_de_La_Tour_d'Auvergne)
Régiment_de_Montcassel
Régiment_de_Montconseil
Régiment_de_Montecler_dragons
Régiment_de_Monteils_cavalerie
Régiment_de_Montfort
Régiment_de_Montgomery
Régiment_de_Montmain_cavalerie
Régiment_de_Montmorency
Régiment_de_Montmorency-Dragons
Régiment_de_Montmorency-Logny
Régiment_de_Montmorency_(1600-1601)
Régiment_de_Montmorency_(1721)
Régiment_de_Montmorency_(1721-1740)
Régiment_de_Montmorency_(régiment_de_Fleury)
Régiment_de_Montmorency_(régiment_de_Languedoc-Orléans)
Régiment_de_Montmorency_dragons
Régiment_de_Montmorin
Régiment_de_Montpeyroux
Régiment_de_Montpezat
Régiment_de_Montplaisir_cavalerie
Régiment_de_Montrevel
Régiment_de_Montrevel_(1759)
Régiment_de_Montrevel_(homonymie)
Régiment_de_Montrevel_cavalerie
Régiment_de_Montsoreau
Régiment_de_Morangiès
Régiment_de_Mornac
Régiment_de_Mortemart
Régiment_de_Mortemart_(1702)
Régiment_de_Mortemart_(1702-1712)
Régiment_de_Mortemart_(1799)
Régiment_de_Mouchan
Régiment_de_Moustier_cavalerie
Régiment_de_Muralt
Régiment_de_Médoc
Régiment_de_Médoc_infanterie
Régiment_de_Mélac_cavalerie
Régiment_de_Nancré_dragons
Régiment_de_Narbonne_cavalerie
Régiment_de_Nassau
Régiment_de_Nassau-Saarbrück
Régiment_de_Nassau-Usingen
Régiment_de_Nassau_(homonymie)
Régiment_de_Navailles
Régiment_de_Navailles_(régiment_d'Artois)
Régiment_de_Navailles_(régiment_de_La_Mothe)
Régiment_de_Navailles_(régiment_de_Médoc)
Régiment_de_Navarre
Régiment_de_Nemon
Régiment_de_Nerestang
Régiment_de_Nettancourt
Régiment_de_Nettancourt_(régiment_de_Dauphiné)
Régiment_de_Nettancourt_(régiment_de_Guyenne)
Régiment_de_Neustrie
Régiment_de_Nice
Régiment_de_Nicolaï_dragons
Régiment_de_Nivernais
Régiment_de_Nivernois
Régiment_de_Nivernois_(régiment_de_La_Marche-Prince-Périgord)
Régiment_de_Nivernois_(régiment_du_Maréchal_de_Turenne)
Régiment_de_Nivernois_infanterie
Régiment_de_Noailles
Régiment_de_Noailles-dragons
Régiment_de_Noailles_(1691)
Régiment_de_Noailles_(1696)
Régiment_de_Noailles_(1734)
Régiment_de_Noailles_cavalerie
Régiment_de_Noailles_dragons
Régiment_de_Nomandie
Régiment_de_Normandie
Régiment_de_Novion_cavalerie
Régiment_de_Noé_cavalerie
Régiment_de_Nugent_cavalerie
Régiment_de_Nérestang
Régiment_de_Palluau
Régiment_de_Parachutistes_d'Infanterie_de_Marine
Régiment_de_Paulmy_cavalerie
Régiment_de_Payssac_dragons
Régiment_de_Penthièvre
Régiment_de_Penthièvre-Dragons
Régiment_de_Penthièvre_(1737)
Régiment_de_Penthièvre_(cavalerie)
Régiment_de_Penthièvre_(homonymie)
Régiment_de_Penthièvre_(infanterie)
Régiment_de_Penthièvre_cavalerie
Régiment_de_Penthièvre_dragons
Régiment_de_Perche
Régiment_de_Perche_(1775)
Régiment_de_Perche_(1776)
Régiment_de_Perche_(homonymie)
Régiment_de_Perche_(régiment_des_Gardes-Lorraine)
Régiment_de_Perche_infanterie
Régiment_de_Peyre_cavalerie
Régiment_de_Peyssonnel_dragons
Régiment_de_Pfiffer
Régiment_de_Pfiffer_(1672-1689)
Régiment_de_Pfiffer_(1763-1769)
Régiment_de_Picardie
Régiment_de_Picardie_(1558)
Régiment_de_Picardie_(homonymie)
Régiment_de_Piettemont
Régiment_de_Piémont
Régiment_de_Planta
Régiment_de_Plessis-Bellière
Régiment_de_Plessis-Bellière-infanterie
Régiment_de_Plessis-Bellière_(1675)
Régiment_de_Plessis-Bellière_cavalerie
Régiment_de_Plélo_dragons
Régiment_de_Poitou
Régiment_de_Poitou_(1682)
Régiment_de_Poitou_(Indes_occidentales)
Régiment_de_Poitou_(homonymie)
Régiment_de_Polleretzky_hussards
Régiment_de_Poly_cavalerie
Régiment_de_Pondichéry
Régiment_de_Pons
Régiment_de_Pons_(régiment_de_Guyenne)
Régiment_de_Pons_cavalerie
Régiment_de_Ponthieu
Régiment_de_Ponthieu_(régiment_d'Austrasie)
Régiment_de_Ponthieu_(régiment_de_Monsieur)
Régiment_de_Porlier
Régiment_de_Port-au-Prince
Régiment_de_Portes
Régiment_de_Praslin_cavalerie
Régiment_de_Preissac_cavalerie
Régiment_de_Provence
Régiment_de_Provence_(1776)
Régiment_de_Provence_(1785)
Régiment_de_Provence_(homonymie)
Régiment_de_Provence_(régiment_de_Monsieur)
Régiment_de_Provence_(régiment_de_Picardie)
Régiment_de_Prusse_(1806-1813)
Régiment_de_Puyguyon
Régiment_de_Puynormand
Régiment_de_Puysieulx_cavalerie
Régiment_de_Puysieux_cavalerie
Régiment_de_Puységur
Régiment_de_Puységur_(1761)
Régiment_de_Puységur_(homonymie)
Régiment_de_Puységur_cavalerie
Régiment_de_Périgord
Régiment_de_Quercy
Régiment_de_Quercy_infanterie
Régiment_de_Quinson_cavalerie
Régiment_de_Quintin_cavalerie
Régiment_de_Québec_(Mitrailleuses)
Régiment_de_Rajput
Régiment_de_Rambures
Régiment_de_Rammbures
Régiment_de_Randan_cavalerie
Régiment_de_Rattzky_hussards
Régiment_de_Rauzan
Régiment_de_Ray_cavalerie
Régiment_de_Reding
Régiment_de_Reinach
Régiment_de_Revel
Régiment_de_Reynold
Régiment_de_Richelieu
Régiment_de_Richelieu_(1561)
Régiment_de_Richelieu_(1561-1563)
Régiment_de_Richelieu_(1568-1575)
Régiment_de_Richelieu_(1615-1616)
Régiment_de_Richelieu_(1657-1657)
Régiment_de_Richelieu_(1718-1738)
Régiment_de_Richelieu_(homonymie)
Régiment_de_Richelieu_(régiment_de_Béarn)
Régiment_de_Richelieu_(régiment_des_Gardes_françaises)
Régiment_de_Rochechouart
Régiment_de_Rochechouart_(1731-1743)
Régiment_de_Rohan
Régiment_de_Rohan-Montbazon
Régiment_de_Rohan-Rochefort
Régiment_de_Rohan-Soubise
Régiment_de_Rohan_(1787)
Régiment_de_Rohan_(1792)
Régiment_de_Rohan_(homonymie)
Régiment_de_Rohan_(régiment_de_Béarn)
Régiment_de_Rohan_cavalerie_(1744)
Régiment_de_Rohan_cavalerie_(Régiment_de_Lusignan)
Régiment_de_Rohan_cavalerie_(régiment_Royal-Normandie)
Régiment_de_Rohan_cavalerie_(régiment_de_Lusignan)
Régiment_de_Rohan_cavalerie_(régiment_de_Talleyrand)
Régiment_de_Romainville_cavalerie
Régiment_de_Rooth
Régiment_de_Roquelaure_cavalerie
Régiment_de_Roscommon
Régiment_de_Rosen
Régiment_de_Rosen_(1762)
Régiment_de_Rosen_(homonymie)
Régiment_de_Rosen_cavalerie
Régiment_de_Rosen_cavalerie_(1738)
Régiment_de_Rosnyvinen
Régiment_de_Rottembourg_cavalerie
Régiment_de_Rouergue
Régiment_de_Rougé
Régiment_de_Roussillon
Régiment_de_Roussillon_(homonymie)
Régiment_de_Roussillon_cavalerie
Régiment_de_Rovéréa
Régiment_de_Royal-Allemand
Régiment_de_Royal-Allemand_(Cavalerie)
Régiment_de_Royal-Auvergne
Régiment_de_Royal-Carabiniers
Régiment_de_Royal-Cavalerie
Régiment_de_Royal-Comtois
Régiment_de_Royal-Cravate
Régiment_de_Royal-Deux-Ponts
Régiment_de_Royal-Dragons
Régiment_de_Royal-La-Marine
Régiment_de_Royal-Louis
Régiment_de_Royal-Piémont_Cavalerie
Régiment_de_Royal-Roussillon
Régiment_de_Royal-Suédois
Régiment_de_Royal-Vaisseaux
Régiment_de_Royal-Étranger-Cavalerie
Régiment_de_Royal_Deux-Ponts
Régiment_de_Royal_Etranger
Régiment_de_Royans
Régiment_de_Roye_cavalerie
Régiment_de_Ruffec_cavalerie
Régiment_de_Sabran_cavalerie
Régiment_de_Saillant
Régiment_de_Saint-Aignan
Régiment_de_Saint-Aignan_cavalerie
Régiment_de_Saint-Aignan_cavalerie_(1706)
Régiment_de_Saint-Aignan_cavalerie_(régiment_de_Beauvilliers)
Régiment_de_Saint-Chamans_cavalerie
Régiment_de_Saint-Chamond
Régiment_de_Saint-Geniès_hussards
Régiment_de_Saint-Germain
Régiment_de_Saint-Germain-Beaupré_cavalerie_(1704)
Régiment_de_Saint-Laurent
Régiment_de_Saint-Louis_cavalerie
Régiment_de_Saint-Maurice
Régiment_de_Saint-Mauris
Régiment_de_Saint-Ruth_cavalerie
Régiment_de_Saint-Sandoux_dragons
Régiment_de_Saint-Silvestre_cavalerie_(1674)
Régiment_de_Saint-Simon
Régiment_de_Saint-Simon_(régiment_de_Beauce)
Régiment_de_Saint-Simon_cavalerie_(1736)
Régiment_de_Saint-Simon_cavalerie_(régiment_d'Archiac)
Régiment_de_Saint-Simon_cavalerie_(régiment_d'Espinchal)
Régiment_de_Saint-Simon_cavalerie_(régiment_de_Talleyrand)
Régiment_de_Saint-Sulpice
Régiment_de_Saint-Vallier
Régiment_de_Sainte-Aldegonde_cavalerie
Régiment_de_Sainte-Colombe
Régiment_de_Sainte-Maure
Régiment_de_Sainte-Mesme_dragons
Régiment_de_Saintonge
Régiment_de_Salis
Régiment_de_Salis-Grisons
Régiment_de_Salis-Marschlins
Régiment_de_Salis-Maschlins
Régiment_de_Salis-Mayenfeld
Régiment_de_Salis-Samade
Régiment_de_Salis-Soglio
Régiment_de_Salis_(1740)
Régiment_de_Salis_(1782)
Régiment_de_Salis_(régiment_de_Diesbach)
Régiment_de_Salis_(régiment_de_Sonnenberg)
Régiment_de_Salm-Salm
Régiment_de_Saluces_cavalerie
Régiment_de_Sanectère
Régiment_de_Santerre
Régiment_de_Sarlabous
Régiment_de_Sarrieu
Régiment_de_Sassenage_cavalerie
Régiment_de_Sault
Régiment_de_Sault_infanterie
Régiment_de_Sauzay
Régiment_de_Savoie
Régiment_de_Savoie-Carignan
Régiment_de_Saxe
Régiment_de_Saxe-Hussards
Régiment_de_Saxe_(1720)
Régiment_de_Saxe_hussards
Régiment_de_Sceaux
Régiment_de_Scheldon_cavalerie
Régiment_de_Schomberg
Régiment_de_Schomberg-Dragons
Régiment_de_Schomberg_(1674)
Régiment_de_Schomberg_dragons
Régiment_de_Schonau
Régiment_de_Seedorf
Régiment_de_Senecterre
Régiment_de_Senneterre
Régiment_de_Senneterre_(1734)
Régiment_de_Senneterre_dragons
Régiment_de_Septimanie-dragons
Régiment_de_Servon_cavalerie
Régiment_de_Seyssac
Régiment_de_Seyssac,_duc_de_Villeroy_cavalerie
Régiment_de_Seyssac_cavalerie
Régiment_de_Seyssel_cavalerie
Régiment_de_Sillery
Régiment_de_Silly
Régiment_de_Soissonnais
Régiment_de_Soissonnais_(1684)
Régiment_de_Soissonnais_(homonymie)
Régiment_de_Soissonnais_(licencié_en_1762)
Régiment_de_Soissons
Régiment_de_Solre
Régiment_de_Sommery_dragons
Régiment_de_Sonnenberg
Régiment_de_Sourches
Régiment_de_Sourches_(1665)
Régiment_de_Sourches_(1706)
Régiment_de_Sourches_(régiment_de_Vintimille)
Régiment_de_Souvré
Régiment_de_Souvré_(homonymie)
Régiment_de_Souvré_cavalerie
Régiment_de_Sparre
Régiment_de_Sparre_(1694)
Régiment_de_Sparre_(1716)
Régiment_de_Sparte
Régiment_de_Stainville
Régiment_de_Steiner
Régiment_de_Strasbourg
Régiment_de_Streff_cavalerie
Régiment_de_Stuppa-infanterie
Régiment_de_Stuppa-jeune-infanterie
Régiment_de_Stuppa_le_Jeune
Régiment_de_Stuppa_le_Vieux
Régiment_de_Sully_cavalerie
Régiment_de_Surbeck
Régiment_de_Surbeck_(1686)
Régiment_de_Surbeck_(1692)
Régiment_de_Surgères_dragons
Régiment_de_Ségur
Régiment_de_Ségur_(régiment_de_Soissonnais)
Régiment_de_Ségur_(régiment_de_Vexin)
Régiment_de_Ségur_dragons
Régiment_de_Talaru
Régiment_de_Talaru_(régiment_de_Beauce)
Régiment_de_Talaru_(régiment_de_Guyenne)
Régiment_de_Talbot
Régiment_de_Talende
Régiment_de_Tallard
Régiment_de_Tallard_(1732)
Régiment_de_Tallard_cavalerie
Régiment_de_Tallende
Régiment_de_Talleyrand_cavalerie
Régiment_de_Talmont_cavalerie
Régiment_de_Talpaches
Régiment_de_Tessé
Régiment_de_Tessé_(1689)
Régiment_de_Tessé_(1703)
Régiment_de_Tessé_(1731)
Régiment_de_Tessé_(Régiment_de_Flandre)
Régiment_de_Tessé_dragons
Régiment_de_Tessé_dragons_(1681)
Régiment_de_Thianges
Régiment_de_Thianges_(1688)
Régiment_de_Thianges_cavalerie
Régiment_de_Thianges_dragons_(1749)
Régiment_de_Thianges_dragons_(1765)
Régiment_de_Tilladet
Régiment_de_Tilladet_cavalerie
Régiment_de_Tilladet_cavalerie_(1667)
Régiment_de_Tirailleurs_Algériens
Régiment_de_Tirailleurs_Annamites
Régiment_de_Tirailleurs_Cambodgiens
Régiment_de_Tirailleurs_Indochinois
Régiment_de_Tirailleurs_Marocains
Régiment_de_Tirailleurs_Somalis
Régiment_de_Tirailleurs_Sénégalais
Régiment_de_Tirailleurs_Sénégalais_du_Tchad
Régiment_de_Tirailleurs_Tonkinois
Régiment_de_Tirailleurs_Tunisiens
Régiment_de_Tonnay-Charente
Régiment_de_Toul
Régiment_de_Toulouse
Régiment_de_Toulouse_(régiment_de_Penthièvre)
Régiment_de_Toulouse_cavalerie
Régiment_de_Touraine
Régiment_de_Touraine_infanterie
Régiment_de_Tournaisis
Régiment_de_Tournefort_cavalerie
Régiment_de_Tourville
Régiment_de_Toustain_cavalerie
Régiment_de_Traisnel
Régiment_de_Trasegnies_cavalerie
Régiment_de_Travers
Régiment_de_Tschudy
Régiment_de_Turbilly
Régiment_de_Turenne
Régiment_de_Turenne_(1625)
Régiment_de_Turenne_cavalerie
Régiment_de_Turenne_cavalerie_(régiment_Colonel-Général_cavalerie)
Régiment_de_Turenne_cavalerie_(régiment_de_Balincourt_cavalerie)
Régiment_de_Turpin_hussards
Régiment_de_Valence
Régiment_de_Valirault
Régiment_de_Vallemont
Régiment_de_Vassan
Régiment_de_Vassé_cavalerie
Régiment_de_Vassé_dragons_(1706)
Régiment_de_Vastan
Régiment_de_Vaubecourt
Régiment_de_Vaubecourt_infanterie
Régiment_de_Vaubrun_cavalerie
Régiment_de_Vaubécourt
Régiment_de_Vaubécourt_(régiment_d'Aunis)
Régiment_de_Vaubécourt_(régiment_de_Guyenne)
Régiment_de_Vaudreuil
Régiment_de_Vaudrey
Régiment_de_Vaudrey_cavalerie
Régiment_de_Vaudrey_cavalerie_(décembre_1706)
Régiment_de_Vaudrey_cavalerie_(juin_1706)
Régiment_de_Vaudémont_cavalerie
Régiment_de_Vaussieux-Hericy_cavalerie
Régiment_de_Vendôme
Régiment_de_Vendôme_infanterie
Régiment_de_Vermandois
Régiment_de_Verruë-dragons
Régiment_de_Vexin
Régiment_de_Vexin_(1762)
Régiment_de_Vexin_(homonymie)
Régiment_de_Vexin_(régiment_de_Vermandois)
Régiment_de_Vibraye_dragons
Régiment_de_Vienne
Régiment_de_Vienne_cavalerie_(1694)
Régiment_de_Vienne_cavalerie_(1749)
Régiment_de_Viennois
Régiment_de_Vierzet
Régiment_de_Vigier
Régiment_de_Vigier_(1783)
Régiment_de_Vigier_(homonymie)
Régiment_de_Vigier_(régiment_de_Castellas)
Régiment_de_Villandry
Régiment_de_Villars
Régiment_de_Villars-Chandieu
Régiment_de_Villars_cavalerie
Régiment_de_Villars_cavalerie_(1674)
Régiment_de_Villars_cavalerie_(1718)
Régiment_de_Villepreux_cavalerie
Régiment_de_Villequier
Régiment_de_Villequier_cavalerie
Régiment_de_Villequier_cavalerie_(1690)
Régiment_de_Villequier_cavalerie_(1710)
Régiment_de_Villeroy
Régiment_de_Villeroy_(homonymie)
Régiment_de_Villeroy_cavalerie
Régiment_de_Vintimille
Régiment_de_Vintimille_(1788)
Régiment_de_Vintimille_(homonymie)
Régiment_de_Vintimille_cavalerie
Régiment_de_Vitry_dragons
Régiment_de_Vivans_cavalerie
Régiment_de_Vivarais
Régiment_de_Vivarais_(1762)
Régiment_de_Vivarais_(homonymie)
Régiment_de_Vivarais_(régiment_de_Bonnac)
Régiment_de_Vivonne
Régiment_de_Vogué_cavalerie
Régiment_de_Vérac_dragons
Régiment_de_Walcheren
Régiment_de_Waldner
Régiment_de_Waldner_de_Freudenstein
Régiment_de_Walsh
Régiment_de_Wiltz_cavalerie
Régiment_de_Wirtemberg_cavalerie
Régiment_de_Wittemer
Régiment_de_Wittmer
Régiment_de_Yoel
Régiment_de_Zurlauben-infanterie
Régiment_de_balagny_de_montluc
Régiment_de_beauce
Régiment_de_belsunce
Régiment_de_blaisois
Régiment_de_brissac
Régiment_de_carabiniers_de_la_Garde_Impériale
Régiment_de_carabiniers_de_la_Garde_impériale
Régiment_de_carabiniers_à_cheval
Régiment_de_carignan-salières
Régiment_de_castelnau
Régiment_de_cavalerie
Régiment_de_cavalerie_Royal_Etranger
Régiment_de_cavalerie_d'Orléans
Régiment_de_cavalerie_de_Kornilov
Régiment_de_cavalerie_de_Penthièvre
Régiment_de_cavalerie_de_Quercy
Régiment_de_cavalerie_de_Royal-Pologne
Régiment_de_cavalerie_de_dragons_du_Roi
Régiment_de_cavalerie_du_Roi
Régiment_de_cavalerie_d’Orléans
Régiment_de_cavalerie_français
Régiment_de_cavalerie_«Farnesio»_n°12
Régiment_de_charolais
Régiment_de_chasse_2/30_Normandie-Niemen
Régiment_de_chasse_2/30_Normandie-Niémen
Régiment_de_chasse_Normandie-Niémen
Régiment_de_chasseurs_basques
Régiment_de_chasseurs_d'Alsace
Régiment_de_chasseurs_de_Bretagne
Régiment_de_chasseurs_de_Champagne
Régiment_de_chasseurs_de_Franche-Comté
Régiment_de_chasseurs_de_Guyenne
Régiment_de_chasseurs_de_Loewenstein
Régiment_de_chasseurs_de_Lorraine
Régiment_de_chasseurs_de_Normandie
Régiment_de_chasseurs_de_la_Garde_impériale
Régiment_de_chasseurs_de_normandie
Régiment_de_chasseurs_des_Alpes
Régiment_de_chasseurs_des_Ardennes
Régiment_de_chasseurs_des_Cévennes
Régiment_de_chasseurs_des_Evêchés
Régiment_de_chasseurs_des_Flandres
Régiment_de_chasseurs_des_Pyrénées
Régiment_de_chasseurs_des_Vosges
Régiment_de_chasseurs_du_Gévaudan
Régiment_de_chasseurs_du_Hainaut
Régiment_de_chasseurs_du_Languedoc
Régiment_de_chasseurs_du_Roi
Régiment_de_chasseurs_à_cheval
Régiment_de_chasseurs_à_cheval_de_Berg
Régiment_de_chasseurs_à_cheval_de_Nemours
Régiment_de_chasseurs_à_cheval_de_Vaucluse
Régiment_de_chasseurs_à_cheval_de_l'Allier
Régiment_de_chasseurs_à_cheval_de_l'Ariège
Régiment_de_chasseurs_à_cheval_de_l'Isère
Régiment_de_chasseurs_à_cheval_de_l'Oise
Régiment_de_chasseurs_à_cheval_de_l'Orne
Régiment_de_chasseurs_à_cheval_de_la_Charente
Régiment_de_chasseurs_à_cheval_de_la_Corrèze
Régiment_de_chasseurs_à_cheval_de_la_Côte-d'Or
Régiment_de_chasseurs_à_cheval_de_la_Dordogne
Régiment_de_chasseurs_à_cheval_de_la_Garde_impériale
Régiment_de_chasseurs_à_cheval_de_la_Garde_royale
Régiment_de_chasseurs_à_cheval_de_la_Marne
Régiment_de_chasseurs_à_cheval_de_la_Meuse
Régiment_de_chasseurs_à_cheval_de_la_Sarthe
Régiment_de_chasseurs_à_cheval_de_la_Somme
Régiment_de_chasseurs_à_cheval_de_la_Vendée
Régiment_de_chasseurs_à_cheval_de_la_Vienne
Régiment_de_chasseurs_à_cheval_des_Alpes_(1815)
Régiment_de_chasseurs_à_cheval_des_Ardennes
Régiment_de_chasseurs_à_cheval_des_Cévennes
Régiment_de_chasseurs_à_cheval_des_Pyrénées
Régiment_de_chasseurs_à_cheval_des_Pyrénées_(1784)
Régiment_de_chasseurs_à_cheval_des_Pyrénées_(1815)
Régiment_de_chasseurs_à_cheval_des_Vosges
Régiment_de_chasseurs_à_cheval_des_Vosges_(1815)
Régiment_de_chasseurs_à_cheval_du_Cantal
Régiment_de_chasseurs_à_cheval_du_Gard
Régiment_de_chasseurs_à_cheval_du_Grand-duché_de_Berg
Régiment_de_chasseurs_à_cheval_du_Gévaudan
Régiment_de_chasseurs_à_cheval_du_Morbihan
Régiment_de_chasseurs_à_cheval_du_Var
Régiment_de_chevau-légers_Kinsky
Régiment_de_chevau-légers_polonais_de_la_Garde_impériale
Régiment_de_commissaire-général-cavalerie
Régiment_de_cosaques_de_la_Garde_impériale
Régiment_de_cuirassiers
Régiment_de_cuirassiers_d'Angoulème
Régiment_de_cuirassiers_d'Angoulême
Régiment_de_cuirassiers_d'Orléans
Régiment_de_cuirassiers_de_Berri
Régiment_de_cuirassiers_de_Berry
Régiment_de_cuirassiers_de_Bordeaux
Régiment_de_cuirassiers_de_Condé
Régiment_de_cuirassiers_de_berry
Régiment_de_cuirassiers_de_la_Garde
Régiment_de_cuirassiers_de_la_Garde_Impériale
Régiment_de_cuirassiers_de_la_Reine
Régiment_de_cuirassiers_de_la_garde_impériale
Régiment_de_cuirassiers_du_Dauphin
Régiment_de_cuirassiers_du_Roi
Régiment_de_dragons_d'Artois
Régiment_de_dragons_de_Monsieur
Régiment_de_dragons_de_l'Hérault
Régiment_de_dragons_de_l'Impératrice
Régiment_de_dragons_de_la_Garde_impériale
Régiment_de_dragons_de_la_Garonne
Régiment_de_dragons_de_la_Gironde
Régiment_de_dragons_de_la_Loire
Régiment_de_dragons_de_la_Manche
Régiment_de_dragons_de_la_Saône
Régiment_de_dragons_de_la_Seine
Régiment_de_dragons_de_la_garde
Régiment_de_dragons_de_la_garde_impériale
Régiment_de_dragons_du_Calvados
Régiment_de_dragons_du_Doubs
Régiment_de_dragons_du_Rhône
Régiment_de_dragons_du_Roi
Régiment_de_dragons_portés
Régiment_de_dromadaires
Régiment_de_flanqueurs-chasseurs_de_la_Garde_impériale
Régiment_de_flanqueurs-grenadiers_de_la_Garde_impériale
Régiment_de_forez
Régiment_de_fusiliers-grenadiers
Régiment_de_fusiliers-grenadiers_de_la_Garde_impériale
Régiment_de_fusiliers_Mont-Royal
Régiment_de_fusiliers_commandos_de_l'air
Régiment_de_fusiliers_à_cheval_du_Roi
Régiment_de_gendarmes_à_cheval
Régiment_de_grenadier_à_cheval_de_la_garde_impériale
Régiment_de_grenadiers_à_cheval_de_la_Garde_impériale
Régiment_de_grenadiers_à_cheval_de_la_garde_impériale
Régiment_de_guides_de_la_Garde_impériale
Régiment_de_gâtinais
Régiment_de_hull
Régiment_de_hussards_Colonel-Général
Régiment_de_hussards_d'Orléans
Régiment_de_hussards_de_Bercheny
Régiment_de_hussards_de_Chartres
Régiment_de_hussards_de_Lauzun
Régiment_de_hussards_de_Saxe-Conflans
Régiment_de_hussards_de_bercheny
Régiment_de_hussards_de_la_Garde_impériale_(Russie)
Régiment_de_hussards_de_la_Garde_royale_danoise
Régiment_de_hussards_de_la_Meurthe
Régiment_de_hussards_de_la_Moselle
Régiment_de_hussards_du_Bas-Rhin
Régiment_de_hussards_du_Dauphin
Régiment_de_hussards_du_Haut-Rhin
Régiment_de_hussards_du_Jura
Régiment_de_hussards_du_Nord
Régiment_de_l'Allier
Régiment_de_l'Altesse
Régiment_de_l'Amiral
Régiment_de_l'Amiral_de_France
Régiment_de_l'Essex
Régiment_de_l'allier
Régiment_de_l'aviation_légère_de_l'armée_de_terre
Régiment_de_l'Île-de-France_infanterie
Régiment_de_l'Île_de_Bourbon
Régiment_de_l'Île_de_France
Régiment_de_la_Calotte
Régiment_de_la_Chaudière
Régiment_de_la_Couronne
Régiment_de_la_Ferté_Sennecterre
Régiment_de_la_Fère
Régiment_de_la_Garde_Finliandski
Régiment_de_la_Garde_Litovski
Régiment_de_la_Garde_Litovsky
Régiment_de_la_Garde_Moskovski
Régiment_de_la_Garde_Pavlovski
Régiment_de_la_Garde_Volynski
Régiment_de_la_Gervaisis
Régiment_de_la_Guadeloupe
Régiment_de_la_Légion_étrangère
Régiment_de_la_Marche
Régiment_de_la_Marine
Régiment_de_la_Martinique
Régiment_de_la_Reine
Régiment_de_la_Reine-Mère
Régiment_de_la_Reine_(Restauration)
Régiment_de_la_Sarre
Régiment_de_la_Tour-du-Pin
Régiment_de_la_Tour_d'Auvergne
Régiment_de_la_calotte
Régiment_de_la_chaudière
Régiment_de_la_garde_à_cheval
Régiment_de_la_garde_à_cheval_(Empire_russe)
Régiment_de_la_marine
Régiment_de_la_reine
Régiment_de_la_reine-mère
Régiment_de_lanciers_de_la_Garde_impériale
Régiment_de_lanciers_de_la_Reine
Régiment_de_lanciers_du_Roi
Régiment_de_l’aviation_légère_de_l’armée_de_terre
Régiment_de_maisonneuve
Régiment_de_marche
Régiment_de_marche_d'infanterie_légère_d'Afrique
Régiment_de_marche_de_la_Légion_étrangère
Régiment_de_marche_de_la_légion_étrangère
Régiment_de_marche_de_tirailleurs_algériens
Régiment_de_marche_du_1er_zouaves
Régiment_de_marche_du_2e_zouaves
Régiment_de_marche_du_3e_zouaves
Régiment_de_marche_du_4e_zouaves
Régiment_de_marche_du_Tchad
Régiment_de_marche_du_Tonkin
Régiment_de_marche_du_tchad
Régiment_de_monaco
Régiment_de_neustrie
Régiment_de_parachutistes_d'infanterie_de_marine
Régiment_de_penthièvre
Régiment_de_penthièvre-dragons
Régiment_de_piémont
Régiment_de_ponthieu
Régiment_de_reconnaissance_blindé_(Ghana)
Régiment_de_rohan
Régiment_de_sapeurs-pompiers_de_Paris
Régiment_de_silly
Régiment_de_soutien_du_combattant
Régiment_de_sécurité_1000
Régiment_de_sécurité_présidentielle
Régiment_de_tallard
Régiment_de_tirailleurs_algériens
Régiment_de_tirailleurs_annamites
Régiment_de_tirailleurs_cambodgiens
Régiment_de_tirailleurs_marocains
Régiment_de_tirailleurs_sénégalais
Régiment_de_tirailleurs_sénégalais_de_Guinée
Régiment_de_tirailleurs_sénégalais_de_la_Côte_française_des_Somalis
Régiment_de_tirailleurs_sénégalais_de_la_côte_française_des_somalis
Régiment_de_tirailleurs_sénégalais_du_Maroc
Régiment_de_tirailleurs_sénégalais_du_Niger
Régiment_de_tirailleurs_sénégalais_du_Soudan
Régiment_de_tirailleurs_sénégalais_du_Tchad
Régiment_de_tirailleurs_sénégalais_du_tchad
Régiment_de_tirailleurs_tunisiens
Régiment_de_transmissions_français
Régiment_de_valirault
Régiment_de_zouaves_de_la_Garde_Impériale
Régiment_de_zouaves_de_la_Garde_impériale
Régiment_de_zouaves_de_marche
Régiment_des_Cuirassiers_du_Roi
Régiment_des_Dragons-Chasseurs_de_Conflans
Régiment_des_Dragons_de_Monsieur
Régiment_des_Dragons_du_Rhône
Régiment_des_Dragons_étrangers_du_Roi
Régiment_des_Flanqueurs-Chasseurs_de_la_Garde
Régiment_des_Fusiliers_à_cheval_du_Roi
Régiment_des_Fusilliers_du_Roy
Régiment_des_Gardes-Françaises
Régiment_des_Gardes-Lorraine
Régiment_des_Gardes_Françaises
Régiment_des_Gardes_Lorraines
Régiment_des_Gardes_Suisses
Régiment_des_Gardes_du_Corps
Régiment_des_Gardes_du_Roi_de_Navarre
Régiment_des_Gardes_françaises
Régiment_des_Gardes_lorraines
Régiment_des_Gardes_suisses
Régiment_des_Grenadiers_de_France
Régiment_des_Grenadiers_de_la_Garde
Régiment_des_Hussards_d'Esterhazy
Régiment_des_Hussards_de_Bercheny
Régiment_des_Hussards_de_Chamborant
Régiment_des_Hussards_de_Conflans
Régiment_des_Hussards_de_Lauzun
Régiment_des_Landes
Régiment_des_Opérations_Spéciales_du_Canada
Régiment_des_Salles_cavalerie
Régiment_des_Vaisseaux-Candale
Régiment_des_Vaisseaux-Mazarin
Régiment_des_Vaisseaux-Provence
Régiment_des_Volontaires_Royaux
Régiment_des_Voltigeurs
Régiment_des_carabiniers_de_Monsieur
Régiment_des_chasseurs_d'Alsace
Régiment_des_chasseurs_de_Bretagne
Régiment_des_chasseurs_de_Champagne
Régiment_des_chasseurs_de_Fischer
Régiment_des_chasseurs_de_Flandre
Régiment_des_chasseurs_de_Franche-Comté
Régiment_des_chasseurs_de_Guyenne
Régiment_des_chasseurs_de_Lorraine
Régiment_des_chasseurs_de_Normandie
Régiment_des_chasseurs_de_Picardie
Régiment_des_chasseurs_de_la_Dordogne
Régiment_des_chasseurs_de_la_Garde
Régiment_des_chasseurs_de_la_Lorraine
Régiment_des_chasseurs_de_la_Picardie
Régiment_des_chasseurs_de_la_garde
Régiment_des_chasseurs_des_Évêchés
Régiment_des_chasseurs_du_Gévaudan
Régiment_des_chasseurs_du_Hainault
Régiment_des_chasseurs_du_Languedoc
Régiment_des_chasseurs_à_cheval_de_la_Garde_royale_du_roi_de_France
Régiment_des_chevaliers-gardes
Régiment_des_cuirassiers
Régiment_des_cuirassiers_de_la_Garde
Régiment_des_cuirassiers_de_la_garde
Régiment_des_dragons_de_Monsieur
Régiment_des_dragons_de_Noailles
Régiment_des_dragons_de_la_Garde
Régiment_des_dragons_de_la_Garde_impériale
Régiment_des_dragons_de_la_Reine
Régiment_des_dragons_de_la_garde
Régiment_des_dromadaires
Régiment_des_flanqueurs-chasseurs_de_la_Garde
Régiment_des_flanqueurs-grenadiers_de_la_Garde
Régiment_des_fusiliers-chasseurs_de_la_Garde_impériale
Régiment_des_fusiliers-grenadiers_de_la_Garde_impériale
Régiment_des_gardes_du_roi_de_navarre
Régiment_des_guides_de_la_Garde_Impériale
Régiment_des_hussards_de_Chartres
Régiment_des_hussards_de_Saxe
Régiment_des_hussards_du_Jura
Régiment_des_mobiles_de_la_Vienne
Régiment_des_transmissions_interarmées_des_Forces_canadiennes
Régiment_des_télégraphistes_coloniaux
Régiment_des_uhlans_britanniques
Régiment_des_vaisseaux
Régiment_des_vaisseaux-candale
Régiment_des_vaisseaux-mazarin
Régiment_des_vaisseaux-provence
Régiment_des_volontaires_royaux
Régiment_des_voltigeurs_de_Québec
Régiment_des_Étrangers_de_Dunkerque
Régiment_des_éclaireurs_algériens
Régiment_des_étrangers_recrutés_(Suède)
Régiment_disciplinaire
Régiment_du_78e_Frasers_Highlanders
Régiment_du_78e_frasers_highlanders
Régiment_du_Beauvaisis
Régiment_du_Berry_(cavalerie)
Régiment_du_Bessay_cavalerie
Régiment_du_Bordage_cavalerie_(1674)
Régiment_du_Bordage_cavalerie_(1693)
Régiment_du_Bordage_cavalerie_(Archiac)
Régiment_du_Boulonnais
Régiment_du_Bourbonnais
Régiment_du_Bourg_de_Lespinasse
Régiment_du_Bourg_de_l'Espinasse
Régiment_du_Buisson_(1715)
Régiment_du_Béarn
Régiment_du_Cap
Régiment_du_Chayla_cavalerie
Régiment_du_Chevalier_de_Rosen_cavalerie
Régiment_du_Chevalier_de_Tessé_dragons
Régiment_du_Châtelet_cavalerie
Régiment_du_Comte_de_Charolais
Régiment_du_Comte_de_Provence
Régiment_du_Comte_de_Roye
Régiment_du_Dauphin
Régiment_du_Dauphin,_3e_lanciers
Régiment_du_Dauphin-Cavalerie
Régiment_du_Dauphin_(Restauration)
Régiment_du_Dauphin_(homonymie)
Régiment_du_Dauphin_Cavalerie
Régiment_du_Dauphin_Dragons
Régiment_du_Dauphin_cavalerie
Régiment_du_Dauphin_dragons
Régiment_du_Dauphiné
Régiment_du_Dresnay,_puis_de_Léon
Régiment_du_Duc_d'Angoulême_dragons
Régiment_du_Duc_de_Berry
Régiment_du_Duc_de_Berry_cavalerie
Régiment_du_Fort_Lenormand
Régiment_du_Gas_cavalerie
Régiment_du_Hainaut
Régiment_du_Kremlin
Régiment_du_Languedoc
Régiment_du_Limousin
Régiment_du_Lyonnais
Régiment_du_Maine_(1675)
Régiment_du_Maine_(1776)
Régiment_du_Maine_cavalerie
Régiment_du_Maréchal_d'Ancre
Régiment_du_Maréchal_de_Turenne
Régiment_du_Médoc
Régiment_du_Perche
Régiment_du_Perche_(1690)
Régiment_du_Perche_(1775)
Régiment_du_Perche_(1776)
Régiment_du_Perche_(régiment_de_Soissonnais)
Régiment_du_Piémont
Régiment_du_Plessis-Joigny
Régiment_du_Plessis-Praslin
Régiment_du_Poitou
Régiment_du_Port-au-Prince
Régiment_du_Prince_Camille_cavalerie
Régiment_du_Prince_Camille_cavalerie_(1689)
Régiment_du_Prince_Charles_cavalerie
Régiment_du_Prince_de_Marcillac_cavalerie
Régiment_du_Roi
Régiment_du_Roi-Cavalerie
Régiment_du_Roi-Infanterie
Régiment_du_Roi_(Restauration)
Régiment_du_Roi_(homonymie)
Régiment_du_Roi_(infanterie)
Régiment_du_Roi_cavalerie
Régiment_du_Roi_dragons
Régiment_du_Roi_infanterie
Régiment_du_Royal_Tank
Régiment_du_Rumain_cavalerie
Régiment_du_Saguenay
Régiment_du_Service_Militaire_Adapté_de_la_Guyane
Régiment_du_Tronc_cavalerie
Régiment_du_Vexin
Régiment_du_Worcestershire
Régiment_du_comte_de_Roye
Régiment_du_comte_de_roye
Régiment_du_dauphin,_3e_lanciers
Régiment_du_duc_d'Anjou
Régiment_du_génie_français
Régiment_du_matériel_français
Régiment_du_roi
Régiment_du_saguenay
Régiment_du_service_militaire_adapté_de_La_Réunion
Régiment_du_service_militaire_adapté_de_Mayotte
Régiment_du_service_militaire_adapté_de_Nouvelle-Calédonie
Régiment_du_service_militaire_adapté_de_Polynésie_française
Régiment_du_service_militaire_adapté_de_la_Guadeloupe
Régiment_du_service_militaire_adapté_de_la_Guyane
Régiment_du_service_militaire_adapté_de_la_Martinique
Régiment_du_service_militaire_adapté_de_la_Réunion
Régiment_du_train_français
Régiment_d’Albigeois
Régiment_d’Alsace
Régiment_d’Angoulême
Régiment_d’Anguien-Cavalerie
Régiment_d’Enghien-Cavalerie
Régiment_d’Infanterie_Territoriale
Régiment_d’Orléans
Régiment_d’artillerie_de_Toul
Régiment_d’artillerie_de_position
Régiment_d’artillerie_français
Régiment_d’infanterie
Régiment_d’infanterie_Aubettere
Régiment_d’infanterie_Bulkeley
Régiment_d’infanterie_Diesbach
Régiment_d’infanterie_Lally-Tollendahl
Régiment_d’infanterie_Lully-Tollendahl
Régiment_d’infanterie_Rooth
Régiment_d’infanterie_Royal_de_Vaisseaux
Régiment_d’infanterie_Tresnel
Régiment_d’infanterie_de_Beauvoisis
Régiment_d’infanterie_de_Berwick
Régiment_d’infanterie_de_Bethens
Régiment_d’infanterie_de_Courten
Régiment_d’infanterie_de_Crillon
Régiment_d’infanterie_de_Dillon
Régiment_d’infanterie_de_La_Couronne
Régiment_d’infanterie_de_Normandie
Régiment_d’infanterie_de_Touraine
Régiment_d’infanterie_de_la_Marine
Régiment_d’infanterie_de_marine_ou_coloniale_français
Régiment_d’infanterie_du_Dauphin
Régiment_d’infanterie_du_Hainault
Régiment_d’infanterie_du_Piémont
Régiment_d’infanterie_d’Angoumois
Régiment_d’infanterie_d’Auvergne
Régiment_d’infanterie_d’Eu
Régiment_d’infanterie_français
Régiment_d’infanterie_marine_ou_coloniale_français
Régiment_français_d'Ancien_Régime
Régiment_humières-cavalerie
Régiment_léger_d'Angoulême_(Restauration)
Régiment_léger_de_Berri_(Restauration)
Régiment_léger_de_Dauphin_(Restauration)
Régiment_léger_de_Monsieur_(Restauration)
Régiment_léger_de_la_Reine_(Restauration)
Régiment_léger_du_Roi_(Restauration)
Régiment_mazarin-italien
Régiment_motorisé_1000
Régiment_médical
Régiment_noble_à_pied_de_Condé
Régiment_para-commando
Régiment_parachutiste_(Royaume-Uni)
Régiment_parachutiste_français
Régiment_provincial
Régiment_provisoire
Régiment_rajput
Régiment_royal-auvergne
Régiment_royal-italien
Régiment_royal-la-marine
Régiment_royal-roussillon
Régiment_royal_canadien
Régiment_royal_d'infanterie_légère_d'Hamilton_(Wentworth_Regiment)
Régiment_royal_d'Écosse
Régiment_royal_de_Terre-Neuve
Régiment_royal_de_fusiliers
Régiment_royal_de_fusiliers_des_Highlands
Régiment_royal_de_fusiliers_des_highlands
Régiment_royal_de_l'Artillerie_australienne
Régiment_royal_de_l'Artillerie_canadienne
Régiment_royal_de_l'artillerie_australienne
Régiment_royal_de_la_Reine
Régiment_royal_de_la_Reine_(Royaume-Uni)
Régiment_royal_de_la_princesse_de_Galles
Régiment_royal_de_la_princesse_de_galles
Régiment_royal_des_vaisseaux
Régiment_royal_dragons
Régiment_royal_d’infanterie_légère_d’Hamilton_(Wentworth_Regiment)
Régiment_royal_d’infanterie_légère_d’hamilton_(wentworth_regiment)
Régiment_royal_d’Écosse
Régiment_royal_d’écosse
Régiment_royal_malais
Régiment_régional
Régiment_régional_de_travailleurs
Régiment_spécial_d'intervention
Régiment_suisse_au_service_de_la_France
Régiment_suisse_de_Karrer
Régiment_suisse_de_Stoppa-infanterie
Régiment_von_Fürstemberg_infanterie
Régiment_wallon
Régiment_wurtembergeois_du_Cap
Régiment_wurtembourgeois_du_Cap
Régiment_écossais
Régiment_étranger
Régiments_FFI
Régiments_Gorkhas_(Inde)
Régiments_ayant_participé_à_la_conquête_de_l'Algérie_par_la_France
Régiments_croates_des_armées_napoléoniennes
Régiments_d'artillerie_français
Régiments_d'infanterie_territoriaux
Régiments_de_Hohenlohe
Régiments_de_cavalerie_français
Régiments_de_fusiliers_marins
Régiments_de_l'aviation_légère_de_l'armée_de_terre
Régiments_de_ligne
Régiments_de_marche_de_volontaires_étrangers
Régiments_de_parachutistes_commandos
Régiments_de_parachutistes_commandos_(RPC)
Régiments_de_partisans_soviétiques_1941-1944
Régiments_des_colonies
Régiments_des_dragons_de_la_garde
Régiments_du_matériel_français
Régiments_français_d'Ancien_Régime
Régiments_français_d'artillerie
Régiments_français_de_cavalerie
Régiments_français_de_chasseurs_à_cheval
Régiments_français_de_dragons
Régiments_français_de_hussards
Régiments_gorkhas_(Inde)
Régiments_provinciaux
Régiments_étrangers_au_service_de_l'Ancien_Régime
Régiments_étrangers_des_armées_napoléoniennes
Régimes_Protéiné
Régimes_alimentaire_d'exclusion_dans_l'autisme
Régimes_alimentaires
Régimes_amaigrissants
Régimes_communistes
Régimes_complémentaires
Régimes_complémentaires_de_retaite_français
Régimes_complémentaires_de_retraite_en_France
Régimes_complémentaires_de_retraite_français
Régimes_complémentaires_français
Régimes_de_neutre
Régimes_de_retraite
Régimes_de_retraite_des_parlementaires
Régimes_de_retraite_des_professions_libérales_français
Régimes_de_retraite_français_des_professions_libérales
Régimes_de_retraite_par_répartition
Régimes_de_sanctions_du_Conseil_de_sécurité_des_Nations_unies
Régimes_démocratiques
Régimes_enregistrés_d'épargne-retraite
Régimes_fascistes
Régimes_islamiques
Régimes_législatifs_français
Régimes_matrimoniaux
Régimes_multilatéraux_de_contrôle_des_exportations
Régimes_politiques
Régimes_spéciaux
Régimes_spéciaux_de_retraite
Régimes_spéciaux_de_retraite_en_France
Régina
Régina!
Régina_!
Régina_(Canada)
Régina_(Saskatchewan)
Régina_(film)
Régina_(homonymie)
Régina_Badet
Régina_Carter
Régina_Coeli
Régina_Khayat
Régina_Khayat-Bonan
Régina_Louf
Régina_Virserius
Réginal_Goreux
Réginal_de_Marigny
Réginald
Réginald-Ferdinand_Poswick
Réginald_(acteur)
Réginald_Becque
Réginald_Bernut
Réginald_Charles_Gagnon
Réginald_Dortomb
Réginald_Forbes
Réginald_Gaillard
Réginald_Garrigou-Lagrange
Réginald_Guay
Réginald_Hamel
Réginald_Martel
Réginald_Moreels
Réginald_Morissette
Réginald_Outhier
Réginald_Ray
Réginald_Savage
Réginald_bull
Réginald_d'Orléans
Réginald_de_Canterbury
Réginald_de_Cantorbéry
Réginald_de_Dunstanville
Réginald_de_Martigny
Réginald_de_Piperno
Réginald_de_dunstanville
Réginald_garrigou-lagrange
Réginard
Régine
Régine's_Duets
Régine's_duets
Régine_(film)
Régine_(film,_1956)
Régine_(homonymie)
Régine_Abadia
Régine_Beer
Régine_Blaess
Régine_Blaëss
Régine_Cavagnoud
Régine_Charvet_Pello
Régine_Chassagne
Régine_Chopinot
Régine_Crespin
Régine_Crespin_(rose)
Régine_Dancourt
Régine_Deforges
Régine_Desforges
Régine_Detambel
Régine_Engström
Régine_Flory
Régine_Gattegno
Régine_Gordine
Régine_Hantelle
Régine_Karlin
Régine_Karlin-Orfinger
Régine_Krochmal
Régine_Lacroix-Neuberth
Régine_Laurent
Régine_Le_Jan
Régine_Macé-Quinzin
Régine_Martial
Régine_Mismacq
Régine_Olsen
Régine_Orfinger
Régine_Orfinger-Karlin
Régine_Pascale
Régine_Pernoud
Régine_Poncet
Régine_Poveda
Régine_Povéda
Régine_Protmann
Régine_Quéva
Régine_Robin
Régine_Sirota
Régine_Skorka
Régine_Skorka-Jacubert
Régine_Teyssot
Régine_Vandamme
Régine_Verelle
Régine_Veronnet
Régine_Vial
Régine_Zylberberg
Régine_et_Marcel
Régine_et_marcel
Régine_sirota
Régine_van_den_Broek_d’Obrenan
Réginon_de_Prüm
Réginon_de_prüm
Régio2N
Régio_2N
Régio_Francisco_Congo_Zalata
Régiolecte
Régiolis
Régiomontanus
Région
Région_(Angleterre)
Région_(Belgique)
Région_(Danemark)
Région_(France)
Région_(Islande)
Région_(Italie)
Région_(Maroc)
Région_(Slovaquie)
Région_(Togo)
Région_(collectivité_territoriale_française)
Région_1_(Territoires_du_Nord-Ouest)
Région_2_(Territoires_du_Nord-Ouest)
Région_3_(Territoires_du_Nord-Ouest)
Région_4_(Territoires_du_Nord-Ouest)
Région_5_(Territoires_du_Nord-Ouest)
Région_6_(Territoires_du_Nord-Ouest)
Région_A
Région_Administrative_Spéciale
Région_Afar
Région_Aisén_del_General_Carlos_Ibáñez_del_Campo
Région_Alsace
Région_Amhara
Région_Anglaise_de_Yorkshhire_et_Humber
Région_Anglaise_de_Yorkshire_et_Humber
Région_Anglaise_des_Midlands_de_l'Est
Région_Anglaise_des_Midlands_de_l'Ouest
Région_Anglaise_du_Grand_Londres
Région_Aquitaine
Région_Ashanti
Région_Asie-Pacifique
Région_Australie_centrale_(phytorégion)
Région_Autonome_Ouighour
Région_Autonome_du_Sahara
Région_Autonome_du_Sahara(RAS)
Région_Autonome_du_Sahara_(RAS)
Région_Auvergne
Région_Aysén_del_General_Carlos_Ibáñez_del_Campo
Région_Basse-Normandie
Région_Bodensee-Oberschwaben
Région_Boucle_du_Mouhoun_(Burkina)
Région_Boucle_du_Mouhoun_(Burkina_Faso)
Région_Bourgogne
Région_Bretagne
Région_Bretagne_(région_administrative)
Région_Bruxelles-Capitale
Région_COROP
Région_Caraïbe
Région_Caraïbe_(Colombie)
Région_Cascades_(Burkina)
Région_Cascades_(Burkina_Faso)
Région_Centrale
Région_Centre
Région_Centre-Est_(Burkina)
Région_Centre-Est_(Burkina_Faso)
Région_Centre-Nord_(Burkina)
Région_Centre-Nord_(Burkina_Faso)
Région_Centre-Ouest
Région_Centre-Ouest_(Brésil)
Région_Centre-Ouest_(Burkina)
Région_Centre-Ouest_(Burkina_Faso)
Région_Centre-Sud_(Burkina)
Région_Centre-Sud_(Burkina_Faso)
Région_Centre_(Burkina)
Région_Centre_(Burkina_Faso)
Région_Centre_(Nouvelle-Calédonie)
Région_Centre_(Portugal)
Région_Centre_(homonymie)
Région_Chaleur
Région_Champagne-Ardenne
Région_Corse
Région_Diana
Région_Donau-Iller
Région_Drâa-Tafilalet
Région_Est
Région_Est_(Burkina)
Région_Est_(Burkina_Faso)
Région_Est_(Nouvelle-Calédonie)
Région_Fernandez_(phytorégion)
Région_Fortifiée_de_Verdun
Région_Franche-Comté
Région_Franco-Cantabre
Région_Grand_Est
Région_Grand_Nord_(Queensland)
Région_Guadeloupe
Région_Guelmim-Oued_Noun
Région_Géographique_Intermédiaire_de_Campinas
Région_HI
Région_HII
Région_H_II
Région_Harar
Région_Haute-Normandie
Région_Hauts-Bassins_(Burkina)
Région_Hauts-Bassins_(Burkina_Faso)
Région_Hauts-de-France
Région_Ile-de-France
Région_Ile-de-france
Région_Intermédiaire
Région_Irano-turanienne
Région_Kanto
Région_Languedoc-Roussillon
Région_Limousin
Région_Littoral
Région_Lorraine
Région_Midi-Pyrénées
Région_Midwest
Région_Mixteca
Région_Momase
Région_Momase_(Papouasie-Nouvelle-Guinée)
Région_Montagnes
Région_Méditerranéenne
Région_Métropolitaine_Carbonifère
Région_Métropolitaine_Trinationale_du_Rhin_Supérieur
Région_Métropolitaine_de_Santiago
Région_Métropolitaine_de_l'Estuaire_du_Rio_Itajaí
Région_Neckar-Alb
Région_Nord
Région_Nord-Est
Région_Nord-Est_(Brésil)
Région_Nord-Pas-de-Calais
Région_Nord_(Brésil)
Région_Nord_(Burkina)
Région_Nord_(Burkina_Faso)
Région_Nord_(Malawi)
Région_Nord_(Malte)
Région_Nord_(Nouvelle-Calédonie)
Région_Nord_(Portugal)
Région_Normandie
Région_North_Slave
Région_Nouvelle-Aquitaine
Région_Néo-zélandaise
Région_O'Higgins
Région_Occidentale
Région_Occidentale_(Ghana)
Région_Occitanie
Région_Océan_Indien
Région_Orientale
Région_Orientale_(Ghana)
Région_Ouest
Région_Ouest_(Nouvelle-Calédonie)
Région_PACA
Région_PAL
Région_Papou
Région_Papou_(Papouasie-Nouvelle-Guinée)
Région_Papouasie
Région_Papoue
Région_Papua
Région_Parisienne
Région_Pasco
Région_Pays_de_la_Loire
Région_Picardie
Région_Plateau-Central_(Burkina)
Région_Plateau-Central_(Burkina_Faso)
Région_Poitou-Charentes
Région_Polynésienne_(phytorégion)
Région_Provence-Alpes-Côte_d'Azur
Région_Rhin-Main
Région_Rhin-Neckar
Région_Rhône-Alpes
Région_Réunion
Région_Saharo-arabique
Région_Sahel_(Burkina)
Région_Sahel_(Burkina_Faso)
Région_Sidama
Région_Somali
Région_Souss-Massa
Région_Souss-Massa-Drâa
Région_Spéciale_de_Développement
Région_Stikine
Région_Sud
Région_Sud-Est_(Brésil)
Région_Sud-Est_(Malte)
Région_Sud-Est_(Queensland)
Région_Sud-Ouest_(Burkina)
Région_Sud-Ouest_(Burkina_Faso)
Région_Sud_(Brésil)
Région_Sud_(Luxembourg)
Région_Sud_(Malawi)
Région_Sud_(Malte)
Région_Sud_(Nouvelle-Calédonie)
Région_Terre_Nord-Ouest
Région_Tombaugh
Région_Touristique_des_Monts_Kumgang
Région_Urbaine_de_San_Francisco
Région_Val-de-Ruz
Région_Val-de-Travers
Région_académique
Région_académique_Grand_Est
Région_académique_d'île-de-france
Région_administrative
Région_administrative_allemande
Région_administrative_au_Québec
Région_administrative_d'Allemagne
Région_administrative_de_Berne-Mittelland
Région_administrative_de_Cordillera
Région_administrative_de_l'Allemagne
Région_administrative_de_l'Emmental-Haute-Argovie
Région_administrative_de_l'Oberland
Région_administrative_de_la_Cordillière
Région_administrative_de_la_Cordillère
Région_administrative_du_Jura_bernois
Région_administrative_du_Québec
Région_administrative_du_Seeland
Région_administrative_marocaine
Région_administrative_spéciale
Région_administrative_spéciale_de_Hong_Kong
Région_administrative_spéciale_de_Macao
Région_administrative_spéciale_de_Sinuiju
Région_administrative_spéciale_de_Sinŭiju
Région_administrative_spéciale_de_sinŭiju
Région_afar
Région_afrotropicale
Région_agricole_française
Région_amazonienne_(Colombie)
Région_amhara
Région_andine_(Colombie)
Région_anglaise
Région_anglaise_de_Yorkshire_et_Humber
Région_anglaise_des_Midlands_de_l'Est
Région_anglaise_des_Midlands_de_l'Ouest
Région_anglaise_du_grand_Londres
Région_antarctique
Région_arctique
Région_autonome
Région_autonome_(Chine)
Région_autonome_(République_populaire_de_Chine)
Région_autonome_(république_populaire_de_Chine)
Région_autonome_de_Bougainville
Région_autonome_de_Gagaouzie
Région_autonome_de_Košice
Région_autonome_de_Madère
Région_autonome_de_Mongolie-Intérieure
Région_autonome_de_Mongolie-intérieure
Région_autonome_de_Mongolie_intérieure
Région_autonome_de_Principe
Région_autonome_de_République_populaire_de_Chine
Région_autonome_de_Transnistrie
Région_autonome_de_la_Côte_caraïbe_nord
Région_autonome_de_la_Côte_caraïbe_sud
Région_autonome_de_la_Sardaigne
Région_autonome_de_la_république_populaire_de_Chine
Région_autonome_de_république_populaire_de_Chine
Région_autonome_des_Açores
Région_autonome_du_Kurdistan
Région_autonome_du_Kurdistan_irakien
Région_autonome_du_Níngxià
Région_autonome_du_Soudan_du_Sud
Région_autonome_du_Soudan_du_Sud_(1972-1983)
Région_autonome_du_Soudan_du_Sud_(2005-2011)
Région_autonome_du_Tibet
Région_autonome_du_Xinjiang
Région_autonome_en_Mindanao_musulmane
Région_autonome_hui_du_Níngxià
Région_autonome_huí_du_Níngxià
Région_autonome_musulmane_de_Mindanao
Région_autonome_ouïghoure_du_Xinjiang
Région_autonome_à_statut_spécial
Région_autonome_à_statut_spécial_(Italie)
Région_axillaire
Région_belge
Région_bilingue_de_Bruxelles
Région_bilingue_de_Bruxelles-Capitale
Région_biogéographique
Région_bordelaise
Région_bretagne
Région_bruxelloise
Région_capitale_nationale
Région_carnatique
Région_centrale
Région_centrale_(Fidji)
Région_centrale_(Malawi)
Région_centrale_(Malte)
Région_centrale_(Singapour)
Région_centrale_(Togo)
Région_centrale_(malawi)
Région_centrale_(togo)
Région_centrale_(Érythrée)
Région_centre-ouest_(brésil)
Région_chilienne-patagonienne_(phytorégion)
Région_circumboréale
Région_continentale
Région_d'Aisén
Région_d'Aisén_del_General_Carlos_Ibáñez_del_Campo
Région_d'Albula
Région_d'Ali_Sabieh
Région_d'Alice_Springs
Région_d'Amazonas
Région_d'Ancash
Région_d'Andapa
Région_d'Andijan
Région_d'Angleterre
Région_d'Annecy
Région_d'Antofagasta
Région_d'Apurimac
Région_d'Apurímac
Région_d'Aquitaine
Région_d'Araucanie
Région_d'Arequipa
Région_d'Arica_et_Parinacota
Région_d'Armagnac
Région_d'Arta
Région_d'Arusha
Région_d'Ashanti
Région_d'Ashanti_(Ghana)
Région_d'Astéria
Région_d'Atacama
Région_d'Auckland
Région_d'Aussig-sur-Elbe
Région_d'Ayacucho
Région_d'Ayeyarwady
Région_d'Aysén
Région_d'Aysén_del_General_Carlos_Ibáñez_del_Campo
Région_d'Edmonton_Capitale
Région_d'Engiadina_Bassa/Val_Müstair
Région_d'Hyndla
Région_d'Ica
Région_d'Ilocos
Région_d'Imboden
Région_d'Imdr
Région_d'Interlake
Région_d'Inuvik
Région_d'Isaac
Région_d'Ishkus
Région_d'Italie
Région_d'Obock
Région_d'Odessa
Région_d'Olomouc
Région_d'Oromia
Région_d'Ucayali
Région_d'Ulfrun
Région_d'aisén_del_general_carlos_ibáñez_del_campo
Région_d'arica_et_parinacota
Région_d'information_de_vol
Région_d'intérêt_panoramique_et_historique_de_Huanglong
Région_d'intérêt_panoramique_et_historique_de_Wulingyuan
Région_d'intérêt_panoramique_et_historique_de_la_vallée_de_Jiuzhaigou
Région_d'outre-mer
Région_d'Écosse
Région_d'État_récréative_de_Big_Bog
Région_d'État_récréative_de_Garden_Island
Région_d'Éthiopie
Région_d'Ústí_nad_Labem
Région_d'état_récréative_de_big_bog
Région_d'état_récréative_de_garden_island
Région_d'ústí_nad_labem
Région_de_Antofagasta
Région_de_Atacama
Région_de_Baffin
Région_de_Bago
Région_de_Banská_Bystrica
Région_de_Barcaldine
Région_de_Barnard
Région_de_Belgique
Région_de_Bell
Région_de_Benjamin
Région_de_Bernina
Région_de_Bessarabie
Région_de_Bicol
Région_de_Blackall-Tambo
Région_de_Blagoevgrad
Région_de_Bohême_centrale
Région_de_Bohême_du_Sud
Région_de_Boké
Région_de_Bougie
Région_de_Bratislava
Région_de_Brong-Ahafo
Région_de_Brong_Ahafo
Région_de_Brong_Ahafo_(Ghana)
Région_de_Bruxelles
Région_de_Bruxelles-Capitale
Région_de_Bruxelles-capitale
Région_de_Bruxelles_Capitale
Région_de_Bundaberg
Région_de_Burnett_Nord
Région_de_Burnett_Sud
Région_de_Béni_Mellal-Khénifra
Région_de_Cairns
Région_de_Cajamarca
Région_de_Calgary
Région_de_Callao
Région_de_Canterbury
Région_de_Casablanca-Settat
Région_de_Chaac-Camaxtli
Région_de_Chaouia-Ouardigha
Région_de_Charters_Towers
Région_de_Chugoku
Région_de_Chéticamp
Région_de_Chûgoku
Région_de_Chūgoku
Région_de_Commandement_-_Capitale
Région_de_Conakry
Région_de_Coquimbo
Région_de_Couva-Tabaquite-Talparo
Région_de_Cusco
Région_de_Cuzco
Région_de_Dakar
Région_de_Dakhla-Oued_Ed_Dahab
Région_de_Dalby
Région_de_Darién
Région_de_Darwin
Région_de_Davao
Région_de_Dehcho
Région_de_Diana
Région_de_Diego_Martin
Région_de_Diffa
Région_de_Dikhil
Région_de_Dioné
Région_de_Diourbel
Région_de_Djibouti
Région_de_Dobrzyń
Région_de_Donetsk
Région_de_Drâa-Tafilalet
Région_de_Dsonkwa
Région_de_Dubréka
Région_de_Eastman
Région_de_Faranah
Région_de_Fatick
Région_de_Fès-Boulemane
Région_de_Fès-Meknès
Région_de_Gagaouzie
Région_de_Galilée
Région_de_Gao
Région_de_Geita
Région_de_Gendarmerie_d'Île-de-France
Région_de_Gendarmerie_de_Basse-Normandie
Région_de_Gendarmerie_de_Bretagne
Région_de_Gendarmerie_de_Haute-Normandie
Région_de_Gendarmerie_de_Provence-Alpes-Côte_d'Azur
Région_de_Gendarmerie_mobile
Région_de_Gladstone
Région_de_Goondiwindi
Région_de_Goyder
Région_de_Gozo
Région_de_Grenade
Région_de_Guelmim-Oued_Noun
Région_de_Gympie
Région_de_Hanovre
Région_de_Hanovre_(arrondissement)
Région_de_Harju
Région_de_Heilbronn-Franconie
Région_de_Herţa
Région_de_Herța
Région_de_Hiiu
Région_de_Hlu?ín
Région_de_Hokkaido
Région_de_Hokkaid?
Région_de_Hokuriku
Région_de_Hradec_Králové
Région_de_Huancavelica
Région_de_Huanuco
Région_de_Huánuco
Région_de_Interlake
Région_de_Junin
Région_de_Junín
Région_de_Järva
Région_de_Jõgeva
Région_de_Kaffrine
Région_de_Kagera
Région_de_Kaliningrad
Région_de_Kankan
Région_de_Kant?
Région_de_Kaolack
Région_de_Karlovy_Vary
Région_de_Katavi
Région_de_Kavango
Région_de_Kayes
Région_de_Kidal
Région_de_Kiev
Région_de_Kigoma
Région_de_Kindia
Région_de_Kivalliq
Région_de_Kolda
Région_de_Koshinetsu
Région_de_Koulikoro
Région_de_Košice
Région_de_Kumano
Région_de_Kyūshū
Région_de_Kédougou
Région_de_Kôshinetsu
Région_de_K?shinetsu
Région_de_La_Libertad
Région_de_La_Mé
Région_de_Labé
Région_de_Lambayeque
Région_de_Landquart
Région_de_Laponie
Région_de_Laufey
Région_de_Laâyoune-Boujdour-Sakia_El_Hamra
Région_de_Leningrad
Région_de_Lerma
Région_de_León
Région_de_Liberec
Région_de_Libertador_General_Bernardo_O'Higgins
Région_de_Light
Région_de_Ligurie
Région_de_Lima
Région_de_Lisbonne
Région_de_Lockyer_Valley
Région_de_Longreach
Région_de_Loreto
Région_de_Louga
Région_de_Lääne
Région_de_Mackay
Région_de_Madre_de_Dios
Région_de_Magallanes_et_de_l'Antarctique_chilien
Région_de_Magallanes_et_de_l'Antarctique_chilienne
Région_de_Magway
Région_de_Maloja
Région_de_Mamou
Région_de_Mandalay
Région_de_Maranoa
Région_de_Marius
Région_de_Marmara
Région_de_Marrakech-Safi
Région_de_Marrakech-Tensift-Al-Haouz
Région_de_Marrakech-Tensift-Al_Haouz
Région_de_Martinique
Région_de_Matam
Région_de_Melotte
Région_de_Menaka
Région_de_Moesa
Région_de_Moguilev
Région_de_Moldavie
Région_de_Montréal
Région_de_Mopti
Région_de_Moquegua
Région_de_Moravie-Silésie
Région_de_Moravie_du_Sud
Région_de_Murcie
Région_de_Murcie_(1833-1978)
Région_de_Mwanza
Région_de_Mátra-Slanec
Région_de_Ménaka
Région_de_N'Zérékoré
Région_de_Neringa
Région_de_Nicholson
Région_de_Nitra
Région_de_Njombe
Région_de_North_Slave
Région_de_Nyon
Région_de_Nzérékoré
Région_de_O'Higgins
Région_de_Papouasie
Région_de_Pardubice
Région_de_Parkland
Région_de_Pasco
Région_de_Peel
Région_de_Pembina_Valley
Région_de_Penal-Debe
Région_de_Perrine
Région_de_Phœbé
Région_de_Pilsen
Région_de_Piura
Région_de_Piémont
Région_de_Plessur
Région_de_Plzen
Région_de_Plzeň
Région_de_Port_Moresby
Région_de_Prešov
Région_de_Princes_Town
Région_de_Prättigau/Davos
Région_de_Puno
Région_de_Pärnu
Région_de_Pégou
Région_de_Põlva
Région_de_Qikiqtani
Région_de_Québec
Région_de_Rabat-Salé-Kénitra
Région_de_Rapla
Région_de_Rio_Claro-Mayaro
Région_de_Rockhampton
Région_de_Rotterdam
Région_de_Saare
Région_de_Sagaing
Région_de_Sahtu
Région_de_Saint-Louis
Région_de_San-Pédro
Région_de_San_Juan-Laventille
Région_de_San_Martin
Région_de_San_Martín
Région_de_Sangre_Grande
Région_de_Saxe
Région_de_Shikoku
Région_de_Sikasso
Région_de_Simiyu
Région_de_Singapour
Région_de_Siparia
Région_de_Skopje
Région_de_Slovénie
Région_de_Sofia_(Madagascar)
Région_de_Somerset
Région_de_Souabe_(Bavière)
Région_de_South_Slave
Région_de_Stuttgart
Région_de_Surselva
Région_de_Suwalki
Région_de_Suwałki
Région_de_Sédhiou
Région_de_Ségou
Région_de_Tacna
Région_de_Tadjourah
Région_de_Tambacounda
Région_de_Tanger-Tétouan
Région_de_Tanger-Tétouan-Al_Hoceima
Région_de_Tanintharyi
Région_de_Taoudénit
Région_de_Tarapacá
Région_de_Tartu
Région_de_Tchernivtsi
Région_de_Tethus
Région_de_Thiès
Région_de_Thémis
Région_de_Tobago
Région_de_Tohoku
Région_de_Tokai
Région_de_Toluca
Région_de_Tombouctou
Région_de_Toowoomba
Région_de_Transylvanie
Région_de_Tren?ín
Région_de_Trnava
Région_de_Tumbes
Région_de_Tunapuna-Piarco
Région_de_T?hoku
Région_de_T?kai
Région_de_Ucayali
Région_de_Valachie
Région_de_Valence
Région_de_Valencia
Région_de_Valga
Région_de_Valparaiso
Région_de_Valparaíso
Région_de_Vassilissa
Région_de_Viamala
Région_de_Viljandi
Région_de_Vilnius
Région_de_Vilno
Région_de_Vyso?ina
Région_de_Võru
Région_de_Wakefield
Région_de_Westman
Région_de_Whitsunday
Région_de_Wilno
Région_de_Winnipeg
Région_de_Wurtemberg-de-l'Est
Région_de_Yangon
Région_de_Ziguinchor
Région_de_Zlín
Région_de_Zumpango
Région_de_banská_bystrica
Région_de_bratislava
Région_de_bruxelles-capitale
Région_de_cajamarca
Région_de_callao
Région_de_chūgoku
Région_de_contrôle_du_locus
Région_de_contrôle_terminale
Région_de_coquimbo
Région_de_couva-tabaquite-talparo
Région_de_cuzco
Région_de_diego_martin
Région_de_dikhil
Région_de_développement_București-Ilfov
Région_de_développement_Centre
Région_de_développement_Centre_(Népal)
Région_de_développement_Centre_(Roumanie)
Région_de_développement_Centru
Région_de_développement_Est
Région_de_développement_Extrême-Ouest
Région_de_développement_Moyen-Ouest
Région_de_développement_Nord-Est
Région_de_développement_Nord-Ouest
Région_de_développement_Nord-Vest
Région_de_développement_Ouest
Région_de_développement_Ouest_(Népal)
Région_de_développement_Ouest_(Roumanie)
Région_de_développement_Sud
Région_de_développement_Sud-Est
Région_de_développement_Sud-Munténie
Région_de_développement_Sud-Ouest
Région_de_développement_Sud-Ouest-Olténie
Région_de_développement_Sud-Vest
Région_de_développement_Vest
Région_de_développement_de_Bucarest-Ilfov
Région_de_développement_extrême-ouest
Région_de_formation_d'étoiles
Région_de_gendarmerie
Région_de_gendarmerie_d'Île-de-France
Région_de_herţa
Région_de_hokuriku
Région_de_hradec_králové
Région_de_huancavelica
Région_de_huánuco
Région_de_karlovy_vary
Région_de_kindia
Région_de_košice
Région_de_k?shinetsu
Région_de_l'Adamaoua
Région_de_l'Anatolie_centrale
Région_de_l'Anatolie_du_Sud-Est
Région_de_l'Anatolie_du_sud-est
Région_de_l'Anatolie_orientale
Région_de_l'Angleterre_de_l'Est
Région_de_l'Angleterre_du_Nord-Est
Région_de_l'Angleterre_du_Nord-Ouest
Région_de_l'Angleterre_du_Sud-Est
Région_de_l'Angleterre_du_Sud-Ouest
Région_de_l'Angleterre_du_sud-est
Région_de_l'Araucanie
Région_de_l'Est
Région_de_l'Est_(Cameroun)
Région_de_l'Est_(Macédoine)
Région_de_l'Est_(Macédoine_du_Nord)
Région_de_l'Expansion
Région_de_l'Extrême-Nord
Région_de_l'Extrême-Nord_(Cameroun)
Région_de_l'Hunter
Région_de_l'Italie
Région_de_l'Oriental
Région_de_l'Ouest
Région_de_l'Ouest_(Cameroun)
Région_de_l'est
Région_de_l'est_(Singapour)
Région_de_l'est_asiatique
Région_de_l'expansion
Région_de_l'oriental
Région_de_l'ouest_(Singapour)
Région_de_l'Öresund
Région_de_l'Øresund
Région_de_la_Baltique
Région_de_la_Borborema
Région_de_la_Capitale
Région_de_la_Cassowary_Coast
Région_de_la_Grande_Baie_de_Guangdong-Hong_Kong-Macao
Région_de_la_Kara
Région_de_la_Martinique
Région_de_la_Mer_Noire
Région_de_la_Rivière-de-la-Paix
Région_de_la_Rivière_de_la_Paix
Région_de_la_Scenic_Rim
Région_de_la_Sunshine_Coast
Région_de_la_Volga
Région_de_la_Volta
Région_de_la_baie_Moreton
Région_de_la_baie_de_Galveston
Région_de_la_baie_de_San_Francisco
Région_de_la_borborema
Région_de_la_capitale_Séoul
Région_de_la_capitale_de_Séoul
Région_de_la_capitale_nationale
Région_de_la_capitale_nationale_(Canada)
Région_de_la_capitale_nationale_(canada)
Région_de_la_côte_Fraser
Région_de_la_kara
Région_de_la_libertad
Région_de_la_mer_Noire
Région_de_la_mer_du_Nord
Région_de_lambayeque
Région_de_langue_allemande
Région_de_langue_allemande_(Belgique)
Région_de_langue_allemande_de_Belgique
Région_de_langue_française
Région_de_langue_française_(Belgique)
Région_de_langue_française_de_Belgique
Région_de_langue_néerlandaise
Région_de_langue_néerlandaise_(Belgique)
Région_de_langue_néerlandaise_de_Belgique
Région_de_liberec
Région_de_lieutenance_d'Écosse
Région_de_lima
Région_de_lisbonne
Région_de_loreto
Région_de_los_Lagos
Région_de_los_Ríos
Région_de_l’Adamaoua
Région_de_l’Est_(Cameroun)
Région_de_l’Extrême-Nord_(Cameroun)
Région_de_l’Ouest_(Cameroun)
Région_de_madre_de_dios
Région_de_magallanes_et_de_l'antarctique_chilienne
Région_de_moldavie
Région_de_moravie-silésie
Région_de_nitra
Région_de_pardubice
Région_de_pasco
Région_de_penal-debe
Région_de_photodissociation
Région_de_piura
Région_de_planification
Région_de_planification_(Bulgarie)
Région_de_planification_de_Riga
Région_de_plzeň
Région_de_port_moresby
Région_de_prešov
Région_de_princes_town
Région_de_puno
Région_de_québec
Région_de_recensement_de_Bethel
Région_de_recensement_de_Dillingham
Région_de_recensement_de_Hoonah-Angoon
Région_de_recensement_de_Kusilvak
Région_de_recensement_de_Nome
Région_de_recensement_de_Prince_of_Wales_-_Outer_Ketchikan
Région_de_recensement_de_Skagway-Hoonah-Angoon
Région_de_recensement_de_Southeast_Fairbanks
Région_de_recensement_de_Valdez-Cordova
Région_de_recensement_de_Wade_Hampton
Région_de_recensement_de_Wrangell-Petersburg
Région_de_recensement_de_Yukon-Koyukuk
Région_de_recensement_de_bethel
Région_de_recensement_de_dillingham
Région_de_recensement_de_nome
Région_de_recensement_de_prince_of_wales_-_outer_ketchikan
Région_de_recensement_de_skagway-hoonah-angoon
Région_de_recensement_de_southeast_fairbanks
Région_de_recensement_de_valdez-cordova
Région_de_recensement_de_wade_hampton
Région_de_recensement_de_wrangell-petersburg
Région_de_recensement_de_yukon-koyukuk
Région_de_recensement_des_Aléoutiennes_occidentales
Région_de_recensement_des_aléoutiennes_occidentales
Région_de_rio_claro-mayaro
Région_de_san_juan-laventille
Région_de_san_martín
Région_de_sangre_grande
Région_de_siparia
Région_de_stuttgart
Région_de_subordination_républicaine
Région_de_ségou
Région_de_tacna
Région_de_tadjourah
Région_de_tarapacá
Région_de_transition_du_Soleil
Région_de_transition_solaire
Région_de_tren?ín
Région_de_trnava
Région_de_tumbes
Région_de_tunapuna-piarco
Région_de_t?kai
Région_de_valparaíso
Région_de_vyso?ina
Région_de_zlín
Région_de_Ñuble
Région_de_Žilina
Région_de_žilina
Région_del_Maule
Région_del_maule
Région_des_Caraïbes
Région_des_Caraïbes_(phytorégion)
Région_des_Central_Highlands
Région_des_Combrailles
Région_des_Fleuves
Région_des_Grands_Lacs
Région_des_Grands_Lacs_(Afrique)
Région_des_Grands_lacs
Région_des_Hautes-Terres
Région_des_Hautes_Terres
Région_des_Ilocos
Région_des_Kotama
Région_des_Lacs
Région_des_Lagunes
Région_des_Marches
Région_des_Mille_étangs
Région_des_Nations,_Nationalités_et_Peuples_du_Sud
Région_des_Philippines
Région_des_Plateaux
Région_des_Pouilles
Région_des_Savanes
Région_des_Savanes_(Côte_d'Ivoire)
Région_des_Savanes_(Togo)
Région_des_Southern_Downs
Région_des_Sudètes
Région_des_Tablelands
Région_des_Western_Downs
Région_des_cuvettes_des_prairies
Région_des_fleuves
Région_des_fondrières_des_prairies
Région_des_grands_lacs
Région_des_hautes-terres
Région_des_hautes_terres_(Papouasie-Nouvelle-Guinée)
Région_des_lacs
Région_des_lacs_Willandra
Région_des_lacs_d'Allemagne_centrale
Région_des_lacs_de_Brodnica
Région_des_lacs_de_Finlande
Région_des_lacs_de_Mazurie
Région_des_lacs_de_finlande
Région_des_lacs_du_Jura_français
Région_des_lacs_expérimentaux
Région_des_lacs_finlandais
Région_des_lacs_willandra
Région_des_lagunes
Région_des_montagnes_Bleues
Région_des_nations,_nationalités_et_peuples_du_Sud
Région_des_nations,_nationalités_et_peuples_du_sud
Région_des_peuples_Gambela
Région_des_plaines_centrales
Région_des_plateaux
Région_des_plateaux_(Togo)
Région_des_plateaux_(togo)
Région_des_rivières_du_Nord
Région_des_savanes
Région_des_savanes_(côte_d'ivoire)
Région_des_savanes_(togo)
Région_des_trois_lacs
Région_des_Îles
Région_des_îles
Région_des_îles_(Papouasie-Nouvelle-Guinée)
Région_des_îles_Féroé
Région_diocésaine
Région_dorsale
Région_du_Bas-Sassandra
Région_du_Benishangul-Gumuz
Région_du_Biobio
Région_du_Biobío
Région_du_Bluegrass
Région_du_Bélier
Région_du_Centre
Région_du_Centre_(Cameroun)
Région_du_Centre_(Ghana)
Région_du_Chili
Région_du_Chili_par_IDH
Région_du_Chūbu
Région_du_Chūgoku
Région_du_Congo
Région_du_Darién
Région_du_Dehcho
Région_du_Draâ-Tafilalet
Région_du_Drâa-Tafilalet
Région_du_Grand_ABC
Région_du_Grand_Accra
Région_du_Grand_Accra_(Ghana)
Région_du_Haut_Ghana_occidental
Région_du_Haut_Ghana_oriental
Région_du_Hokuriku
Région_du_Iffou
Région_du_Japon
Région_du_Kansai
Région_du_Kansaï
Région_du_Kant?
Région_du_K?shinetsu
Région_du_Labrador
Région_du_Libertador_General_Bernardo_O'Higgins
Région_du_Littoral
Région_du_Littoral_(Cameroun)
Région_du_Léman
Région_du_Maramureş
Région_du_Maule
Région_du_Moronou
Région_du_N'Zi
Région_du_Nord
Région_du_Nord-Est
Région_du_Nord-Est_(Macédoine)
Région_du_Nord-Est_(Macédoine_du_Nord)
Région_du_Nord-Ouest
Région_du_Nord-Ouest_(Cameroun)
Région_du_Nord_(Cameroun)
Région_du_Nord_(Ghana)
Région_du_Nord_(Manitoba)
Région_du_Nord_(Russie)
Région_du_Nord_de_l'Alberta
Région_du_Northland
Région_du_Perche
Région_du_Pool
Région_du_Portugal
Région_du_Queensland
Région_du_Sahtu
Région_du_Slave_Nord
Région_du_Slave_Sud
Région_du_Souss
Région_du_Sud
Région_du_Sud-Est
Région_du_Sud-Est_(Macédoine)
Région_du_Sud-Est_(Macédoine_du_Nord)
Région_du_Sud-Ouest
Région_du_Sud-Ouest_(Cameroun)
Région_du_Sud-Ouest_(Macédoine)
Région_du_Sud-Ouest_(Macédoine_du_Nord)
Région_du_Sud_(Cameroun)
Région_du_Sud_(Malawi)
Région_du_Sud_de_l'Alberta
Région_du_Tchad
Région_du_Tigré
Région_du_T?hoku
Région_du_T?kai
Région_du_Vardar
Région_du_Viru_Occidental
Région_du_Viru_Oriental
Région_du_Waikato
Région_du_bas-sassandra
Région_du_biobío
Région_du_centre_de_l'Australie_(phytorégion)
Région_du_chūbu
Région_du_danemark
Région_du_delta_du_Mékong
Région_du_kansai
Région_du_libertador_general_bernardo_o'higgins
Région_du_nord
Région_du_nord-est
Région_du_nord-est_(Singapour)
Région_du_nord_(Singapour)
Région_du_nord_du_Nigéria
Région_du_peuple_Harari
Région_du_roi_Christian_IX
Région_du_Ñuble
Région_désignée_des_Inuvialuit
Région_déterminant_la_complémentarité
Région_d’Antofagasta
Région_d’Araucanie
Région_d’Arica_et_Parinacota
Région_d’Atacama
Région_ecclésiastique
Région_ecclésiastique_d'Abruzze-Molise
Région_ecclésiastique_d'Abruzzes-Molise
Région_ecclésiastique_d'Italie
Région_ecclésiastique_d'Ombrie
Région_ecclésiastique_d'Émilie-Romagne
Région_ecclésiastique_de_Calabre
Région_ecclésiastique_de_Campanie
Région_ecclésiastique_de_Ligurie
Région_ecclésiastique_de_Lombardie
Région_ecclésiastique_de_Sardaigne
Région_ecclésiastique_de_Sicile
Région_ecclésiastique_de_Toscane
Région_ecclésiastique_de_Triveneto
Région_ecclésiastique_de_la_Basilicate
Région_ecclésiastique_des_Abruzzes_et_du_Molise
Région_ecclésiastique_des_Marches
Région_ecclésiastique_des_Pouilles
Région_ecclésiastique_du_Latium
Région_ecclésiastique_du_Piémont
Région_ecclésiastique_du_Piémont-Val_d'Aoste
Région_ecclésiastique_du_Triveneto
Région_en_expansion
Région_et_département_d'outre-mer
Région_fessière
Région_flamande
Région_floristique
Région_floristique_du_Cap
Région_forestière
Région_fortifiée_de_Hel
Région_fortifiée_de_Verdun
Région_franco-cantabre
Région_franco-cantabrique
Région_francophone_de_Belgique
Région_francoprovençale
Région_française
Région_germanophone_de_Belgique
Région_glutéale
Région_géographique_immédiate
Région_géographique_immédiate_d'Araras
Région_géographique_intermédiaire_de_Campinas
Région_géographique_intermédiaire_de_São_Paulo
Région_géographique_italienne
Région_historico-culturelle_et_naturelle_de_Kotor
Région_historique
Région_historique_de_Haute-Silésie
Région_historique_de_Pologne
Région_historique_de_Suède
Région_hors-zone_du_Far_West
Région_insulaire
Région_insulaire_(Colombie)
Région_inter-lacustre
Région_interlacustre
Région_intermédiaire
Région_intermédiaire_de_Campinas
Région_intégré_de_développement_du_Distrito_Federal_et_environs
Région_intégrée_de_développement_du_Distrito_federal_et_environs
Région_italienne
Région_italienne_à_statut_spécial
Région_lignitifère_d'Allemagne_centrale
Région_linguistique
Région_linguistique_belge
Région_linguistique_de_Bruxelles-Capitale
Région_linguistique_néerlandaise
Région_littorale
Région_lyonnaise
Région_lémanique
Région_maltaise
Région_maritime
Région_maritime_(Togo)
Région_maritime_(togo)
Région_militaire
Région_militaire_(Algérie)
Région_militaire_(Allemagne)
Région_minière
Région_mixtèque
Région_montagneuse
Région_mulhousienne
Région_méditerranéenne
Région_méditerranéenne_(phytorégion)
Région_métropolitaine
Région_métropolitaine_(Brésil)
Région_métropolitaine_(brésil)
Région_métropolitaine_(États-Unis)
Région_métropolitaine_Carbonifère
Région_métropolitaine_Cologne-Bonn
Région_métropolitaine_Nord/Nord-Est_de_Santa_Catarina
Région_métropolitaine_Rhin-Neckar
Région_métropolitaine_Rhin-Ruhr
Région_métropolitaine_carbonifère
Région_métropolitaine_d'Allemagne_centrale
Région_métropolitaine_d'Atlanta
Région_métropolitaine_d'Oradea
Région_métropolitaine_de_Baixada_Santista
Région_métropolitaine_de_Barcelone
Région_métropolitaine_de_Belo_Horizonte
Région_métropolitaine_de_Belém
Région_métropolitaine_de_Berlin-Brandebourg
Région_métropolitaine_de_Bombay
Région_métropolitaine_de_Campina_Grande
Région_métropolitaine_de_Campinas
Région_métropolitaine_de_Chapecó
Région_métropolitaine_de_Curitiba
Région_métropolitaine_de_Florianópolis
Région_métropolitaine_de_Fortaleza
Région_métropolitaine_de_Hambourg
Région_métropolitaine_de_Hanovre-Braunschweig-Göttingen-Wolfsburg
Région_métropolitaine_de_Hanovre-Brunswick-Göttingen-Wolfsbourg
Région_métropolitaine_de_João_Pessoa
Région_métropolitaine_de_Lages
Région_métropolitaine_de_Lisbonne
Région_métropolitaine_de_Londrina
Région_métropolitaine_de_Macapá
Région_métropolitaine_de_Maceió
Région_métropolitaine_de_Manaus
Région_métropolitaine_de_Maringá
Région_métropolitaine_de_Montréal
Région_métropolitaine_de_Mumbai
Région_métropolitaine_de_Munich
Région_métropolitaine_de_Natal
Région_métropolitaine_de_Porto_Alegre
Région_métropolitaine_de_Recife
Région_métropolitaine_de_Rio_de_Janeiro
Région_métropolitaine_de_Rotterdam-La_Haye
Région_métropolitaine_de_Saguenay
Région_métropolitaine_de_Salvador
Région_métropolitaine_de_Santiago
Région_métropolitaine_de_Sherbrooke
Région_métropolitaine_de_Stuttgart
Région_métropolitaine_de_São_Paulo
Région_métropolitaine_de_Toronto
Région_métropolitaine_de_Trois-Rivières
Région_métropolitaine_de_Tubarão
Région_métropolitaine_de_Tulsa
Région_métropolitaine_de_Victoria
Région_métropolitaine_de_Washington
Région_métropolitaine_de_belo_horizonte
Région_métropolitaine_de_belém
Région_métropolitaine_de_campinas
Région_métropolitaine_de_curitiba
Région_métropolitaine_de_fortaleza
Région_métropolitaine_de_joão_pessoa
Région_métropolitaine_de_l'Estuaire_du_Rio_Itajaí
Région_métropolitaine_de_l'Extrême-Ouest
Région_métropolitaine_de_l'estuaire_du_rio_itajaí
Région_métropolitaine_de_la_Baixada_Santista
Région_métropolitaine_de_la_Vallée_du_Rio_Itajaí
Région_métropolitaine_de_la_baixada_santista
Région_métropolitaine_de_la_vallée_du_rio_itajaí
Région_métropolitaine_de_londrina
Région_métropolitaine_de_macapá
Région_métropolitaine_de_maceió
Région_métropolitaine_de_manaus
Région_métropolitaine_de_maringá
Région_métropolitaine_de_natal
Région_métropolitaine_de_porto_alegre
Région_métropolitaine_de_recife
Région_métropolitaine_de_rio_de_janeiro
Région_métropolitaine_de_salvador
Région_métropolitaine_de_santiago
Région_métropolitaine_de_são_paulo
Région_métropolitaine_de_tubarão
Région_métropolitaine_des_États-Unis
Région_métropolitaine_des_états-unis
Région_métropolitaine_du_Contestado
Région_métropolitaine_du_Vale_do_Aço
Région_métropolitaine_du_vale_do_aço
Région_métropolitaine_nord/nord-est_de_santa_catarina
Région_métropolitaine_trinationale_du_Rhin_supérieur
Région_naturelle_de_Combraille
Région_naturelle_de_France
Région_naturelle_de_Mugamba
Région_naturelle_de_Saxe
Région_naturelle_de_france
Région_naturelle_de_l'Indre
Région_naturelle_de_la_République_de_Macédoine
Région_naturelle_des_Combrailles
Région_naturelle_du_Nouveau-Brunswick
Région_naturelle_du_Perche
Région_niçoise
Région_non_traduite
Région_néerlandophone_de_Belgique
Région_néo-zélandaise
Région_néotropicale
Région_occidentale
Région_occidentale_(Fidji)
Région_orientale
Région_orientale_(Fidji)
Région_orientale_(Ghana)
Région_pacifique_(Colombie)
Région_parisienne
Région_physique_italienne
Région_polaire
Région_politique_de_Bruxelles-Capitale
Région_polonaise
Région_polynésienne_(phytorégion)
Région_principale_du_pays_de_Galles
Région_pseudo-autosomale
Région_pseudo-autosomique
Région_pseudoautosomale
Région_pubienne
Région_pénitentiaire
Région_pétrolifère
Région_rhin-main
Région_rhin-neckar
Région_récréative_d'État_de_Big_Bog
Région_récréative_d'État_de_Chena_River
Région_saharo-arabique
Région_septale
Région_septentrionale
Région_septentrionale_(Fidji)
Région_solaire_transitoire
Région_sous_administration_locale
Région_spéciale_de_développement_du_Honduras
Région_statistique_et_de_planification
Région_statistique_et_de_planification_(Hongrie)
Région_subarctique
Région_subartique
Région_sud-est_(brésil)
Région_suprachiasmatique
Région_terre_Nord-Ouest
Région_terre_nord-ouest
Région_touristique
Région_touristique_des_monts_Kumgang
Région_touristique_du_Québec
Région_transcaspienne
Région_tropicale
Région_ultra-périphérique
Région_ultrapériphérique
Région_urbaine
Région_urbaine_d'Aix-la-Chapelle
Région_urbaine_de_Katowice
Région_urbaine_de_Londres
Région_urbaine_de_Lyon
Région_urbaine_de_Rotterdam
Région_urbaine_de_San_Francisco
Région_urbaine_de_londres
Région_urbaine_de_lyon
Région_urbaine_de_san_francisco
Région_valencienne
Région_vinicole_américaine
Région_viticole
Région_viticole_américaine
Région_viticole_du_Haut-Douro
Région_volcanique_d'Islande
Région_wallonne
Région_Égéenne
Région_Évangéline
Région_Évangéline_(Île-du-Prince-Édouard)
Région_Île-de-France
Région_à_sursauts_de_formation_d'étoiles
Région_écologique
Région_économique_centrale
Région_économique_d'Extrême-Orient
Région_économique_de_Centre-Tchernozem
Région_économique_de_Kaliningrad
Région_économique_de_Sibérie_de_l'Est
Région_économique_de_Sibérie_de_l'Ouest
Région_économique_de_Sibérie_occidentale
Région_économique_de_Sibérie_orientale
Région_économique_de_Volga-Viatka
Région_économique_de_l'Oural
Région_économique_de_la_Volga
Région_économique_du_Caucase_du_Nord
Région_économique_du_Centre
Région_économique_du_Centre-Tchernozem
Région_économique_du_Nord
Région_économique_du_Nord-Caucase
Région_économique_du_Nord-Ouest
Région_économique_du_Nord_Caucase
Région_économique_extrême-orientale
Région_égéenne
Région_électorale
Région_électorale_du_Senedd
Région_épiscopale
Régional
Régional,_Compagnie_Aérienne_Européenne
Régional_(compagnie_aérienne)
Régional_(compagnie_aérienne_européenne)
Régional_CAE
Régional_Compagnie_Aérienne_Européenne
Régional_du_Val-de-Travers
Régionale
Régionales
Régionales_2010
Régionales_2015
Régionales_2021
Régionalisation
Régionalisation_de_logiciel
Régionalisme
Régionalisme_(Italie)
Régionalisme_(architecture)
Régionalisme_(art)
Régionalisme_(linguistique)
Régionalisme_(littérature)
Régionalisme_(peinture_américaine)
Régionalisme_(politique)
Régionalisme_(relations_internationales)
Régionalisme_(économie)
Régionalisme_breton
Régionalisme_critique
Régionalisme_durant_la_Seconde_Guerre_mondiale
Régionalisme_et_collaborationnisme
Régionalisme_et_nationalisme_(Espagne)
Régionalisme_et_nationalisme_en_Espagne
Régionalisme_franc-comtois
Régionalisme_occitan
Régionalisme_valencien
Régionalismes_et_nationalismes_en_Espagne
Régionaliste
Régionaliste_franc-comtois
Régionalistes
Régionaux
Régionnaires_de_Rome
Régions
Régions_(Maroc)
Régions_(chaîne_de_télévision)
Régions_Financial
Régions_HI
Régions_NUTS_de_l'UE
Régions_PAL
Régions_administratives_allemandes
Régions_administratives_d'Allemagne
Régions_administratives_de_l'Allemagne
Régions_administratives_de_la_République_populaire_roumaine
Régions_administratives_du_Québec
Régions_administratives_du_canton_de_Berne
Régions_administratives_spéciales
Régions_arctiques
Régions_autonomes
Régions_autonomes_serbes
Régions_belges
Régions_d'Algérie
Régions_d'Angleterre
Régions_d'Australie-Occidentale
Régions_d'Estonie
Régions_d'Islande
Régions_d'Italie
Régions_d'Ukraine
Régions_d'autorité_régionale
Régions_d'information_de_vol
Régions_d'italie
Régions_d'outre-mer
Régions_d'outre_mer
Régions_d'Écosse
Régions_d'Éthiopie
Régions_de_Belgique
Régions_de_Bosnie-Herzégovine
Régions_de_Bulgarie
Régions_de_Croatie
Régions_de_Côte_d'Ivoire
Régions_de_Djibouti
Régions_de_Finlande
Régions_de_France
Régions_de_France_(association)
Régions_de_Gendarmerie_mobile
Régions_de_Grèce_antique
Régions_de_Hongrie
Régions_de_Lituanie
Régions_de_Madagascar
Régions_de_Namibie
Régions_de_Nouvelle-Zélande
Régions_de_Papouasie-Nouvelle-Guinée
Régions_de_Roumanie
Régions_de_Santa_Catarina
Régions_de_Saxe
Régions_de_Serbie
Régions_de_Slovaquie
Régions_de_Slovénie
Régions_de_Somalie
Régions_de_Suède
Régions_de_Tanzanie
Régions_de_Tchéquie
Régions_de_Thaïlande
Régions_de_Turquie
Régions_de_belgique
Régions_de_développement_de_Roumanie
Régions_de_développement_de_roumanie
Régions_de_développement_du_Népal
Régions_de_développement_du_népal
Régions_de_finlande
Régions_de_gendarmerie_mobile
Régions_de_l'Angleterre
Régions_de_l'Argentine
Régions_de_l'Arménie
Régions_de_l'Irlande
Régions_de_l'Islande
Régions_de_l'Italie
Régions_de_l'Ouest
Régions_de_l'Ouganda
Régions_de_l'Ukraine
Régions_de_l'Union_européenne
Régions_de_l'argentine
Régions_de_l'islande
Régions_de_l'Érythrée
Régions_de_la_Côte_d'Ivoire
Régions_de_la_Grèce_antique
Régions_de_la_Méditerranée
Régions_de_la_Méditerranée_(Union_européenne)
Régions_de_la_Namibie
Régions_de_la_Nouvelle-Zélande
Régions_de_la_République_du_Congo
Régions_de_la_République_tchèque
Régions_de_la_Tchéquie
Régions_de_la_Thaïlande
Régions_de_la_côte_d'ivoire
Régions_de_la_mer_du_Nord
Régions_de_la_république_tchèque
Régions_de_lieutenance_d'Écosse
Régions_de_lieutenance_d'écosse
Régions_de_lituanie
Régions_de_madagascar
Régions_de_nouvelle-zélande
Régions_de_planification
Régions_de_planification_(Bulgarie)
Régions_de_planification_(Lettonie)
Régions_de_roumanie
Régions_de_santa_catarina
Régions_de_serbie
Régions_de_somalie
Régions_de_tanzanie
Régions_des_Philippines
Régions_du_Brésil
Régions_du_Burkina
Régions_du_Burkina_Faso
Régions_du_Cameroun
Régions_du_Chili
Régions_du_Danemark
Régions_du_Ghana
Régions_du_Guyana
Régions_du_Japon
Régions_du_Malawi
Régions_du_Maroc
Régions_du_Niger
Régions_du_Nord
Régions_du_Nunavut
Régions_du_Portugal
Régions_du_Pérou
Régions_du_Queensland
Régions_du_Québec
Régions_du_Sénégal
Régions_du_Tchad
Régions_du_Togo
Régions_du_Viêt_Nam
Régions_du_brésil
Régions_du_burkina_faso
Régions_du_canton_de_Neuchâtel
Régions_du_canton_des_Grisons
Régions_du_chili
Régions_du_danemark
Régions_du_guyana
Régions_du_japon
Régions_du_malawi
Régions_du_monde_situées_sous_le_niveau_de_la_mer
Régions_du_pérou
Régions_du_sénégal
Régions_durant_la_Seconde_Guerre_mondiale
Régions_durant_la_seconde_guerre_mondiale
Régions_d’Estonie
Régions_d’Outre-mer
Régions_et_Peuples_Solidaires
Régions_et_départements_du_Pérou
Régions_et_peuples_solidaires
Régions_françaises
Régions_françaises_classées_par_budget
Régions_françaises_classées_par_population
Régions_françaises_classées_par_produit_intérieur_brut
Régions_françaises_classées_par_superficie
Régions_géographiques_de_Serbie
Régions_géographiques_intermédiaires_et_immédiates
Régions_historiques_de_Belgique
Régions_historiques_de_Roumanie
Régions_historiques_de_Slovénie
Régions_historiques_de_Turquie
Régions_historiques_de_l'Arménie
Régions_historiques_des_États-Unis
Régions_italiennes
Régions_ivoiriennes
Régions_linguistiques
Régions_linguistiques_de_Belgique
Régions_littorales
Régions_marocaines_classées_par_superficie
Régions_militaires_de_l'Armée_populaire_de_libération
Régions_minières
Régions_méditerranéennes
Régions_métropolitaines_les_plus_peuplées_du_Pérou
Régions_naturelles_de_Belgique
Régions_naturelles_de_Colombie
Régions_naturelles_de_France
Régions_naturelles_de_Saxe
Régions_naturelles_de_la_Colombie
Régions_naturelles_de_la_République_de_Macédoine
Régions_naturelles_du_Chili
Régions_naturelles_du_Nouveau-Brunswick
Régions_naturelles_du_nouveau-brunswick
Régions_naturelles_en_Macédoine_du_Nord
Régions_polaires
Régions_pétrolifères
Régions_pétrolifères_au_Moyen-Orient
Régions_pétrolifères_au_moyen-orient
Régions_pétrolifères_en_Afrique
Régions_pétrolifères_en_Amérique_du_Nord
Régions_pétrolifères_en_Amérique_du_Sud,_Amérique_centrale_et_Antilles
Régions_pétrolifères_en_Asie_orientale_et_Océanie
Régions_pétrolifères_en_Europe
Régions_pétrolifères_en_Russie_et_Asie_centrale
Régions_pétrolières
Régions_pétrolières_en_Afrique
Régions_pétrolières_en_Amérique_du_Nord
Régions_pétrolières_en_Amérique_du_Sud,_Amérique_centrale_et_Antilles
Régions_pétrolières_en_Amérique_du_nord
Régions_pétrolières_en_Asie_et_Australie
Régions_pétrolières_en_Asie_orientale_et_Océanie
Régions_pétrolières_en_Australasie
Régions_pétrolières_en_Europe
Régions_pétrolières_en_Russie_et_Asie_centrale
Régions_pétrolières_en_afrique
Régions_pétrolières_en_amérique_du_nord
Régions_pétrolières_en_amérique_du_sud,_amérique_centrale_et_antilles
Régions_pétrolières_en_asie_et_australie
Régions_pétrolières_en_europe
Régions_pétrolières_en_russie_et_asie_centrale
Régions_statistiques_NUTS_de_la_Finlande
Régions_statistiques_d'Irlande
Régions_statistiques_d'Irlande_(NUTS_2)
Régions_statistiques_de_Serbie
Régions_statistiques_de_Slovénie
Régions_statistiques_de_la_Macédoine_du_Nord
Régions_statistiques_de_la_République_de_Macédoine
Régions_statistiques_de_la_République_de_Macédoine_du_Nord
Régions_statistiques_de_la_république_de_Macédoine
Régions_statistiques_de_la_république_de_Macédoine_Régions_statistiques_de_la_République_de_Macédoine_du_Nord
Régions_statistiques_de_la_république_de_Macédoine_du_Nord
Régions_subarctiques
Régions_sénégalaises
Régions_tempérées
Régions_touristiques_du_Québec
Régions_traditionnelles_de_Grèce
Régions_traditionnelles_de_Slovénie
Régions_traditionnelles_de_la_Grèce
Régions_tribales
Régions_tribales_(Pakistan)
Régions_tribales_(pakistan)
Régions_tribales_administrées_provincialement
Régions_tribales_du_Pakistan
Régions_tropicales
Régions_ultra-périphériques
Régions_ultra-périphériques_de_l'Union_européenne
Régions_ultrapériphériques
Régions_unies_de_Serbie
Régions_économiques_de_Russie
Régions_économiques_de_russie
Régiospécificité
Régiosélectif
Régiosélectivité
Régis
Régis-Barthélémy_Mouton-Duvernet
Régis-Marie-Joseph_de_L'Estourbeillon_de_La_Garnache
Régis-Marie-Joseph_de_l'Estourbeillon_de_la_Garnache
Régis-Parfait-Chrétien_Merlin_de_Beaugrenier
Régis-marie-joseph_de_l'estourbeillon_de_la_garnache
Régis_(Pokémon)
Régis_(Royaumes_oubliés)
Régis_(football)
Régis_(philosophe)
Régis_Anders
Régis_Arnoux
Régis_Auguste_Casimir_Demézange
Régis_Barailla
Régis_Barthélemy_Mouton-Duvernet
Régis_Barthélémy_Mouton-Duvernet
Régis_Bergeron
Régis_Beunardeau
Régis_Bianco
Régis_Blachère
Régis_Boissié
Régis_Bonnessée
Régis_Bonnissent
Régis_Boyer
Régis_Breysse
Régis_Brouard
Régis_Brun
Régis_Bruneton
Régis_Bulot
Régis_Burnet
Régis_Bégué
Régis_Bérenger
Régis_Campo
Régis_Castant
Régis_Caël
Régis_Chenut
Régis_Clinquart
Régis_Clère
Régis_Colombo
Régis_Colombo_-_Photographe
Régis_Courtecuisse
Régis_Cunin
Régis_Debray
Régis_Delépine
Régis_Deparis
Régis_Dericquebourg
Régis_Deroudilhe
Régis_Descott
Régis_Donsimoni
Régis_Dorn
Régis_Dubois
Régis_Dubois_(auteur)
Régis_Dubos
Régis_Dubost
Régis_Dumange
Régis_Durand
Régis_Durand_(critique_d'art)
Régis_Durand_(football)
Régis_Durand_(footballeur)
Régis_Durand_(homonymie)
Régis_Dzieciol
Régis_Fauchoit
Régis_Faucon
Régis_Fayette-Mikano
Régis_Fender
Régis_Forissier
Régis_Franc
Régis_François_Gignoux
Régis_Fuchs
Régis_Garrault
Régis_Gayraud
Régis_Genaux
Régis_Ghesquière
Régis_Gignoux
Régis_Gizavo
Régis_Goddyn
Régis_Groisard
Régis_Gurtner
Régis_Guyot
Régis_Hauser
Régis_Hautière
Régis_Hector
Régis_Hempel
Régis_Huby
Régis_Huiban
Régis_Jalliffier
Régis_Jauffret
Régis_Jolivet
Régis_Juanico
Régis_Kerhuel
Régis_Labaume
Régis_Labeaume
Régis_Lacombe
Régis_Laconi
Régis_Laguesse
Régis_Lanthelme
Régis_Laroche
Régis_Laspales
Régis_Laspalès
Régis_Le_Bris
Régis_Le_Mer
Régis_Le_Saulnier_de_Saint-Jouan
Régis_Le_Sommier
Régis_Lebeaume
Régis_Lefort
Régis_Lejonc
Régis_Lespinas
Régis_Lhuillier
Régis_Loisel
Régis_Mailhot
Régis_Manon
Régis_Marcon
Régis_Martin-Binachon
Régis_Maréchaux
Régis_Mathieu
Régis_Merlin_de_Beaugrenier
Régis_Messac
Régis_Michel
Régis_Morelon
Régis_Musset
Régis_Neyret
Régis_Obadia
Régis_Ovion
Régis_Parent
Régis_Pasquier
Régis_Penet
Régis_Perbet
Régis_Perray
Régis_Pitbull
Régis_Ploton
Régis_Porte
Régis_Poulain
Régis_Racine
Régis_Rameau
Régis_Raymond
Régis_Renaud
Régis_Rey
Régis_Reymond
Régis_Reynaud
Régis_Rinato
Régis_Rocca
Régis_Roch
Régis_Roinsard
Régis_Rolland
Régis_Rothenbühler
Régis_Roy
Régis_Royer
Régis_Sahuc
Régis_Santon
Régis_Sauder
Régis_Schleicher
Régis_Schultz
Régis_Sigoire
Régis_Silva
Régis_Simon
Régis_Singer
Régis_Sonnes
Régis_Talar
Régis_Valette
Régis_Vogelene
Régis_Voyron
Régis_Wargnier
Régis_barthélemy_mouton-duvernet
Régis_de_Cacqueray
Régis_de_Cacqueray-Valménier
Régis_de_Camaret
Régis_de_Castelnau
Régis_de_Chantelauze
Régis_de_Curières_de_Castelnau
Régis_de_Gouttes
Régis_de_Gouttes_Lastouzeilles
Régis_de_L'Estourbeillon
Régis_de_Laroullière
Régis_de_Saint-Jouan
Régis_de_Sá_Moreira
Régis_de_Trobriand
Régis_de_l'Estourbeillon
Régis_de_l'Estourbillon
Régis_de_saint-jouan
Régis_des_Plas
Régis_hauser
Régis_hempel
Régis_laroche
Régis_poulain
Régismont-le-Haut
Régisseur
Régisseur_(cinéma)
Régisseur_(culture)
Régisseur_(théatre)
Régisseur_(théâtre)
Régisseur_d'oeuvres_d'arts/collections_archéologiques
Régisseur_de_distribution
Régisseur_général
Régisseuse
Régistan
Réglage
Réglage_de_la_voilure
Réglage_de_voile
Réglage_des_cercles_de_coordonnées
Réglage_fin_de_l'univers
Réglage_fin_de_l’Univers
Réglages
Réglages_du_karting
Régle
Régle_d'or
Régle_de_Chatham_House
Régle_semi-circulaire
Réglement
Réglement_CLP
Réglement_Dublin_III
Réglement_REACh
Réglement_administratif
Réglement_cantonal
Réglement_d'armoiries
Réglement_dans_l'Union_européenne
Réglement_de_comptes
Réglement_de_la_Communauté_Arménienne_Grégorienne
Réglement_des_États_généraux
Réglement_du_baseball
Réglement_général_de_comptabilité_publique
Réglement_intérieur
Réglementaire
Réglementarisme
Réglementarisme_(prostitution)
Réglementation
Réglementation_Bale_2
Réglementation_Nizam-e-Adl
Réglementation_Ordre_et_Justice
Réglementation_Q
Réglementation_bancaire
Réglementation_de_course_automobile
Réglementation_de_l'Union_européenne
Réglementation_de_la_Circulation_Aérienne
Réglementation_de_la_Formule_1
Réglementation_de_la_Formule_1_1989
Réglementation_de_la_Formule_1_1990
Réglementation_de_la_Formule_1_1991
Réglementation_de_la_Formule_1_1992
Réglementation_de_la_Formule_1_1993
Réglementation_de_la_Formule_1_1994
Réglementation_de_la_Formule_1_1995
Réglementation_de_la_Formule_1_1996
Réglementation_de_la_Formule_1_1997
Réglementation_de_la_Formule_1_1998
Réglementation_de_la_Formule_1_1999
Réglementation_de_la_Formule_1_2000
Réglementation_de_la_Formule_1_2001
Réglementation_de_la_Formule_1_2002
Réglementation_de_la_Formule_1_2003
Réglementation_de_la_Formule_1_2004
Réglementation_de_la_Formule_1_2005
Réglementation_de_la_Formule_1_2006
Réglementation_de_la_Formule_1_2007
Réglementation_de_la_Formule_1_2008
Réglementation_de_la_Formule_1_2009
Réglementation_de_la_Formule_1_2010
Réglementation_de_la_Formule_1_2011
Réglementation_de_la_Formule_1_2012
Réglementation_de_la_Formule_1_2013
Réglementation_de_la_circulation_aérienne
Réglementation_de_la_circulation_aérienne_française
Réglementation_de_la_circulation_routière_en_Albanie
Réglementation_de_la_circulation_routière_en_Allemagne
Réglementation_de_la_circulation_routière_en_Hongrie
Réglementation_de_la_formule_1_1989
Réglementation_de_la_formule_1_1990
Réglementation_de_la_formule_1_1991
Réglementation_de_la_formule_1_1992
Réglementation_de_la_formule_1_1993
Réglementation_de_la_formule_1_1994
Réglementation_de_la_formule_1_1995
Réglementation_de_la_formule_1_1996
Réglementation_de_la_formule_1_1997
Réglementation_de_la_formule_1_1998
Réglementation_de_la_formule_1_1999
Réglementation_de_la_formule_1_2000
Réglementation_de_la_formule_1_2001
Réglementation_de_la_formule_1_2002
Réglementation_de_la_formule_1_2003
Réglementation_de_la_formule_1_2004
Réglementation_de_la_formule_1_2005
Réglementation_de_la_formule_1_2006
Réglementation_de_la_formule_1_2007
Réglementation_de_la_formule_1_2008
Réglementation_de_la_vitesse_sur_route_en_France
Réglementation_des_OGM
Réglementation_des_OGM_dans_l'Union_européenne
Réglementation_des_OGM_dans_le_Monde
Réglementation_des_OGM_en_France
Réglementation_des_OGM_en_Suisse
Réglementation_des_armes
Réglementation_des_communications_électroniques
Réglementation_des_marchés_financiers
Réglementation_des_moteurs_de_Formule_1
Réglementation_des_ogm
Réglementation_des_organismes_génétiquement_modifiés
Réglementation_des_organismes_génétiquement_modifés_en_Suisse
Réglementation_des_produits_phytosanitaires
Réglementation_des_transports
Réglementation_des_véhicules
Réglementation_du_débroussaillement_ou_débroussaillage
Réglementation_du_vote_électronique_en_France
Réglementation_environnementale
Réglementation_et_contrôle_des_marchés_financiers
Réglementation_et_la_protection_des_boisements
Réglementation_et_protection_des_boisements_en_France
Réglementation_européenne
Réglementation_européenne_en_matière_de_vin
Réglementation_française_liée_à_la_psychologie
Réglementation_maritime
Réglementation_routière
Réglementation_routière_en_Europe
Réglementation_routière_en_europe
Réglementation_sociale_européenne
Réglementation_sur_l'itinérance_internationale_dans_l'Union_européenne
Réglementation_sur_l'itinérance_internationale_dans_l'union_européenne
Réglementation_sur_les_nuisances_sonores
Réglementation_sécurité_incendie
Réglementation_thermique
Réglementation_thermique_(France)
Réglementation_thermique_2000
Réglementation_thermique_2005
Réglementation_thermique_2012
Réglementation_thermique_des_bâtiments_en_France
Réglementation_thermique_française
Réglementations_de_l'automobile
Réglementations_des_installations_électriques
Réglementations_sur_l'environnement
Réglementations_sur_la_possession_à_usage_personnel_des_machine_à_sous_aux_États-Unis
Réglementations_sur_la_possession_à_usage_personnel_des_machines_à_sous_aux_États-Unis
Réglementations_sur_les_nuisances_sonores
Réglementer
Réglements
Réglementée
Régler_la_voile
Régler_la_voilure
Régler_les_voiles
Réglet
Réglet_(architecture)
Réglettes_Cuisenaire
Réglettes_de_Genaille-Lucas
Réglettes_de_Neper
Réglettes_de_genaille-lucas
Régleur
Régleur_en_charge
Réglisse
Réglisse_des_bois
Réglisse_noire
Réglisse_sauvage
Réglo_Mobile
Réglure
Régnard
Régnault
Régnault_Girard
Régnault_Sarasin
Régnault_de_Savigny_de_Moncorps
Régne_des_champignons
Régnicole
Régnier
Régnier-Desmarais
Régnier_III_de_Hainaut
Régnier_II_de_Hainaut
Régnier_IV_de_Hainaut
Régnier_IV_de_Mons
Régnier_Ier_de_Bourbon-Deux-Siciles
Régnier_Ier_de_Hainaut
Régnier_Pot
Régnier_V_de_Hainaut
Régnier_V_de_Mons
Régnier_ier_de_hainaut
Régnier_ii_de_hainaut
Régnier_iii_de_hainaut
Régnier_iv_de_mons
Régnier_v_de_mons
Régnié
Régnié-Durette
Régnié-durette
Régnié_(AOC)
Régnié_(Rhône)
Régnobert
Régny
