Santa_Barbara_do_Sul
Santa_Barbará_de_Samaná
Santa_Bernardina
Santa_Bibiana
Santa_Bibiana_(Le_Bernin)
Santa_Branca
Santa_Brigida
Santa_Brigida_(homonymie)
Santa_Brígida
Santa_Brígida_(Bahia)
Santa_Bàrbara
Santa_Bárbara
Santa_Bárbara,_Chihuahua
Santa_Bárbara_(Antioquia)
Santa_Bárbara_(Bahia)
Santa_Bárbara_(Barinas)
Santa_Bárbara_(Bolivariano_Angostura)
Santa_Bárbara_(Cap-Vert)
Santa_Bárbara_(Catalogne)
Santa_Bárbara_(Chihuahua)
Santa_Bárbara_(Chili)
Santa_Bárbara_(Colón)
Santa_Bárbara_(Costa_Rica)
Santa_Bárbara_(Ezequiel_Zamora)
Santa_Bárbara_(Francisco_del_Carmen_Carvajal)
Santa_Bárbara_(Guatemala)
Santa_Bárbara_(Honduras)
Santa_Bárbara_(Huehuetenango)
Santa_Bárbara_(Lander)
Santa_Bárbara_(Lourinhã)
Santa_Bárbara_(Minas_Gerais)
Santa_Bárbara_(Monagas)
Santa_Bárbara_(Nariño)
Santa_Bárbara_(Perú)
Santa_Bárbara_(Pérou)
Santa_Bárbara_(Santander)
Santa_Bárbara_(canton)
Santa_Bárbara_(ville_de_l'_État_de_Monagas)
Santa_Bárbara_(ville_de_l'État_de_Monagas)
Santa_Bárbara_Airlines
Santa_Bárbara_Sistemas
Santa_Bárbara_Sistemas_155/52
Santa_Bárbara_d'Oeste
Santa_Bárbara_de_Casa
Santa_Bárbara_de_Goiás
Santa_Bárbara_de_Heredia
Santa_Bárbara_de_Nexe
Santa_Bárbara_de_Pinto
Santa_Bárbara_de_Samaná
Santa_Bárbara_do_Leste
Santa_Bárbara_do_Monte_Verde
Santa_Bárbara_do_Pará
Santa_Bárbara_do_Sul
Santa_Bárbara_do_Tugúrio
Santa_Calamidad
Santa_Camarão
Santa_Carmem
Santa_Carolina
Santa_Casa
Santa_Casa_de_Misericordia_de_Porto_Alegre
Santa_Casa_de_Misericórdia
Santa_Casa_de_Misericórdia_de_Porto_Alegre
Santa_Catalina
Santa_Catalina_(Bermúdez)
Santa_Catalina_(Bolívar)
Santa_Catalina_(Ilocos_Sur)
Santa_Catalina_(La_Gomera)
Santa_Catalina_(Negros_oriental)
Santa_Catalina_(Philippines)
Santa_Catalina_(Sosa)
Santa_Catalina_(Séville)
Santa_Catalina_(Uruguay)
Santa_Catalina_(ville)
Santa_Catalina_(île_du_Mexique)
Santa_Catalina_Island
Santa_Catalina_Mountains
Santa_Catalina_de_Somoza
Santa_Catalina_la_Tinta
Santa_Catalina_o_Calovébora
Santa_Catarina
Santa_Catarina_(Caldas_da_Rainha)
Santa_Catarina_(Cap-Vert)
Santa_Catarina_(Lisbonne)
Santa_Catarina_(Nuevo_León)
Santa_Catarina_(Sao_Tomé-et-Principe)
Santa_Catarina_(homonymie)
Santa_Catarina_(municipalité_du_Cap-Vert)
Santa_Catarina_Barahona
Santa_Catarina_Ixtahuacan
Santa_Catarina_Juquila
Santa_Catarina_Mita
Santa_Catarina_Palopó
Santa_Catarina_Pinula
Santa_Catarina_Pro
Santa_Catarina_Voleybol_Clube
Santa_Catarina_Voleybol_Clube_(volley-ball_féminin)
Santa_Catarina_da_Serra
Santa_Catarina_do_Fogo
Santa_Catarina_do_Fogo_(municipalité_du_Cap-Vert)
Santa_Caterina
Santa_Caterina_Albanese
Santa_Caterina_Valfurva
Santa_Caterina_Villarmosa
Santa_Caterina_dei_Funari
Santa_Caterina_dello_Ionio
Santa_Caterina_di_Valfurva
Santa_Cecilia
Santa_Cecilia_(Burgos)
Santa_Cecilia_(Paraiba)
Santa_Cecilia_(Santa_Catarina)
Santa_Cecilia_(titre_cardinalice)
Santa_Cecilia_del_Alcor
Santa_Cecília
Santa_Cecília_(Paraíba)
Santa_Cecília_(Santa_Catarina)
Santa_Cecília_(Sao_Tomé-et-Principe)
Santa_Cecília_(métro_de_São_Paulo)
Santa_Cecília_de_Voltregà
Santa_Cecília_do_Pavão
Santa_Cecília_do_Sul
Santa_Cesarea_Terme
Santa_Chiara
Santa_Chiara_a_Vigna_Clara_(titre_cardinalice)
Santa_Chiara_de_Naples
Santa_Chiquita
Santa_Cilia
Santa_Cintola
Santa_Clara
Santa_Clara_(Californie)
Santa_Clara_(Cuba)
Santa_Clara_(Durango)
Santa_Clara_(Jujuy)
Santa_Clara_(Lobata)
Santa_Clara_(Mé-Zóchi)
Santa_Clara_(Salvador)
Santa_Clara_(San_Vicente)
Santa_Clara_(Texas)
Santa_Clara_(Utah)
Santa_Clara_(canton)
Santa_Clara_(fleuve)
Santa_Clara_(paroisse_civile)
Santa_Clara_(volcan)
Santa_Clara_Broncos
Santa_Clara_High_School
Santa_Clara_La_Laguna
Santa_Clara_Pueblo
Santa_Clara_University
Santa_Clara_Valley_Transportation_Authority
Santa_Clara_d'Oeste
Santa_Clara_de_Avedillo
Santa_Clara_de_Olimar
Santa_Clara_del_Cobre
Santa_Clara_do_Sul
Santa_Clarita
Santa_Clarita,_Californie
Santa_Clarita_(Californie)
Santa_Clarita_Diet
Santa_Claus
Santa_Claus:_The_Movie
Santa_Claus_(Indiana)
Santa_Claus_(album)
Santa_Claus_(film,_1959)
Santa_Claus_(film,_1985)
Santa_Claus_Conquers_the_Martians
Santa_Claus_Is_Coming_To_Town
Santa_Claus_Is_Coming_to_Town
Santa_Claus_Jr._Advance
Santa_Claus_Junior_Advance
Santa_Claus_Lane
Santa_Claus_Saves_the_Earth
Santa_Claus_Village
Santa_Clotilde
Santa_Coloma
Santa_Coloma_(Alava)
Santa_Coloma_(Andorre)
Santa_Coloma_(La_Rioja)
Santa_Coloma_(Pays_basque)
Santa_Coloma_(métro_de_Barcelone)
Santa_Coloma_d'Andorra
Santa_Coloma_de_Cervelló
Santa_Coloma_de_Farners
Santa_Coloma_de_Gramanet
Santa_Coloma_de_Gramenet
Santa_Coloma_de_Queralt
Santa_Colomba_de_Curueño
Santa_Colomba_de_Somoza
Santa_Colomba_de_las_Monjas
Santa_Comba
Santa_Comba_(Galice)
Santa_Comba_(La_Corogne)
Santa_Comba_(Vila_Nova_de_Foz_Coa)
Santa_Comba_(Vila_Nova_de_Foz_Côa)
Santa_Comba_Dao
Santa_Comba_Dão
Santa_Comba_da_Vilariça
Santa_Comba_de_Bande
Santa_Comba_de_Rossas
Santa_Comba_de_Vilariça
Santa_Con
Santa_Corona
Santa_Costanza
Santa_Cristina
Santa_Cristina_(homonymie)
Santa_Cristina_Gela
Santa_Cristina_Valgardena
Santa_Cristina_d'Aro
Santa_Cristina_d'Aspromonte
Santa_Cristina_de_Aro
Santa_Cristina_de_Lena
Santa_Cristina_de_Valmadrigal
Santa_Cristina_de_la_Polvorosa
Santa_Cristina_e_Bissone
Santa_Croce
Santa_Croce_(Sestiere_de_Venise)
Santa_Croce_(Venise)
Santa_Croce_(volley-ball_masculin)
Santa_Croce_Camerina
Santa_Croce_del_Sannio
Santa_Croce_di_Magliano
Santa_Croce_in_via_Flaminia
Santa_Croce_in_via_Flaminia_(titre_cardinalice)
Santa_Croce_sull'Arno
Santa_Croya_de_Tera
Santa_Cruise
Santa_Cruz
Santa_Cruz_(Artzentales)
Santa_Cruz_(Bolivie)
Santa_Cruz_(Californie)
Santa_Cruz_(Cap-Vert)
Santa_Cruz_(Carache)
Santa_Cruz_(Chili)
Santa_Cruz_(Davao_del_Sur)
Santa_Cruz_(Davao_du_Sud)
Santa_Cruz_(Galapagos)
Santa_Cruz_(Galápagos)
Santa_Cruz_(Ilocos_Sur)
Santa_Cruz_(Laguna)
Santa_Cruz_(Lempira)
Santa_Cruz_(Madère)
Santa_Cruz_(Marinduque)
Santa_Cruz_(Maturín)
Santa_Cruz_(Oran)
Santa_Cruz_(Paraiba)
Santa_Cruz_(Paraíba)
Santa_Cruz_(Pernambouc)
Santa_Cruz_(Puerto_Ayora)
Santa_Cruz_(Ribero)
Santa_Cruz_(Rio_Grande_do_Norte)
Santa_Cruz_(Rio_de_Janeiro)
Santa_Cruz_(Salomon)
Santa_Cruz_(Sao_Tomé-et-Principe)
Santa_Cruz_(Séville)
Santa_Cruz_(Turén)
Santa_Cruz_(Zambales)
Santa_Cruz_(Zeberio)
Santa_Cruz_(bande)
Santa_Cruz_(canton)
Santa_Cruz_(canton_Galápagos)
Santa_Cruz_(fleuve_argentin)
Santa_Cruz_(freguesia)
Santa_Cruz_(groupe)
Santa_Cruz_(groupe_finlandais)
Santa_Cruz_(groupe_français)
Santa_Cruz_(montagne)
Santa_Cruz_(municipalité_du_Cap-Vert)
Santa_Cruz_(métro_de_São_Paulo)
Santa_Cruz_(province_argentine)
Santa_Cruz_(race_ovine)
Santa_Cruz_(vélo)
Santa_Cruz_(île_du_Mexique)
Santa_Cruz_Atizapán
Santa_Cruz_Balanyá
Santa_Cruz_Barillas
Santa_Cruz_Beach_Boardwalk
Santa_Cruz_Bicycles
Santa_Cruz_Cabrália
Santa_Cruz_El_Chol
Santa_Cruz_Esporte_Clube
Santa_Cruz_F.C.
Santa_Cruz_FC
Santa_Cruz_Futebol_Clube
Santa_Cruz_Futebol_Clube_(Maceio)
Santa_Cruz_Futebol_Clube_(Maceió)
Santa_Cruz_Futebol_Clube_(Recife)
Santa_Cruz_Fútbol_Club
Santa_Cruz_Island
Santa_Cruz_Island_Archeological_District
Santa_Cruz_La_Laguna
Santa_Cruz_Mountains
Santa_Cruz_Mountains_(AVA)
Santa_Cruz_Muluá
Santa_Cruz_Naranjo
Santa_Cruz_Operation
Santa_Cruz_Papalutla
Santa_Cruz_Tanaco
Santa_Cruz_Tlaxcala
Santa_Cruz_Verapaz
Santa_Cruz_da_Baixa_Verde
Santa_Cruz_da_Conceição
Santa_Cruz_da_Esperança
Santa_Cruz_da_Graciosa
Santa_Cruz_da_Trapa
Santa_Cruz_da_Vitória
Santa_Cruz_das_Flores
Santa_Cruz_das_Palmeiras
Santa_Cruz_de_Anhatomirim
Santa_Cruz_de_Aragua
Santa_Cruz_de_Barahona
Santa_Cruz_de_Bezana
Santa_Cruz_de_Boedo
Santa_Cruz_de_Bucaral
Santa_Cruz_de_Bucaral_(Venezuela)
Santa_Cruz_de_Bucaral_(paroisse_civile)
Santa_Cruz_de_Campezo
Santa_Cruz_de_Cana
Santa_Cruz_de_El_Seibo
Santa_Cruz_de_Goiás
Santa_Cruz_de_Grio
Santa_Cruz_de_Grío
Santa_Cruz_de_Guacas
Santa_Cruz_de_Guacas_(paroisse_civile)
Santa_Cruz_de_Juventino_Rosas
Santa_Cruz_de_La_Palma
Santa_Cruz_de_Lorica
Santa_Cruz_de_Los_Taques
Santa_Cruz_de_Mao
Santa_Cruz_de_Marchena
Santa_Cruz_de_Minas
Santa_Cruz_de_Mompox
Santa_Cruz_de_Moncayo
Santa_Cruz_de_Monte_Castelo
Santa_Cruz_de_Mora
Santa_Cruz_de_Mora_(Venezuela)
Santa_Cruz_de_Moya
Santa_Cruz_de_Mudela
Santa_Cruz_de_Nogueras
Santa_Cruz_de_Nuca
Santa_Cruz_de_Paniagua
Santa_Cruz_de_Pinares
Santa_Cruz_de_Salinas
Santa_Cruz_de_Tenerife
Santa_Cruz_de_Ténérife
Santa_Cruz_de_Yanguas
Santa_Cruz_de_Yojoa
Santa_Cruz_de_la_Mar_Pequeña
Santa_Cruz_de_la_Palma
Santa_Cruz_de_la_Salceda
Santa_Cruz_de_la_Seros
Santa_Cruz_de_la_Serós
Santa_Cruz_de_la_Sierra
Santa_Cruz_de_la_Sierra_(Espagne)
Santa_Cruz_de_la_Sierra_(homonymie)
Santa_Cruz_de_la_Zarza
Santa_Cruz_de_la_sierra
Santa_Cruz_de_los_Cáñamos
Santa_Cruz_del_Comercio
Santa_Cruz_del_Fierro
Santa_Cruz_del_Islote
Santa_Cruz_del_Norte
Santa_Cruz_del_Quiché
Santa_Cruz_del_Retamar
Santa_Cruz_del_Seibo
Santa_Cruz_del_Sur
Santa_Cruz_del_Valle
Santa_Cruz_del_Valle_Urbión
Santa_Cruz_del_Zulia_(paroisse_civile)
Santa_Cruz_do_Arari
Santa_Cruz_do_Capibaribe
Santa_Cruz_do_Escalvado
Santa_Cruz_do_Piauí
Santa_Cruz_do_Rio_Pardo
Santa_Cruz_do_Sul
Santa_Cruz_do_Xingu
Santa_Cruz_dos_Milagres
Santa_Diabla
Santa_Dimopulas
Santa_Dimopulos
Santa_Divota
Santa_Domenica
Santa_Domenica_Talao
Santa_Domenica_Vittoria
Santa_Dorotea_(1776)
Santa_Dorotea_(titre_cardinalice)
Santa_Efigênia_de_Minas
Santa_Elena
Santa_Elena_(Espagne)
Santa_Elena_(La_Paz)
Santa_Elena_(Mexique)
Santa_Elena_(Philippines)
Santa_Elena_(canton)
Santa_Elena_(province)
Santa_Elena_(ville)
Santa_Elena_(Équateur)
Santa_Elena_Canyon
Santa_Elena_Canyon_Trail
Santa_Elena_Poco_Uinic
Santa_Elena_de_Arenales
Santa_Elena_de_Jamuz
Santa_Elena_de_Uairen
Santa_Elena_de_Uairén
Santa_Elisabetta
Santa_Emerenziana_a_Tor_Fiorenza_(titre_cardinalice)
Santa_Engracia
Santa_Engracia_del_Jubera
Santa_Engrácia
Santa_Ernestina
Santa_Esmeralda
Santa_Estela
Santa_Eufemia
Santa_Eufemia_(Cordoue)
Santa_Eufemia_del_Arroyo
Santa_Eufemia_del_Barco
Santa_Eufémia
Santa_Eufémia_(Leiria)
Santa_Eugenia
Santa_Eugenia_de_Berga
Santa_Eugènia
Santa_Eugènia_de_Berga
Santa_Eugénia
Santa_Eulalia
Santa_Eulalia_Bajera
Santa_Eulalia_de_Gallego
Santa_Eulalia_de_Gállego
Santa_Eulalia_de_Oscos
Santa_Eulalia_de_Puigoriol
Santa_Eulalia_de_Riuprimer
Santa_Eulalia_de_Ronçana
Santa_Eulalia_del_Campo
Santa_Eulalia_del_Río
Santa_Eulalia_la_Mayor
Santa_Eularia_des_Riu
Santa_Eulàlia
Santa_Eulàlia_(métro_de_Barcelone)
Santa_Eulàlia_de_Riuprimer
Santa_Eulàlia_de_Ronçana
Santa_Eulària_des_Riu
Santa_Eulália
Santa_Evita
Santa_Fe
Santa_Fe,_Argentine
Santa_Fe,_Prescott_and_Phoenix_Railway
Santa_Fe_(Andalousie)
Santa_Fe_(Argentine)
Santa_Fe_(Bogota)
Santa_Fe_(Bogotá)
Santa_Fe_(Cebu)
Santa_Fe_(Cebú)
Santa_Fe_(Colón)
Santa_Fe_(Galapagos)
Santa_Fe_(Galápagos)
Santa_Fe_(Grenade)
Santa_Fe_(Leyte)
Santa_Fe_(Mexico)
Santa_Fe_(Nouveau-Mexique)
Santa_Fe_(Nueva_Vizcaya)
Santa_Fe_(Ocotepeque)
Santa_Fe_(Romblo)
Santa_Fe_(Romblon)
Santa_Fe_(Rombló)
Santa_Fe_(Texas)
Santa_Fe_(district)
Santa_Fe_(film,_1997)
Santa_Fe_(locomotive)
Santa_Fe_(paroisse_civile)
Santa_Fe_(province)
Santa_Fe_(province_argentine)
Santa_Fe_(rivière)
Santa_Fe_Corporacion_Deportiva
Santa_Fe_Corporación_Deportiva
Santa_Fe_Federal_Building
Santa_Fe_Film_Festival
Santa_Fe_Indian_School
Santa_Fe_Institute
Santa_Fe_Island
Santa_Fe_National_Cemetery
Santa_Fe_National_Forest
Santa_Fe_Natural_Tobacco_Company
Santa_Fe_Plaza
Santa_Fe_Prescott_&_Phoenix_Railway
Santa_Fe_Prescott_&_Phoenix_Railway_(SFP&P)
Santa_Fe_Railroad
Santa_Fe_Springs
Santa_Fe_Stampede
Santa_Fe_Township_(comté_de_Clinton,_Illinois)
Santa_Fe_Trail
Santa_Fe_University_of_Art_and_Design
Santa_Fe_de_Antioquia
Santa_Fe_de_Bogota
Santa_Fe_de_Bogotà
Santa_Fe_de_Bogotá
Santa_Fe_de_Hatun_Jauja
Santa_Fe_de_Minas
Santa_Fe_de_Mondújar
Santa_Fe_de_Nuevo_México
Santa_Fe_de_la_Laguna
Santa_Fe_de_la_Vera_Cruz
Santa_Fe_del_Penedès
Santa_Fe_del_Penedés
Santa_Fe_del_Rio
Santa_Fe_do_Sul
Santa_Fe_du_Nouveau-Mexique
Santa_Felicita_Firenze
Santa_Fermina
Santa_Filomena
Santa_Filomena_(Pernambouc)
Santa_Filomena_(Piauí)
Santa_Filomena_do_Maranhão
Santa_Fiora
Santa_Flavia
Santa_Flora
Santa_Flora_(district_de_Santa_Maria)
Santa_Fosca
Santa_Fé
Santa_Fé_(Colón)
Santa_Fé_(Grenade)
Santa_Fé_(Nouveau-Mexique)
Santa_Fé_(Ocotepeque)
Santa_Fé_(Paraná)
Santa_Fé_(Sao_Tomé-et-Principe)
Santa_Fé_(locomotive)
Santa_Fé_de_Goiás
Santa_Fé_de_Minas
Santa_Fé_do_Araguaia
Santa_Fé_do_Sul
Santa_Gadea_del_Cid
Santa_Galla_(titre_cardinalice)
Santa_Gertrudes
Santa_Gertrudis
Santa_Giuletta
Santa_Giulia
Santa_Giulia_(Milan)
Santa_Giulia_(homonymie)
Santa_Giusta
Santa_Giusta_(Sardaigne)
Santa_Giustina
Santa_Giustina_in_Colle
Santa_Helena
Santa_Helena_(Maranhão)
Santa_Helena_(Paraiba)
Santa_Helena_(Paraná)
Santa_Helena_(Paraíba)
Santa_Helena_(Santa_Catarina)
Santa_Helena_de_Goiás
Santa_Helena_de_Minas
Santa_Helena_del_Opón
Santa_Hermandad
Santa_Igia
Santa_Ignacia
Santa_Ines
Santa_Ines_(Maranhao)
Santa_Ines_(Paraiba)
Santa_Inoue
Santa_Inés
Santa_Inés_(Barinas)
Santa_Inés_(Burgos)
Santa_Inés_(Libertad)
Santa_Inés_(Sucre)
Santa_Inês
Santa_Inês_(Bahia)
Santa_Inês_(Maranhão)
Santa_Inês_(Paraná)
Santa_Inês_(Paraíba)
Santa_Irene
Santa_Iria
Santa_Iria_da_Ribeira_de_Santarém
Santa_Iria_de_Azoia
Santa_Iria_de_Azóia
Santa_Isabel
Santa_Isabel_(Arrigorriaga)
Santa_Isabel_(Goiás)
Santa_Isabel_(La_Pampa)
Santa_Isabel_(Lisbonne)
Santa_Isabel_(Porto_Rico)
Santa_Isabel_(Puerto_Rico)
Santa_Isabel_(São_Paulo)
Santa_Isabel_(Tolima)
Santa_Isabel_(Venezuela)
Santa_Isabel_(canton)
Santa_Isabel_(district)
Santa_Isabel_(métro_de_Santiago)
Santa_Isabel_(paroisse_civile)
Santa_Isabel_(volcan)
Santa_Isabel_(île)
Santa_Isabel_(îles_Salomon)
Santa_Isabel_Ixtapan
Santa_Isabel_de_Las_Lajas
Santa_Isabel_de_la_Pedrera
Santa_Isabel_do_Ivaí
Santa_Isabel_do_Pará
Santa_Isabel_do_Rio_Negro
Santa_Izabel_do_Oeste
Santa_Josefa
Santa_Josefa_(Agusan_del_Sur)
Santa_Juana_(Chili)
Santa_Julia_(métro_de_Santiago)
Santa_Juliana
Santa_Juliana_(Abanto)
Santa_Juliana_(Minas_Gerais)
Santa_Justa
Santa_Justa_(Lisbonne)
Santa_Koloma
Santa_Leocadia
Santa_Leocádia
Santa_Leopoldina
Santa_Liestra_y_San_Quílez
Santa_Llogaia_d'Àlguema
Santa_Luce
Santa_Lucia
Santa_Lucia_(Philippines)
Santa_Lucia_(chanson)
Santa_Lucia_Football_Club
Santa_Lucia_Range
Santa_Lucia_Sport
Santa_Lucia_a_Piazza_d'Armi_(titre_cardinalice)
Santa_Lucia_de_Tirajana
Santa_Lucia_del_Gonfalone_(titre_cardinalice)
Santa_Lucia_del_Mela
Santa_Lucia_di_Moriani
Santa_Lucia_di_Piave
Santa_Lucia_di_Serino
Santa_Lucia_in_Septisolio_(titre_cardinalice)
Santa_Lucia_in_Silice_(titre_cardinalice)
Santa_Lucija
Santa_Lucía
Santa_Lucía_(Atlántico)
Santa_Lucía_(Barinas)
Santa_Lucía_(Boaco)
Santa_Lucía_(Francisco_Morazán)
Santa_Lucía_(Intibucá)
Santa_Lucía_(Maracaibo)
Santa_Lucía_(Panama)
Santa_Lucía_(Paz_Castillo)
Santa_Lucía_(San_Juan)
Santa_Lucía_(Uruguay)
Santa_Lucía_(Venezuela)
Santa_Lucía_(canton)
Santa_Lucía_(métro_de_Santiago)
Santa_Lucía_Cotzumalguapa
Santa_Lucía_La_Reforma
Santa_Lucía_Milpas_Altas
Santa_Lucía_Utatlán
Santa_Lucía_de_Tirajana
Santa_Lucía_del_Este
Santa_Lucía_del_Trampal
Santa_Lutzia
Santa_Luz
Santa_Luzia
Santa_Luzia_(Bahia)
Santa_Luzia_(Cap-Vert)
Santa_Luzia_(Funchal)
Santa_Luzia_(Lobata)
Santa_Luzia_(Maranhao)
Santa_Luzia_(Maranhão)
Santa_Luzia_(Minas_Gerais)
Santa_Luzia_(Mé-Zóchi)
Santa_Luzia_(Paraiba)
Santa_Luzia_(Paraíba)
Santa_Luzia_(Vitoria-Gasteiz)
Santa_Luzia_D'Oeste
Santa_Luzia_d'Oeste
Santa_Luzia_do_Itanhy
Santa_Luzia_do_Norte
Santa_Luzia_do_Paruá
Santa_Luzia_do_Pará
Santa_Luċija
Santa_Luċija_(Gozo)
Santa_Luċija_(Malte)
Santa_Lúcia
Santa_Lúcia_(Paraná)
Santa_Lúcia_(São_Paulo)
Santa_Macairo_Orkestar
Santa_Magdalena
Santa_Magdalena_de_Polpis
Santa_Magdalena_de_Polpís
Santa_Magdalena_de_Pulpis
Santa_Maradona_(Larchuma_Football_Club)
Santa_Marcela
Santa_Margalida
Santa_Margarida
Santa_Margarida_(Sao_Tomé-et-Principe)
Santa_Margarida_de_Montbui
Santa_Margarida_do_Sul
Santa_Margarida_i_els_Monjos
Santa_Margarita
Santa_Margarita_(Samar)
Santa_Margherita
Santa_Margherita_Ligure
Santa_Margherita_d'Adige
Santa_Margherita_di_Belice
Santa_Margherita_di_Staffora
Santa_Maria
Santa_Maria_"Regina_Mundi"_a_Torre_Spaccata_(titre_cardinalice)
Santa_Maria_"Regina_Pacis"_a_Monte_Verde_(titre_cardinalice)
Santa_Maria_"Regina_Pacis"_in_Ostia_mare_(titre_cardinalice)
Santa_Maria_(1492)
Santa_Maria_(Acores)
Santa_Maria_(Açores)
Santa_Maria_(Bragance)
Santa_Maria_(Building)
Santa_Maria_(Bulacan)
Santa_Maria_(Californie)
Santa_Maria_(Cap-Vert)
Santa_Maria_(Catamarca)
Santa_Maria_(Chili)
Santa_Maria_(Davao_del_Sur)
Santa_Maria_(Davao_du_Sud)
Santa_Maria_(Davao_occidental)
Santa_Maria_(District_fédéral)
Santa_Maria_(Ilocos_Sur)
Santa_Maria_(Isabela)
Santa_Maria_(Laguna)
Santa_Maria_(Miami)
Santa_Maria_(Panama)
Santa_Maria_(Pangasinan)
Santa_Maria_(Paraguay)
Santa_Maria_(Rio_Grande_do_Norte)
Santa_Maria_(Rio_Grande_do_Sul)
Santa_Maria_(Romblon)
Santa_Maria_(Sardaigne)
Santa_Maria_(Torres_Novas)
Santa_Maria_(caraque)
Santa_Maria_(chanson)
Santa_Maria_(cratère)
Santa_Maria_(volcan)
Santa_Maria_(Óbidos)
Santa_Maria_Addolorata_(titre_cardinalice)
Santa_Maria_Antiqua
Santa_Maria_Ausiliatrice_in_via_Tuscolana_(titre_cardinalice)
Santa_Maria_Capua_Vetere
Santa_Maria_Coghinas
Santa_Maria_Consolatrice_al_Tiburtino_(titre_cardinalice)
Santa_Maria_Del_Carmini
Santa_Maria_Domenica_Mazzarello_(titre_cardinalice)
Santa_Maria_Figaniella
Santa_Maria_Formosa
Santa_Maria_Gloriosa_dei_Frari
Santa_Maria_Goretti
Santa_Maria_Goretti_(titre_cardinalice)
Santa_Maria_Hoe
Santa_Maria_Hoè
Santa_Maria_Imbaro
Santa_Maria_Immacolata_all'Esquilino
Santa_Maria_Immacolata_all'Esquilino_(titre_cardinalice)
Santa_Maria_Immacolata_di_Lourdes_a_Boccea_(titre_cardinalice)
Santa_Maria_Liberatrice_a_Monte_Testaccio_(titre_cardinalice)
Santa_Maria_Madalena
Santa_Maria_Madre_del_Redentore_a_Tor_Bella_Monaca_(titre_cardinalice)
Santa_Maria_Madre_della_Provvidenza_a_Monte_Verde_(titre_cardinalice)
Santa_Maria_Maggiore
Santa_Maria_Maggiore_(homonymie)
Santa_Maria_Maior
Santa_Maria_Maior_(Funchal)
Santa_Maria_Maior_(Lisbonne)
Santa_Maria_Manuela
Santa_Maria_Nebaj
Santa_Maria_Nova
Santa_Maria_Nova_à_Vicence
Santa_Maria_Novella
Santa_Maria_Nuova
Santa_Maria_Nuova_(titre_cardinalice)
Santa_Maria_Odigitria_dei_Siciliani_(titre_cardinalice)
Santa_Maria_Poggio
Santa_Maria_Siché
Santa_Maria_Sopra_Minerva
Santa_Maria_Val_Mustair
Santa_Maria_Val_Müstair
Santa_Maria_Zobenigo
Santa_Maria_a_Monte
Santa_Maria_a_Vico
Santa_Maria_ad_Martyres_(titre_cardinalice)
Santa_Maria_ai_Monti_(titre_cardinalice)
Santa_Maria_al_Bagno
Santa_Maria_d'Oló
Santa_Maria_da_Boa_Vista
Santa_Maria_da_Feira
Santa_Maria_da_Feira_(homonymie)
Santa_Maria_da_Serra
Santa_Maria_da_Vitória
Santa_Maria_das_Barreiras
Santa_Maria_de_Belém
Santa_Maria_de_Besora
Santa_Maria_de_Colomb
Santa_Maria_de_Corcó
Santa_Maria_de_Guia_de_Gran_Canaria
Santa_Maria_de_Guía
Santa_Maria_de_Guía_de_Gran_Canaria
Santa_Maria_de_Huerta
Santa_Maria_de_Itabira
Santa_Maria_de_Jetibá
Santa_Maria_de_Lara
Santa_Maria_de_Lebena
Santa_Maria_de_Lebeña
Santa_Maria_de_Martorelles
Santa_Maria_de_Melque
Santa_Maria_de_Merlès
Santa_Maria_de_Miralles
Santa_Maria_de_Palautordera
Santa_Maria_de_Vallombrosa
Santa_Maria_de_Valverde
Santa_Maria_de_Viseu
Santa_Maria_de_la_Mer
Santa_Maria_de_los_Angeles
Santa_Maria_de_Óbidos
Santa_Maria_degli_Angeli_(titre_cardinalice)
Santa_Maria_dei_Frari
Santa_Maria_del_Buon_Consiglio_(titre_cardinalice)
Santa_Maria_del_Campo_Rus
Santa_Maria_del_Camí
Santa_Maria_del_Carmine
Santa_Maria_del_Carmine_(Pavie)
Santa_Maria_del_Cedro
Santa_Maria_del_Divino_Amore_a_Castel_di_Leva_(titre_cardinalice)
Santa_Maria_del_Fiore
Santa_Maria_del_Giglio
Santa_Maria_del_Mar
Santa_Maria_del_Mar_(Barcelone)
Santa_Maria_del_Molise
Santa_Maria_del_Naranco
Santa_Maria_del_Oro
Santa_Maria_del_Popolo
Santa_Maria_del_Popolo_(titre_cardinalice)
Santa_Maria_del_Real
Santa_Maria_del_Soccorso_(métro_de_Rome)
Santa_Maria_del_Vilar
Santa_Maria_della_Grazia
Santa_Maria_della_Mercede_e_Sant'Adriano_a_Villa_Albani_(titre_cardinalice)
Santa_Maria_della_Pace
Santa_Maria_della_Pace_(titre_cardinalice)
Santa_Maria_della_Presentazione_(titre_cardinalice)
Santa_Maria_della_Salute
Santa_Maria_della_Salute_a_Primavalle_(titre_cardinalice)
Santa_Maria_della_Scala
Santa_Maria_della_Scala_(titre_cardinalice)
Santa_Maria_della_Speranza_(titre_cardinalice)
Santa_Maria_della_Steccata
Santa_Maria_della_Versa
Santa_Maria_della_Vittoria
Santa_Maria_della_Vittoria_(titre_cardinalice)
Santa_Maria_della_salute
Santa_Maria_della_spina
Santa_Maria_delle_Grazie
Santa_Maria_delle_Grazie_a_Via_Trionfale_(titre_cardinalice)
Santa_Maria_delle_Grazie_alle_Fornaci_fuori_Porta_Cavalleggeri_(titre_cardinalice)
Santa_Maria_di_Canepanova
Santa_Maria_di_Castello
Santa_Maria_di_Galeria
Santa_Maria_di_Leuca
Santa_Maria_di_Licodia
Santa_Maria_di_Lota
Santa_Maria_di_Piave
Santa_Maria_di_Riscamone
Santa_Maria_di_Sala
Santa_Maria_do_Cambucá
Santa_Maria_do_Herval
Santa_Maria_do_Oeste
Santa_Maria_do_Pará
Santa_Maria_do_Salto
Santa_Maria_do_Suaçuí
Santa_Maria_do_Tocantins
Santa_Maria_dos_Olivais
Santa_Maria_dos_Olivais_(Lisbonne)
Santa_Maria_dos_Olivais_(Tomar)
Santa_Maria_in_Aquiro_(titre_cardinalice)
Santa_Maria_in_Calanca
Santa_Maria_in_Cosmedin_(titre_cardinalice)
Santa_Maria_in_Domnica_(titre_cardinalice)
Santa_Maria_in_Monserrato_degli_Spagnoli_(titre_cardinalice)
Santa_Maria_in_Organo_de_Vérone
Santa_Maria_in_Portico
Santa_Maria_in_Portico_(titre_cardinalice)
Santa_Maria_in_Portico_Octaviae_(titre_cardinalice)
Santa_Maria_in_Traspontina_(titre_cardinalice)
Santa_Maria_in_Vallicella
Santa_Maria_in_Vallicella_(titre_cardinalice)
Santa_Maria_in_Via_(titre_cardinalice)
Santa_Maria_in_Via_Lata_(titre_cardinalice)
Santa_Maria_la_Antigua_del_Darién
Santa_Maria_la_Carita
Santa_Maria_la_Carità
Santa_Maria_la_Fossa
Santa_Maria_la_Longa
Santa_Maria_la_Real_de_Nieva
Santa_Maria_sopra_Minerva
Santa_Maria_sopra_Minerva_(Assise)
Santa_Maria_sopra_Minerva_(Rome)
Santa_Maria_sopra_Minerva_(titre_cardinalice)
Santa_Mariana
Santa_Marija_Tal-Virtù
Santa_Marina
Santa_Marina_(Arrasate)
Santa_Marina_(Etxebarri)
Santa_Marina_(homonymie)
Santa_Marina_Salina
Santa_Marina_del_Rey
Santa_Marinella
Santa_Marta
Santa_Marta_(Badajoz)
Santa_Marta_(Panama)
Santa_Marta_(homonymie)
Santa_Marta_(métro_de_Mexico)
Santa_Marta_de_Magasca
Santa_Marta_de_Penaguiao
Santa_Marta_de_Penaguião
Santa_Marta_de_Tormes
Santa_Marta_de_los_Barros
Santa_Marta_del_Cerro
Santa_María
Santa_María_(1492)
Santa_María_(Boyacá)
Santa_María_(Catamarca)
Santa_María_(Chili)
Santa_María_(Costa_Rica)
Santa_María_(Huila)
Santa_María_(La_Paz)
Santa_María_(Nueva_Segovia)
Santa_María_(Panama)
Santa_María_(Paraguay)
Santa_María_(Ribero)
Santa_María_(district)
Santa_María_(volcan)
Santa_María_(volcan_d'Argentine)
Santa_María_(volcan_du_Guatemala)
Santa_María_Atzompa
Santa_María_Cahabón
Santa_María_Chiquimula
Santa_María_Huatulco
Santa_María_Ixhuatán
Santa_María_Ostuma
Santa_María_Rivarredonda
Santa_María_Visitación
Santa_María_de_Belen
Santa_María_de_Belén
Santa_María_de_Besora
Santa_María_de_Caparo
Santa_María_de_Cayón
Santa_María_de_Corcó
Santa_María_de_Dulcis
Santa_María_de_Guía_de_Gran_Canaria
Santa_María_de_Huerta
Santa_María_de_Ipire
Santa_María_de_Ipire_(Venezuela)
Santa_María_de_Ipire_(municipalité)
Santa_María_de_Ipire_(paroisse_civile)
Santa_María_de_Jesús
Santa_María_de_Los_Guaicas
Santa_María_de_Melque
Santa_María_de_Miralles
Santa_María_de_Nieva
Santa_María_de_Ordás
Santa_María_de_Ostula
Santa_María_de_Palautordera
Santa_María_de_Pantasma
Santa_María_de_Perula
Santa_María_de_Sando
Santa_María_de_Valverde
Santa_María_de_Villandás
Santa_María_de_la_Alameda
Santa_María_de_la_Isla
Santa_María_de_la_Vega
Santa_María_de_las_Hoyas
Santa_María_de_los_Angeles
Santa_María_de_los_Caballeros
Santa_María_de_los_Llanos
Santa_Mar√≠a_de_los_√?ngeles
Santa_María_del_Arroyo
Santa_María_del_Berrocal
Santa_María_del_Campo
Santa_María_del_Campo_Rus
Santa_María_del_Camí
Santa_María_del_Cubillo
Santa_María_del_Horcón
Santa_María_del_Invierno
Santa_María_del_Mar
Santa_María_del_Mar_(Cuba)
Santa_María_del_Mercadillo
Santa_María_del_Monte_de_Cea
Santa_María_del_Naranco
Santa_María_del_Oro
Santa_María_del_Oro,_Jalisco
Santa_María_del_Oro_(Jalisco)
Santa_María_del_Páramo
Santa_María_del_Tiétar
Santa_María_del_Val
Santa_María_la_Antigua_del_Darién
Santa_María_la_Mayor
Santa_María_la_Real_de_Nieva
Santa_Mercedes
Santa_Monica
Santa_Monica,_Californie
Santa_Monica_'72
Santa_Monica_(Californie)
Santa_Monica_(Philippines)
Santa_Monica_(homonymie)
Santa_Monica_Boulevard
Santa_Monica_College
Santa_Monica_Looff_Hippodrome
Santa_Monica_Mountains
Santa_Monica_Mountains_National_Recreation_Area
Santa_Monica_Municipal_Airport
Santa_Monica_Pier
Santa_Monica_Rugby_Club
Santa_Monica_State_Beach
Santa_Monica_Studio
Santa_Muerte
Santa_Mónica_(Maldonado)
Santa_Mônica
Santa_Mônica_(Paraná)
Santa_Ninfa
Santa_Olalla
Santa_Olalla_(Castille-La_Manche)
Santa_Olalla_(Espagne)
Santa_Olalla_(Tolède)
Santa_Olalla_de_Bureba
Santa_Olalla_del_Cala
Santa_Olaria
Santa_Olaria_d'Ara
Santa_Olaria_de_Ara
Santa_Oliva
Santa_Paola_Romana_(titre_cardinalice)
Santa_Paolina
Santa_Park
Santa_Pau
Santa_Paula
Santa_Perpètua_de_Mogoda
Santa_Pola
Santa_Praxedes
Santa_Prisca
Santa_Prisca_(titre_cardinalice)
Santa_Pudenziana_(titre_cardinalice)
Santa_Quiteria
Santa_Quiteria_Futebol_Clube
Santa_Quitéria
Santa_Quitéria_(Ceará)
Santa_Quitéria_Futebol_Clube
Santa_Quitéria_do_Maranhão
Santa_Regina
Santa_Regina_(Uruguay)
Santa_Regina_(navire)
Santa_Renia
Santa_Reparata_di_Moriani
Santa_Riparata_(pieve)
Santa_Rita
Santa_Rita_(Copán)
Santa_Rita_(Guam)
Santa_Rita_(Maranhão)
Santa_Rita_(Nouveau-Mexique)
Santa_Rita_(Pampanga)
Santa_Rita_(Paraiba)
Santa_Rita_(Paraíba)
Santa_Rita_(Samar)
Santa_Rita_(Santa_Bárbara)
Santa_Rita_(Santa_Rita)
Santa_Rita_(Sao_Tomé-et-Principe)
Santa_Rita_(Yoro)
Santa_Rita_(Zulia)
Santa_Rita_(paroisse_civile)
Santa_Rita_(ville_d'Aragua)
Santa_Rita_d'Oeste
Santa_Rita_de_Caldas
Santa_Rita_de_Cássia_(Bahia)
Santa_Rita_de_Ibitipoca
Santa_Rita_de_Jacutinga
Santa_Rita_de_Manapire
Santa_Rita_de_Minas
Santa_Rita_do_Araguaia
Santa_Rita_do_Itueto
Santa_Rita_do_Novo_Destino
Santa_Rita_do_Pardo
Santa_Rita_do_Passa_Quatro
Santa_Rita_do_Sapucaí
Santa_Rita_do_Tocantins
Santa_Rita_do_Trivelato
Santa_Rosa
Santa_Rosa_(Argentine)
Santa_Rosa_(Bermúdez)
Santa_Rosa_(Bolívar)
Santa_Rosa_(Californie)
Santa_Rosa_(Cauca)
Santa_Rosa_(El_Oro)
Santa_Rosa_(Iribarren)
Santa_Rosa_(Laguna)
Santa_Rosa_(Mendoza)
Santa_Rosa_(Nouveau-Mexique)
Santa_Rosa_(Nouveau_Mexique)
Santa_Rosa_(Nueva_Ecija)
Santa_Rosa_(Nuvea_Ecija)
Santa_Rosa_(Panama,_Chiriquí)
Santa_Rosa_(Pedro_María_Freites)
Santa_Rosa_(Rio_Grande_do_Sul)
Santa_Rosa_(Rojas)
Santa_Rosa_(Texas)
Santa_Rosa_(Uruguay)
Santa_Rosa_(Valencia)
Santa_Rosa_(canton)
Santa_Rosa_(métro_de_Santiago)
Santa_Rosa_(navire,_1958)
Santa_Rosa_(Équateur)
Santa_Rosa_Island
Santa_Rosa_Island,_(Californie)
Santa_Rosa_Island_(Floride)
Santa_Rosa_R.C.
Santa_Rosa_Rugby_Club
Santa_Rosa_and_San_Jacinto_Mountains_National_Monument
Santa_Rosa_da_Serra
Santa_Rosa_de_Aguán
Santa_Rosa_de_Cabal
Santa_Rosa_de_Conlara
Santa_Rosa_de_Copán
Santa_Rosa_de_Goiás
Santa_Rosa_de_Lima
Santa_Rosa_de_Lima_(Guatemala)
Santa_Rosa_de_Lima_(Salvador)
Santa_Rosa_de_Lima_(Santa_Catarina)
Santa_Rosa_de_Lima_(Santa_Rosa)
Santa_Rosa_de_Lima_(Sergipe)
Santa_Rosa_de_Osos
Santa_Rosa_de_Río_Primero
Santa_Rosa_de_Viterbo
Santa_Rosa_de_Viterbo_(Boyacá)
Santa_Rosa_de_Viterbo_(São_Paulo)
Santa_Rosa_de_Yacuma
Santa_Rosa_de_los_Pastos_Grandes
Santa_Rosa_del_Peñón
Santa_Rosa_del_Sur
Santa_Rosa_do_Piauí
Santa_Rosa_do_Purus
Santa_Rosa_do_Sul
Santa_Rosa_do_Tocantins
Santa_Rosae
Santa_Rosalia
Santa_Rosalia_(Basse-Californie_du_Sud)
Santa_Rosalía
Santa_Rosalía_(Basse-Californie_du_Sud)
Santa_Rosalía_(Caracas)
Santa_Rosalía_(Vichada)
Santa_Rosalía_(municipalité)
Santa_Sabina
Santa_Sabina_(groupe)
Santa_Salete
Santa_Sangre
Santa_Scorese
Santa_Sede
Santa_Severina
Santa_Silvia_(titre_cardinalice)
Santa_Soffia
Santa_Sofia
Santa_Sofia_(homonymie)
Santa_Sofia_a_via_Boccea
Santa_Sofia_a_via_Boccea_(titre_cardinalice)
Santa_Sofia_d'Epiro
Santa_Sofía_(Boyacá)
Santa_Susana_Pass_State_Historic_Park
Santa_Susanna
Santa_Susanna_(titre_cardinalice)
Santa_Sylvina
Santa_Tecla
Santa_Tecla_(Salvador)
Santa_Tecla_F.C.
Santa_Tecla_FC
Santa_Tecla_Fútbol_Club
Santa_Teresa
Santa_Teresa_(Barakaldo)
Santa_Teresa_(Bermúdez)
Santa_Teresa_(Brésil)
Santa_Teresa_(Caracas)
Santa_Teresa_(Carazo)
Santa_Teresa_(La_Pampa)
Santa_Teresa_(Pérou)
Santa_Teresa_(Rio_de_Janeiro)
Santa_Teresa_(Sao_Tomé-et-Principe)
Santa_Teresa_(Uruguay)
Santa_Teresa_(Venezuela)
Santa_Teresa_Club_Deportivo
Santa_Teresa_Gallura
Santa_Teresa_al_Corso_d'Italia_(titre_cardinalice)
Santa_Teresa_del_Tuy
Santa_Teresa_del_Tuy_(Venezuela)
Santa_Teresa_del_Tuy_(paroisse_civile)
Santa_Teresa_di_Riva
Santa_Teresinha
Santa_Teresinha_(Bahia)
Santa_Teresinha_(Paraiba)
Santa_Teresinha_(Paraíba)
Santa_Teresita
Santa_Teresita_(Batangas)
Santa_Teresita_(Cagayan)
Santa_Tereza
Santa_Tereza_(Porto_Alegre)
Santa_Tereza_(Rio_Grande_do_Sul)
Santa_Tereza_de_Goiás
Santa_Tereza_do_Oeste
Santa_Tereza_do_Tocantins
Santa_Terezinha
Santa_Terezinha_(Mato_Grosso)
Santa_Terezinha_(Pernambouc)
Santa_Terezinha_(Santa_Catarina)
Santa_Terezinha_de_Goiás
Santa_Terezinha_de_Itaipu
Santa_Terezinha_do_Progresso
Santa_Terezinha_do_Tocantins
Santa_Trinita
Santa_Ursula_(Santa_Cruz_de_Tenerife)
Santa_Venera
Santa_Venerina
Santa_Venetia
Santa_Victoria_(Salta)
Santa_Victoria_Oeste
Santa_Vitoria
Santa_Vitoria_do_Palmar
Santa_Vittoria
Santa_Vittoria_d'Alba
Santa_Vittoria_in_Matenano
Santa_Vitória
Santa_Vitória_(Minas_Gerais)
Santa_Vitória_do_Palmar
Santa_Ynez
Santa_Ynez_(Californie)
Santa_Ynez_Mountains
Santa_ana_la_real
Santa_ana_vm-1
Santa_barbara_(feuilleton_télévisé)
Santa_bárbara_de_casa
Santa_casa_de_misericórdia_de_porto_alegre
Santa_caterina_dello_ionio
Santa_claus_(album)
Santa_coloma_de_gramenet
Santa_comba_(vila_nova_de_foz_côa)
Santa_cristina_de_lena
Santa_cristina_e_bissone
Santa_croce_(sestiere_de_venise)
Santa_croce_del_sannio
Santa_croce_di_magliano
Santa_cruz_(canton)
Santa_cruz_(freguesia)
Santa_cruz_(groupe)
Santa_cruz_(province_argentine)
Santa_cruz_da_trapa
Santa_cruz_das_flores
Santa_cruz_de_barahona
Santa_cruz_de_campezo
Santa_cruz_de_la_palma
Santa_cruz_de_la_zarza
Santa_cruz_de_mao
Santa_cruz_de_mudela
Santa_cruz_de_ténérife
Santa_cruz_del_fierro
Santa_cruz_del_seibo
Santa_cruz_del_valle
Santa_cruz_do_sul
Santa_davis
Santa_della_Pietà
Santa_diabla
Santa_et_Andres
Santa_et_Cie
Santa_eulalia_del_campo
Santa_eulària_des_riu
Santa_fe_(province_argentine)
Santa_fe_de_Bogotá
Santa_fé_(locomotive)
Santa_fé_de_minas
Santa_fé_do_sul
Santa_giustina_in_colle
Santa_iria_de_azóia
Santa_lucia_del_mela
Santa_lucia_di_piave
Santa_lucia_di_serino
Santa_lucía_de_tirajana
Santa_magdalena_de_pulpis
Santa_margherita_di_belice
Santa_margherita_di_staffora
Santa_maria_(1492)
Santa_maria_(rio_grande_do_sul)
Santa_maria_a_monte
Santa_maria_a_vico
Santa_maria_da_feira
Santa_maria_de_lara
Santa_maria_de_lebeña
Santa_maria_de_viseu
Santa_maria_del_cedro
Santa_maria_del_fiore
Santa_maria_del_mar_(barcelone)
Santa_maria_del_molise
Santa_maria_della_scala
Santa_maria_della_steccata
Santa_maria_della_versa
Santa_maria_di_licodia
Santa_maria_dos_olivais
Santa_maria_in_calanca
Santa_maria_la_carità
Santa_maria_la_fossa
Santa_maria_la_longa
Santa_marta_de_penaguião
Santa_maría_(volcan)
Santa_maría_de_guía_de_gran_canaria
Santa_maría_de_huerta
Santa_maría_de_los_ángeles
Santa_maría_de_melque
Santa_maría_de_valverde
Santa_maría_del_campo_rus
Santa_maría_del_naranco
Santa_maría_la_real_de_nieva
Santa_monica_studio
Santa_olalla_del_cala
Santa_rosa_(rio_grande_do_sul)
Santa_rosa_de_lima_(santa_catarina)
Santa_rosa_de_lima_(sergipe)
Santa_rosa_do_purus
Santa_rosa_do_sul
Santa_sabina_(groupe)
Santa_sangre
Santa_teresa_(rio_de_janeiro)
Santa_teresa_di_riva
Santa_terezinha_do_progresso
Santa_vittoria_in_matenano
Santa_vitória_do_palmar
Santa_with_Muscles
Santa_Úrsula
Santa_Úrsula_(Santa_Cruz_de_Tenerife)
Santa_Úrsula_(Tenerife)
Santa_Úrsula_(Ténérife)
Santacara
Santack
Santaclaus
Santacon
Santacroce
Santacrucena
Santacruceña
Santacruz
Santacruz_(Bombay)
Santacruz_Operations
Santada
Santadi
Santaella
Santaella_(commune)
Santafe_de_Bogota
Santafe_de_Bogotá
Santafé_de_Bogotá
Santahamina
Santai
Santajî_Ghorpade
Santal
Santal_blanc
Santal_rouge
Santal_vénézuélien
Santala
Santalaceae
Santalacée
Santalacées
Santalahti_(Tampere)
Santalales
Santalanae
Santalezi
Santali
Santalla
Santalla_de_Rei
Santals
Santalum
Santalum_acuminatum
Santalum_album
Santalum_austrocaledonicum
Santalum_lanceolatum
Santalum_spicatum
Santaluz
Santamaria
Santamaria-Orléa
Santamaria_(homonymie)
Santamartamys
Santamartamys_rufodorsalis
Santambrogio
Santana
Santana_(Album)
Santana_(Amapa)
Santana_(Amapá)
Santana_(Bahia)
Santana_(Boyacá)
Santana_(Madeira)
Santana_(Madere)
Santana_(Madère)
Santana_(Porto_Alegre)
Santana_(Sao_Tomé-et-Principe)
Santana_(São_Paulo)
Santana_(album)
Santana_(band)
Santana_(freguesia)
Santana_(groupe)
Santana_(métro_de_São_Paulo)
Santana_(pomme)
Santana_Band
Santana_Blues_Band
Santana_Esporte_Clube
Santana_Garrett
Santana_III
Santana_IV
Santana_Jam
Santana_Lopez
Santana_Moss
Santana_Motor
Santana_PS-10
Santana_PS10_Anibal
Santana_Vega
Santana_da_Boa_Vista
Santana_da_Ponte_Pensa
Santana_da_Vargem
Santana_de_Cataguases
Santana_de_Mangueira
Santana_de_Parnaiba
Santana_de_Parnaíba
Santana_de_Pirapama
Santana_de_parnaíba
Santana_do_Acaraú
Santana_do_Araguaia
Santana_do_Cariri
Santana_do_Deserto
Santana_do_Garambéu
Santana_do_Ipanema
Santana_do_Itararé
Santana_do_Jacaré
Santana_do_Livramento
Santana_do_Manhuaçu
Santana_do_Maranhão
Santana_do_Matos
Santana_do_Mundaú
Santana_do_Paraíso
Santana_do_Parnaíba
Santana_do_Piauí
Santana_do_Riacho
Santana_do_Seridó
Santana_do_São_Francisco
Santana_dos_Garrotes
Santana_dos_Montes
Santana_formation
Santanachelys
Santanachelys_gaffneyi
Santanaraptor
Santanaraptor_placidus
Santander
Santander_(Cantabria)
Santander_(Cantabrie)
Santander_(Cebu)
Santander_(Colombie)
Santander_(Espagne)
Santander_(département)
Santander_(entreprise)
Santander_Arena
Santander_Bank_Polska
Santander_Central
Santander_Central_Hispano_Group
Santander_Cycles
Santander_Network
Santander_UK
Santander_de_Quilichao
Santandérisme
Santang
Santangeli
Santanni
Santans
Santanyi
Santanyí
Santanópolis
Santao
Santaolalla
Santaquin
Santar
Santarcangelo_Calcio
Santarcangelo_di_Romagna
Santarcangelo_di_romagna
Santard
Santarelli
Santarem
Santarem_(Para)
Santarem_(Paraiba)
Santarem_(Portugal)
Santarem_(fromage)
Santaremia_longipes
Santaremia_pococki
Santaromita
Santarovac
Santarém
Santarém_(Paraíba)
Santarém_(Pará)
Santarém_(Portugal)
Santarém_(fromage)
Santarém_Cantanhede
Santarém_Novo
Santas_Martas
Santasport_Rovaniemi
Santatra_Anita_Abdallah_Alinorosoa
Santavuori
Santayana
Santbergen
Santchou
Sante
Sante'_Mawi'omi
Sante,_Loi_canadienne_sur_la
Sante-Environnement
Sante_Bentivoglio
Sante_Canada
Sante_Caserio
Sante_Ceccherini
Sante_Diabete_Mali
Sante_Ferrini
Sante_Gaiardoni
Sante_Geronimo_Caserio
Sante_Lucía_(Venezuela)
Sante_Marie
Sante_Marsili
Sante_Mawiomi
Sante_Monachesi
Sante_Pagnini
Sante_Peranda
Sante_Prunati
Sante_Ranucci
Sante_Vallar
Sante_Veronese
Sante_Vie
Sante_Zanon
Sante_a_Maurice
Sante_au_Mozambique
Sante_au_Quebec
Sante_au_Senegal
Sante_au_Tchad
Sante_dans_les_milieux_ruraux
Sante_en_Angola
Sante_en_Ethiopie
Sante_en_Republique_democratique_du_Congo
Sante_mentale
Sante_mentale_des_Temoins_de_Jehovah
Sante_publique
Sante_publique_chinoise
Sante_sexuelle
Sante_vulvovaginale
Santeau
Santec
Santecilla
Santed
Santee
Santee_(Californie)
Santee_(Caroline_du_Sud)
Santee_(Nebraska)
Santee_(film)
Santee_(fleuve)
Santee_(tribu)
Santee_River
Santelices
Santelices_(homonymie)
Santelli
Santelma
Santen
Santen_Pharmaceutical
Santena
Santenay
Santenay_(AOC)
Santenay_(Cote-d'Or)
Santenay_(Côte-d'Or)
Santenay_(Loir-et-Cher)
Santenay_(côte-d'or)
Santenay_(loir-et-cher)
Santenoge
Santeny
Santepratique
Santer
Santera
Santeramo
Santeramo_in_Colle
Santeri
Santeri_Alkio
Santeri_Jacobsson
Santeri_Levas
Santeri_Paloniemi
Santeri_Salokivi
Santeri_Siimes
Santeri_Väänänen
Santeri_siimes
Santeria
Santeria_(chanson)
Santerno
Santerre
Santerre_(homonymie)
Santerre_/_Haute-Somme
Santerre_/_Haute-Somme_(pays)
Santerre_/_haute-somme_(pays)
Santervás_de_Campos
Santervás_de_la_Vega
Santería
Santes
Santes_Pagnino
Santes_Pagninus
Santesteban
Santesteban_(Navarre)
Santeuil
Santeuil_(Eure-et-Loir)
Santeuil_(Val-d'Oise)
Santeuil_(Val_d'Oise)
Santeuil_(eure-et-loir)
Santeuil_(val-d'oise)
Santeul
Santha_Leng
Santha_Rama_Rau
Santhakra
Santhal
Santhara
Santhia
Santhia_(upazila)
Santhiaba
Santhiaba_Manjacque
Santhiaba_Manjacque_CR
Santhiaba_Ouolof
Santhià
Santhome
Santhomea
Santhomea_quadrispina
Santhomea_scabra
Santhomyza
Santhoven
Santi
Santi-Vina
Santi_(Kogho)
Santi_(Mano_Negra)
Santi_(album)
Santi_Aldama
Santi_Ambrogio_e_Carlo_(titre_cardinalice)
Santi_Andrea_e_Gregorio_al_Monte_Celio_(titre_cardinalice)
Santi_Angeli_Custodi_a_Città_Giardino_(titre_cardinalice)
Santi_Apostoli,_Florence
Santi_Apostoli,_Naples
Santi_Aquila_e_Priscilla
Santi_Aquila_e_Priscilla_(titre_cardinalice)
Santi_Aragón
Santi_Biagio_e_Carlo_ai_Catinari
Santi_Biagio_e_Carlo_ai_Catinari_(titre_cardinalice)
Santi_Buglioni
Santi_Cazorla
Santi_Comesaña
Santi_Cosma_e_Damiano
Santi_Cosma_e_Damiano_(Italie)
Santi_Cosma_e_Damiano_(titre_cardinalice)
Santi_Denia
Santi_Domenico_e_Sisto_(titre_cardinalice)
Santi_Ezquerro
Santi_Fabiano_e_Venanzio_a_Villa_Fiorelli_(titre_cardinalice)
Santi_Gervasio_e_Protasio
Santi_Gioacchino_e_Anna_al_Tuscolano_(titre_cardinalice)
Santi_Giovanni_Evangelista_e_Petronio_(titre_cardinalice)
Santi_Gucci
Santi_Jean-Baptiste_L'Homaca
Santi_Kolk
Santi_Mami_(Leioa)
Santi_Marcellino_e_Pietro_(titre_cardinalice)
Santi_Martiri_dell'Uganda_a_Poggio_Ameno_(titre_cardinalice)
Santi_Millán
Santi_Mina
Santi_Nereo_e_Achilleo_(titre_cardinalice)
Santi_Nicita
Santi_Pacini
Santi_Paladino
Santi_Pietro_e_Paolo_a_Via_Ostiense_(titre_cardinalice)
Santi_Pietro_e_Paolo_d'Agrò
Santi_Protomartiri_a_Via_Aurelia_Antica_(titre_cardinalice)
Santi_Quaranta
Santi_Quirico_e_Giulitta_(titre_cardinalice)
Santi_Romano
Santi_Santamaria
Santi_Sebastiano
Santi_Sergio_e_Bacco_(titre_cardinalice)
Santi_Silvestro_e_Martino_ai_Monti_(titre_cardinalice)
Santi_Simone_e_Giuda_Taddeo_a_Torre_Angela
Santi_Simone_e_Giuda_Taddeo_a_Torre_Angela_(titre_cardinalice)
Santi_Urbano_e_Lorenzo_a_Prima_Porta_(titre_cardinalice)
Santi_Vila
Santi_Vila_i_Vicente
Santi_Vitale,_Valeria,_Gervasio_e_Protasio_(titre_cardinalice)
Santi_Vito,_Modesto_e_Crescenzia
Santi_Vito,_Modesto_e_Crescenzia_(titre_cardinalice)
Santi_White
Santi_cosma_e_damiano
Santi_di_Tito
Santi_di_tito
Santia_Maria
Santiag
Santiago
Santiago,_Cuba
Santiago,_Italia
Santiago-Pontones
Santiago-du-Chili
Santiago_(Agusan_del_Norte)
Santiago_(Cap-Vert)
Santiago_(Chili)
Santiago_(Galapagos)
Santiago_(Galápagos)
Santiago_(Ilocos_Sur)
Santiago_(Isabela)
Santiago_(Lisbonne)
Santiago_(Norte_de_Santander)
Santiago_(Putumayo)
Santiago_(Rio_Grande_do_Sul)
Santiago_(République_dominicaine)
Santiago_(Torres_Novas)
Santiago_(canton)
Santiago_(cap-vert)
Santiago_(comarque)
Santiago_(commune)
Santiago_(film)
Santiago_(film,_1956)
Santiago_(film,_2007)
Santiago_(homonymie)
Santiago_(paroisse_civile)
Santiago_(province)
Santiago_(prénom)
Santiago_(roman)
Santiago_73,_post_mortem
Santiago_Abascal
Santiago_Abascal_Conde
Santiago_Acasiete
Santiago_Alba
Santiago_Alba_Bonifaz
Santiago_Aldama
Santiago_Alvarez
Santiago_Amengual
Santiago_Amengual_Balbontin
Santiago_Amengual_Balbontín
Santiago_Amigorena
Santiago_Antuñez
Santiago_Antúnez
Santiago_Apóstol_(film,_2015)
Santiago_Apóstol_(film,_2017)
Santiago_Aragon
Santiago_Aragón
Santiago_Aragón_Martínez
Santiago_Arata
Santiago_Arcos
Santiago_Arias
Santiago_Arias_Naranjo
Santiago_Artemis
Santiago_Artese
Santiago_Arzamendia
Santiago_Ascacibar
Santiago_Ascacíbar
Santiago_Atitlán
Santiago_Benítez
Santiago_Bernabeu
Santiago_Bernabéu
Santiago_Bernabéu_(homonymie)
Santiago_Bernabéu_(métro_de_Madrid)
Santiago_Bernabéu_Stadium
Santiago_Bernabéu_Yeste
Santiago_Bessonnart
Santiago_Blanco
Santiago_Botero
Santiago_Botero_Echeverry
Santiago_Bottini
Santiago_Bru_i_Vidal
Santiago_Bueras_(métro_de_Santiago)
Santiago_Buitrago
Santiago_Cabrera
Santiago_Cafiero
Santiago_Calatrava
Santiago_Calatrava_Valls
Santiago_Canizares
Santiago_Carlos_Oves
Santiago_Carrera
Santiago_Carreras
Santiago_Carrillo
Santiago_Casares_Quiroga
Santiago_Casariego
Santiago_Casilla
Santiago_Castro
Santiago_Castro_Gómez
Santiago_Castroviejo_Bolibar
Santiago_Cazorla
Santiago_Cazorla_Gonzalez
Santiago_Cazorla_González
Santiago_Cañizares
Santiago_Charamoni
Santiago_Chimaltenango
Santiago_Chocobares
Santiago_Colombatto
Santiago_Cordero
Santiago_Cortés
Santiago_Creel
Santiago_Creel_Miranda
Santiago_Cáseres
Santiago_Dellape
Santiago_Dellapè
Santiago_Denia
Santiago_Denia_Sanchez
Santiago_Denia_Sánchez
Santiago_Derqui
Santiago_Dexeus
Santiago_Diez_Fischer
Santiago_Domecq
Santiago_Drake_del_Castillo
Santiago_Durango
Santiago_Espinosa
Santiago_Eximeno
Santiago_Ezquerro
Santiago_Fernandez
Santiago_Fernández
Santiago_Fisas
Santiago_Fisas_Ayxelá
Santiago_Fonseca
Santiago_Futsal
Santiago_Gamboa
Santiago_García
Santiago_García_(auteur)
Santiago_García_Fernández
Santiago_Gentiletti
Santiago_Giménez
Santiago_Giraldo
Santiago_Gomez_Cora
Santiago_Gonzalez
Santiago_Gonzalez_(tennis)
Santiago_Gonzalez_Bonorino
Santiago_Gonzalez_Iglesias
Santiago_González
Santiago_González_(football)
Santiago_González_(tennis)
Santiago_González_Bonorino
Santiago_González_Iglesias
Santiago_González_Portillo
Santiago_Grondona
Santiago_Guzman
Santiago_Guzmán
Santiago_Gómez_Cora
Santiago_Hernán_Solari
Santiago_Herrero
Santiago_Hirsig
Santiago_Idígoras
Santiago_Island
Santiago_Jamiltepec
Santiago_K
Santiago_Lamela
Santiago_Lange
Santiago_Lanzuela
Santiago_Lavin_Cuadra
Santiago_Lazcano
Santiago_Lazcano_Labaca
Santiago_Lopez_Petit
Santiago_Lopo
Santiago_Lovell
Santiago_Loza
Santiago_Luis_Copello
Santiago_López_Petit
Santiago_Magill
Santiago_Maior
Santiago_Marco_i_Urrútia
Santiago_Mariño
Santiago_Marraco
Santiago_Marí_Torres
Santiago_Masarnau_Fernández
Santiago_Massana
Santiago_Matamoros
Santiago_Mbanda_Lima
Santiago_Medrano
Santiago_Mele
Santiago_Mesa
Santiago_Meson
Santiago_Mesón
Santiago_Micolta
Santiago_Millas
Santiago_Mitre
Santiago_Montenegro
Santiago_Moreno
Santiago_Morning
Santiago_Morán
Santiago_Mosquera
Santiago_Muñoz
Santiago_Navarro
Santiago_Nonualco
Santiago_Omar_Riveros
Santiago_Open
Santiago_Open_2008
Santiago_Open_2009
Santiago_Open_2010
Santiago_Open_2011
Santiago_Open_2012
Santiago_Ordóñez
Santiago_Ormeño
Santiago_Ostolaza
Santiago_Otheguy
Santiago_Papasquiaro
Santiago_Papasquiaro_Municipality
Santiago_Perez
Santiago_Perez_Fernandez
Santiago_Phelan
Santiago_Pérez
Santiago_Pérez_(homonymie)
Santiago_Pérez_Fernández
Santiago_Pérez_López
Santiago_Pérez_de_Manosalbas
Santiago_Ramirez
Santiago_Ramon_y_Cajal
Santiago_Ramos
Santiago_Ramundo
Santiago_Ramírez
Santiago_Ramón_y_Cajal
Santiago_Ramón_y_Cajal_(Sorolla)
Santiago_Rebull
Santiago_Riveros
Santiago_Rodriguez
Santiago_Rodriguez_Bonome
Santiago_Rodríguez
Santiago_Rodríguez-Miranda
Santiago_Rodríguez-Miranda_Gómez
Santiago_Rodríguez_(football)
Santiago_Rodríguez_(homonymie)
Santiago_Rodríguez_Bonome
Santiago_Rodríguez_Miranda
Santiago_Rojas
Santiago_Rojas_Arroyo
Santiago_Rubio_i_Tuduri
Santiago_Rubió_i_Tudurí
Santiago_Rusinol
Santiago_Rusiñol
Santiago_Rusiñol_i_Prats
Santiago_Rusiñol_y_Prats
Santiago_Sacatepéquez
Santiago_Salcedo
Santiago_Salvador_Franch
Santiago_Santamaria
Santiago_Segura
Santiago_Sierra
Santiago_Silva
Santiago_Silva_Retamales
Santiago_Simón
Santiago_Socino
Santiago_Solari
Santiago_Sosa
Santiago_Stieben
Santiago_Tequixquiac
Santiago_Teyahualco
Santiago_Umba
Santiago_Urdiales
Santiago_Urkiaga
Santiago_Urquiaga
Santiago_Urrutia
Santiago_Urtizberea
Santiago_Valenzuela
Santiago_Ventura
Santiago_Vergini
Santiago_Vernazza
Santiago_Vidal
Santiago_Vidal_i_Marsal
Santiago_Viera
Santiago_Vila_i_Vicente
Santiago_Villanueva
Santiago_Villanueva_√?lvarez
Santiago_Wanderers
Santiago_Xanica
Santiago_Yusta
Santiago_Zubieta
Santiago_da_Guarda
Santiago_de_Alcantara
Santiago_de_Alcántara
Santiago_de_Calatrava
Santiago_de_Cali
Santiago_de_Chile
Santiago_de_Chili
Santiago_de_Compostela
Santiago_de_Cotagaita
Santiago_de_Cuba
Santiago_de_Cuba_(Province)
Santiago_de_Cuba_Avispas
Santiago_de_Figueiró
Santiago_de_Las_Vegas
Santiago_de_León_de_Caracas
Santiago_de_Liniers
Santiago_de_Litém
Santiago_de_Machaca
Santiago_de_María
Santiago_de_Murcia
Santiago_de_Puringla
Santiago_de_Queretaro
Santiago_de_Querétaro
Santiago_de_Serra_i_Cau
Santiago_de_Surco
Santiago_de_Tolú
Santiago_de_Vera
Santiago_de_Veraguas
Santiago_de_cuba
Santiago_de_la_Espada
Santiago_de_la_Puebla
Santiago_de_la_Ribera
Santiago_de_la_Vega
Santiago_de_la_puebla
Santiago_de_la_ribera
Santiago_de_las_Vegas
Santiago_de_las_vegas
Santiago_de_los_Caballeros
Santiago_de_los_caballeros
Santiago_de_querétaro
Santiago_de_veraguas
Santiago_del_Campo
Santiago_del_Collado
Santiago_del_Estero
Santiago_del_Estero_(province)
Santiago_del_Estero_(province_argentine)
Santiago_del_Estero_(ville)
Santiago_del_Teide
Santiago_del_Tormes
Santiago_del_estero
Santiago_del_estero_(province)
Santiago_del_estero_(ville)
Santiago_del_teide
Santiago_delefosse
Santiago_des_mers
Santiago_do_Cacem
Santiago_do_Cacém
Santiago_do_Sul
Santiago_do_sul
Santiago_du_Chili
Santiago_du_chili
Santiago_el_Pinar
Santiago_ramón_y_cajal
Santiago_rubió_i_tudurí
Santiago_sierra
Santiago_√?lvarez
Santiags
Santiaguito
Santiam
Santiana
Santiano
Santiano_(groupe)
Santiari
Santibanez_el_Alto
Santibanez_el_Bajo
Santibáñez_de_Béjar
Santibáñez_de_Ecla
Santibáñez_de_Esgueva
Santibáñez_de_Tera
Santibáñez_de_Valcorba
Santibáñez_de_Valdeiglesias
Santibáñez_de_Vidriales
Santibáñez_de_la_Peña
Santibáñez_de_la_Sierra
Santibáñez_del_Val
Santibáñez_el_Alto
Santibáñez_el_Bajo
Santici
Santidade_de_Jaguaripe
Santidougou
Santiesteban_del_Puerto
Santiestéban_del_Puerto
Santig-Du
Santig_Du
Santigny
Santigold
Santik_Du
Santikurutze_Kanpezu
Santikutz_Klasika
Santillan
Santillana
Santillana_del_Mar
Santillane
Santilly
Santilly_(Eure-et-Loir)
Santilly_(Saone-et-Loire)
Santilly_(Saône-et-Loire)
Santilly_(eure-et-loir)
Santilly_(saône-et-loire)
Santimbru
Santin
Santina
Santina_De_Pascali
Santina_Marella
Santina_di_Gesù_Scribano
Santinelli
Santinezia
Santinges
Santini
Santini-Aichl
Santini-Cierre
Santini-Conti-Galli
Santini-Krups
Santini_SMS
Santiniketan
Santiniketan_Park_Association
Santino_Ballestra
Santino_Campioni
Santino_Ferrucci
Santino_Fontana
Santino_Marella
Santino_Marella_(Anthony_Carelli)
Santino_Pellegrino
Santino_Quaranta
Santino_Solari
Santio
Santiponce
Santiria_apiculata
Santis
Santisima_Trinidad
Santiso
Santissima_Trinità
Santissima_Trinità_di_Delia
Santissimi_Nomi_di_Gesù_e_Maria_in_Via_Lata_(titre_cardinalice)
Santissimo_Nome_di_Gesù_(titre_cardinalice)
Santissimo_Nome_di_Maria_a_Via_Latina_(titre_cardinalice)
Santissimo_Nome_di_Maria_al_Foro_Traiano_(titre_cardinalice)
Santissimo_Redentore_a_Val_Melaina_(titre_cardinalice)
Santissimo_Redentore_e_Sant'Alfonso_in_Via_Merulana_(titre_cardinalice)
Santissimo_Sacramento_a_Tor_de'_Schiavi_(titre_cardinalice)
Santisteban_(sorcier_nagual)
Santisteban_del_Puerto
Santisteban_del_puerto
Santitos_Colon
Santitos_Colón
Santiurde_de_Reinosa
Santiurde_de_Toranzo
Santiuste
Santiuste_de_Pedraza
Santiuste_de_San_Juan_Bautista
Santiváñez
Santiz
Santlache
Santmargats
Santo
Santo,_Vanuatu
Santo,_el_Enmascarado_de_Plata
Santo,_el_Enmascarado_de_Plata_vs._la_invasion_de_los_marcianos
Santo,_el_Enmascarado_de_Plata_vs._la_invasión_de_los_marcianos
Santo,_el_Enmascarado_de_Plata_vs._los_villanos_del_ring
Santo,_el_enmascarado_de_plata
Santo-André
Santo-Domingo
Santo-Estello
Santo-Pietro-di-Tenda
Santo-Pietro-di-Venaco
Santo-pietro-di-tenda
Santo-pietro-di-venaco
Santo_&_Blue_Demon_vs._Dracula_&_the_Wolfman
Santo_&_Johnny
Santo_&_Johnny_(album)
Santo_(Firefly)
Santo_2006
Santo_:_el_Enmascarado_de_Plata
Santo_Adriano
Santo_Adriao
Santo_Adrião
Santo_Afonso
Santo_Alcala
Santo_Alcalá
Santo_Amaro
Santo_Amaro_(Bahia)
Santo_Amaro_(Recife)
Santo_Amaro_(Sao_Tomé-et-Principe)
Santo_Amaro_(São_Paulo)
Santo_Amaro_(métro_de_São_Paulo)
Santo_Amaro_(quartier_de_São_Paulo)
Santo_Amaro_da_Imperatriz
Santo_Amaro_das_Brotas
Santo_Amaro_do_Maranhão
Santo_Anastácio
Santo_Andre
Santo_Andre_(Paraiba)
Santo_Andre_(Sao_Paulo)
Santo_Andrea
Santo_Andria
Santo_André
Santo_André_(Paraíba)
Santo_André_(São_Paulo)
Santo_André_da_Borda_do_Campo
Santo_Angelo
Santo_Antao
Santo_Antao_(Cap-Vert)
Santo_Antonio
Santo_Antonio_(Porto_Alegre)
Santo_Antonio_Futebol_Clube
Santo_Antonio_de_Lisboa
Santo_Antonio_de_Lisboa_(Florianopolis)
Santo_Antão
Santo_Antão_(Cap-Vert)
Santo_Antão_(Santa_Maria)
Santo_Antão_(district_de_Santa_Maria)
Santo_Antón
Santo_Antón_(La_Corogne)
Santo_António
Santo_António_(Funchal)
Santo_António_(Sao_Tomé-et-Principe)
Santo_António_(São_Tomé-et-Principe)
Santo_António_da_Serra
Santo_António_da_Serra_(Machico)
Santo_António_da_Serra_(Santa_Cruz)
Santo_António_de_Tanna
Santo_Antônio
Santo_Antônio_(Belo_Horizonte)
Santo_Antônio_(Porto_Alegre)
Santo_Antônio_(Rio_Grande_do_Norte)
Santo_Antônio_Futebol_Clube
Santo_Antônio_da_Alegria
Santo_Antônio_da_Barra
Santo_Antônio_da_Patrulha
Santo_Antônio_da_Platina
Santo_Antônio_das_Missões
Santo_Antônio_de_Goiás
Santo_Antônio_de_Jesus
Santo_Antônio_de_Lisboa
Santo_Antônio_de_Lisboa_(Florianópolis)
Santo_Antônio_de_Posse
Santo_Antônio_de_Pádua
Santo_Antônio_de_Ratones
Santo_Antônio_do_Amparo
Santo_Antônio_do_Aracanguá
Santo_Antônio_do_Aventureiro
Santo_Antônio_do_Caiuá
Santo_Antônio_do_Descoberto
Santo_Antônio_do_Grama
Santo_Antônio_do_Itambé
Santo_Antônio_do_Içá
Santo_Antônio_do_Jacinto
Santo_Antônio_do_Jardim
Santo_Antônio_do_Leste
Santo_Antônio_do_Leverger
Santo_Antônio_do_Monte
Santo_Antônio_do_Palma
Santo_Antônio_do_Paraíso
Santo_Antônio_do_Pinhal
Santo_Antônio_do_Planalto
Santo_Antônio_do_Retiro
Santo_Antônio_do_Rio_Abaixo
Santo_Antônio_do_Sudoeste
Santo_Antônio_do_Tauá
Santo_Antônio_dos_Lopes
Santo_Antônio_dos_Milagres
Santo_Anza
Santo_Anzà
Santo_Attacks_the_Witches
Santo_Augusto
Santo_Barracato
Santo_Cattaneo
Santo_Cilauro
Santo_Condestável
Santo_Condorelli
Santo_Contra_a_Invasão_dos_Marcianos
Santo_Cristo
Santo_Cristo_(Rio_Grande_do_Sul)
Santo_Cristo_(Rio_de_Janeiro)
Santo_D'Amico
Santo_Daime
Santo_Domingo
Santo_Domingo-Caudilla
Santo_Domingo_(Albay)
Santo_Domingo_(Antioquia)
Santo_Domingo_(Chili)
Santo_Domingo_(Chontales)
Santo_Domingo_(Cuba)
Santo_Domingo_(Ilocos_Sur)
Santo_Domingo_(Nueva_Ecija)
Santo_Domingo_(Panama)
Santo_Domingo_(Venezuela)
Santo_Domingo_(canton)
Santo_Domingo_(canton_de_Santo_Domingo_de_los_Tsáchilas)
Santo_Domingo_(métro_de_Madrid)
Santo_Domingo_(paroisse_civile)
Santo_Domingo_(province)
Santo_Domingo_(Équateur)
Santo_Domingo_Este
Santo_Domingo_Suchitepequez
Santo_Domingo_Tehuantepec
Santo_Domingo_Xenacoj
Santo_Domingo_Yanhuitlán
Santo_Domingo_de_Guzmán
Santo_Domingo_de_Pirón
Santo_Domingo_de_Santa_Bárbara
Santo_Domingo_de_Silos
Santo_Domingo_de_la_Calzada
Santo_Domingo_de_las_Posadas
Santo_Domingo_de_los_Colorados
Santo_Domingo_de_los_Tsáchilas
Santo_Dominguo
Santo_Emanuele
Santo_Emilião
Santo_Emilião_(Póvoa_de_Lanhoso)
Santo_Entierro
Santo_Estello
Santo_Estêvão
Santo_Estêvão_(Bahia)
Santo_Estêvão_de_Bastuço
Santo_Expedito
Santo_Expedito_(São_Paulo)
Santo_Expedito_do_Sul
Santo_Faces_Death
Santo_Gato
Santo_Geronimo_Caserio
Santo_Hipólito
Santo_Ildefonso
Santo_Ildefonso_(Porto)
Santo_Inácio
Santo_Inácio_(Paraná)
Santo_Inácio_do_Piauí
Santo_Isidoro
Santo_Jeronimo_Caserio
Santo_Kyoden
Santo_Niño
Santo_Niño_(Cagayan)
Santo_Niño_(Cotabato_du_Sud)
Santo_Niño_(Samar)
Santo_Onofre
Santo_Onofre_(Caldas_da_Rainha)
Santo_Peranda
Santo_Piazzese
Santo_Pietro
Santo_Pietro_di_Venaco
Santo_Prunati
Santo_Quilico
Santo_Rossi
Santo_Semo
Santo_Spirito
Santo_Spirito_(Venise)
Santo_Spirito_(île)
Santo_Spirito_in_Sassia_(titre_cardinalice)
Santo_Stefano
Santo_Stefano_(Bologne)
Santo_Stefano_(Giotto)
Santo_Stefano_(Sardaigne)
Santo_Stefano_(ile)
Santo_Stefano_(île)
Santo_Stefano_Belbo
Santo_Stefano_Lodigiano
Santo_Stefano_Quisquina
Santo_Stefano_Roero
Santo_Stefano_Ticino
Santo_Stefano_al_Mare
Santo_Stefano_d'Aveto
Santo_Stefano_del_Sole
Santo_Stefano_di_Cadore
Santo_Stefano_di_Camastra
Santo_Stefano_di_Magra
Santo_Stefano_di_Rogliano
Santo_Stefano_di_Sessanio
Santo_Stefano_in_Aspromonte
Santo_Stino_di_Livenza
Santo_Tirso
Santo_Tirso_(homonymie)
Santo_Tomas
Santo_Tomas_(Batangas)
Santo_Tomas_(Davao_del_Norte)
Santo_Tomas_(Davao_du_Nord)
Santo_Tomas_(Isabela)
Santo_Tomas_(La_Union)
Santo_Tomas_(Pampanga)
Santo_Tomas_(Pangasinan)
Santo_Tomas_(Perou)
Santo_Tome
Santo_Tomás
Santo_Tomás_(Atlántico)
Santo_Tomás_(Chontales)
Santo_Tomás_(Guatemala)
Santo_Tomás_(Panama)
Santo_Tomás_(Pérou)
Santo_Tomás_(État_de_Mexico)
Santo_Tomás_Jalieza
Santo_Tomás_La_Unión
Santo_Tomás_de_Castilla
Santo_Tomás_de_los_Plátanos
Santo_Tomás_del_Norte
Santo_Tomé
Santo_Tomé_(Corrientes)
Santo_Tomé_(Espagne)
Santo_Tomé_(Santa_Fe)
Santo_Tomé_de_Zabarcos
Santo_Tomé_del_Puerto
Santo_Toribio_de_Liebana
Santo_Toribio_de_Liébana
Santo_Trafficante
Santo_Trafficante_Jr
Santo_Trafficante_Junior
Santo_Trafficante_junior
Santo_Varni
Santo_Versace
Santo_Versus_la_invasión_de_los_marcianos
Santo_Versus_los_jinetes_del_terror
Santo_Versus_the_Martian_Invasion
Santo_Versus_the_Vampire_Women
Santo_amaro_da_imperatriz
Santo_and_Blue
Santo_and_Blue_Demon_Against_the_Monsters
Santo_and_Blue_Demon_versus_the_Monsters
Santo_and_Blue_Demon_vs._Dracula_and_the_Wolf_Man
Santo_and_Blue_Demon_vs_the_Monsters
Santo_and_Dracula's_Treasure
Santo_and_the_Blue_Demon_vs._the_Monsters
Santo_and_the_Diabolical_Brain
Santo_and_the_Vengeance_of_the_Mummy
Santo_antônio_de_lisboa
Santo_antônio_de_lisboa_(florianópolis)
Santo_barracato
Santo_contra_Blue_Demon_en_la_Atlantida
Santo_contra_Blue_Demon_en_la_Atlántida
Santo_contra_Capulina
Santo_contra_cerebro_del_mal
Santo_contra_el_Cerebro_del_Mal
Santo_contra_el_Rey_del_Crimen
Santo_contra_el_cerebro_del_mal
Santo_contra_el_cerebro_diabolico
Santo_contra_el_cerebro_diabólico
Santo_contra_el_estrangulador
Santo_contra_el_hacha_diabólica
Santo_contra_el_rey_del_crimen
Santo_contra_el_átomo_viviente
Santo_contra_hombres_infernales
Santo_contra_la_mafia_del_vicio
Santo_contra_la_magia_negra
Santo_contra_las_momias_de_Guanajuato
Santo_contra_los_asesinos_de_otros_mundos
Santo_contra_los_cazadores_de_cabezas
Santo_contra_los_hombres_infernales
Santo_contra_los_jinetes_del_terror
Santo_contra_los_profanadores_de_tumbas
Santo_contra_los_secuestradores
Santo_contra_los_zombies
Santo_contra_los_zombis
Santo_contre_l'esprit_du_mal
Santo_contre_le_trésor_de_Dracula
Santo_contre_les_chevaliers_de_la_terreur
Santo_contre_les_momies_de_Guanajuato
Santo_d'Amico
Santo_d'Émeraude
Santo_domingo_(province)
Santo_domingo_de_la_calzada
Santo_domingo_de_los_colorados
Santo_el_Enmascarado_de_Plata
Santo_el_Enmascarado_de_Plata_vs._los_villanos_del_ring
Santo_el_enmascarado_de_plata
Santo_el_enmascarado_de_plata_vs_los_villanos_del_ring
Santo_el_enmascarado_de_plata_y_Blue_Demon_contra_los_monstruos
Santo_el_enmascardo_de_plata_vs_la_invasión_de_los_marcianos
Santo_en_El_mundo_de_los_muertos
Santo_en_El_tesoro_de_Drácula
Santo_en_Misión_suicida
Santo_en_el_hacha_diabólica
Santo_en_el_hotel_de_la_muerte
Santo_en_el_museo_de_cera
Santo_en_el_tesoro_de_Dracula
Santo_en_el_tesoro_de_Drácula
Santo_en_la_venganza_de_la_momia
Santo_en_la_venganza_de_las_mujeres_vampiro
Santo_et_Blue_Demon_contre_Dracula_et_le_Loup-Garou
Santo_et_Blue_Demon_contre_Dracula_et_le_Loup_Garou
Santo_et_la_vengeance_des_femmes_vampires
Santo_et_le_Trésor_de_Montezuma
Santo_et_le_trésor_de_Dracula
Santo_frente_a_la_muerte
Santo_in_'The_Treasure_of_Dracula'
Santo_in_the_Hotel_of_Death
Santo_in_the_Treasure_of_Dracula
Santo_in_the_Vengeance_of_the_Mummy
Santo_in_the_Wax_Museum
Santo_in_the_Witches_Attack
Santo_stefano_(île)
Santo_stefano_al_mare
Santo_stefano_del_sole
Santo_stefano_di_cadore
Santo_stefano_di_camastra
Santo_stefano_di_magra
Santo_stefano_di_rogliano
Santo_stefano_di_sessanio
Santo_stefano_in_aspromonte
Santo_stino_di_livenza
Santo_subito
Santo_the_Silver-Masked_One_vs._the_Villains_of_the_Ring
Santo_trafficante_junior
Santo_versus_the_Kidnappers
Santo_vs._Baron_Brakola
Santo_vs._Black_Magic
Santo_vs._Black_Magic_Woman
Santo_vs._Blue_Demon_in_Atlantis
Santo_vs._Frankenstein's_Daughter
Santo_vs._el_estrangulador
Santo_vs._la_hija_de_Frankenstein
Santo_vs._la_mafia_del_vicio
Santo_vs._las_Mujeres_Vampiro
Santo_vs._las_mujeres_vampiro
Santo_vs._los_cazadores_de_cabezas
Santo_vs._los_jinetes_del_terror
Santo_vs._los_secuestradores
Santo_vs._the_Diabolical_Hatchet
Santo_vs._the_Head_Hunters
Santo_vs._the_Infernal_Men
Santo_vs._the_Kidnappers
Santo_vs._the_King_of_Crime
Santo_vs._the_Riders_of_Terror
Santo_vs._the_Strangler
Santo_vs._the_Vice_Mafia
Santo_vs._the_Zombies
Santo_vs_Baron_Brakola
Santo_vs_Black_Magic_Woman
Santo_vs_Capulina
Santo_vs_The_Evil_Brain
Santo_vs_The_Infernal_Men
Santo_vs_The_Zombies
Santo_vs_el_estrangulador
Santo_vs_las_momias_de_Guanajuato
Santo_vs_los_cazadores_de_cabezas
Santo_vs_the_Diabolical_Hatchet
Santo_vs_the_King_of_Crime
Santo_y_Blue_Demon_contra_Dracula_y_el_hombre_lobo
Santo_y_Blue_Demon_contra_Drácula_y_el_Hombre_Lobo
Santo_y_Blue_Demon_contra_Drácula_y_el_hombre_lobo
Santo_y_Blue_Demon_contra_las_bestias_del_terror
Santo_y_Blue_Demon_contra_los_monstruos
Santo_y_Blue_Demon_vs._Drácula_y_el_Hombre_Lobo
Santo_y_el_aguila_real
Santo_y_el_águila_real
Santo_y_la_Tigresa_en_el_águila_real
Santo_Ângelo
Santoba_Football_Club
Santobius
Santoche
Santocko
Santoczno
Santogold
Santogold_(album)
Santoire
Santois
Santok
Santok_(Lubusz)
Santok_(gmina)
Santoka
Santoka_Taneda
Santoku
Santol
Santolina
Santolina_chamaecyparissus
Santolina_corsica
Santolina_insularis
Santolina_rosmarinifolia
Santoline
Santoline_a_feuilles_de_romarin
Santoline_petit-cyprès
Santoline_à_feuilles_de_romarin
Santomenna
Santomera
Santoméen
Santon
Santon_(Ile_de_Man)
Santon_(Île_de_Man)
Santon_(île_de_Man)
Santon_(île_de_man)
Santon_de_Provence
Santon_de_provence
Santona
Santones
Santoni
Santonien
Santonine
Santonio_Holmes
Santonnier
Santonnière
Santons
Santons_de_Provence
Santons_de_provence
Santoor
Santopadre
Santorcaz
Santorin
Santorin_(ancienne_île)
Santorin_(archipel)
Santorin_(homonymie)
Santorin_(île)
Santorini_Facula
Santorio_Santorio
Santoro
Santorre_Santa_Rosa
Santorre_Santario
Santorre_Santarosa_(sous-marin)
Santorre_de_Santa_Rosa
Santorre_de_Santarosa
Santorre_di_Santa_Rosa
Santorre_di_Santarosa
Santorso
Santos
Santos-Dumont
Santos-Dumont_(lune)
Santos-Dumont_14-bis
Santos-Imigrantes_(métro_de_São_Paulo)
Santos-o-Velho
Santos_&_Pecadores
Santos_&_pecadores
Santos_(São_Paulo)
Santos_(entreprise)
Santos_(football)
Santos_(homonymie)
Santos_Abril_y_Castelló
Santos_Acosta
Santos_Amador
Santos_Brown
Santos_Cabrera
Santos_Cape_Town
Santos_Cape_Town_FC
Santos_Cape_Town_Football_Club
Santos_Cerdán
Santos_Cerdán_León
Santos_Colon
Santos_Colón
Santos_Dumont
Santos_Dumont_(homonymie)
Santos_Escobar
Santos_F.C.
Santos_FC
Santos_Football_Club
Santos_Football_Club_(Burkina)
Santos_Futebol_Clube
Santos_Futebol_Clube_(Macapa)
Santos_Futebol_Clube_(Macapá)
Santos_Futebol_Clube_(Manaus)
Santos_Futebol_Clube_(Santos)
Santos_Futebol_Clube_(féminines)
Santos_Futebol_Clube_de_Angola
Santos_Gonzalez
Santos_Gonzalez_Capilla
Santos_González
Santos_González_Capilla
Santos_Gutiérrez
Santos_Hernández
Santos_Inocentes
Santos_Iriarte
Santos_Julia
Santos_Juliá
Santos_Laciar
Santos_Ladrón_de_Cegama
Santos_Laguna
Santos_Limited
Santos_Manfredi
Santos_Marquina
Santos_Michelena
Santos_Michelena_(municipalité)
Santos_Michelena_(paroisse_civile)
Santos_Mirasiera
Santos_Mirassiera
Santos_Muitubile
Santos_Muntubile
Santos_Ojeda
Santos_Reyes
Santos_Rivera
Santos_Urdinaran
Santos_Urdinarán
Santos_Women's_Tour
Santos_Women's_Tour_2018
Santos_Women's_Tour_2019
Santos_Women's_Tour_2020
Santos_de_Abelgas
Santos_futebol_clube_de_angola
Santosh_Sivan
Santosh_Yadav
Santosse
Santou
Santouka
Santouka_Taneda
Santour
Santouri
Santouri_(film)
Santovenia
Santovenia_de_Oca
Santovenia_de_Pisuerga
Santovenia_de_la_Valdoncina
Santovka
Santoyo
Santoña
Santoña_Club_d'aviron
Santpedor
Santpoort
Santpoort-Noord
Santpoort-Zuid
Santpoort-noord
Santpoort-zuid
Santranges
Santranges-Sancerre
Santranges-sancerre
Santrokofi
Santrot
Santry
Sants
Sants-Montjuic
Sants_-_Montjuic
Sants_-_Montjuïc
Sants_-_montjuïc
Santsoena
Santu
Santu_(homonymie)
Santu_Casanova
Santu_Lussurgiu
Santu_Mofokeng
Santuario
Santuario_(Risaralda)
Santuario_de_Las_Lajas
Santuario_della_Beata_Vergine_delle_Cendrole
Santuario_della_Madonna_di_Belvedere_(Città_di_Castello)
Santuario_di_Macereto
Santuario_di_Nostra_Signora_di_Montallegro
Santuario_di_Nostra_Signora_di_Valverde
Santuario_di_Oropa
Santuario_di_nostra_signora_di_montallegro
Santuario_nuragico_di_Abini
Santuario_nuragico_di_Santa_Vittoria
Santucci
Santulhão
Santun-Chassenun
Santur
Santurce
Santurce_(Porto_Rico)
Santurde
Santurde_de_Rioja
Santurdejo
Santurtzi
Santurtzi_Zaharra
Santuário_Nossa_Senhora_de_Fátima-Sumaré
Santuário_Nossa_Senhora_de_Fátima-Sumaré_(métro_de_São_Paulo)
Santuário_de_Nossa_Senhora_dos_Remédios
Santxosolo
Santy
Santy_(Sao_Tomé-et-Principe)
Santy_(homonymie)
Santy_Anno
Santy_Ngom
Santya
Santâlî
Santão
Santé
Santé,_Loi_canadienne_sur_la
Santé-Environnement
Santé-Travail
Santé-environnement
Santé_(Apple)
Santé_Canada
Santé_Diabète
Santé_Diabète_Mali
Santé_Diabète_Mali_(SDM)
Santé_Magazine
Santé_Mawiómi
Santé_Navale
Santé_Publique_France
Santé_Publique_chinoise
Santé_Vie
Santé_animale
Santé_au_Bas-Saint-Laurent
Santé_au_Cameroun
Santé_au_Congo-Kinshasa
Santé_au_Gabon
Santé_au_Mali
Santé_au_Maroc
Santé_au_Mozambique
Santé_au_Québec
Santé_au_Sénégal
Santé_au_Tchad
Santé_au_Zaïre
Santé_au_Zimbabwe
Santé_au_mozambique
Santé_au_québec
Santé_au_sénégal
Santé_au_tchad
Santé_au_travail
Santé_au_travail_en_France
Santé_communautaire
Santé_d'Adolf_Hitler
Santé_dans_les_milieux_ruraux
Santé_de_la_femme
Santé_des_bovins
Santé_des_immigrés_en_France
Santé_des_écosystèmes
Santé_diabète_Mali
Santé_en_Algérie
Santé_en_Angola
Santé_en_Azerbaïdjan
Santé_en_Capitale-Nationale
Santé_en_Chine
Santé_en_Côte_d'Ivoire
Santé_en_France
Santé_en_Iran
Santé_en_Mongolie
Santé_en_Montérégie
Santé_en_Nouvelle-Calédonie
Santé_en_République_centrafricaine
Santé_en_République_démocratique_du_Congo
Santé_en_Suisse
Santé_en_Tunisie
Santé_en_angola
Santé_en_république_démocratique_du_Congo
Santé_en_république_démocratique_du_congo
Santé_en_Éthiopie
Santé_en_éthiopie
Santé_engagé
Santé_environnement
Santé_environnementale
Santé_et_Sécurité_au_Travail_(S&ST)
Santé_et_apparence_de_Michael_Jackson
Santé_et_climat
Santé_et_environnement
Santé_et_niveau_de_vie_au_Cameroun
Santé_et_nutrition_infantiles_en_Afrique
Santé_et_sécurité_au_travail
Santé_et_sécurité_au_travail_(Programme_d'auto_évaluation_de_l'engagement)
Santé_globale
Santé_génésique
Santé_humaine
Santé_lesbienne
Santé_mentale
Santé_mentale_au_travail
Santé_mentale_de_Jésus
Santé_mentale_des_Témoins_de_Jéhovah
Santé_mentale_des_témoins_de_jéhovah
Santé_mentale_pendant_la_pandémie_de_Covid-19
Santé_mobile
Santé_numérique
Santé_physique
Santé_physique_et_mentale_d'Adolf_Hitler
Santé_planétaire
Santé_psychique
Santé_publique
Santé_publique_(France)
Santé_publique_France
Santé_publique_au_Luxembourg
Santé_publique_au_Québec
Santé_publique_chinoise
Santé_publique_en_Chine
Santé_publique_en_France
Santé_publique_france
Santé_publique_lors_de_la_pandémie_de_Covid-19_au_Québec
Santé_reproductive
Santé_respiratoire
Santé_sexuelle
Santé_sociale
Santé_vulvovaginale
Santé_vétérinaire
Santé_Î.-P.-É.
Santé_à_Macao
Santé_à_Maurice
Santé_à_Maurice_(pays)
Santé_à_maurice
Santéna
Santísima_Trinidad
Santópolis_do_Aguapeí
Santôka
Santôka_Taneda
Santûr
Santău
Sant≈?
Sant≈?_Ky≈?den
Sant≈?ka
Sant≈?kaTaneda
Sant≈?ka_Taneda
Sant’Angelo_dei_Lombardi
Sant’Antioco
Sant’Antonio_TI
Sant’Antonio_Taumaturgo
Sanualio_Fatafehi_Laufilitonga
Sanubar_Tursun
Sanudo
Sanudo_(homonymie)
Sanuel_Lubin
Sanuki
Sanuki_Kokubun-ji
Sanuki_udon
Sanukite
Sanukitoïde
Sanulrim
Sanur
Sanusi
Sanusi_Turay
Sanusiyya
Sanussi
Sanussis
Sanuto
Sanve
Sanvensa
Sanvi_Panou
Sanvic
Sanvignes
Sanvignes-les-Mines
Sanvignes-les-mines
Sanvincentia
Sanvincentia_tarsalis
Sanvitale
Sanvitalia
Sanvitalia_procumbens
Sanwa
Sanwa_(Nagasaki)
Sanwa_Denshi
Sanwald
Sanwan
Sanwan_Hodande
Sanwara
Sanwara-Tinkiro
Sanxay
Sanxenxo
Sanxia
Sanxia_haoren
Sanxian
Sanxiantai
Sanxingdui
Sany
Sany_Heavy_Industry
Sanya
Sanya_Biziak
Sanya_Dharmasakti
Sanya_Richards
Sanya_Richards-Ross
Sanya_Thammasak
Sanyaku
Sanyassan
Sanyi
Sanyo
Sanyo_Cup
Sanyo_Electric_Railway
Sanyo_Railway
Sanyo_Wild_Knights
Sanyou-Poé
Sanyu
Sanyuan
Sanyukta_Janamorcha_Nepal
Sanz
Sanz_(Francisco_de_Paula)
Sanz_Luis_Garcia
Sanza
Sanza_(Italie)
Sanza_(instrument)
Sanza_de_Mfoa
Sanzana
Sanzar
Sanzar_(rivière)
Sanzaru_Games
Sanzay
Sanzen
Sanzen-in
Sanzenbach_(Rosengarten)
Sanzeno
Sanzey
Sanzhar_Tursunov
Sanzhi
Sanzigen
Sanzijing
Sanzinia
Sanzinia_madagascariensis
Sanzinia_madagascariensis_volontany
Sanzinia_volontany
Sanziniidae
Sanzisme
Sanzo_Wada
Sanzoles
Sanzot
Sanzu-no-kawa
Sanzy_Viany
Sanz≈?_Nosaka
Sanz≈?_Wada
Saná
Sanâa_(musique)
Sanâa_Alaoui
Sanç_Ier_de_Majorque
Sanç_de_Majorque
Sané
Sané_(Burkina_Faso)
Sané_(Q106)
Sané_(Tanghin-Dassouri)
Sané_(Toéni)
Sanéba
Sanékuy
Sanéwabo
Sanéwabo-Yarcé
Sanída
Sanƒ?tanadharma
Sanūsiyya
San‘a’
Sao
Sao-Paulo
Sao-Tomé-et-Principe
Sao_(Boussé)
Sao_(Néréide)
Sao_(Silly)
Sao_(Tchériba)
Sao_(civilisation)
Sao_(lune)
Sao_(village_du_Burkina_Faso)
Sao_Bartolomeu_dos_Galegos
Sao_Benedito
Sao_Bentinho
Sao_Bento
Sao_Bento_(Paraiba)
Sao_Bento_do_Sul
Sao_Bernardino
Sao_Bernardo
Sao_Bernardo_do_Campo
Sao_Bernardo_do_Campo_(volley-ball_masculin)
Sao_Bonifacio
Sao_Borja
Sao_Bras
Sao_Bras_de_Alportel
Sao_Breiz
Sao_Caetano
Sao_Caetano_do_Sul
Sao_Carlos
Sao_Carlos_(Santa_Catarina)
Sao_Cipriano
Sao_Conrado
Sao_Cristovao
Sao_Cristovao_(Sergipe)
Sao_Cristovao_de_Futebol_e_Regatas
Sao_Cristovao_do_Sul
Sao_Domingos
Sao_Domingos_(Santa_Catarina)
Sao_Domingos_de_Pombal
Sao_Domingos_do_Cariri
Sao_Felix
Sao_Feng
Sao_Francisco
Sao_Francisco_(Paraiba)
Sao_Francisco_Futebol_Clube
Sao_Francisco_Pernambucano
Sao_Francisco_de_Assis
Sao_Francisco_de_Assis_(Rio_Grande_do_Sul)
Sao_Francisco_de_Paula
Sao_Francisco_de_Paula_(Rio_Grande_do_Sul)
Sao_Francisco_do_Sul
Sao_Gabriel
Sao_Gabriel_(Rio_Grande_do_Sul)
Sao_Gabriel_da_Cachoeira
Sao_Gens
Sao_Geraldo
Sao_Geraldo_(Porto_Alegre)
Sao_Goncalo_(Rio_de_Janeiro)
Sao_Goncalo_do_Amarante
Sao_Goncalo_do_Amarante_(Rio_Grande_do_Norte)
Sao_Jeronimo
Sao_Joaninho
Sao_Joao
Sao_Joao_(Porto_Alegre)
Sao_Joao_Batista
Sao_Joao_Batista_(Santa_Catarina)
Sao_Joao_Marcos
Sao_Joao_Nepomuceno
Sao_Joao_da_Baliza
Sao_Joao_da_Barra
Sao_Joao_da_Madeira
Sao_Joao_da_Pesqueira
Sao_Joao_de_Meriti
Sao_Joao_del-Rei
Sao_Joao_do_Cariri
Sao_Joao_do_Itaperiu
Sao_Joao_do_Oeste
Sao_Joao_do_Rio_Vermelho
Sao_Joao_do_Rio_do_Peixe
Sao_Joao_do_Sul
Sao_Joao_do_Tigre
Sao_Joaquim
Sao_Jorge
Sao_Jorge_(Santana)
Sao_Jorge_(ile)
Sao_Jose
Sao_Jose_(Porto_Alegre)
Sao_Jose_(Santa_Catarina)
Sao_Jose_Esporte_Clube
Sao_Jose_Rugby_Clube
Sao_Jose_da_Lagoa_Tapada
Sao_Jose_de_Caiana
Sao_Jose_de_Espinharas
Sao_Jose_de_Piranhas
Sao_Jose_de_Princesa
Sao_Jose_de_Ribamar
Sao_Jose_do_Bonfim
Sao_Jose_do_Brejo_do_Cruz
Sao_Jose_do_Cedro
Sao_Jose_do_Cerrito
Sao_Jose_do_Divino
Sao_Jose_do_Hortencio
Sao_Jose_do_Norte
Sao_Jose_do_Rio_Preto
Sao_Jose_do_Sabugi
Sao_Jose_do_Sul
Sao_Jose_dos_Ausentes
Sao_Jose_dos_Campos
Sao_Jose_dos_Cordeiros
Sao_Jose_dos_Pinhais
Sao_Jose_dos_Ramos
Sao_José_do_Rio_Preto
Sao_Juliao
Sao_Juliao_(Valenca)
Sao_Kawng_Kiao_Intaleng
Sao_Khun_Mong
Sao_Leopoldo
Sao_Lourenco_da_Mata
Sao_Lourenco_das_Missoes
Sao_Lourenco_do_Oeste
Sao_Lourenco_do_Sul
Sao_Lourenço
Sao_Ludgero
Sao_Luis
Sao_Luis_(Maranhao)
Sao_Luiz
Sao_Luiz_(Roraima)
Sao_Mamede
Sao_Mamede_(Paraiba)
Sao_Mamede_de_Infesta
Sao_Martinho
Sao_Martinho_(Santa_Catarina)
Sao_Mateus
Sao_Mateus_(Espirito_Santo)
Sao_Mateus_do_Sul
Sao_Miguel
Sao_Miguel_(ile)
Sao_Miguel_da_Boa_Vista
Sao_Miguel_da_Terra_Firme
Sao_Miguel_das_Missoes
Sao_Miguel_de_Taipu
Sao_Miguel_do_Mato
Sao_Miguel_do_Oeste
Sao_Miguel_do_Rio_Torto
Sao_Nang_Hearn_Hkam
Sao_Nang_Hearn_Kham
Sao_Nicolau_(Cap-Vert)
Sao_Paio
Sao_Paolo
Sao_Paulo
Sao_Paulo_(volley-ball_masculin)
Sao_Paulo_Alpargatas
Sao_Paulo_Futebol_Clube
Sao_Paulo_Futebol_Clube_(Macapa)
Sao_Paulo_International_Film_Festival
Sao_Pedro
Sao_Pedro_da_Aldeia
Sao_Pedro_da_Serra
Sao_Pedro_de_Alcantara
Sao_Pedro_do_Sul
Sao_Pedro_do_Sul_(Portugal)
Sao_Pheum
Sao_Phim
Sao_Pãolo
Sao_Raimundo
Sao_Raimundo_Esporte_Clube
Sao_Raimundo_Esporte_Clube_(Boa_Vista)
Sao_Raimundo_Esporte_Clube_(Manaus)
Sao_Raimundo_Esporte_Clube_(Santarem)
Sao_Rico
Sao_Romao
Sao_Roque
Sao_Roque_(Oliveira_de_Azemeis)
Sao_Roque_do_Pico
Sao_Salvador_de_Lordelo
Sao_Sebastiao
Sao_Sebastiao_(Rio_Maior)
Sao_Sebastiao_(Sao_Paulo)
Sao_Sebastiao_de_Lagoa_de_Roca
Sao_Sebastiao_do_Cai
Sao_Sebastiao_do_Umbuzeiro
Sao_Shwe_Thaik
Sao_Simao
Sao_Simao_de_Gouveia
Sao_Tome
Sao_Tome-et-Principe
Sao_Tome_et_Principe
Sao_Tomé
Sao_Tomé-et-Principe
Sao_Tomé-et-Principe_aux_Jeux_olympiques
Sao_Tomé-et-Principe_aux_Jeux_olympiques_d'été_de_1996
Sao_Tomé-et-Principe_aux_Jeux_olympiques_d'été_de_2000
Sao_Tomé-et-Principe_aux_Jeux_olympiques_d'été_de_2004
Sao_Tomé-et-Principe_aux_Jeux_olympiques_d'été_de_2008
Sao_Tomé-et-Principe_aux_Jeux_olympiques_d'été_de_2012
Sao_Tomé-et-Principe_aux_Jeux_olympiques_d'été_de_2016
Sao_Tomé-et-Principe_aux_Jeux_olympiques_d'été_de_2020
Sao_Tomé-et-Principe_aux_Jeux_olympiques_d’été_de_2008
Sao_Tomé-et-Principe_aux_Jeux_paralympiques
Sao_Tomé-et-Principe_aux_Jeux_paralympiques_d'été_de_2016
Sao_Tomé-et-Principe_aux_Jeux_paralympiques_d'été_de_2020
Sao_Tomé-et-Principe_portugais
Sao_Tomé_(île)
Sao_Tomé_e_Principe
Sao_Tomé_et_Principe
Sao_Valentim
Sao_Verissimo,_Santa_Maxima_et_Santa_Julia
Sao_Vicente
Sao_Vicente_(Cap-Vert)
Sao_Vicente_(Madere)
Sao_Vicente_(Sao_Paulo)
Sao_Vicente_Ferrer
Sao_jose_do_rio_preto
Sao_lim
Sao_mamede_de_infesta
Sao_miguel_do_rio_torto
Sao_salvador
Sao_salvador_de_lordelo
Saocom_1A
Saocoras
Saoi_O'Connor
Saoirse
Saoirse-Monica_Jackson
Saoirse_Noonan
Saoirse_Ronan
Saoirse_na_hÉireann
Saola
Saola_(mammifère)
Saon
Saona
Saonara
Saone_(Doubs)
Saonelle
Saonghin
Saonnet
Saonre
Saonré
Saopha
Saor_Eire
Saor_Uladh
Saor_Éire
Saor_Éire_(1931)
Saor_Éire_(1967-1975)
Saor_Éire_(groupe_armé)
Saorge
Saori
Saori@destiny
Saori_(Saint_Seiya)
Saori_Arimachi
Saori_Ariyoshi
Saori_Atsumi
Saori_Hara
Saori_Ishioka
Saori_Kiddo_(Saint_Seiya)
Saori_Kimura
Saori_Miyazaki
Saori_Obata
Saori_Sakoda
Saori_Takahashi
Saori_Takarada
Saori_Yagi
Saori_Yano
Saori_Yoshida
Saori_Yuki
Saori_atsumi
Saori_hara
Saori_yano
Saorstát_Éireann
Saorview
Saorzi
Saos
Saosin
Saosnes
Saosnois
Saosnoise
Saotsaï
Saou
Saou_(Burkina_Faso)
Saou_(Drome)
Saou_(Drôme)
Saou_(Égypte)
Saouaf
Saouaf_(délégation)
Saoualpite
Saoud
Saoud_Al-Sowadi
Saoud_Al_Fayçal
Saoud_Fath
Saoud_IV_d'Arabie_Saoudite
Saoud_IV_d'Arabie_saoudite
Saoud_Kacimi
Saoud_Kariri
Saoud_Shuraim
Saoud_al-Faisal
Saoud_al-Fayçal
Saoud_al-Fayçal_ben_Abdelaziz_Al_Saoud
Saoud_al-Qahtani
Saoud_ben_Abdel_Aziz_Al-Saoud
Saoud_ben_Abdel_Aziz_Al-Séoud
Saoud_ben_Abdelaziz_Al-Saoud
Saoud_ben_Abdelaziz_Al_Rachid
Saoud_ben_Abdelaziz_Al_Saoud
Saoud_ben_Abdelaziz_al-Saoud
Saoud_ben_Abdelaziz_ben_Mutaïb_Al_Rachid
Saoud_ben_Abdelaziz_ben_Nasser_Al_Saoud
Saoud_ben_Fayçal_ben_Abdelaziz_Al_Saoud
Saoud_ben_Fayçal_ben_Turki_Al_Saoud
Saoud_ben_Hammoud_Al_Rachid
Saoud_ben_Mohammed_Al_Mouqrin
Saoud_ben_Mohammed_al-Mouqrin
Saoud_ben_Mohammed_ben_Mouqrin
Saoud_ben_Mohammed_ben_Muqrin
Saoud_ben_Saqr_Al_Qassimi
Saoud_ben_Saqr_al-Qassimi
Saoud_ben_abdel_aziz_al-saoud
Saoud_bin_Saqr_al-Qassimi
Saoud_d'Arabie_saoudite
Saoud_el_Fayçal
Saoud_l'Oranais
Saoudien
Saoudienne
Saoudiens
Saoudisation
Saoudj
Saoudjo
Saoudjo_Gadjama
Saouds
Saouga
Saougou
Saouira
Saoul
Saoul_Mamby
Saoula
Saoulémi
Saoum
Saoume
Saoupo
Saoura
Saoura_(Burkina_Faso)
Saouringwa
Saoussen_Boudiaf
Saoussen_Maalej
Saout_El_Djazaïr
Saoutchik
Saouzelong
Saouzelong_(métro_de_Toulouse)
Saouzelong_(métro_toulousain)
Saovabha_Phongsri
Saowalak_Pengngam
Saoyú-ʔehdacho
Saoû
Saoû_(Drôme)
Saoû_(commune_de_la_Drôme)
Sap
Sap'o-kuy≈?k
Sap-André
Sap-Mesle
Sap-Mèle
Sap-en-Auge
Sap_(Alice_in_Chains)
Sap_(album)
Sap_(village)
Sap_2000
Sap_Bani_Khamis
Sap_EP
Sap_nin
Sapa
Sapa-Sapa
Sapa_Assicurazioni
Sapa_Assicurazioni-Frontini
Sapa_Inca
Sapad
Sapaga
Sapaga-Peulh
Sapage_de_réputation
Sapahar
Sapahi
Sapahi_(Bara)
Sapajou
Sapajou_(homonymie)
Sapajou_(pseudonyme)
Sapajou_apelle
Sapajou_blond
Sapajou_brun
Sapajou_capucin
Sapajou_contre_Sapajou
Sapajou_cornu
Sapajou_d'Amazonie_occidentale
Sapajou_de_Guyane
Sapajou_des_Guyanes
Sapajou_du_Paraguay
Sapajou_fauve
Sapajou_jaune
Sapajou_noir
Sapajou_robuste
Sapajou_à_barbe
Sapajou_à_crête
Sapajou_à_dos_rouge
Sapajou_à_front_blanc
Sapajou_à_grosse_tête
Sapajou_à_poitrine_jaune
Sapajou_à_tête_noire
Sapajus
Sapajus_apella
Sapajus_cay
Sapajus_flavius
Sapajus_libidinosus
Sapajus_xanthosternos
Sapala
Sapali
Sapanbağları_(Pendik)
Sapanca
Sapang
Sapang_Bato
Sapang_Dalaga
Sapangbato
Sapar
Sapar_Isakov
Sapardi_Djoko_Damono
Sapareva_Banya
Sapareva_banja
Sapareva_banya
Sapareva_banya_(obchtina)
Saparmourad_Niazov
Saparmourat_Niazov
Saparmourat_Niyazov
Saparmurat_Niyazov
