Chapelle_Saint-Jacques_de_Bordeaux
Chapelle_Saint-Jacques_de_Brech
Chapelle_Saint-Jacques_de_Coussegrey
Chapelle_Saint-Jacques_de_Maule
Chapelle_Saint-Jacques_de_Menton
Chapelle_Saint-Jacques_de_Mutzig
Chapelle_Saint-Jacques_de_Saint-Léon
Chapelle_Saint-Jacques_de_Vignec
Chapelle_Saint-Jacques_des_Pénitents_blancs_de_Saorge
Chapelle_Saint-Jacques_à_Bordeaux
Chapelle_Saint-Jean
Chapelle_Saint-Jean-Baptiste
Chapelle_Saint-Jean-Baptiste-du-Clos
Chapelle_Saint-Jean-Baptiste_(Toulouse)
Chapelle_Saint-Jean-Baptiste_d'Aucamville
Chapelle_Saint-Jean-Baptiste_d'Augne
Chapelle_Saint-Jean-Baptiste_d'Eichhoffen
Chapelle_Saint-Jean-Baptiste_de_Berodeix
Chapelle_Saint-Jean-Baptiste_de_Bussière-Boffy
Chapelle_Saint-Jean-Baptiste_de_Chièvres
Chapelle_Saint-Jean-Baptiste_de_Dambach-la-Ville
Chapelle_Saint-Jean-Baptiste_de_Flacé
Chapelle_Saint-Jean-Baptiste_de_Gap
Chapelle_Saint-Jean-Baptiste_de_Generville
Chapelle_Saint-Jean-Baptiste_de_Génerville
Chapelle_Saint-Jean-Baptiste_de_Jaucourt
Chapelle_Saint-Jean-Baptiste_de_La_Tour
Chapelle_Saint-Jean-Baptiste_de_Lantiern
Chapelle_Saint-Jean-Baptiste_de_Lantierne
Chapelle_Saint-Jean-Baptiste_de_Monaco
Chapelle_Saint-Jean-Baptiste_de_Senneville
Chapelle_Saint-Jean-Baptiste_de_Vénéjan
Chapelle_Saint-Jean-Baptiste_du_Clos
Chapelle_Saint-Jean-Baptiste_du_Plessis-Robinson
Chapelle_Saint-Jean-Marie-Vianney
Chapelle_Saint-Jean-Marie-Vianney_de_Nice
Chapelle_Saint-Jean-Népomucène_de_Sombor
Chapelle_Saint-Jean-Sainte-Thérèse_(Vincennes)
Chapelle_Saint-Jean-d'Apileur
Chapelle_Saint-Jean-de-Rila
Chapelle_Saint-Jean-de-Rila_(Antarctique)
Chapelle_Saint-Jean-des-Vignes_de_Saint-Plancard
Chapelle_Saint-Jean-du-Grès
Chapelle_Saint-Jean-l'Aumônier
Chapelle_Saint-Jean-l'Aumônier_de_Bormla
Chapelle_Saint-Jean-l'Évangéliste_de_Perpignan
Chapelle_Saint-Jean_(Argenteuil)
Chapelle_Saint-Jean_d'Alleins
Chapelle_Saint-Jean_d'Amboise
Chapelle_Saint-Jean_d'Antibes
Chapelle_Saint-Jean_d'Argenteuil
Chapelle_Saint-Jean_d'Aulnay-sous-Bois
Chapelle_Saint-Jean_d'Orgerolles
Chapelle_Saint-Jean_de_Campénéac
Chapelle_Saint-Jean_de_Citou
Chapelle_Saint-Jean_de_Colmar
Chapelle_Saint-Jean_de_Comps-sur-Artuby
Chapelle_Saint-Jean_de_Crupies
Chapelle_Saint-Jean_de_Garguier
Chapelle_Saint-Jean_de_L'Argentière-la-Bessée
Chapelle_Saint-Jean_de_Langast
Chapelle_Saint-Jean_de_Laroque
Chapelle_Saint-Jean_de_Londres
Chapelle_Saint-Jean_de_Luqa
Chapelle_Saint-Jean_de_Marne-Yeuse
Chapelle_Saint-Jean_de_Montfaucon-Montigné
Chapelle_Saint-Jean_de_Mulhouse
Chapelle_Saint-Jean_de_Saint-Christophe-en-Boucherie
Chapelle_Saint-Jean_de_Saint-Jeannet
Chapelle_Saint-Jean_de_Saint-Michel-l'Observatoire
Chapelle_Saint-Jean_de_Saint-Rémy-la-Varenne
Chapelle_Saint-Jean_de_Saumur
Chapelle_Saint-Jean_de_Soulaines-Dhuys
Chapelle_Saint-Jean_de_Séglien
Chapelle_Saint-Jean_de_Tours
Chapelle_Saint-Jean_de_Trévol
Chapelle_Saint-Jean_de_l'Ouradou
Chapelle_Saint-Jean_du_Faouët
Chapelle_Saint-Jean_du_Liget
Chapelle_Saint-Jean_le_Théologien_de_Dijon
Chapelle_Saint-Joachim_du_Mas_Parer
Chapelle_Saint-Joachim_du_Mas_Perer
Chapelle_Saint-Job_de_Louvigné-de-Bais
Chapelle_Saint-John_(Ditchfield)
Chapelle_Saint-Joseph
Chapelle_Saint-Joseph-aux-Bassots_de_Villers-le-Lac
Chapelle_Saint-Joseph-de-Cluny
Chapelle_Saint-Joseph-des-Carmes
Chapelle_Saint-Joseph-des-Fontenelles_de_Nanterre
Chapelle_Saint-Joseph-du-Clos-Montceleux
Chapelle_Saint-Joseph_(Bordeaux)
Chapelle_Saint-Joseph_(Caluire-et-Cuire)
Chapelle_Saint-Joseph_(Fougères)
Chapelle_Saint-Joseph_(Livry-Gargan)
Chapelle_Saint-Joseph_de_Beauvais
Chapelle_Saint-Joseph_de_Birżebbuġa
Chapelle_Saint-Joseph_de_Gars
Chapelle_Saint-Joseph_de_Marignane
Chapelle_Saint-Joseph_de_Montigny-en-Gohelle
Chapelle_Saint-Joseph_du_collège_Saint-Paul_de_Lille
Chapelle_Saint-Julien
Chapelle_Saint-Julien-de-Pistrin
Chapelle_Saint-Julien-et-Sainte-Basilisse_de_Villanière
Chapelle_Saint-Julien-et-Sainte-Basilisse_de_Villeneuve-de-la-Raho
Chapelle_Saint-Julien-l'Hospitalier
Chapelle_Saint-Julien_(Le_Petit-Quevilly)
Chapelle_Saint-Julien_(Saint-Bertand-de-Comminges)
Chapelle_Saint-Julien_de_Beaumont
Chapelle_Saint-Julien_de_Boulbon
Chapelle_Saint-Julien_de_Flainville
Chapelle_Saint-Julien_de_Laval
Chapelle_Saint-Julien_de_Limerzel
Chapelle_Saint-Julien_de_Miramas
Chapelle_Saint-Julien_de_Montredon
Chapelle_Saint-Julien_de_Montredon_(Salinelles)
Chapelle_Saint-Julien_de_Saint-Bertrand-de-Comminges
Chapelle_Saint-Julien_de_Saint-Marceau
Chapelle_Saint-Julien_de_Saléchan
Chapelle_Saint-Just_de_Saint-Just-Chaleyssin
Chapelle_Saint-Just_de_Saint-Pierre-Montlimart
Chapelle_Saint-Justin_de_Chambornay-lès-Bellevaux
Chapelle_Saint-Jérôme_(Ax-les-Thermes)
Chapelle_Saint-Jérôme_d'Argelès
Chapelle_Saint-Jérôme_d'Ax-les-Thermes
Chapelle_Saint-Lambert_d'Eupen
Chapelle_Saint-Lambert_de_Sentelie
Chapelle_Saint-Landry
Chapelle_Saint-Landry_(Ransbeek)
Chapelle_Saint-Landry_(Vilvorde)
Chapelle_Saint-Latuin_de_Cléray
Chapelle_Saint-Laurent
Chapelle_Saint-Laurent-du-Mont_d'Argelès-sur-Mer
Chapelle_Saint-Laurent_d'Abriès-Ristolas
Chapelle_Saint-Laurent_d'Entrechaux
Chapelle_Saint-Laurent_d'Étables
Chapelle_Saint-Laurent_d'Étagnières
Chapelle_Saint-Laurent_de_Jonquières-Saint-Vincent
Chapelle_Saint-Laurent_de_Leuc
Chapelle_Saint-Laurent_de_Limerzel
Chapelle_Saint-Laurent_de_Moussan
Chapelle_Saint-Laurent_de_Plémy
Chapelle_Saint-Laurent_de_Silfiac
Chapelle_Saint-Laurent_de_Vantaa
Chapelle_Saint-Laurent_de_Veigné
Chapelle_Saint-Leufroy_de_Suresnes
Chapelle_Saint-Libert
Chapelle_Saint-Libert_(Tours)
Chapelle_Saint-Libéral_de_Brive-la-Gaillarde
Chapelle_Saint-Lié_de_Ville-Dommange
Chapelle_Saint-Lié_de_Ville-Dommange_et_blockhaus
Chapelle_Saint-Louis_d'Aiguilles
Chapelle_Saint-Louis_d'Alfortville
Chapelle_Saint-Louis_de_Carthage
Chapelle_Saint-Louis_de_Gap
Chapelle_Saint-Louis_de_Mangalore
Chapelle_Saint-Louis_de_Poitiers
Chapelle_Saint-Louis_de_Quimiac
Chapelle_Saint-Louis_de_Saintes
Chapelle_Saint-Louis_de_Suresnes
Chapelle_Saint-Louis_de_la_Salpêtrière
Chapelle_Saint-Loup_de_Saint-Loubès
Chapelle_Saint-Luc_d'Oulu
Chapelle_Saint-Luc_de_Chasseneuil
Chapelle_Saint-Luc_de_Montrouge
Chapelle_Saint-Luc_de_Oulu
Chapelle_Saint-Luc_de_Puigrodon
Chapelle_Saint-Luc_de_la_Cité
Chapelle_Saint-Ludan_d'Hipsheim
Chapelle_Saint-Lupien
Chapelle_Saint-Léon_de_Maisons-Alfort
Chapelle_Saint-Léonard-et-Saint-Martin
Chapelle_Saint-Léonard_(Joinville-le-Pont)
Chapelle_Saint-Léonard_(Mayenne)
Chapelle_Saint-Léonard_du_Coudray
Chapelle_Saint-Léonce_de_Valderoure
Chapelle_Saint-Macé_de_Chênehutte-Trèves-Cunault
Chapelle_Saint-Marc
Chapelle_Saint-Marc_de_Kervalet
Chapelle_Saint-Marc_de_Malakoff
Chapelle_Saint-Marc_de_Nuits
Chapelle_Saint-Marc_du_Chipal
Chapelle_Saint-Marcel_de_Sisteron
Chapelle_Saint-Marcel_de_Vitry-sur-Seine
Chapelle_Saint-Marcellin-Champagnat_d'Auderghem
Chapelle_Saint-Marcellin_de_Boulbon
Chapelle_Saint-Martial_(Avignon)
Chapelle_Saint-Martial_de_Mels
Chapelle_Saint-Martian
Chapelle_Saint-Martin
Chapelle_Saint-Martin-de-Saduran
Chapelle_Saint-Martin-de-Serres_de_Carpentras
Chapelle_Saint-Martin-de-la-Salle_de_Besplas
Chapelle_Saint-Martin-des-Noyers
Chapelle_Saint-Martin-du-Cardonnet
Chapelle_Saint-Martin-du-Sonnailler
Chapelle_Saint-Martin-du-Sonnailler_d'Aurons
Chapelle_Saint-Martin_(Assise)
Chapelle_Saint-Martin_d'Hymmeville
Chapelle_Saint-Martin_d'Oltingue
Chapelle_Saint-Martin_de_Briançonnet
Chapelle_Saint-Martin_de_Caderousse
Chapelle_Saint-Martin_de_Châteauroux
Chapelle_Saint-Martin_de_Fenollar
Chapelle_Saint-Martin_de_Fenollar_(Maureillas-las-Illas)
Chapelle_Saint-Martin_de_Gémenos
Chapelle_Saint-Martin_de_Lamensans
Chapelle_Saint-Martin_de_Latour-de-France
Chapelle_Saint-Martin_de_Lillois-Witterzée
Chapelle_Saint-Martin_de_Niort
Chapelle_Saint-Martin_de_Porrès_(Paris)
Chapelle_Saint-Martin_de_Sablé-sur-Sarthe
Chapelle_Saint-Martin_de_Saint-Victor-la-Coste
Chapelle_Saint-Martin_de_Surzac_de_Capendu
Chapelle_Saint-Martin_du_Beuvray
Chapelle_Saint-Martin_du_château
Chapelle_Saint-Materne_(Namur)
Chapelle_Saint-Mathieu_de_Guidel
Chapelle_Saint-Maudé_de_Guiscriff
Chapelle_Saint-Maudé_de_La_Croix-Helléan
Chapelle_Saint-Maudé_de_la_Croix-Helléan
Chapelle_Saint-Maur_(Liège)
Chapelle_Saint-Maur_de_Saint-Étienne-de-Tinée
Chapelle_Saint-Maurice
Chapelle_Saint-Maurice_(Jougne)
Chapelle_Saint-Maurice_de_Jougne
Chapelle_Saint-Maurice_du_Moustoir
Chapelle_Saint-Mauxe_d'Acquigny
Chapelle_Saint-Maximilien-Kolbe_de_Rueil-Malmaison
Chapelle_Saint-Maximin
Chapelle_Saint-Mayol_du_Veurdre
Chapelle_Saint-Melaine_de_Laval
Chapelle_Saint-Meldéoc_de_Locmeltro
Chapelle_Saint-Mesmin
Chapelle_Saint-Meuf
Chapelle_Saint-Michel
Chapelle_Saint-Michel-de-Monieux
Chapelle_Saint-Michel-du-Palais
Chapelle_Saint-Michel_(Carnac)
Chapelle_Saint-Michel_(Košice)
Chapelle_Saint-Michel_(Questembert)
Chapelle_Saint-Michel_d'Apt
Chapelle_Saint-Michel_d'Engomer
Chapelle_Saint-Michel_d'Homps
Chapelle_Saint-Michel_d'Ingouville
Chapelle_Saint-Michel_d'Épinal
Chapelle_Saint-Michel_de_Carnac
Chapelle_Saint-Michel_de_Clans
Chapelle_Saint-Michel_de_Clermont-en-Auge
Chapelle_Saint-Michel_de_Coursegoules
Chapelle_Saint-Michel_de_Garian
Chapelle_Saint-Michel_de_Kaysersberg
Chapelle_Saint-Michel_de_Kienberg
Chapelle_Saint-Michel_de_Košice
Chapelle_Saint-Michel_de_La_Brigue
Chapelle_Saint-Michel_de_Lestre
Chapelle_Saint-Michel_de_Loutrein
Chapelle_Saint-Michel_de_Questembert
Chapelle_Saint-Michel_de_Saint-Agnant-près-Crocq
Chapelle_Saint-Michel_de_Saint-Avé
Chapelle_Saint-Michel_de_Sournia
Chapelle_Saint-Michel_de_la_Cathédrale_San_Salvador_d'Oviedo
Chapelle_Saint-Michel_de_la_Laupie
Chapelle_Saint-Michel_du_Meix-Saint-Michel
Chapelle_Saint-Michel_et_Saint-Gabriel_de_Zemun
Chapelle_Saint-Monon_d'Hubermont
Chapelle_Saint-Monon_de_Cornimont
Chapelle_Saint-Mort_de_Haillot
Chapelle_Saint-Médard-Lagarénie_d'Issepts
Chapelle_Saint-Médéric
Chapelle_Saint-Méen_de_La_Chapelle-Caro
Chapelle_Saint-Méen_de_Ploemel
Chapelle_Saint-Méen_du_Saint
Chapelle_Saint-Mélair
Chapelle_Saint-Nazaire-de-Marissargues_(Aubais)
Chapelle_Saint-Nazaire_d'Aubais
Chapelle_Saint-Nazaire_de_Roujan
Chapelle_Saint-Nicolas
Chapelle_Saint-Nicolas-des-Eaux_de_Pluméliau
Chapelle_Saint-Nicolas_(Avignon)
Chapelle_Saint-Nicolas_(Marignane)
Chapelle_Saint-Nicolas_d'Argentan
Chapelle_Saint-Nicolas_d'Autelhaut
Chapelle_Saint-Nicolas_d'Autun
Chapelle_Saint-Nicolas_d'Avignon
Chapelle_Saint-Nicolas_d'Ekuk
Chapelle_Saint-Nicolas_d'Ottrott
Chapelle_Saint-Nicolas_de_Fontaines-en-Duesmois
Chapelle_Saint-Nicolas_de_Georgioúpoli
Chapelle_Saint-Nicolas_de_Gourin
Chapelle_Saint-Nicolas_de_Génissac
Chapelle_Saint-Nicolas_de_Marché
Chapelle_Saint-Nicolas_de_Morlange-lès-Rémelange
Chapelle_Saint-Nicolas_de_Neuwiller-lès-Saverne
Chapelle_Saint-Nicolas_de_Plufur
Chapelle_Saint-Nicolas_de_Priziac
Chapelle_Saint-Nicolas_de_Thynes
Chapelle_Saint-Nicolas_de_Vitry-le-François
Chapelle_Saint-Nicolas_de_Vitré
Chapelle_Saint-Nizier_de_Saint-Martin-d'Uriage
Chapelle_Saint-Odilon_de_Cluny
Chapelle_Saint-Ortaire
Chapelle_Saint-Orthaire_d'Étavaux
Chapelle_Saint-Ostian_de_Viviers
Chapelle_Saint-Pancrace_de_Manosque
Chapelle_Saint-Patrice_de_Pierrevert
Chapelle_Saint-Paul
Chapelle_Saint-Paul_(homonymie)
Chapelle_Saint-Paul_d'Ambourget
Chapelle_Saint-Paul_d'Arnave
Chapelle_Saint-Paul_de_Bourges
Chapelle_Saint-Paul_de_Damas
Chapelle_Saint-Paul_de_Nanterre
Chapelle_Saint-Paul_de_Saint-Michel-l'Observatoire
Chapelle_Saint-Phal
Chapelle_Saint-Phal_de_Vanvey
Chapelle_Saint-Philibert
Chapelle_Saint-Philibert_(Trégunc)
Chapelle_Saint-Philibert_de_Lanvern
Chapelle_Saint-Philippe-Néri_de_Nice
Chapelle_Saint-Pie_X_de_Moerzeke
Chapelle_Saint-Pierre
Chapelle_Saint-Pierre-aux-Liens_d'Ancelle
Chapelle_Saint-Pierre-de-Castres
Chapelle_Saint-Pierre-de-Léneyrac
Chapelle_Saint-Pierre-et-Paul_de_Wissembourg
Chapelle_Saint-Pierre-et-Paul_de_Wissembourg_(cf_source_base_mérimée)
Chapelle_Saint-Pierre-et-Saint-Paul_d'Abbeville
Chapelle_Saint-Pierre-ès-Liens
Chapelle_Saint-Pierre_Saint-Paul_d'Abbeville
Chapelle_Saint-Pierre_d'Agos
Chapelle_Saint-Pierre_d'Avallon
Chapelle_Saint-Pierre_d'Ercé
Chapelle_Saint-Pierre_d'Iné
Chapelle_Saint-Pierre_de_Boulogne-Billancourt
Chapelle_Saint-Pierre_de_Castillon-en-Couserans
Chapelle_Saint-Pierre_de_Castres
Chapelle_Saint-Pierre_de_Cuisery
Chapelle_Saint-Pierre_de_Curbans
Chapelle_Saint-Pierre_de_Gap
Chapelle_Saint-Pierre_de_Limet
Chapelle_Saint-Pierre_de_Lucéram
Chapelle_Saint-Pierre_de_Pierrerue
Chapelle_Saint-Pierre_de_Roquebrune-sur-Argens
Chapelle_Saint-Pierre_de_Saint-Pierre-de-Sommaire
Chapelle_Saint-Pierre_de_Saint-Pol-de-Léon
Chapelle_Saint-Pierre_de_Saint-Étienne-des-Sorts
Chapelle_Saint-Pierre_de_Thouzon
Chapelle_Saint-Pierre_de_Vieuxville
Chapelle_Saint-Pierre_de_Villefranche-sur-Mer
Chapelle_Saint-Pierre_de_Vénéjan
Chapelle_Saint-Privat
Chapelle_Saint-Privat_de_Pouzilhac
Chapelle_Saint-Pé_de_la_Moraine
Chapelle_Saint-Quenin_de_Vaison-la-Romaine
Chapelle_Saint-Quentin_d'Elle
Chapelle_Saint-Quentin_de_Galey
Chapelle_Saint-Quido_(Loctudy)
Chapelle_Saint-Quintin_de_Galey
Chapelle_Saint-Quirin_(Luxembourg)
Chapelle_Saint-Quirin_de_Brech
Chapelle_Saint-Raphaël_de_la_Bastide
Chapelle_Saint-Remacle_de_Verlaine
Chapelle_Saint-Remi_d'Hamerenne
Chapelle_Saint-Remi_de_Fisenne
Chapelle_Saint-Renobert_de_Romprey
Chapelle_Saint-René_de_Bagneux_(Hauts-de-Seine)
Chapelle_Saint-Rigobert_de_Gernicourt
Chapelle_Saint-Roch
Chapelle_Saint-Roch-du-Férétra_de_Toulouse
Chapelle_Saint-Roch_(Autoire)
Chapelle_Saint-Roch_(Budapest)
Chapelle_Saint-Roch_(Floirac)
Chapelle_Saint-Roch_(Neu-Moresnet)
Chapelle_Saint-Roch_(Nismes)
Chapelle_Saint-Roch_(Saint-Dié-des-Vosges)
Chapelle_Saint-Roch_(Thiers)
Chapelle_Saint-Roch_d'Abriès-Ristolas
Chapelle_Saint-Roch_d'Urtière
Chapelle_Saint-Roch_de_Bingen
Chapelle_Saint-Roch_de_Biot
Chapelle_Saint-Roch_de_Blain
Chapelle_Saint-Roch_de_Braine-le-Comte
Chapelle_Saint-Roch_de_Castelnaudary
Chapelle_Saint-Roch_de_Floirac
Chapelle_Saint-Roch_de_Fontaine-Notre-Dame
Chapelle_Saint-Roch_de_Ham-sur-Heure
Chapelle_Saint-Roch_de_Juncalas
Chapelle_Saint-Roch_de_Mazée
Chapelle_Saint-Roch_de_Mons
Chapelle_Saint-Roch_de_Mons_(Hérault)
Chapelle_Saint-Roch_de_Montbois
Chapelle_Saint-Roch_de_Montgenèvre
Chapelle_Saint-Roch_de_Paliseul
Chapelle_Saint-Roch_de_Pernes-les-Fontaines
Chapelle_Saint-Roch_de_Ploërmel
Chapelle_Saint-Roch_de_Subotica
Chapelle_Saint-Roch_de_Tuzaguet
Chapelle_Saint-Roch_de_Vred
Chapelle_Saint-Roch_de_Zemun
Chapelle_Saint-Roch_en_Volière
Chapelle_Saint-Roch_en_Volière_(Liège)
Chapelle_Saint-Roque_de_Ħaż-Żebbuġ
Chapelle_Saint-Roque_de_Żebbuġ
Chapelle_Saint-Rémi_de_Tinchebray
Chapelle_Saint-Rémy_d'Auriac
Chapelle_Saint-Rémy_de_Saint-Sauvier
Chapelle_Saint-Sabin
Chapelle_Saint-Santin_de_Bellême
Chapelle_Saint-Saturnin_de_Gaujac
Chapelle_Saint-Sauveur
Chapelle_Saint-Sauveur_d'Iraty
Chapelle_Saint-Sauveur_de_Cannes
Chapelle_Saint-Sauveur_de_Coadry
Chapelle_Saint-Sauveur_de_Draguignan
Chapelle_Saint-Sauveur_de_Kalkara
Chapelle_Saint-Sauveur_de_Tende
Chapelle_Saint-Sauveur_d’Iraty
Chapelle_Saint-Sernin_de_Bensa
Chapelle_Saint-Sernin_de_Soueix-Rogalle
Chapelle_Saint-Servais_de_Plumergat
Chapelle_Saint-Servais_de_Pont-Scorff
Chapelle_Saint-Servais_de_Rommersom
Chapelle_Saint-Sixte
Chapelle_Saint-Sixte_(Passau)
Chapelle_Saint-Sixte_d'Aubignan
Chapelle_Saint-Sixte_d'Eygalières
Chapelle_Saint-Sornin_de_Serrières
Chapelle_Saint-Sulpice_d'Aineffe
Chapelle_Saint-Sulpice_de_Saint-Marcel-d'Ardèche
Chapelle_Saint-Sylvain_de_Nevers
Chapelle_Saint-Symphorien_de_Boussargues
Chapelle_Saint-Sébastien
Chapelle_Saint-Sébastien_d'Allos
Chapelle_Saint-Sébastien_d'Entraunes
Chapelle_Saint-Sébastien_de_Bitche
Chapelle_Saint-Sébastien_de_Castellar
Chapelle_Saint-Sébastien_de_Coaraze
Chapelle_Saint-Sébastien_de_Dambach-la-Ville
Chapelle_Saint-Sébastien_de_Lanslevillard
Chapelle_Saint-Sébastien_de_Laroque-des-Albères
Chapelle_Saint-Sébastien_de_Nendaz
Chapelle_Saint-Sébastien_de_Piriac-sur-Mer
Chapelle_Saint-Sébastien_de_Ricey-Haut
Chapelle_Saint-Sébastien_de_Roubion
Chapelle_Saint-Sébastien_de_Roublon
Chapelle_Saint-Sébastien_de_Roure
Chapelle_Saint-Sébastien_de_Saint-Thomé
Chapelle_Saint-Sébastien_de_Saint-Étienne-de-Tinée
Chapelle_Saint-Sébastien_de_Venanson
Chapelle_Saint-Sébastien_des_Pénitents_rouges_de_Saorge
Chapelle_Saint-Sébastien_du_Faouët
Chapelle_Saint-They
Chapelle_Saint-Thibault
Chapelle_Saint-Thomas
Chapelle_Saint-Thomas-des-Indiens
Chapelle_Saint-Thomas_(Lyon)
Chapelle_Saint-Thomas_de_Lyon
Chapelle_Saint-Thomas_de_Thorame-Basse
Chapelle_Saint-Thomas_des_Indiens
Chapelle_Saint-Thual
Chapelle_Saint-Thual_de_Ploemeur
Chapelle_Saint-Thyrse
Chapelle_Saint-Thyrse_de_Castellane
Chapelle_Saint-Thyrse_de_Maransan
Chapelle_Saint-Thyrse_de_Robion
Chapelle_Saint-Théleau
Chapelle_Saint-Théleau_(Plogonnec)
Chapelle_Saint-Théodore_de_Vienne
Chapelle_Saint-Théodoric_de_Châteauneuf-du-Pape
Chapelle_Saint-Tritous
Chapelle_Saint-Tropez-des-Platanes_de_Saint-Tropez
Chapelle_Saint-Tudy_du_château_de_Pont-l'Abbé_(détruite)
Chapelle_Saint-Tugen
Chapelle_Saint-Tugual
Chapelle_Saint-Ulrich_d'Avolsheim
Chapelle_Saint-Urlo
Chapelle_Saint-Urlo_avec_sa_fontaine_de_Lanvénégen
Chapelle_Saint-Valery_de_Pinchefalise
Chapelle_Saint-Valery_de_Saint-Valery-sur-Somme
Chapelle_Saint-Valéry_de_Saint-Valery-sur-Somme
Chapelle_Saint-Venceslas
Chapelle_Saint-Vernier_de_Château-Chalon
Chapelle_Saint-Vincent
Chapelle_Saint-Vincent-de-Paul
Chapelle_Saint-Vincent-de-Paul_(Amiens)
Chapelle_Saint-Vincent-de-Paul_(Jérusalem)
Chapelle_Saint-Vincent-de-Paul_(Paris)
Chapelle_Saint-Vincent-de-Paul_(Paris_9e)
Chapelle_Saint-Vincent-de-Paul_(Urbach)
Chapelle_Saint-Vincent-de-Paul_d'Amiens
Chapelle_Saint-Vincent-de-Paul_d'Urbach
Chapelle_Saint-Vincent-de-Paul_de_Jérusalem
Chapelle_Saint-Vincent-de-Paul_de_Paris
Chapelle_Saint-Vincent-de-Paul_de_Rougemont_(Sevran)
Chapelle_Saint-Vincent-de-Paul_de_Rougemont_de_Sevran
Chapelle_Saint-Vincent-de-Paul_d’Urbach
Chapelle_Saint-Vincent_(Questembert)
Chapelle_Saint-Vincent_d'Eus
Chapelle_Saint-Vincent_d'Hérouville-Saint-Clair
Chapelle_Saint-Vincent_de_Fourques
Chapelle_Saint-Vincent_de_Grignan
Chapelle_Saint-Vincent_de_Questembert
Chapelle_Saint-Vincent_de_Saint-Laurent-d'Agny
Chapelle_Saint-Vincent_de_Saint-Laurent-d’Agny
Chapelle_Saint-Vio
Chapelle_Saint-Véran_d'Orgon
Chapelle_Saint-Vérédème_d'Eyguières
Chapelle_Saint-Wendelin
Chapelle_Saint-Wendelin_d'Hochfelden
Chapelle_Saint-Wendelin_d'Otterswiller
Chapelle_Saint-Wendelin_de_Mutzig
Chapelle_Saint-Wendelin_de_Schweyen
Chapelle_Saint-Wolfgang_de_Kaysersberg
Chapelle_Saint-Yves
Chapelle_Saint-Yves_(Fougères)
Chapelle_Saint-Yves_(Paris)
Chapelle_Saint-Yves_(Rennes)
Chapelle_Saint-Yves_(Vannes)
Chapelle_Saint-Yves_de_Bubry
Chapelle_Saint-Yves_de_Lignol
Chapelle_Saint-Yves_de_Paris
Chapelle_Saint-Yves_de_Priziac
Chapelle_Saint-Éloi
Chapelle_Saint-Éloi_(Paris)
Chapelle_Saint-Éloi_d'Athus
Chapelle_Saint-Éloi_d'Hautmont
Chapelle_Saint-Éloi_de_Fontaine-la-Soret
Chapelle_Saint-Éloi_de_Guiscriff
Chapelle_Saint-Éloi_de_Réville
Chapelle_Saint-Éloi_de_Vred
Chapelle_Saint-Érige_d'Auron
Chapelle_Saint-Étienne
Chapelle_Saint-Étienne-Saint-Henri_de_Colombes
Chapelle_Saint-Étienne-de-Doussé
Chapelle_Saint-Étienne-de-Vaissière_d'Azille
Chapelle_Saint-Étienne_(Nantes)
Chapelle_Saint-Étienne_d'Hérisson
Chapelle_Saint-Étienne_d'Issensac
Chapelle_Saint-Étienne_de_Barcugnas
Chapelle_Saint-Étienne_de_Cavall
Chapelle_Saint-Étienne_de_Doucé
Chapelle_Saint-Étienne_de_Gouaux
Chapelle_Saint-Étienne_de_Guer
Chapelle_Saint-Étienne_de_Marin
Chapelle_Saint-Étienne_de_Nantes
Chapelle_Saint-Étienne_de_Ranchot_(Jura)
Chapelle_Saint-Étienne_de_Saint-Hilaire-d'Ozilhan
Chapelle_Saint-Étienne_de_Vaissière
Chapelle_Saint-Étienne_de_Vaissière_(Azille)
Chapelle_Saint_Antoine_de_la_Croix_de_Chavaux
Chapelle_Saint_Aubin_de_Chambly
Chapelle_Saint_Bruno_de_Bellevaux
Chapelle_Saint_George
Chapelle_Saint_Georges
Chapelle_Saint_Igny
Chapelle_Saint_Jean-Baptiste_(Toulouse)
Chapelle_Saint_Jean-le-Petit_de_Metz
Chapelle_Saint_Jean_Baptiste
Chapelle_Saint_Jean_Porte_latine
Chapelle_Saint_Jean_Ursini_de_Trogir
Chapelle_Saint_Jean_d'Orgerolles
Chapelle_Saint_Joachim_du_Mas_Perer
Chapelle_Saint_John
Chapelle_Saint_Julien_l'Hospitalier
Chapelle_Saint_Ortaire
Chapelle_Saint_Roch
Chapelle_Saint_Roch_de_Bingen
Chapelle_Saint_Roch_de_Montbois
Chapelle_Sainte-Adèle_de_Brye
Chapelle_Sainte-Agathe
Chapelle_Sainte-Agathe_de_Hubinne
Chapelle_Sainte-Agathe_de_Langon
Chapelle_Sainte-Agathe_de_Liège
Chapelle_Sainte-Agathe_de_Saint-Désiré
Chapelle_Sainte-Agathe_de_Saint-Maime
Chapelle_Sainte-Agnès_de_Saint-Paulet-de-Caisson
Chapelle_Sainte-Anne
Chapelle_Sainte-Anne-de-l'Île-Providence
Chapelle_Sainte-Anne-des-Quatre-Termes
Chapelle_Sainte-Anne-la-Palud
Chapelle_Sainte-Anne_(Amanlis)
Chapelle_Sainte-Anne_(Aron)
Chapelle_Sainte-Anne_(Auderghem)
Chapelle_Sainte-Anne_(Beaumont)
Chapelle_Sainte-Anne_(Cannes)
Chapelle_Sainte-Anne_(Faubourg-Poissonnière)
Chapelle_Sainte-Anne_(Laeken)
Chapelle_Sainte-Anne_(Le_Pallet)
Chapelle_Sainte-Anne_(Neuville)
Chapelle_Sainte-Anne_(Stoumont)
Chapelle_Sainte-Anne_(Valjouffrey)
Chapelle_Sainte-Anne_d'Amanlis
Chapelle_Sainte-Anne_d'Aron
Chapelle_Sainte-Anne_d'Auderghem
Chapelle_Sainte-Anne_d'Hermet
Chapelle_Sainte-Anne_d'Inagoj
Chapelle_Sainte-Anne_de_Beaumont
Chapelle_Sainte-Anne_de_Berné
Chapelle_Sainte-Anne_de_Bourgnouvel
Chapelle_Sainte-Anne_de_Bovalo
Chapelle_Sainte-Anne_de_Bruxelles
Chapelle_Sainte-Anne_de_Buléon
Chapelle_Sainte-Anne_de_Cannes
Chapelle_Sainte-Anne_de_Cessenon-sur-Orb
Chapelle_Sainte-Anne_de_Courcelles
Chapelle_Sainte-Anne_de_Flobecq-Bois
Chapelle_Sainte-Anne_de_Frenchtown
Chapelle_Sainte-Anne_de_La_Baule-Escoublac
Chapelle_Sainte-Anne_de_Laeken
Chapelle_Sainte-Anne_de_Martimpré
Chapelle_Sainte-Anne_de_Montgenèvre
Chapelle_Sainte-Anne_de_Ploemeur
Chapelle_Sainte-Anne_de_Plœmeur
Chapelle_Sainte-Anne_de_Pornichet
Chapelle_Sainte-Anne_de_Saint-Dolay
Chapelle_Sainte-Anne_de_Saint-Nolff
Chapelle_Sainte-Anne_de_Sigolsheim
Chapelle_Sainte-Anne_de_Stoumont
Chapelle_Sainte-Anne_de_Strasbourg-Robertsau
Chapelle_Sainte-Anne_de_Tigné
Chapelle_Sainte-Anne_de_Valjouffrey
Chapelle_Sainte-Anne_de_l'Île-de-Batz
Chapelle_Sainte-Anne_des_Pouhons
Chapelle_Sainte-Anne_du_Bourguet
Chapelle_Sainte-Anne_du_Minihic-sur-Rance
Chapelle_Sainte-Anne_du_Pallet
Chapelle_Sainte-Anne_du_Pègue
Chapelle_Sainte-Anne_d’Aron
Chapelle_Sainte-Aubierge
Chapelle_Sainte-Auraille_de_Saint-Pé-d'Ardet
Chapelle_Sainte-Avoie_de_La_Clayette
Chapelle_Sainte-Avoye
Chapelle_Sainte-Avoye_de_La_Clayette
Chapelle_Sainte-Avoye_de_Pluneret
Chapelle_Sainte-Barbe
Chapelle_Sainte-Barbe_de_Bruay-la-Buissière
Chapelle_Sainte-Barbe_de_Burnontige
Chapelle_Sainte-Barbe_de_Kuttolsheim
Chapelle_Sainte-Barbe_de_Noyal-Pontivy
Chapelle_Sainte-Barbe_de_Plouharnel
Chapelle_Sainte-Barbe_de_Ploéven
Chapelle_Sainte-Barbe_de_Saales
Chapelle_Sainte-Barbe_de_Somain
Chapelle_Sainte-Barbe_de_Zogelsdorf
Chapelle_Sainte-Barbe_du_Faouet
Chapelle_Sainte-Barbe_du_Faouët
Chapelle_Sainte-Barbe_du_Faoüet
Chapelle_Sainte-Bernadette
Chapelle_Sainte-Bernadette_de_Paris
Chapelle_Sainte-Bernadette_de_Sucy-en-Brie
Chapelle_Sainte-Birgitta
Chapelle_Sainte-Birgitte_de_Borgholm
Chapelle_Sainte-Birgitte_de_Långöre
Chapelle_Sainte-Blanche_de_Saint-Cast
Chapelle_Sainte-Brigide
Chapelle_Sainte-Brigide_de_Fosses-la-Ville
Chapelle_Sainte-Brigitte
Chapelle_Sainte-Brigitte_de_Grand-Champ
Chapelle_Sainte-Brigitte_de_Långöre
Chapelle_Sainte-Brigitte_du_Reyran
Chapelle_Sainte-Béline
Chapelle_Sainte-Bénédicte_de_Domange
Chapelle_Sainte-Catherine
Chapelle_Sainte-Catherine-d'Alexandrie_de_Clis
Chapelle_Sainte-Catherine-de-Sienne_de_Nanterre
Chapelle_Sainte-Catherine_d'Apt
Chapelle_Sainte-Catherine_d'Attard
Chapelle_Sainte-Catherine_d'Herbais
Chapelle_Sainte-Catherine_de_Breil-sur-Roya
Chapelle_Sainte-Catherine_de_Hauthem
Chapelle_Sainte-Catherine_de_Hombourg-Haut
Chapelle_Sainte-Catherine_de_Lizio
Chapelle_Sainte-Catherine_de_Nod-sur-Seine
Chapelle_Sainte-Catherine_de_Pervyse
Chapelle_Sainte-Catherine_de_Vieux-Goa
Chapelle_Sainte-Catherine_du_Port
Chapelle_Sainte-Christine_(Reviers)
Chapelle_Sainte-Christine_de_Reviers
Chapelle_Sainte-Christine_de_Valle-di-Campoloro
Chapelle_Sainte-Claire
Chapelle_Sainte-Claire_(Vosges)
Chapelle_Sainte-Claire_(homonymie)
Chapelle_Sainte-Claire_d'Annonay
Chapelle_Sainte-Claire_d'Orly
Chapelle_Sainte-Claire_de_Maillat
Chapelle_Sainte-Claire_de_Moulins
Chapelle_Sainte-Claire_de_Saint-Étienne-lès-Remiremont
Chapelle_Sainte-Claire_de_Velée
Chapelle_Sainte-Colette_de_Corbie
Chapelle_Sainte-Colombe_(Saint-Gilles)
Chapelle_Sainte-Colombe_de_Saint-Gilles
Chapelle_Sainte-Croix_(Aoste)
Chapelle_Sainte-Croix_d'Alzen
Chapelle_Sainte-Croix_d'Arlon
Chapelle_Sainte-Croix_de_Brée
Chapelle_Sainte-Croix_de_Châtenois
Chapelle_Sainte-Croix_de_Forbach
Chapelle_Sainte-Croix_de_Josselin
Chapelle_Sainte-Croix_de_La_Tour
Chapelle_Sainte-Croix_de_Lyon
Chapelle_Sainte-Croix_de_Nice
Chapelle_Sainte-Croix_de_Prague
Chapelle_Sainte-Croix_de_Reims
Chapelle_Sainte-Croix_de_Saint-Martin-Vésubie
Chapelle_Sainte-Croix_de_Sedona
Chapelle_Sainte-Croix_de_Sospel
Chapelle_Sainte-Croix_du_Palais_des_Rois_de_Majorque
Chapelle_Sainte-Croix_du_palais_des_rois_de_Majorque
Chapelle_Sainte-Cécile
Chapelle_Sainte-Cécile_de_Briec
Chapelle_Sainte-Cécile_de_Flée
Chapelle_Sainte-Ergoueffe
Chapelle_Sainte-Ermelinde_de_Maillard
Chapelle_Sainte-Ermelinde_de_Meldert
Chapelle_Sainte-Eugénie
Chapelle_Sainte-Eugénie_de_Moingt
Chapelle_Sainte-Eugénie_de_Nîmes
Chapelle_Sainte-Eusébie_de_Marchiennes
Chapelle_Sainte-Foy_de_Montpellier,_dite_chapelle_des_Pénitents_blancs
Chapelle_Sainte-Garde_d'Avignon
Chapelle_Sainte-Geneviève_d'Angers
Chapelle_Sainte-Germaine_de_Labroquère
Chapelle_Sainte-Gertrude
Chapelle_Sainte-Gertrude_(Échevannes)
Chapelle_Sainte-Gudule_de_Moorsel
Chapelle_Sainte-Hiltrude_de_Liessies
Chapelle_Sainte-Hélène_de_Surzur
Chapelle_Sainte-Ide_de_Boulogne-sur-Mer
Chapelle_Sainte-Jaume_de_Nice
Chapelle_Sainte-Jeanne-d'Arc
Chapelle_Sainte-Jeanne-d'Arc_(Gennevilliers)
Chapelle_Sainte-Jeanne-d'Arc_de_Gennevilliers
Chapelle_Sainte-Jeanne-d'Arc_de_Milwaukee
Chapelle_Sainte-Jeanne-d'Arc_de_Paris
Chapelle_Sainte-Jeanne-d'Arc_de_Saint-André
Chapelle_Sainte-Jeanne-d'Arc_de_Saint-André_(La_Réunion)
Chapelle_Sainte-Jeanne-de-Chantal_de_Sucy-en-Brie
Chapelle_Sainte-Jeanne_de_Chantal_de_Sucy-en-Brie
Chapelle_Sainte-Julienne
Chapelle_Sainte-Louise-de-Marillac_de_L'Haÿ-les-Roses
Chapelle_Sainte-Lutgarde_de_Fauquez
Chapelle_Sainte-Madeleine
Chapelle_Sainte-Madeleine_de_Bissey-la-Côte
Chapelle_Sainte-Madeleine_de_Bourg-en-Bresse
Chapelle_Sainte-Madeleine_de_Chalet
Chapelle_Sainte-Madeleine_de_Châteauneuf-Val-Saint-Donat
Chapelle_Sainte-Madeleine_de_Conat
Chapelle_Sainte-Madeleine_de_Magdebourg
Chapelle_Sainte-Madeleine_de_Resson
Chapelle_Sainte-Madeleine_de_Saint-Saturnin
Chapelle_Sainte-Madeleine_de_Thoard
Chapelle_Sainte-Magdeleine_de_Saint-Saturnin
Chapelle_Sainte-Marguerite_d'Abriès-Ristolas
Chapelle_Sainte-Marguerite_d'Epfig
Chapelle_Sainte-Marguerite_d'Ollomont
Chapelle_Sainte-Marguerite_d'Édimbourg
Chapelle_Sainte-Marguerite_de_Beaumont-du-Ventoux
Chapelle_Sainte-Marguerite_de_Bucy-le-Long
Chapelle_Sainte-Marguerite_de_Fessenheim-le-Bas
Chapelle_Sainte-Marguerite_de_La_Gaillarde
Chapelle_Sainte-Marguerite_de_Petite-Île
Chapelle_Sainte-Marguerite_de_Saint-Dalmas-le-Selvage
Chapelle_Sainte-Marguerite_de_Valff
Chapelle_Sainte-Marguerite_de_Villaines-en-Duesmois
Chapelle_Sainte-Marguerite_du_col_d'Ares
Chapelle_Sainte-Marie
Chapelle_Sainte-Marie-Madeleine
Chapelle_Sainte-Marie-Madeleine_d'Abriès-Ristolas
Chapelle_Sainte-Marie-Madeleine_d'Arvieux
Chapelle_Sainte-Marie-Madeleine_de_Chambrazès
Chapelle_Sainte-Marie-Madeleine_de_Dingli
Chapelle_Sainte-Marie-Madeleine_de_Guirande
Chapelle_Sainte-Marie-Madeleine_de_Quinquenevent
Chapelle_Sainte-Marie-d'en-Bas
Chapelle_Sainte-Marie-de-la-Découverte
Chapelle_Sainte-Marie-des-Anges_de_Għargħur
Chapelle_Sainte-Marie-des-Chazes
Chapelle_Sainte-Marie-du-Cap
Chapelle_Sainte-Marie-du-Chêne_de_Plobsheim
Chapelle_Sainte-Marie-du-Ménez-Hom
Chapelle_Sainte-Marie_(Bruges)
Chapelle_Sainte-Marie_Reine_de_la_Paix
Chapelle_Sainte-Marie_d'Eunate
Chapelle_Sainte-Marie_de_Gudja
Chapelle_Sainte-Marie_de_Għargħur
Chapelle_Sainte-Marie_de_Luqa
Chapelle_Sainte-Marie_de_Magħtab
Chapelle_Sainte-Marie_de_Nevers
Chapelle_Sainte-Marie_de_Nivillac
Chapelle_Sainte-Marie_de_Saint-Lary
Chapelle_Sainte-Marie_de_Saulces-Monclin
Chapelle_Sainte-Marie_de_Wurtzbourg
Chapelle_Sainte-Marie_de_la_Noue
Chapelle_Sainte-Martie-Madeleine_de_Penmarc'h
Chapelle_Sainte-Maxime_de_Riez
Chapelle_Sainte-Monique_de_Carthage
Chapelle_Sainte-Mère-de-Dieu_de_Dzordzor
Chapelle_Sainte-Noyale
Chapelle_Sainte-Noyale_de_Noyal-Pontivy
Chapelle_Sainte-Paix
Chapelle_Sainte-Radegonde_de_Chinon
Chapelle_Sainte-Radegonde_de_La_Genétouze
Chapelle_Sainte-Radegonde_de_la_Genétouze
Chapelle_Sainte-Reine-de-Queutrey
Chapelle_Sainte-Reine_de_Virargues
Chapelle_Sainte-Rita
Chapelle_Sainte-Rita_(Paris)
Chapelle_Sainte-Rita_de_Brasménil
Chapelle_Sainte-Rita_de_Nice
Chapelle_Sainte-Rita_de_Paris
Chapelle_Sainte-Roseline
Chapelle_Sainte-Sabine
Chapelle_Sainte-Sabine_de_Saint-Étienne-lès-Remiremont
Chapelle_Sainte-Solange_de_Romainville
Chapelle_Sainte-Suzanne
Chapelle_Sainte-Suzanne_(Mûr-de-Bretagne)
Chapelle_Sainte-Suzanne_(Mûr_de_Bretagne)
Chapelle_Sainte-Suzanne_de_Mûr-de-Bretagne
Chapelle_Sainte-Suzanne_de_Sottevast
Chapelle_Sainte-Suzanne_de_Sérent
Chapelle_Sainte-Thérèse-de-l'Enfant-Jésus_de_Châtillon
Chapelle_Sainte-Thérèse-de-l'Enfant-Jésus_de_Langlade
Chapelle_Sainte-Thérèse-de-l'Enfant-Jésus_de_Wintzenheim
Chapelle_Sainte-Thérèse-de-l'Enfant-Jésus_et_de_la_Sainte-Face
Chapelle_Sainte-Thérèse_(Paris)
Chapelle_Sainte-Thérèse_de_Capbreton
Chapelle_Sainte-Thérèse_de_Mitry-Mory
Chapelle_Sainte-Thérèse_de_Montmagny
Chapelle_Sainte-Thérèse_de_Namur
Chapelle_Sainte-Thérèse_de_Nice
Chapelle_Sainte-Thérèse_de_Nivezé
Chapelle_Sainte-Thérèse_de_Saint-Cyr-l'École
Chapelle_Sainte-Thérèse_de_Spa
Chapelle_Sainte-Thérèse_de_Valbertrand
Chapelle_Sainte-Thérèse_de_Valenton
Chapelle_Sainte-Tréphine_de_Pontivy
Chapelle_Sainte-Tulle
Chapelle_Sainte-Ursule_de_Beaubec-la-Rosière
Chapelle_Sainte-Verene_d'Enchenberg
Chapelle_Sainte-Vérone_de_Leefdaal
Chapelle_Sainte-Vérone_de_Leefdael
Chapelle_Sainte-Vérène
Chapelle_Sainte-Vérène_(Zoug)
Chapelle_Sainte-Vérène_d'Enchenberg
Chapelle_Sainte-Vérène_de_Zoug
Chapelle_Sainte-Vérène_d’Enchenberg
Chapelle_Sainte-Élisabeth_de_Vence
Chapelle_Sainte-Émérance_de_La_Pouëze
Chapelle_Sainte_Béline
Chapelle_Sainte_Catherine_de_Hombourg-Haut
Chapelle_Sainte_Thérèse_de_Valenton
Chapelle_Sainte_Ursule_de_la_Sorbonne
Chapelle_Saints-Pierre-et-Paul_de_Wissembourg
Chapelle_San_Brizio
Chapelle_San_Galgano_de_Montesiepi
Chapelle_San_Marco_et_collégiale_Sainte-Marie
Chapelle_San_Martí_de_la_Roca
Chapelle_San_Nicola_alle_Sacramentine
Chapelle_San_Quilico_de_Cambia
Chapelle_San_Severo
Chapelle_San_Severo_de_Pérouse
Chapelle_Sansevero
Chapelle_Sant'Elena
Chapelle_Sant_Marc_et_Santa_Maria_d'Encamp
Chapelle_Sant_Martí_de_la_Roca
Chapelle_Sant_Romà_d'Auvinyà
Chapelle_Santa-Maria-d'Arca
Chapelle_Santa_Anna_dels_Quatre_Termes
Chapelle_Santa_Maria_Addolorata_all'Esquilino
Chapelle_Santa_Maria_Addolorata_all’Esquilino
Chapelle_Santa_Maria_del_Carmine_e_del_Monte_Libano
Chapelle_Santa_Monica_(Naples)
Chapelle_Santa_Monica_de_Naples
Chapelle_Santissima_Sindone
Chapelle_Sassetti
Chapelle_Schönborn
Chapelle_Scrovegni
Chapelle_Sixtine
Chapelle_Sixtine_(homonymie)
Chapelle_Sixtine_de_Dürrenmatt
Chapelle_Slipper
Chapelle_St-Philibert
Chapelle_St-Roch_en_Volière_à_Liège
Chapelle_St._Anne_of_Ease
Chapelle_St._Sauveur
Chapelle_St._Sauveur_(Tende)
Chapelle_St._Wendelin
Chapelle_St_Joseph_à_Bousbecque
Chapelle_Suardi
Chapelle_Taitbout
Chapelle_Thorncrown
Chapelle_Tornabuoni
Chapelle_Valmarana
Chapelle_Visione_di_Sant'Ignazio_di_Loyola
Chapelle_Vodica_à_Vrbas
Chapelle_Wesley
Chapelle_Westley_de_Basseterre
Chapelle_absidiale
Chapelle_archiépiscopale
Chapelle_archiépiscopale_(Ravenne)
Chapelle_ardente
Chapelle_aux_Lierres
Chapelle_aux_Sabots
Chapelle_aux_Sabots_(Court-Saint-Étienne)
Chapelle_avec_Mont_des_Oliviers
Chapelle_blanche
Chapelle_blanche_(Karnak)
Chapelle_blanche_(karnak)
Chapelle_canadienne_de_Namur
Chapelle_canoniale_de_Sées
Chapelle_capitulaire_Saint-Paul
Chapelle_castrale
Chapelle_castrale_(Lichtenberg)
Chapelle_castrale_de_Lichtenberg
Chapelle_castrale_de_Moëslains
Chapelle_castrale_de_Sart-Messire-Guillaume
Chapelle_catholique_apostolique_de_Lausanne
Chapelle_chapelle_Saint-Meldéoc_de_Locmeltro
Chapelle_commémorative_Empereur_Maximilien_(Santiago_de_Querétaro)
Chapelle_commémorative_Luce
Chapelle_commémorative_de_Prnjavor
Chapelle_comtale_de_Provins
Chapelle_d'Abrin
Chapelle_d'Adolphe_Thiers
Chapelle_d'Aigrefeuille
Chapelle_d'Aix-la-Chapelle
Chapelle_d'Albart
Chapelle_d'Albion
Chapelle_d'Armentières_(La)
Chapelle_d'Astérius
Chapelle_d'Hastimoulin
Chapelle_d'Herbais
Chapelle_d'Otaniemi
Chapelle_d'Ubine
Chapelle_d'Épaisse
Chapelle_d'Étival
Chapelle_d'Étival-en-Charnie
Chapelle_d'Étricor
Chapelle_dans_le_cimeti√®re_catholique_de_Paƒ?ir
Chapelle_dans_le_cimetière_de_Melenci
Chapelle_de_Banneville-sur-Ajon
Chapelle_de_Bar-sur-Aube
Chapelle_de_Bavalan
Chapelle_de_Bavière
Chapelle_de_Bay
Chapelle_de_Bermont
Chapelle_de_Bethléem
Chapelle_de_Bethléem_(Aubevoye)
Chapelle_de_Bethléem_(Prague)
Chapelle_de_Bethléem_(Saint-Jean-de-Boiseau)
Chapelle_de_Bjørnfjell
Chapelle_de_Blanzey
Chapelle_de_Bodonou
Chapelle_de_Bogdan_Dunƒëerski_pr√®s_de_Beƒ?ej
Chapelle_de_Bonnevaux
Chapelle_de_Boondael
Chapelle_de_Botlézan
Chapelle_de_Bouillé
Chapelle_de_Bracheux
Chapelle_de_Brangolo
Chapelle_de_Briailles
Chapelle_de_Burgo
Chapelle_de_Béléan
Chapelle_de_Calmont-d'Olt
Chapelle_de_Capendu
Chapelle_de_Careil
Chapelle_de_Casenoves
Chapelle_de_Caubin
Chapelle_de_Chanteins
Chapelle_de_Charcuble
Chapelle_de_Charles_de_Foucauld
Chapelle_de_Charly_d'Andilly
Chapelle_de_Charné
Chapelle_de_Chateaupanne
Chapelle_de_Chepoix
Chapelle_de_Châteauvieux
Chapelle_de_Châtillon-de-Cornelle
Chapelle_de_Cilaos
Chapelle_de_Clermont_en_Auge
Chapelle_de_Climbach
Chapelle_de_Clémencé
Chapelle_de_Cocars_(Élouges)
Chapelle_de_Cocars_(Étouges)
Chapelle_de_Condat
Chapelle_de_Conflans
Chapelle_de_Contis
Chapelle_de_Domange
Chapelle_de_Drevant
Chapelle_de_Dun
Chapelle_de_Farsac
Chapelle_de_Faubouloin
Chapelle_de_Filippo_Strozzi
Chapelle_de_Finsbury
Chapelle_de_Fixey
Chapelle_de_Flamanvillette
Chapelle_de_Flérier
Chapelle_de_Fontfeyne
Chapelle_de_Foy_Notre-Dame
Chapelle_de_Fresnay
Chapelle_de_Gabet
Chapelle_de_Gadd
Chapelle_de_Garnison_de_Strasbourg
Chapelle_de_Gicqueleau
Chapelle_de_Giraumont
Chapelle_de_Gléon
Chapelle_de_Gohazé
Chapelle_de_Gornévec
Chapelle_de_Gotty
Chapelle_de_Gourby
Chapelle_de_Grandmont
Chapelle_de_Graydon
Chapelle_de_Grimohaye
Chapelle_de_Groeninghe
Chapelle_de_Grolée
Chapelle_de_Grévilly_(Saint-Forgeux)
Chapelle_de_Guicquelleau
Chapelle_de_Guiquelleau
Chapelle_de_Gys
Chapelle_de_Jacquicourt
Chapelle_de_Jésus-Enfant
Chapelle_de_Jévaux
Chapelle_de_Kamppi
Chapelle_de_Kercohan
Chapelle_de_Kerlenat
Chapelle_de_Kermaria_an_Iskuit
Chapelle_de_Koat-Keo
Chapelle_de_La_Bastide-de-Besplas
Chapelle_de_La_Gayole
Chapelle_de_La_Redoute
Chapelle_de_La_Saulsaie
Chapelle_de_La_Trinité
Chapelle_de_Langroës
Chapelle_de_Languidou
Chapelle_de_Languivoa
Chapelle_de_Lantiern
Chapelle_de_Lanvern
Chapelle_de_Las_Planques
Chapelle_de_Laubenheim
Chapelle_de_Laussac
Chapelle_de_Lenoux
Chapelle_de_Lestreviau
Chapelle_de_Ley
Chapelle_de_Libdeau
Chapelle_de_Limerzel
Chapelle_de_Lochrist
Chapelle_de_Locmaria
Chapelle_de_Locmaria-er-Hoët
Chapelle_de_Locmaria_d'Inguiniel
Chapelle_de_Locmaria_de_La_Chapelle-Neuve
Chapelle_de_Locmaria_de_Melrand
Chapelle_de_Locmaria_de_Nostang
Chapelle_de_Locmaria_de_Ploemel
Chapelle_de_Locmaria_de_Plouay
Chapelle_de_Locmaria_de_Quistinic
Chapelle_de_Locmaria_de_Séglien
Chapelle_de_Locoyarn
Chapelle_de_Loreto_(église_des_Augustins_de_Vienne)
Chapelle_de_Lorette_(Monastère_de_Muri)
Chapelle_de_Lorette_(monastère_de_Muri)
Chapelle_de_Los_Alas
Chapelle_de_Los_Dolores
Chapelle_de_Lothéa
Chapelle_de_Lourdes_de_Sulzberg-Thal
Chapelle_de_Lourps
Chapelle_de_Lugaut
Chapelle_de_Luis_de_Lucena
Chapelle_de_Lurzine
Chapelle_de_Luzençon
Chapelle_de_Lyonnet
Chapelle_de_Magrigne
Chapelle_de_Malodène
Chapelle_de_Mangolérian
Chapelle_de_Maraiche
Chapelle_de_Maraîche
Chapelle_de_Marcilleux
Chapelle_de_Marie-la-Misérable
Chapelle_de_Marigny
Chapelle_de_Marimont
Chapelle_de_Massey
Chapelle_de_Massey_(Meuse)
Chapelle_de_Mazières
Chapelle_de_Mels
Chapelle_de_Metz
Chapelle_de_Mille_Secours_de_Brouël
Chapelle_de_Mincé
Chapelle_de_Moifond
Chapelle_de_Moncourt
Chapelle_de_Mont-Sainte-Marie_(Mozet)
Chapelle_de_Montbois
Chapelle_de_Montcalm
Chapelle_de_Montplacé
Chapelle_de_Montégoutte
Chapelle_de_Morlange
Chapelle_de_Mornay
Chapelle_de_Moussy
Chapelle_de_Murat
Chapelle_de_Nassau
Chapelle_de_Nassau_(Bruxelles)
Chapelle_de_Nifflon
Chapelle_de_Nièvre
Chapelle_de_Notre-Dame-de-Bon-Secours
Chapelle_de_Notre-Dame-de-Lers_d'Anla
Chapelle_de_Notre-Dame-de-l'Île
Chapelle_de_Notre-Dame-de-la-Médaille-miraculeuse
Chapelle_de_Notre-Dame-de-la-Vie
Chapelle_de_Notre-Dame-du-Scex
Chapelle_de_Notre-Dame_de_Lourdes_de_Montréal
Chapelle_de_Notre-Dame_de_la_Gasnerie_d'Andouillé
Chapelle_de_Notre-Dame_du_Scex
Chapelle_de_Notre_Dame_du_Mont
Chapelle_de_Néméara
Chapelle_de_Paattionlehto
Chapelle_de_Paijala
Chapelle_de_Paris-Plage
Chapelle_de_Pazzi
Chapelle_de_Pen-Bron
Chapelle_de_Penchâteau
Chapelle_de_Penvern
Chapelle_de_Perse
Chapelle_de_Peyrusse
Chapelle_de_Picpus
Chapelle_de_Plaincourault
Chapelle_de_Planchouet
Chapelle_de_Poisu
Chapelle_de_Polier
Chapelle_de_Poliet
Chapelle_de_Pontpierre
Chapelle_de_Pontpierre_(Moselle)
Chapelle_de_Pouey-Laün
Chapelle_de_Prigny
Chapelle_de_Pritz
Chapelle_de_Provins
Chapelle_de_Pépieux
Chapelle_de_Querqueville
Chapelle_de_Quincy
Chapelle_de_Retord
Chapelle_de_Reugny
Chapelle_de_Rivray
Chapelle_de_Roc-Saint-Pierre
Chapelle_de_Roche_chérie
Chapelle_de_Ronchamp
Chapelle_de_Roselend
Chapelle_de_Rosemond
Chapelle_de_Rosemont
Chapelle_de_Rosquelfen
Chapelle_de_Rosslyn
Chapelle_de_Saint-Bonnet
Chapelle_de_Saint-Clair_de_Gémenos
Chapelle_de_Saint-Claude_(Belmont-de-la-Loire)
Chapelle_de_Saint-Clement
Chapelle_de_Saint-Clément
Chapelle_de_Saint-Cry
Chapelle_de_Saint-Céneri
Chapelle_de_Saint-Doué
Chapelle_de_Saint-Evy
Chapelle_de_Saint-Fortunat
Chapelle_de_Saint-Gobrien
Chapelle_de_Saint-Henri_(Kumo)
Chapelle_de_Saint-Herbot
Chapelle_de_Saint-Hospice
Chapelle_de_Saint-Houarneau
Chapelle_de_Saint-Jean-du-Bleymard
Chapelle_de_Saint-Martin-du-Vican
Chapelle_de_Saint-Martin-du-Vigan
Chapelle_de_Saint-Martin-la-Vallée
Chapelle_de_Saint-Martin_las_Oumettes
Chapelle_de_Saint-Nicodème
Chapelle_de_Saint-Nicolas_de_Fontaines-en-Duesmois
Chapelle_de_Saint-Nicolas_de_Morlange-lès-Rémelange
Chapelle_de_Saint-Paul_de_Taganrog
Chapelle_de_Saint-Probace
Chapelle_de_Saint-Quentin-d'Elle
Chapelle_de_Saint-Quentin-de-la-Roche
Chapelle_de_Saint-Quentin_du_Rousset
Chapelle_de_Saint-Renobert_de_Bure-les-Templiers
Chapelle_de_Saint-Renobert_de_Romprey
Chapelle_de_Saint-Romain-de-Roche
Chapelle_de_Saint-Tropez
Chapelle_de_Saint-Trèche
Chapelle_de_Saint-Vincent
Chapelle_de_Saint_Govan
Chapelle_de_Saint_Igny
Chapelle_de_Saint_Jean_d'Horta
Chapelle_de_Saint_Paul_de_Taganrog
Chapelle_de_Sainte-Croix-de-Caderle
Chapelle_de_Sainte-Foi
Chapelle_de_Sainte-Marie
Chapelle_de_Sainte-Marie-l'Égyptienne
Chapelle_de_Sainte-Noyale
Chapelle_de_Sainte_Birgitta
Chapelle_de_Sanguinou
Chapelle_de_Sant_Joan_d'Horta
Chapelle_de_Santa_Cruz
Chapelle_de_Santa_Cruz_(Oran)
Chapelle_de_Santa_Maria_Formosa_(Pula)
Chapelle_de_Santa_Maria_de_Eunate
Chapelle_de_Santa_Maria_dei_Bulgari
Chapelle_de_Sao_Frutuoso_de_Montelios
Chapelle_de_Sart-Messire-Guillaume
Chapelle_de_Servières
Chapelle_de_Sigismond
Chapelle_de_Sissi
Chapelle_de_Sixte
Chapelle_de_Sousigné
Chapelle_de_Soussigné
Chapelle_de_St._Luc_de_Puigrodon
Chapelle_de_Stalle
Chapelle_de_Steinfurth
Chapelle_de_São_Frutuoso_de_Montélios
Chapelle_de_Sévillon
Chapelle_de_Tadoussac
Chapelle_de_Tell
Chapelle_de_Ti_Mamm_Doué
Chapelle_de_Torp
Chapelle_de_Tous-les-Saints
Chapelle_de_Trachin
Chapelle_de_Trachin_(Annonay)
Chapelle_de_Travexin
Chapelle_de_Trégranteur
Chapelle_de_Trémalo
Chapelle_de_Vaissière
Chapelle_de_Vallon
Chapelle_de_Vatiala
Chapelle_de_Vauclair
Chapelle_de_Vaudouan
Chapelle_de_Vauguillain
Chapelle_de_Vendôme
Chapelle_de_Verniette
Chapelle_de_Vers
Chapelle_de_Vignemont
Chapelle_de_Ville-d'Avray
Chapelle_de_Villemoyenne
Chapelle_de_Vonnes_de_Châtel
Chapelle_de_Vouhet
Chapelle_de_Vouhet_de_Dunet
Chapelle_de_Védrinyans
Chapelle_de_Walcourt
Chapelle_de_Windsor
Chapelle_de_l'Agenouillade
Chapelle_de_l'Annonciade_de_Martigues
Chapelle_de_l'Annonciade_de_Tende
Chapelle_de_l'Annonciation_de_Kirkop
Chapelle_de_l'Annonciation_de_Mondeville
Chapelle_de_l'Annonciation_de_Tende
Chapelle_de_l'Annonciation_de_Żurrieq
Chapelle_de_l'Assomption_de_Brantigny
Chapelle_de_l'Assomption_de_Sainte-Marie-d'Alvey
Chapelle_de_l'Epiphanie
Chapelle_de_l'Ermitage_de_Notre-Dame-des-Mines
Chapelle_de_l'Ermite
Chapelle_de_l'Essert_de_Châtel
Chapelle_de_l'Etelley
Chapelle_de_l'Humanité
Chapelle_de_l'Hôpital_général_de_Laon
Chapelle_de_l'Hôtel-Dieu_(Lyon)
Chapelle_de_l'Immaculée-Conception
Chapelle_de_l'Immaculée-Conception_de_Bærenthal
Chapelle_de_l'Immaculée-Conception_de_Menton
Chapelle_de_l'Immaculée-Conception_de_Saint-Denis
Chapelle_de_l'Immaculée-Conception_de_Sallanches
Chapelle_de_l'Immaculée-Conception_de_Sées
Chapelle_de_l'Immaculée-Conception_des_Pénitents_gris_de_Sospel
Chapelle_de_l'Immaculée_Conception
Chapelle_de_l'Immaculée_Conception_(La_Réunion)
Chapelle_de_l'Immaculée_Conception_de_Baerenthal
Chapelle_de_l'Immaculée_Conception_de_Bærenthal
Chapelle_de_l'Immaculée_de_Saint-Jean-de-la-Ruelle
Chapelle_de_l'Institution_Saint-Joseph
Chapelle_de_l'Invention-de-la-Sainte-Croix
Chapelle_de_l'Oratoire
Chapelle_de_l'Oratoire_(Avignon)
Chapelle_de_l'Oratoire_(Nantes)
Chapelle_de_l'Ordre_de_Malte
Chapelle_de_l'Ouradou
Chapelle_de_l'ancien_Hôpital_Général
Chapelle_de_l'ancien_collège_des_jésuites
Chapelle_de_l'ancien_hôpital_général
Chapelle_de_l'aéroport_de_Paris-Orly
Chapelle_de_l'esplanade
Chapelle_de_l'ex-Apeca
Chapelle_de_l'hospice_de_Rue
Chapelle_de_l'hôpital_Sainte-Anne
Chapelle_de_l'hôpital_Sainte-Marie_de_Villepinte
Chapelle_de_l'hôpital_Édouard-Herriot
Chapelle_de_l'ordre_de_Malte
Chapelle_de_l'Épiphanie
Chapelle_de_l'Étang_de_Bitche
Chapelle_de_l'île_Royale
Chapelle_de_la_Balme
Chapelle_de_la_Bernardière
Chapelle_de_la_Bernardière_de_Saint-Macaire-en-Mauges
Chapelle_de_la_Bienheureuse_Bronisława
Chapelle_de_la_Bonne-Dame_d'Argenton-sur-Creuse
Chapelle_de_la_Bonne-Dame_de_Lavacherie
Chapelle_de_la_Cassine_(Bonchamp-lès-Laval)
Chapelle_de_la_Charité
Chapelle_de_la_Charité_d'Arles
Chapelle_de_la_Charité_de_Saint-Étienne
Chapelle_de_la_Chevalette
Chapelle_de_la_Clarté
Chapelle_de_la_Colombière
Chapelle_de_la_Condamnation
Chapelle_de_la_Congrégation
Chapelle_de_la_Congrégation_de_Locminé
Chapelle_de_la_Congrégation_de_Moustoir-Ac
Chapelle_de_la_Cordelle
Chapelle_de_la_Croisée_des_Chemins
Chapelle_de_la_Croix-Lamare
Chapelle_de_la_Croix-Monet_(Aische-en-Refail)
Chapelle_de_la_Croix-Monet_de_Aische-en-Refail
Chapelle_de_la_Dame_de_tous_les_Peuples
Chapelle_de_la_Dormition
Chapelle_de_la_Dormition-de-la-Vierge
Chapelle_de_la_Ferme_des_Dames
Chapelle_de_la_Gayolle
Chapelle_de_la_Genouillade
Chapelle_de_la_Glière
Chapelle_de_la_Grande_Fabrique
Chapelle_de_la_Guia
Chapelle_de_la_Heidenkirche
Chapelle_de_la_Houssaye
Chapelle_de_la_Ladrerie_de_Chièvres
Chapelle_de_la_Madeleine
Chapelle_de_la_Madeleine_(Narbonne)
Chapelle_de_la_Madeleine_(Penmarc'h)
Chapelle_de_la_Madeleine_(Penmarch)
Chapelle_de_la_Madeleine_(Pezens)
Chapelle_de_la_Madeleine_(Pont-l'Abbé)
Chapelle_de_la_Madeleine_(Saint-François_d'Assise)
Chapelle_de_la_Madeleine_(Saint-Lô)
Chapelle_de_la_Madeleine_(Saint-Émilion)
Chapelle_de_la_Madeleine_(Tardets)
Chapelle_de_la_Madeleine_de_Bruxelles
Chapelle_de_la_Madeleine_de_Bédoin
Chapelle_de_la_Madeleine_de_Cajarc
Chapelle_de_la_Madeleine_de_Malestroit
Chapelle_de_la_Madeleine_de_Narbonne
Chapelle_de_la_Madeleine_de_Penmarc'h
Chapelle_de_la_Madeleine_de_Penmarch
Chapelle_de_la_Madeleine_de_Pied-de-Borne
Chapelle_de_la_Madeleine_de_Pont-l'Abbé
Chapelle_de_la_Madeleine_de_Remiremont
Chapelle_de_la_Madeleine_de_Saint-Lô
Chapelle_de_la_Madeleine_de_Tardets
Chapelle_de_la_Maladière-de-Veige
Chapelle_de_la_Maladière_de_Dijon
Chapelle_de_la_Maladrerie
Chapelle_de_la_Maladrerie_de_Poissy
Chapelle_de_la_Maladrerie_de_Saint-Julien-du-Sault
Chapelle_de_la_Marsaulaie
Chapelle_de_la_Marsaulaie_de_Saint-Mathurin-sur-Loire
Chapelle_de_la_Miséricorde
Chapelle_de_la_Miséricorde_(Perpignan)
Chapelle_de_la_Miséricorde_de_Cannes
Chapelle_de_la_Miséricorde_de_Limoux
Chapelle_de_la_Miséricorde_de_Metz
Chapelle_de_la_Miséricorde_de_Monaco
Chapelle_de_la_Miséricorde_de_Nice
Chapelle_de_la_Miséricorde_de_Perpignan
Chapelle_de_la_Miséricorde_de_Saint-Martin-Vésubie
Chapelle_de_la_Miséricorde_de_Tende
Chapelle_de_la_Nativité-de-la-Vierge_d'Aiguilles
Chapelle_de_la_Paix_(Maisons-Laffitte)
Chapelle_de_la_Pave_d'Argelès
Chapelle_de_la_Porte_Romane_(Louvain)
Chapelle_de_la_Porte_Saint-Janvier
Chapelle_de_la_Pureté
Chapelle_de_la_Rencontre_de_Strasbourg
Chapelle_de_la_Riaye
Chapelle_de_la_Roche-Foulques
Chapelle_de_la_Rue_Taitbout
Chapelle_de_la_Rue_du_Bac
Chapelle_de_la_Résurrection
Chapelle_de_la_Résurrection_de_Turku
Chapelle_de_la_Sainte-Croix
Chapelle_de_la_Sainte-Famille_de_Birżebbuġa
Chapelle_de_la_Sainte-Trinité_de_Marche-en-Famenne
Chapelle_de_la_Sainte-Trinité_de_Siersthal
Chapelle_de_la_Salette
Chapelle_de_la_Salette_(Maine-et-Loire)
Chapelle_de_la_Santonne_d'Apt
Chapelle_de_la_Saulsaie
Chapelle_de_la_Savarière
Chapelle_de_la_Scala_Santa
Chapelle_de_la_Sorbonne
Chapelle_de_la_Tour_Pourçain
Chapelle_de_la_Toussaint_(Strasbourg)
Chapelle_de_la_Transfiguration_du_Sauveur_de_Thessalonique
Chapelle_de_la_Trinité
Chapelle_de_la_Trinité_(Lyon)
Chapelle_de_la_Trinité_de_Bieuzy
Chapelle_de_la_Trinité_de_Callas
Chapelle_de_la_Trinité_de_Cannes
Chapelle_de_la_Trinité_de_Cléguérec
Chapelle_de_la_Trinité_de_Lanvénégen
Chapelle_de_la_Trinité_de_Lesparts
Chapelle_de_la_Trinité_de_Lyon
Chapelle_de_la_Trinité_de_Plumergat
Chapelle_de_la_Trinité_de_Prunet-et-Belpuig
Chapelle_de_la_Trinité_de_Quéven
Chapelle_de_la_Très-Sainte-Trinité_et_du_Saint-Suaire_de_Nice
Chapelle_de_la_Très_Sainte_Trinité_et_du_Saint_Suaire_de_Nice
Chapelle_de_la_Victoire_de_Luqa
Chapelle_de_la_Vieille_Charité
Chapelle_de_la_Vierge-des-Sept-Douleurs_de_Gœtzenbruck
Chapelle_de_la_Vierge_Bénie_de_Lujan
Chapelle_de_la_Vierge_d'Ohlungen
Chapelle_de_la_Vierge_du_Carmel
Chapelle_de_la_Visitation
Chapelle_de_la_Visitation-Sainte-Claire
Chapelle_de_la_Visitation_(Le_Mans)
Chapelle_de_la_Visitation_(Moulins)
Chapelle_de_la_Visitation_(Nancy)
Chapelle_de_la_Visitation_(Paray-le-Monial)
Chapelle_de_la_Visitation_(Paray_Le_Monial)
Chapelle_de_la_Visitation_-_Espace_d'art_contemporain
Chapelle_de_la_Visitation_Sainte-Claire
Chapelle_de_la_Visitation_d'Avignon
Chapelle_de_la_Visitation_de_Besançon
Chapelle_de_la_Visitation_de_Nancy
Chapelle_de_la_Visitation_de_Nice
Chapelle_de_la_Visitation_du_Mans
Chapelle_de_la_Visitation_du_Puy-en-Velay
Chapelle_de_la_Vraie-Croix_de_Langroës
Chapelle_de_la_Vraie_Croix
Chapelle_de_la_Vraie_Croix_d'Erdeven
Chapelle_de_la_Vraie_Croix_de_La_Vraie-Croix
Chapelle_de_la_Véronique
Chapelle_de_la_carrière_de_Rouge-Maison
Chapelle_de_la_clinique_Sainte-Barbe_(Strasbourg)
Chapelle_de_la_clinique_Sainte-Barbe_de_Strasbourg
Chapelle_de_la_communauté_des_Soeurs_de_Marie_Réparatrice_(Strasbourg)
Chapelle_de_la_communauté_des_Sœurs_de_Marie_Réparatrice_(Strasbourg)
Chapelle_de_la_confrérie_des_Pénitents-Gris
Chapelle_de_la_congrégation_des_vignerons_de_Poligny
Chapelle_de_la_famille_Gadd
Chapelle_de_la_famille_Gonnet
Chapelle_de_la_famille_Nikolić_à_Sremski_Karlovci
Chapelle_de_la_famille_Pulai
Chapelle_de_la_forteresse_du_Mont-Valérien_de_Suresnes
Chapelle_de_la_maison_forte_de_Montherot_de_Balan_(Ain)
Chapelle_de_la_reine_Théodelinde
Chapelle_de_la_rue_du_Bac
Chapelle_de_la_sainte_croix
Chapelle_de_la_très_Sainte_Vierge_de_Luján
Chapelle_de_las_Almas
Chapelle_de_l’Ermite
Chapelle_de_l’Oratoire_(Nantes)
Chapelle_de_lՃtang_de_Bitche
Chapelle_de_l’Œuvre-du-Sacré-Cœur_de_Puteaux
Chapelle_de_procession
Chapelle_de_procession_Notre-Dame-de-Lourdes
Chapelle_de_procession_Sainte-Anne_de_Neuville_(Québec)
Chapelle_de_procession_de_Saint-Gervais
Chapelle_de_proscomidie
Chapelle_de_pèlerinage_Notre-Dame_du_Schauenberg
Chapelle_de_windsor
Chapelle_della_Visione_di_Sant'Ignazio_di_Loyola
Chapelle_des_Anges_du_Mesnil-en-Vallée
Chapelle_des_Angonnes
Chapelle_des_Annonciades_de_Pontarlier
Chapelle_des_Antonites
Chapelle_des_Antonites_(Mayence)
Chapelle_des_Aravis
Chapelle_des_Ayes
Chapelle_des_Barquets
Chapelle_des_Beaumes
Chapelle_des_Beaumes_(Pied-de-Borne)
Chapelle_des_Bernardines
Chapelle_des_Bois
Chapelle_des_Bourbons
Chapelle_des_Brigittines
Chapelle_des_Buis
Chapelle_des_Buis_(monument)
Chapelle_des_Calvairiennes_(Mayenne)
Chapelle_des_Capucins
Chapelle_des_Capucins_(Valence)
Chapelle_des_Carmes-Déchaussés
Chapelle_des_Carmes_(Rennes)
Chapelle_des_Carmes_de_Metz
Chapelle_des_Carmes_de_Rennes
Chapelle_des_Carmes_de_Saint-Claude
Chapelle_des_Carmélites
Chapelle_des_Carmélites_de_Dijon
Chapelle_des_Carmélites_de_Lectoure
Chapelle_des_Carmélites_de_Toulouse
Chapelle_des_Catéchismes
Chapelle_des_Chariottes
Chapelle_des_Chariottes_d'Arras
Chapelle_des_Chattrix
Chapelle_des_Cinq_Chemins
Chapelle_des_Clarisses_d'Azille
Chapelle_des_Comtes
Chapelle_des_Confins
Chapelle_des_Cordeliers
Chapelle_des_Cordeliers_(Clermont-Ferrand)
Chapelle_des_Cordeliers_(Valence)
Chapelle_des_Cordeliers_de_Sarrebourg
Chapelle_des_Cornillons_de_Pregny-Chambésy
Chapelle_des_Cuthbert
Chapelle_des_Dames_auxiliatrices
Chapelle_des_Diaconesses_(Strasbourg)
Chapelle_des_Dominicains_de_Braine-le-Comte
Chapelle_des_Dominicains_de_Viviers
Chapelle_des_Dormants
Chapelle_des_Ducs_de_Lorraine
Chapelle_des_Espagnols
Chapelle_des_Filles_de_la_Croix
Chapelle_des_Franciscaines_de_Rouen
Chapelle_des_Frères_hospitaliers_de_Saint-Jean-de-Dieu_de_Paris
Chapelle_des_Indiens_(Tadoussac)
Chapelle_des_Jésuites
Chapelle_des_Jésuites_(Québec)
Chapelle_des_Jésuites_d'Alençon
Chapelle_des_Jésuites_de_Cambrai
Chapelle_des_Jésuites_de_Metz
Chapelle_des_Jésuites_de_Québec
Chapelle_des_Jésuites_de_Saint-Omer
Chapelle_des_Lardières
Chapelle_des_Mages
Chapelle_des_Manents
Chapelle_des_Marins
Chapelle_des_Marins_(L'Islet)
Chapelle_des_Marins_(Séville)
Chapelle_des_Marins_de_Gatteville-le-Phare
Chapelle_des_Marins_de_Gonneville
Chapelle_des_Marins_de_Séville
Chapelle_des_Missions_de_Vichy
Chapelle_des_Missions_Étrangères
Chapelle_des_Missions_étrangères
Chapelle_des_Mouilles
Chapelle_des_Médicis
Chapelle_des_Neiges
Chapelle_des_Oblats
Chapelle_des_Oratoriens_de_Nevers
Chapelle_des_Parisiens
Chapelle_des_Parisiens_(Sainte-Baume)
Chapelle_des_Pazzi
Chapelle_des_Peux
Chapelle_des_Piliers
Chapelle_des_Piliers_du_Blanc
Chapelle_des_Plans
Chapelle_des_Princes
Chapelle_des_Pères_Blancs_de_Bry-sur-Marne
Chapelle_des_Pénitents
Chapelle_des_Pénitents_(Grimaud)
Chapelle_des_Pénitents_Blancs_des_Carmes
Chapelle_des_Pénitents_Blancs_du_Puy-en-Velay
Chapelle_des_Pénitents_Bleus_d'Aix-en-Provence
Chapelle_des_Pénitents_Noirs_(Villefranche-de-Rouergue)
Chapelle_des_Pénitents_blancs
Chapelle_des_Pénitents_blancs_(Sarlat-la-Canéda)
Chapelle_des_Pénitents_blancs_d'Aigues-Mortes
Chapelle_des_Pénitents_blancs_d'Aix-en-Provence
Chapelle_des_Pénitents_blancs_d'Alleins
Chapelle_des_Pénitents_blancs_d'Aubagne
Chapelle_des_Pénitents_blancs_d'Avignon
Chapelle_des_Pénitents_blancs_d'Utelle
Chapelle_des_Pénitents_blancs_de_Beuil
Chapelle_des_Pénitents_blancs_de_La_Tour
Chapelle_des_Pénitents_blancs_de_Lambesc
Chapelle_des_Pénitents_blancs_de_Marignane
Chapelle_des_Pénitents_blancs_de_Narbonne
Chapelle_des_Pénitents_blancs_de_Saint-Côme-d'Olt
Chapelle_des_Pénitents_blancs_de_Valréas
Chapelle_des_Pénitents_blancs_de_Villeneuve-sur-Lot
Chapelle_des_Pénitents_blancs_du_Saint-Esprit
Chapelle_des_Pénitents_bleus
Chapelle_des_Pénitents_bleus_(Sarlat-la-Canéda)
Chapelle_des_Pénitents_bleus_d'Aix-en-Provence
Chapelle_des_Pénitents_bleus_de_La_Ciotat
Chapelle_des_Pénitents_bleus_de_Luzech
Chapelle_des_Pénitents_bleus_de_la_Ciotat
Chapelle_des_Pénitents_d'Aniane
Chapelle_des_Pénitents_d'Yssingeaux
Chapelle_des_Pénitents_de_Fleury
Chapelle_des_Pénitents_de_Frontignan
Chapelle_des_Pénitents_de_Saint-Côme-d'Olt
Chapelle_des_Pénitents_de_Sainte-Roseline
Chapelle_des_Pénitents_de_la_Miséricorde
Chapelle_des_Pénitents_de_la_Présentation-de-Jésus-au-Temple_d'Abriès-Ristolas
Chapelle_des_Pénitents_gris
Chapelle_des_Pénitents_gris_d'Aigues-Mortes
Chapelle_des_Pénitents_gris_d'Aubagne
Chapelle_des_Pénitents_gris_de_Villeneuve-lès-Avignon
Chapelle_des_Pénitents_noirs
Chapelle_des_Pénitents_noirs_(Avignon)
Chapelle_des_Pénitents_noirs_(Marseille)
Chapelle_des_Pénitents_noirs_d'Aubagne
Chapelle_des_Pénitents_noirs_de_Briançon
Chapelle_des_Pénitents_noirs_de_Marseille
Chapelle_des_Pénitents_noirs_de_Villefranche-de-Rouergue
Chapelle_des_Pénitents_rouges
Chapelle_des_Pénitents_violets
Chapelle_des_Pénitents_violets_d'Avignon
Chapelle_des_Pétètes
Chapelle_des_Pêcheurs
Chapelle_des_Rosiers_de_Saint-Clémentin
Chapelle_des_Récollets_d'Apt
Chapelle_des_Récollets_de_Bollène
Chapelle_des_Saints-Apôtres_de_Bagnolet
Chapelle_des_Saints-Os
Chapelle_des_Scrovegni
Chapelle_des_Scrovegni_de_Padoue
Chapelle_des_Sœurs_Noires_de_Louvain
Chapelle_des_Sœurs_auxiliatrices
Chapelle_des_Sœurs_du_Bon_Pasteur_de_Balzan
Chapelle_des_Templiers
Chapelle_des_Templiers_(Clisson)
Chapelle_des_Templiers_(Laon)
Chapelle_des_Templiers_d'Aragnouet
Chapelle_des_Templiers_d'Avignon
Chapelle_des_Templiers_de_Comps-sur-Artuby
Chapelle_des_Templiers_de_Haneffe
Chapelle_des_Templiers_de_Metz
Chapelle_des_Templiers_de_Nouvion-et-Catillon
Chapelle_des_Templiers_de_Villecroze
Chapelle_des_Trois-Maries_de_Montsûrs
Chapelle_des_Trois-Étots_de_Cernoy
Chapelle_des_Ursules
Chapelle_des_Ursulines
Chapelle_des_Ursulines_(Ancenis)
Chapelle_des_Ursulines_(Angers)
Chapelle_des_Ursulines_(Ploërmel)
Chapelle_des_Ursulines_(Vannes)
Chapelle_des_Ursulines_d'Aix-en-Provence
Chapelle_des_Ursulines_de_Bormla
Chapelle_des_Ursulines_de_Ploërmel
Chapelle_des_Valois
Chapelle_des_Verreries_de_Goetzenbruck
Chapelle_des_Verreries_de_Gœtzenbruck
Chapelle_des_apparitions
Chapelle_des_brigittines
Chapelle_des_cordeliers
Chapelle_des_ducs_d'Alençon
Chapelle_des_ducs_d'Alençon_(Essay)
Chapelle_des_franciscaines
Chapelle_des_franciscaines_(Lille)
Chapelle_des_jésuites_anglais_de_Chèvremont
Chapelle_des_mages
Chapelle_des_marins_(Arcachon)
Chapelle_des_marins_de_Saint-Vaast-la-Hougue
Chapelle_des_martyrs
Chapelle_des_moines_de_Berzé-la-Ville
Chapelle_des_pénitents_blancs_de_Marignane
Chapelle_des_sœurs_Nevers
Chapelle_des_sœurs_de_l'Enfant_Jésus
Chapelle_des_sœurs_franciscaines_de_Bormla
Chapelle_des_verreries_de_goetzenbruck
Chapelle_des_Échets
Chapelle_des_Élus
Chapelle_des_Étrichets
Chapelle_des_Évêques_de_Toul
Chapelle_des_évêques_de_Saint-Donat-sur-l'Herbasse
Chapelle_des_évêques_de_Toul
Chapelle_doctrinale_de_Sora
Chapelle_dorée_(église_Saint-Gervais-Saint-Protais_de_Paris)
Chapelle_double_de_Schwarz-Rheindorf
Chapelle_du_Banquet
Chapelle_du_Beugnon
Chapelle_du_Blan_T'chfau
Chapelle_du_Bois-du-Rat
Chapelle_du_Bon-Pasteur_de_Chevilly-Larue
Chapelle_du_Bon-Pasteur_de_Clermont-Ferrand
Chapelle_du_Bon-Pasteur_de_Moulins
Chapelle_du_Bon-Pasteur_de_l'hôpital_Lesbazeilles
Chapelle_du_Bon_Air
Chapelle_du_Bon_Pasteur
Chapelle_du_Bon_Pasteur_de_Birżebbuġa
Chapelle_du_Bon_Pasteur_de_l’Hôpital_Lesbazeilles
Chapelle_du_Bon_Refuge_de_Saint-Jeoire
Chapelle_du_Bourg-d'En-Bas
Chapelle_du_Burnkirch
Chapelle_du_Bélian
Chapelle_du_Bélian_de_Mons
Chapelle_du_Calvaire
Chapelle_du_Calvaire_(Chambéry)
Chapelle_du_Calvaire_(Courcelles-sur-Vesle)
Chapelle_du_Calvaire_de_Castillon-en-Couserans
Chapelle_du_Calvaire_de_Montignies-sur-Sambre
Chapelle_du_Calvaire_de_Payzac
Chapelle_du_Cantal
Chapelle_du_Cap-Falcon
Chapelle_du_Cardinal_du_Portugal
Chapelle_du_Carmel
Chapelle_du_Carmel_(Séville)
Chapelle_du_Carmel_Sainte-Thérèse_de_Créteil
Chapelle_du_Carmel_de_Créteil
Chapelle_du_Carmel_de_Fontainebleau
Chapelle_du_Carmel_de_Séville
Chapelle_du_Chantelet
Chapelle_du_Chantelet_(Vieux-Genappe)
Chapelle_du_Chantelet_de_Vieux-Genappe
Chapelle_du_Charnier_de_Saint-Mard
Chapelle_du_Château_de_Laval
Chapelle_du_Châtelard
Chapelle_du_Chêne
Chapelle_du_Chêneau
Chapelle_du_Corpo_Santo_(Funchal)
Chapelle_du_Crucifix
Chapelle_du_Crucifix_d'Angers
Chapelle_du_Crucifix_de_Caunes-Minervois
Chapelle_du_Crucifix_du_Croisic
Chapelle_du_Fay_de_Sixt-Fer-à-Cheval
Chapelle_du_Flachis_(Orchimont)
Chapelle_du_Fort_du_Mont-Valérien_de_Suresnes
Chapelle_du_Fraisse
Chapelle_du_Genéteil
Chapelle_du_Genêteil
Chapelle_du_Grand-Séminaire-de-Montréal
Chapelle_du_Grand_Séminaire
Chapelle_du_Grand_Séminaire_de_Montréal
Chapelle_du_Grand_séminaire_de_Metz
Chapelle_du_Grolée
Chapelle_du_Hackenberg
Chapelle_du_Kreisker
Chapelle_du_Lazaro
Chapelle_du_Loc
Chapelle_du_Loc'h
Chapelle_du_Loch
Chapelle_du_MIT
Chapelle_du_Maquis_de_Brûly-de-Pesche
Chapelle_du_Maréchal_Randon
Chapelle_du_Merle
Chapelle_du_Mont-Joly
Chapelle_du_Mont-des-Alouettes
Chapelle_du_Mont_des_Alouettes
Chapelle_du_Monte_dei_Poveri
Chapelle_du_Palazzo_Ruffo_di_Bagnara
Chapelle_du_Palazzo_Troiano_Spinelli_di_Laurino
Chapelle_du_Paradis
Chapelle_du_Petit-Puy
Chapelle_du_Petit-Saint-Dié
Chapelle_du_Petit-Saint-Jean_de_Metz
Chapelle_du_Petit-Saint-Martin
Chapelle_du_Petit_Séminaire_de_Nice
Chapelle_du_Pinel
Chapelle_du_Plan_d'Ilheu
Chapelle_du_Puys_de_Dieppe
Chapelle_du_Père-Lachaise
Chapelle_du_Père-Éternel_d'Auray
Chapelle_du_Rat
Chapelle_du_Rohic
Chapelle_du_Rosaire
Chapelle_du_Rosaire_(La_Réunion)
Chapelle_du_Rosaire_de_Vence
Chapelle_du_Rouet
Chapelle_du_Sacré-Cœur
Chapelle_du_Sacré-Cœur-au-Bois-Clary
Chapelle_du_Sacré-Cœur-de-Jésus_de_Marsa
Chapelle_du_Sacré-Cœur_(Vichy)
Chapelle_du_Sacré-Cœur_d'Aiguilles
Chapelle_du_Sacré-Cœur_de_Bitche
Chapelle_du_Sacré-Cœur_de_Fontainebleau
Chapelle_du_Sacré-Cœur_de_Jésus_à_Vaasa
Chapelle_du_Sacré-Cœur_de_Malakoff
Chapelle_du_Sacré-Cœur_des_Feuillants
Chapelle_du_Saint-Coeur-de-Marie_de_Gap
Chapelle_du_Saint-Crucifix_de_Cordes-sur-Ciel
Chapelle_du_Saint-Cœur-de-Marie_de_Gap
Chapelle_du_Saint-Cœur_à_Helsinki
Chapelle_du_Saint-Esprit
Chapelle_du_Saint-Esprit_(Angermünde)
Chapelle_du_Saint-Esprit_d'Auray
Chapelle_du_Saint-Esprit_de_Noisy-le-Sec
Chapelle_du_Saint-Esprit_de_Rue
Chapelle_du_Saint-Pilon
Chapelle_du_Saint-Suaire
Chapelle_du_Saint-Sépulcre_de_Beaumont-du-Ventoux
Chapelle_du_Saint-Sépulcre_de_Belpech
Chapelle_du_Saint-Sépulcre_de_Nice
Chapelle_du_Saint-Sépulcre_de_Saint-Restitut
Chapelle_du_Santo_Niño_del_Remedio
Chapelle_du_Saulce
Chapelle_du_Saulce-d'Island
Chapelle_du_Schaefertal
Chapelle_du_Souvenir_(Flers)
Chapelle_du_Souvenir_et_lanterne_des_morts_de_Cerny-en-Laonnois
Chapelle_du_Triolet
Chapelle_du_Tronchy
Chapelle_du_Try-au-Chêne
Chapelle_du_Très-Saint-Sacrement_d'Anvers
Chapelle_du_Très_Saint_Sacrement_d'Anvers
Chapelle_du_Valentin
Chapelle_du_Verbe_Incarné
Chapelle_du_Verbe_Incarné_(Avignon)
Chapelle_du_Verger
Chapelle_du_Vieux-Astre
Chapelle_du_Vieux-Bourg_de_Saint-Sulpice-des-Landes
Chapelle_du_Vieux-Moûtier
Chapelle_du_Vieux_Bourg
Chapelle_du_Volto_Santo_di_Gesù_Cristo
Chapelle_du_camp_de_La_Valbonne
Chapelle_du_château_de_Chambord
Chapelle_du_château_de_Cruzille
Chapelle_du_château_de_Fontenay
Chapelle_du_château_de_Laval
Chapelle_du_château_de_Pont-l'Abbé
Chapelle_du_château_de_Versailles
Chapelle_du_château_à_Lubin
Chapelle_du_cimetière_d'Amanzé
Chapelle_du_cimetière_de_Bellevaux
Chapelle_du_cimetière_de_Cour-Saint-Maurice
Chapelle_du_cimetière_de_Paattionlehto
Chapelle_du_cimetière_de_Saint-Florent-le-Vieil
Chapelle_du_cimetière_de_Steige
Chapelle_du_cimetière_du_Mesnil-en-Vallée
Chapelle_du_collège_Buvignier
Chapelle_du_collège_Stella_Maris_de_Gżira
Chapelle_du_collège_des_Jésuites_d'Eu
Chapelle_du_collège_des_Jésuites_de_Maubeuge
Chapelle_du_collège_des_Oratoriens_de_Dieppe
Chapelle_du_couvent_de_la_rue_Rideau
Chapelle_du_couvent_des_Brises
Chapelle_du_couvent_des_Dominicains_de_Nancy
Chapelle_du_domaine_de_Bel-Air
Chapelle_du_domaine_de_Lachar
Chapelle_du_lycée_Ambroise-Paré
Chapelle_du_lycée_Lebrun_de_Coutances
Chapelle_du_lycée_Saint-Caprais
Chapelle_du_lycée_du_Sacré-Cœur_d'Amiens
Chapelle_du_mont_Joly
Chapelle_du_mont_des_Alouettes
Chapelle_du_prieuré_Saint-Grégoire_de_Rungis
Chapelle_du_prieuré_Saint-Mesmin
Chapelle_du_saint-Coeur_à_Helsinki
Chapelle_du_tsarévitch_Nicolas_Alexandrovitch
Chapelle_en_bois_de_la_Sainte-Parascève_de_Sepci
Chapelle_et_couvent_des_Dominicains_de_Braine-le-Comte
Chapelle_et_enceinte_fortifiée_de_Loré
Chapelle_expiatoire
Chapelle_expiatoire_du_Champ-des-Martyrs
Chapelle_extérieure_du_Séminaire_de_Québec
Chapelle_fortifiée
Chapelle_frairienne
Chapelle_française_de_Soest
Chapelle_funéraire
Chapelle_funéraire_Louis-Joseph-Papineau
Chapelle_funéraire_Montour-Malhiot
Chapelle_funéraire_de_Chambon-sur-Lac
Chapelle_funéraire_de_Dampierre
Chapelle_funéraire_de_Jules_Hunebelle
Chapelle_funéraire_de_Stevan_Dimitrijević_à_Aleksinac
Chapelle_funéraire_de_la_famille_Bellemère
Chapelle_funéraire_de_la_famille_Hériot
Chapelle_funéraire_de_la_famille_Joseph_Bellemère
Chapelle_funéraire_de_la_famille_Laborde
Chapelle_funéraire_de_la_famille_Le_Cosquinot
Chapelle_funéraire_de_la_famille_Muller
Chapelle_funéraire_de_la_famille_Thouin
Chapelle_funéraire_des_Berghes
Chapelle_funéraire_des_Ducs_de_Lorraine
Chapelle_funéraire_des_Longaulnay
Chapelle_funéraire_des_Longaunay
Chapelle_gothique
Chapelle_historique_du_Bon-Pasteur
Chapelle_impériale
Chapelle_impériale_d'Ajaccio
Chapelle_impériale_de_Biarritz
Chapelle_inférieure_de_l'Assomption_de_La_Brigue
Chapelle_inférieure_de_l'Assomption_de_la_Brigue
Chapelle_international
Chapelle_majeure
Chapelle_monolithe_Saint-Georges_de_Gurat
Chapelle_monolithe_de_Caudon
Chapelle_mortuaire
Chapelle_musicale_Reine-Élisabeth
Chapelle_musicale_Reine_Elisabeth
Chapelle_musicale_Reine_Élisabeth
Chapelle_octogonale_de_Marcq-en-Barœul
Chapelle_palatiale
Chapelle_palatine
Chapelle_palatine_d'Aix-la-Chapelle
Chapelle_palatine_de_Palerme
Chapelle_palatine_d’Aix-la-Chapelle
Chapelle_protestante_de_Ville-d'Avray
Chapelle_páez_San_Andrés_de_Pisimbalá
Chapelle_páez_Togoima
Chapelle_rayonnante
Chapelle_romane
Chapelle_romane_(ancienne)_sur_le_chemin_de_Consigny_à_Clinchamp
Chapelle_romane_de_Vieuxville
Chapelle_rouge
Chapelle_rouge_(Karnak)
Chapelle_royale
Chapelle_royale_(Ancien_Régime)
Chapelle_royale_(Royaume-Uni)
Chapelle_royale_(ancien_régime)
Chapelle_royale_Christ_Church
Chapelle_royale_de_Dreux
Chapelle_royale_de_Grenade
Chapelle_royale_de_Madrid
Chapelle_royale_de_Milot
Chapelle_royale_de_Pyrga
Chapelle_royale_de_Pyrgá
Chapelle_royale_de_Saint-Pierre-aux-Liens
Chapelle_royale_de_Saint_Pierre_aux_liens
Chapelle_royale_de_Versailles
Chapelle_royale_du_Château_de_Versailles
Chapelle_royale_du_château_de_Versailles
Chapelle_rupestre_Saint-Jean-Baptiste
Chapelle_rupestre_de_Saint-Trophime
Chapelle_russe_de_Bad_Homburg
Chapelle_russe_de_Darmstadt
Chapelle_saint-Herbot
Chapelle_saint_Herbot
Chapelle_saint_Séraphin_de_Sarov
Chapelle_saint_Wendelin
Chapelle_seigneuriale_de_Boussu
Chapelle_seigneuriale_de_Favières
Chapelle_sixtine
Chapelle_supérieure_de_l'Annonciation_de_La_Brigue
Chapelle_sur_erdre
Chapelle_templière
Chapelle_templière_de_Bar-sur-Aube
Chapelle_templière_de_Clisson
Chapelle_templière_de_Limerzel
Chapelle_templière_de_Magrigne
Chapelle_templière_de_Nouvion-et-Catillon
Chapelle_templière_de_Saint-Aubin-des-Châteaux
Chapelle_templière_de_la_Coëfferie
Chapelle_troglodyte_de_Rochecorbon
Chapelle_troglodyte_de_l'Écheneau
Chapelle_à_la_mer
Chapelle_œcuménique_de_Turku
Chapellenie
Chapellerie
Chapellerie_et_charcuterie_mécanique
Chapellerie_et_charcuterie_mécaniques
Chapelles
Chapelles_Médicis
Chapelles_Rayonnantes
Chapelles_San_Lorenzo_in_Palatio_et_Sancta_Sanctorum
Chapelles_dans_le_Bajsko_groblje_à_Subotica
Chapelles_des_Médicis
Chapelles_et_oratoires_du_Nord_et_du_Pas-de-Calais
Chapelles_rayonnantes
Chapellier
Chapellier_Fou
Chapellier_fou
Chapelloise
Chapelon
Chapelon_(homonymie)
Chapelure
Chapelure_japonaise
Chapelure_panko
Chapelwaite
Chapendu
Chaper
Chaperina
Chaperina_basipalmata
Chaperina_beyeri
Chaperina_ceratophthalmus
Chaperina_friedericii
Chaperina_fusca
Chaperina_macrorhyncha
Chaperina_polysticta
Chaperina_punctata
Chaperina_quatuorlobata
Chaperina_visaya
Chaperininae
Chaperon
Chaperon_(architecture)
Chaperon_(couvre-chef)
Chaperon_(faction)
Chaperon_(sport)
Chaperon_rouge
Chaperonine
Chapery
Chapet
Chapey
Chaph
Chaphamandau
Chapi
Chapi-Chapo
Chapi_Chapo
Chapi_Chapo_&_les_petites_musiques_de_pluie
Chapi_Chapo_et_les_petites_musiques_de_pluie
Chapi_Kaziev
Chapias
Chapicuy
Chapignon
Chapin
Chapin_(Illinois)
Chapin_Mesa_Archeological_Museum
Chapin_Mesa_Lookout
Chapin_Mesa_Museum
Chapinero
Chapinería
Chapingo
Chapinophis
Chapinophis_xanthocheilus
Chapiron
Chapisme
Chapiteau
Chapiteau_(Architecture)
Chapiteau_(Cirque)
Chapiteau_(architecture)
Chapiteau_(cirque)
Chapiteau_Hathorique
Chapiteau_aux_lions_d'Ashoka
Chapiteau_de_Sarnath
Chapiteau_de_l'histoire_de_Job
Chapiteau_de_l'histoire_de_Job_de_la_basilique_de_la_Daurade
Chapiteau_de_l'histoire_de_Job_de_la_basilique_de_la_Daurade_(Toulouse)
Chapiteau_hathorique
Chapiteau_à_feuilles_d'eau
Chapiteaux
Chapitre
Chapitre.com
Chapitre_(Marseille)
Chapitre_(Religion)
Chapitre_(confrérie)
Chapitre_(enseigne_culturelle)
Chapitre_(religion)
Chapitre_11_de_la_loi_sur_les_faillites_des_États-Unis
Chapitre_27
Chapitre_7
Chapitre_ATA
Chapitre_De_Chanoines
Chapitre_Final
Chapitre_Final_(Jason_IV)
Chapitre_Général
Chapitre_Hebdomadaire
Chapitre_Saint-Adalbert
Chapitre_Saint-Thomas_de_Strasbourg
Chapitre_VII_de_la_Charte_de_l'ONU
Chapitre_VII_de_la_Charte_des_Nations_Unies
Chapitre_VII_de_la_Charte_des_Nations_unies
Chapitre_canonial
Chapitre_cathedral_de_rodez
Chapitre_cathédral
Chapitre_cathédral_de_Lyon
Chapitre_cathédral_de_Rodez
Chapitre_collégial
Chapitre_conventuel
Chapitre_conventuel_de_l'ordre_de_Saint-Jean_de_Jérusalem
Chapitre_conventuel_hospitalier
Chapitre_d'Anderlecht
Chapitre_d'Épinal
Chapitre_de_Carrouges
Chapitre_de_Chanoines
Chapitre_de_Mayence
Chapitre_de_Poussay
Chapitre_de_Québec
Chapitre_de_Saint-Adalbert
Chapitre_de_Saint-Bavon
Chapitre_de_Saint-Denis
Chapitre_de_Saint-Goery
Chapitre_de_Saint-Jean
Chapitre_de_Saint-Jean_(Lyon)
Chapitre_de_Saint-Julien_(Brioude)
Chapitre_de_Saint-Lambert
Chapitre_de_Saint-Merri
Chapitre_de_Saint-Thomas
Chapitre_de_Salles-Arbuissonnas-en-Beaujolais
Chapitre_de_Troyes
Chapitre_de_chanoines
Chapitre_de_la_fondation_Saint-Thomas
Chapitre_de_religieux
Chapitre_des_Chanoinesses_de_Maubeuge
Chapitre_deux
Chapitre_du_Dorat
Chapitre_final
Chapitre_general
Chapitre_général
Chapitre_général_cistercien
Chapitre_général_de_l'ordre_de_Saint-Jean_de_Jérusalem
Chapitre_général_de_l'ordre_du_Temple
Chapitre_général_de_l’ordre_du_Temple
Chapitre_hebdomadaire
Chapitre_hospitalier
Chapitre_impérial_de_Saint-Denis
Chapitre_macabre
Chapitre_prieural
Chapitre_prieural_de_l'ordre_de_Saint-Jean_de_Jérusalem
Chapitre_prieural_hospitalier
Chapitre_provincial
Chapitre_provincial_de_l'ordre_de_Saint-Jean_de_Jérusalem
Chapitres_De_Bleach
Chapitres_Space_Marines_(Warhammer_40000)
Chapitres_de_Bleach
Chapitres_de_Dragon_Quest_:_La_Quête_de_Daï
Chapitres_de_Nodame_Cantabile
Chapitres_de_Paix
Chapitres_de_bleach
Chapitres_de_chanoines
Chapitres_et_épisodes_de_Hunter_×_Hunter
Chapitres_généraux
Chapitres_space_marines_(warhammer_40000)
Chapitres_tournés_en_tous_sens
Chapitô
Chapka
Chaplain
Chaplain's_Medal_For_Heroism
Chaplain's_Medal_for_Heroism
Chaplain's_medal_for_heroism
Chaplain_Olivier
Chaplan
Chapleau
Chapleau_(Ontario)
Chapleau_(ancienne_circonscription_fédérale)
Chapleau_(circonscription_provinciale)
Chaplembert
Chaplet
Chaplin
Chaplin's_World
Chaplin_&_co
Chaplin_(Connecticut)
Chaplin_(Nouvelle-Écosse)
Chaplin_(film)
Chaplin_(film,_1992)
Chaplin_(homonymie)
Chaplin_Charlie
Chaplin_and_Co
Chaply
Chaplygin
Chaplygina
Chaplynka
Chapman
Chapman's_Peak
Chapman's_Peak_Drive
Chapman_&_Hall
Chapman_(Alabama)
Chapman_(Gélose_De)
Chapman_(Gélose_de)
Chapman_(Kansas)
Chapman_(Maine)
Chapman_(Pennsylvanie)
Chapman_(gélose_de)
Chapman_Grant
Chapman_Kitchen
Chapman_Stick
Chapman_To
Chapman_Township
Chapman_Township_(Pennsylvanie)
Chapman_University
Chapman_and_Hall
Chapman_stick
Chapman_university
Chapmannia
Chapmanville
Chapni
Chapo
Chapochnikov
Chapochnikova
Chapoda
Chapoda_festiva
Chapois
Chapois_(Belgique)
Chapois_(Gosselies)
Chapois_(Jura)
Chapoly
Chapoma_(fleuve)
Chapon
Chapon-Seraing
Chapon_(homonymie)
Chapon_(pain_à_l'ail)
Chapon_de_Bresse
Chapon_de_Gascogne
Chapon_de_pintade
Chapon_du_Périgord
Chaponnage
Chaponnay
Chaponne
Chaponost
Chapora
Chapora_(fleuve)
Chapora_(rivière)
Chapora_Beach
Chaporouge
Chaporouges
Chapot
Chapote
Chapottín
Chapouillet
Chapoulie
Chapour
Chapour_(fils_de_Chapour_de_Mésène)
Chapour_Bakhtiar
Chapour_Baktiar
Chapour_II
Chapour_III
Chapour_IV
Chapour_Ier
Chapour_de_Mésène
Chapour_de_Perse
Chapouthier
Chapoutot
Chapovalov
Chapovalova
Chappal_Waddi
Chappaqua
Chappaqua_(1966)
Chappaqua_(New_York)
Chappaqua_(film)
Chappaqua_1966
Chappaquiddick
Chappaquiddick_(film)
Chappaquiddick_(film))
Chappatte
Chappaz
Chappe
Chappe_&_Gessalin
Chappe_(Sacre_des_Rois)
Chappe_(cratère)
Chappe_(vêtement)
Chappe_L'aîné
Chappe_et_Gessalin
Chappe_l'aîné
Chappedelaine
Chappel
Chappel_Tséten_Püntsok
Chappell
Chappell-Hadlee_Trophy
Chappelle
Chappelle's_Show
Chappelle_Show
Chappes
Chappes_(Allier)
Chappes_(Ardennes)
Chappes_(Aube)
Chappes_(Puy-de-Dome)
Chappes_(Puy-de-Dôme)
Chappey
Chappi
Chappie
Chappot
Chappottín
Chappuis
Chappuys
Chappy
Chappée
Chapra
Chaprais
Chapre
Chapron
Chaps
Chaps_(vêtement)
Chapsa_kalbii
Chapsal
Chapska
Chapsoug
Chapsough
Chapsoughs
Chapsougs
Chapstick_lesbian
Chaptal
Chaptal_(lycée)
Chaptalisation
Chaptelat
Chapter_24
Chapter_322
Chapter_4
Chapter_Chaos_Begins
Chapter_Four
Chapter_One:_Greatest_Hits
Chapter_Two
Chapter_V
Chapter_V:_Unbent,_Unbowed,_Unbroken
Chapter_VI
Chapter_V_:_Unbent,_Unbowed,_Unbroken
Chapter_and_Verse
Chapter_and_Verse_(album_de_Bruce_Springsteen)
Chapter_and_Verse_(album_de_Funeral_for_a_Friend)
Chapteuil
Chaptuzat
Chapu
Chapuhr_Ier
Chapuis
Chapuis-Dornier
Chapuis_Armes
Chapuisat
Chapuissières
Chapulin
Chapulines
Chapuller
Chapultenango
Chapultepec
Chapultepec_(homonymie)
Chapultepec_(métro_de_Mexico)
Chapultepec_(État_de_Mexico)
Chapultepec_Uno
Chapulín
Chapungu_United
Chapungu_United_FC
Chapungu_United_Football_Club
Chapus
Chaput
Chapuy
Chapéry
Chapéu_de_coro
Chapéu_de_couro
Chapître_de_Saint-Lambert
Chapô
Chapô_(Journalisme)
Chapô_(journalisme)
Chaqlawa
Chaqra
Chaque_Jour_Est_Un_Arbre_Qui_Tombe
Chaque_Jour_Est_Un_Long_Chemin
Chaque_chose_en_son_temps
Chaque_femme_est_un_roman
Chaque_jour_a_son_secret
Chaque_jour_est_un_arbre_qui_tombe
Chaque_jour_est_un_long_chemin
Chaque_jour_est_un_long_chemin_(chanson)
Chaque_jour_est_une_fête
Chaque_jour_que_Dieu_fait
Chaque_mercredi
Chaque_minute_compte
Chaque_pas_doit_être_un_but
Chaque_soir_à_neuf_heures
Chaque_victoire_a_un_prix
Chaquesia
Chaquesia_guaranitica
Chaquetilla
Chaqueño_Palavecino
Chaquitaclla
Char
Char's_Counterattack
Char_(Antiquité)
Char_(Antiquité_et_Protohistoire)
Char_(Géorgien)
Char_(georgien)
Char_(géorgien)
Char_(homonymie)
Char_40M_Nimrod
Char_58
Char_61
Char_65
Char_68
Char_7TP
Char_A7V
Char_AMX-30
Char_AMX_30
Char_AMX_Leclerc
Char_ARL_44
Char_Adhyay
Char_Al_Khalid
Char_Altay_T1
Char_Ansaldo_P.43
Char_Ansaldo_P26/40
Char_Ariete
Char_Ariete_C1
Char_Arjun
Char_Aznable
Char_B
Char_B1
Char_B1_bis
Char_BT
Char_BT-2
Char_BT-5
Char_BT-7
Char_Batignolles-Châtillon
Char_Bishop
Char_Bren_Carrier
Char_Buffle
Char_CV-33
Char_Centurion
Char_Challenger_2
Char_Charype_98
Char_Cheftain
Char_Cherbourg
Char_Chieftain
Char_Churchill
Char_Cromwell
Char_Crusader
Char_D'Albert_Et_Isabelle
Char_D'albert_Et_Isabelle
Char_D'assaut
Char_D.W.2_(Durchbruchswagen_2)
Char_D1
Char_D2
Char_DW2
Char_Davies
Char_De_Bataille
Char_De_Combat
Char_De_L'agriculture
Char_De_L'horticulture
Char_De_La_Navigation
Char_De_La_Seconde_Guerre_Mondiale
Char_De_La_Ville
Char_Des_9_Provinces
Char_Des_Etats_Provinciaux
Char_Des_Sables
Char_Des_États_Provinciaux
Char_Du_Tsar
Char_EE-11_Urutu
Char_EE-T1_Osório
Char_FCM_2C
Char_FCM_36
Char_FT-17
Char_Fasson
Char_Ferdinand
Char_Fiat_2000
Char_Fiat_3000
Char_Fiat_L6/40
Char_Fiat_M11/39
Char_Fiat_M13/40
Char_Fiat_M14/41
Char_Fiat_M15/42
Char_Hotchkiss_H_35
Char_Hotchkiss_H_38
Char_Hotchkiss_H_39
Char_IS-1
Char_IS-2
Char_IS-3
Char_Iosef_Stalin
Char_JS-3
Char_Josef_Stalin
Char_K1
Char_K1A1
Char_KV-1
Char_KV-2
Char_KV-85
Char_Khooneh
Char_Kliment_Voroshilov
Char_Königstiger
Char_L6/40
Char_LT-35
Char_LT-38
Char_Lebedenko
Char_Leclerc
Char_Leopard
Char_Leopard_1
Char_Leopard_2
Char_Léger
Char_Léopard
Char_Léopard_1
Char_Léopard_2
Char_M-46_Patton
Char_M-48
Char_M-60
Char_M-84
Char_M-95_Degman
Char_M1
Char_M13/40
Char_M14/41
Char_M15/42
Char_M18_Hellcat
Char_M1_Abrams
Char_M2
Char_M22_Locust
Char_M24_Chaffee
Char_M26_Pershing
Char_M36_Jackson
Char_M3_Lee
Char_M3_Stuart
Char_M41_Walker_Bulldog
Char_M46_Patton
Char_M47
Char_M47_Patton
Char_M48
Char_M48_Patton
Char_M4_Sherman
Char_M551_Sheridan
Char_M6
Char_M60
Char_M60_Patton
Char_M67
Char_M88
Char_Magach
Char_Magah
Char_Marathon
Char_Margolis
Char_Mark_I
Char_Mark_II
Char_Mark_III
Char_Mark_IV
Char_Mark_V
Char_Mark_VIII
Char_Matilda
Char_Maus
Char_Merkava
Char_Moyen
Char_OF-40
Char_OTO_Melara_OF-40
Char_Olifant
Char_Otomat_et_Milas_OF-40
Char_P.43
Char_P26/40
Char_PT-76
Char_Panther
Char_Piya
Char_Piya_et_Thengar_Char
Char_Rajibpur
Char_Ram
Char_Ramsès_II
Char_Renault_AMC_35
Char_Renault_AMR_33
Char_Renault_B1
Char_Renault_Char_B1
Char_Renault_FT
Char_Renault_FT-17
Char_Renault_R-35
Char_Renault_R35
Char_Renault_R_35
Char_Renault_R_40
Char_Saint-Chamond
Char_Saint_Chamond
Char_Schneider_CA1
Char_Sentinel
Char_Sherman
Char_Solaire_De_Trundholm
Char_Somua_S-35
Char_St._Chamond
Char_Staline
Char_Stridsvagn_122
Char_StuG_III
Char_StuG_IV
Char_Stuart
Char_T-10
Char_T-13
Char_T-15
Char_T-18
Char_T-19
Char_T-24
Char_T-26
Char_T-28
Char_T-34
Char_T-35
Char_T-37
Char_T-38
Char_T-40
Char_T-44
Char_T-50
Char_T-54
Char_T-55
Char_T-60
Char_T-62
Char_T-64
Char_T-70
Char_T-72
Char_T-80
Char_T-84
Char_T-90
Char_T13
Char_T15
Char_T28
Char_Tetrarch
Char_Tigre
Char_Tigre2
Char_Tigre_de_Vimoutiers
Char_Toldi
Char_Turan
Char_Type_10
Char_Type_59
Char_Type_63
Char_Type_69/79
Char_Type_74
Char_Type_89
Char_Type_90
Char_Type_97_Chi-Ha
Char_Type_98
Char_Type_99
Char_Valentine
Char_Vickers
Char_Vickers_6-Ton
Char_Whippet
Char_a_voile
Char_amx_30
Char_blindé
Char_challenger_2
Char_charype_98
Char_churchill
Char_d'Albert_et_Isabelle
Char_d'albert_et_isabelle
Char_d'assaut
Char_d'assaut_(Léonard_de_Vinci)
Char_d'infanterie
Char_d'infanterie_Mk_III_Valentine
Char_de_Combat
Char_de_Dépannage_DNG/DCL
Char_de_Monteleone
Char_de_Strettweg
Char_de_bataille
Char_de_bataille_de_40_tonnes
Char_de_bataille_principal
Char_de_cavalerie
Char_de_combat
Char_de_combat_principal
Char_de_déminage
Char_de_dépannage
Char_de_dépannage_DNG/DCL
Char_de_guerre
Char_de_l'Agriculture
Char_de_l'Horticulture
Char_de_l'agriculture
Char_de_l'horticulture
Char_de_la_Navigation
Char_de_la_Ville
Char_de_la_navigation
Char_de_la_seconde_guerre_mondiale
Char_de_la_ville
Char_de_l’agriculture
Char_de_l’horticulture
Char_de_marathon
Char_de_rupture
Char_des_9_provinces
Char_des_Etats_provinciaux
Char_des_etats_provinciaux
Char_des_sables
Char_des_États_provinciaux
Char_des_états_provinciaux
Char_du_Soleil
Char_du_Tsar
Char_du_génie
Char_du_soleil
Char_du_tsar
Char_d’Albert_et_Isabelle
Char_d’assaut
Char_etrusque
Char_fcm_36
Char_ferdinand
Char_funèbre_de_Louis_XVIII
Char_hotchkiss_h_35
Char_hotchkiss_h_38
Char_hotchkiss_h_39
Char_kway_teow
Char_lance-flammes
Char_lebedenko
Char_leopard_1
Char_leopard_2
Char_lourd
Char_lourd_IS-3
Char_lourd_JS-3
Char_lourd_M103
Char_lourd_m103
Char_léger
Char_léger_AMX_13_canon_de_75_et_90
Char_léger_Mk_VII_Tetrarch
Char_léger_Type_95_Ha-Go
Char_marathon
Char_montre-sud
Char_moyen
Char_pontonnier_68
Char_pontonnier_Iguane
Char_principal_de_bataille
Char_rapide
Char_renault_r_35
Char_réclame
Char_siG33
Char_siu
Char_solaire
Char_solaire_de_Trundholm
Char_solaire_de_trundholm
Char_staline
Char_stridsvagn_122
Char_super-lourd
Char_type_59
Char_type_63
Char_type_90
Char_type_98
Char_type_99
Char_volant
Char_À_Cerf-volant
Char_À_Voile
Char_Étrusque
Char_à_bancs
Char_à_boeufs
Char_à_bœufs
Char_à_cerf-volant
Char_à_glace
Char_à_voile
Char_étrusque
Chara
Chara-design
Chara_(algue)
Chara_(artiste)
Chara_(cheval)
Chara_(ville)
Chara_(étoile)
Chara_Design
Chara_Sands
Chara_braunii
Chara_design
Chara_fragilis
Chara_globularis
Chara_vulgaris
Charabot
Charabot_(entreprise)
Characeae
Characene
Charachar
Charachka
Characidae
Characidium
Characidé
Characidés
Characiformes
Characin_pic
Characin_à_longues_nageoires
Characins
Characodon
Characodon_lateralis
Characoma_stictigrapta
Character
Character_(Album)
Character_(album)
Character_(film)
Character_Design
Character_Designer
Character_Library
Character_and_Morality_in_Entertainment_Awards
Character_design
Character_designer
Character_large_object
Character_song
Character_user_interface
Characteristic_March
Characteristica_universalis
Characters
Characène
Characée
Characées
Charadai
Charade
Charade_(SoulCalibur)
Charade_(album)
Charade_(film,_1953)
Charade_(film,_1963)
Charade_(film,_1984)
Charade_(homonymie)
Charadrahyla
Charadrahyla_altipotens
Charadrahyla_chaneque
Charadrahyla_juanitae
Charadrahyla_nephila
Charadrahyla_pinorum
Charadrahyla_taeniopus
Charadrahyla_tecuani
Charadrahyla_trux
Charadriformes
Charadrii
Charadriidae
Charadriidae_(Sibley)
Charadriidé
Charadriidés
Charadriiforme
Charadriiformes
Charadriinae
Charadrius
Charadrius_Alexandrinus
Charadrius_Dubius
Charadrius_Hiaticula
Charadrius_Melodus
Charadrius_Montanus
Charadrius_Morinellus
Charadrius_Sanctaehelena
Charadrius_Semipalmatus
Charadrius_Vociferus
Charadrius_Wilsonia
Charadrius_alexandrinus
Charadrius_alticola
Charadrius_apricarius
Charadrius_asiaticus
Charadrius_australis
Charadrius_bicinctus
Charadrius_collaris
Charadrius_cursor
Charadrius_dubius
Charadrius_elegans
Charadrius_falklandicus
Charadrius_forbesi
Charadrius_hiaticula
Charadrius_javanicus
Charadrius_leschenaultii
Charadrius_marginatus
Charadrius_melodus
Charadrius_modestus
Charadrius_mongolus
Charadrius_montanus
Charadrius_morinellus
Charadrius_nivosus
Charadrius_novaeseelandiae
Charadrius_obscurus
Charadrius_obscurus_obscurus
Charadrius_pallidus
Charadrius_pecuarius
Charadrius_peronii
Charadrius_placidus
Charadrius_pluvialis
Charadrius_rubricollis
Charadrius_ruficapillus
Charadrius_sanctaehelena
Charadrius_sanctaehelenae
Charadrius_semipalmatus
Charadrius_thoracicus
Charadrius_tricollaris
Charadrius_veredus
Charadrius_vociferus
Charadrius_wilsonia
Charaf_(Marrakech)
Charaf_Rachidov
Charaf_ad-Dawla_Chirzil
Charafat_Afilal
Charafeddine_Rhourdmani
Charafoutdinov
Charagma
Charagne_commune
Charagua
Charaka
Charaka_Samhita
Charakan
Charal
Charal_(IMOCA)
Charal_(homonymie)
Charal_(trimaran)
Charala
Charalambos-Stavros_Kondonis
Charalambos_Apostolidis
Charalambos_Athanasiou
Charalambos_Cholidis
Charalambos_D._Aliprantis
Charalambos_Holidis
Charalambos_Pachis
Charalambos_Papadias
Charalambos_de_Magnésie
Charalampe_de_Magnésie
Charalampos_De_Magnésie
Charalampos_Kastrantas
Charalampos_Kyriakou
Charalampos_Mavrias
Charalampos_Xanthopoulos
Charalampos_de_Magnesie
Charalampos_de_Magnésie
Charalampos_de_magnésie
Charales
Charallave
Charallave_(Venezuela)
Charallave_(paroisse_civile)
Charalá
Charalámbos_Perroúkas
Charam-Charam
Charan
Charan_Pahul
Charan_Singh
Charanchi
Charancieu
Charancin
Charancon
Charancon_de_l'agave
Charancon_du_ble
Charancon_du_coton
Charancon_du_riz
Charancon_rouge_des_palmiers
Charanda
Charang
Charanga
Charanga_Habanera
Charango
Charango_(Morcheeba)
Charango_(Yannick_Noah)
Charango_(album)
Charango_(album_de_Morcheeba)
Charango_(album_de_Yannick_Noah)
Charango_(homonymie)
Charantonnay
Charançon
Charançon_Des_Noisettes
Charançon_Du_Blé
Charançon_Du_Coton
Charançon_Rouge_Des_Palmiers
Charançon_Rouge_des_Palmiers
Charançon_américain_du_prunier
Charançon_andin_de_la_pomme_de_terre
Charançon_argentin_des_tiges
Charançon_de_l'Agave
Charançon_de_l'agave
Charançon_de_l'ortie
Charançon_de_la_betterave
Charançon_de_la_capsule_du_cotonnier
Charançon_de_la_carotte
Charançon_de_la_fleur_du_pommier
Charançon_de_la_graine_du_manguier
Charançon_de_la_mangue
Charançon_de_la_patate_douce
Charançon_de_la_prune
Charançon_de_la_tige_du_chou
Charançon_de_la_tige_du_colza
Charançon_des_carottes
Charançon_des_feuilles_du_trèfle
Charançon_des_noisettes
Charançon_du_bananier
Charançon_du_blé
Charançon_du_chou
Charançon_du_coton
Charançon_du_cotonnier
Charançon_du_hêtre
Charançon_du_maïs
Charançon_du_melon
Charançon_du_noyau_de_la_mangue
Charançon_du_pois
Charançon_du_riz
Charançon_du_saule
Charançon_foreur_du_pseudo-tronc_du_bananier
Charançon_gallicole_du_chou
Charançon_girafe
Charançon_noir_de_la_vigne
Charançon_noir_du_bananier
Charançon_palmiste
Charançon_postiche_de_la_luzerne
Charançon_rayé_du_pois
Charançon_rouge_des_palmiers
Charançon_rouge_du_palmier
Charançon_vert_pâle
Charançon_vert_soyeux
Charançon_à_deux_bandes_transverses
Charançon_à_écailles_vertes
Charançons
Charapan
Chararic
Chararich
Charas
Charasia_blanfordana
Charasse
Charasson
Charasó
Charata
Charata_(Chaco)
Charaudeau
Charaux
Charavay
Charavines
Charax
Charax_(Crimée)
Charax_(homonymie)
Charax_(ville)
Charax_Spasinou
Charax_Spasinu
Charaxes
Charaxes_Antiquus
Charaxes_Barnsi
Charaxes_Etesipe
Charaxes_Eurialus
Charaxes_Jasius
Charaxes_Lemosi
Charaxes_Montieri
Charaxes_Odysseus
Charaxes_Petersi
Charaxes_Solon
Charaxes_affinis
Charaxes_albimaculatus
Charaxes_amycus
Charaxes_antiquus
Charaxes_antonius
Charaxes_aristogiton
Charaxes_barnsi
Charaxes_bernardus
Charaxes_borneensis
Charaxes_brutus
Charaxes_bupalus
Charaxes_distanti
Charaxes_durnfordi
Charaxes_elwesi
Charaxes_epijasius
Charaxes_etesipe
Charaxes_eurialus
Charaxes_fabius_fabius
Charaxes_fabius_hannibal
Charaxes_fabius_lampedo
Charaxes_fabius_sulphureus
Charaxes_fervens
Charaxes_hamasta
Charaxes_harmodius
Charaxes_harrisoni
Charaxes_jasius
Charaxes_kahruba
Charaxes_kheili
Charaxes_lampedo
Charaxes_latona
Charaxes_lemosi
Charaxes_mandarinus
Charaxes_marmax
Charaxes_mars
Charaxes_monteiri
Charaxes_montieri
Charaxes_nitebis
Charaxes_numenes
Charaxes_numenes_aequatorialis
Charaxes_numenes_malabo
Charaxes_numenes_neumanni
Charaxes_numenes_numenes
Charaxes_ocellatus
Charaxes_odysseus
Charaxes_orilus
Charaxes_petersi
Charaxes_plateni
Charaxes_psaphon
Charaxes_samatha
Charaxes_saperanus
Charaxes_saturnus
Charaxes_solon
Charaxes_solon_catulus
Charaxes_solon_cerynthus
Charaxes_solon_cunctator
Charaxes_solon_echo
Charaxes_solon_hannibal
Charaxes_solon_jordani
Charaxes_solon_lampedo
Charaxes_solon_mangolianus
Charaxes_solon_orchomenus
Charaxes_solon_raidhaka
Charaxes_solon_solon
Charaxes_solon_sulphureus
Charaxes_solon_sumatranus
Charaxes_varanes
Charaxes_varanes_austrinus
Charaxes_varanes_torbeni
Charaxes_varanes_varanes
Charaxes_varanes_vologeses
Charaxes_zephyrus
Charaxinae
Charaxini
Charazani
Charaâ
Charaña
Charb
Charbaraz
Charbeaux
Charbel
Charbel_Gomez
Charbel_Mahklouf
Charbel_Makhlouf
Charbel_Nahas
Charbel_Rouhana
Charbel_TAYAH
Charbel_Tayah
Charbel_Wehbe
Charbel_Wehbé
Charbel_rouhana
Charbes
Charbhadrasan
Charbi
Charbi_et_ses_évolutions
Charbice_Dolne
Charbice_Górne
Charbielin
Charbielin_(Grande-Pologne)
Charbielin_(Leszno)
Charbielin_(Opole)
Charbin
Charbine
Charbinowice
Charbit
Charbogne
Charbon
Charbon_(Bacille)
Charbon_(Maladie)
Charbon_(Maladie_Professionnelle)
Charbon_(bacille)
Charbon_(homonymie)
Charbon_(maladie)
Charbon_(maladie_cryptogamique)
Charbon_(maladie_professionnelle)
Charbon_Actif
Charbon_Activé
Charbon_De_Belloc
Charbon_De_Bois
Charbon_Du_Maïs
Charbon_Noir
Charbon_Roux
Charbon_actif
Charbon_active
Charbon_activé
Charbon_animal
Charbon_bitumineux
Charbon_blanc
Charbon_couvert_de_l'orge
Charbon_de_Belloc
Charbon_de_bambou
Charbon_de_belloc
Charbon_de_bois
Charbon_de_bois_activé
Charbon_de_l'arnica
Charbon_de_la_canne_à_sucre
Charbon_de_la_pomme_de_terre
Charbon_de_mer
Charbon_de_terre
Charbon_de_tourbe
Charbon_des_antères
Charbon_des_rois
Charbon_du_mais
Charbon_du_maïs
Charbon_du_riz_sauvage_de_Mandchourie
Charbon_liquide
Charbon_noir
Charbon_noir,_glace_fragile
Charbon_nu_de_l'orge
Charbon_pestilentielle
Charbon_roux
Charbon_végétal_médicinal
Charbon_à_coke
Charbonier
Charbonnage
Charbonnage_Victor
Charbonnage_Zollern
Charbonnage_d'Eisden
Charbonnage_de_Beaujonc
Charbonnage_de_Beringen
Charbonnage_de_Bonne_Espérance
Charbonnage_de_Bonne_Fin
Charbonnage_de_Béringue
Charbonnage_de_Conquête
Charbonnage_de_Courcelles_Nord
Charbonnage_de_Fanny
Charbonnage_de_Forte-taille
Charbonnage_de_Frameries
Charbonnage_de_Houthalen
Charbonnage_de_Loffeld
Charbonnage_de_Mamonster
Charbonnage_de_Marcasse
Charbonnage_de_Mariemont-Bascoup
Charbonnage_de_Monceau_Fontaine
Charbonnage_de_Nowa_Ruda
Charbonnage_de_Patience
Charbonnage_de_Patience_et_Beaujonc
Charbonnage_de_Ressaix
Charbonnage_de_Tertre
Charbonnage_de_Tricnotte
Charbonnage_de_Wandre
Charbonnage_de_Waterschei
Charbonnage_de_Winterslag
Charbonnage_de_Zolder
Charbonnage_de_Zwartberg
Charbonnage_de_l'Agrappe
Charbonnage_de_l'Espérance
Charbonnage_de_la_Batterie
Charbonnage_de_la_Providence
Charbonnage_de_la_Violette
Charbonnage_du_Bois_du_Luc
Charbonnage_du_Gouffre
Charbonnage_du_Hasard_de_Cheratte
Charbonnage_n°10_du_Gouffre
Charbonnage_n°_10_du_Gouffre
Charbonnages_De_France
Charbonnages_d'Eisden
Charbonnages_de_Bonne_Espérance,_Batterie,_Bonne-Fin_et_Violette
Charbonnages_de_France
Charbonnages_de_Franche-Comté
Charbonnages_de_Patience_et_Beaujonc
Charbonnages_de_france
Charbonnages_de_l'Agrappe
Charbonnat
Charbonneau
Charbonneau_et_le_Chef
Charbonneau_et_le_chef
Charbonneaux
Charbonneaux-Brabant
Charbonnel
Charbonnerie
Charbonniaud
Charbonnier
Charbonnier-les-Mines
Charbonnier_(Navire)
Charbonnier_(métier)
Charbonnier_(navire)
Charbonnier_de_l'enfer
Charbonniere
Charbonnieres
Charbonnieres-les-Bains
Charbonnieres-les-Sapins
Charbonnieres-les-Varennes
Charbonnieres-les-Vieilles
Charbonnieres_(Eure-et-Loir)
Charbonnieres_(Saone-et-Loire)
Charbonniers_De_L'enfer
Charbonniers_de_l'enfer
Charbonnière
Charbonnière_(Loire)
Charbonnière_(voile)
Charbonnières
Charbonnières-les-Bains
Charbonnières-les-Sapins
Charbonnières-les-Varennes
Charbonnières-les-Vieilles
Charbonnières_(Eure-et-Loir)
Charbonnières_(Saône-et-Loire)
Charbonny
Charbons_bitumineux
Charbons_de_bois
Charbowo
Charbray
Charbuy
Charby
Charcana
Charcas
Charce-Saint-Ellier-sur-Aubance
Charcenne
Charchigne
Charchigné
Charchilla
Charchów_Księży
Charchów_Pański
Charciabałda
Charcice
Charcier
Charco_de_Los_Clicos
Charco_del_Palo
Charcoal
Charcot
Charcotiidae
Charcovie
Charcutage_Électoral
Charcutage_électoral
Charcuterie
Charcuterie_au_1,_grande_rue_Marchaux_à_Autun
Charcuterie_corse
Charcuterie_pâtissière
Charcutier
Charcé
Charcé-Saint-Ellier
Charcé-Saint-Ellier-sur-Aubance
Chard
Chard_(Creuse)
Chard_(Dessinatrice)
Chard_(France)
Chard_(Royaume-Uni)
Chard_(Somerset)
Chard_(dessinatrice)
Chardal
Chardalisme
Chardam
Chardara
Chardavon
Charde_Houston
Chardeau
Chardeneux
Chardeny
Chardes
Chardez
Chardi_Kala
Chardigny
Chardin
Chardin_(entreprise)
Chardine_Sloof
Chardinisme
Chardja
Chardja_(émirat)
Chardjah
Chardjah_(émirat)
Chardogne
Chardon
Chardon-Lagache_(métro_de_Paris)
Chardon-Marie
Chardon_(Ohio)
Chardon_(entreprise)
Chardon_(homonymie)
Chardon_(serrurerie)
Chardon_Aux_Ânes
Chardon_Bleu_Des_Alpes
Chardon_Bleu_Des_Pyrénées
Chardon_Béni
Chardon_De_La_Rochette
Chardon_Laiteux
Chardon_Lorrain
Chardon_Marie
Chardon_Penché
Chardon_Roland
Chardon_Rouge
Chardon_a_petits_capitules
Chardon_aux_anes
Chardon_aux_ânes
Chardon_bardane
Chardon_beni
Chardon_blanc
Chardon_bleu_des_Alpes
Chardon_bleu_des_Pyrénées
Chardon_bleu_des_alpes
Chardon_bleu_des_pyrénées
Chardon_béni
Chardon_crépu
Chardon_d'Espagne
Chardon_d'Écosse
Chardon_de_Casabona
Chardon_de_Croisilles
Chardon_de_Lorraine
Chardon_de_Reims
Chardon_de_Russie
Chardon_de_la_Rochette
Chardon_de_la_rochette
Chardon_des_champs
Chardon_des_dunes
Chardon_des_marais
Chardon_des_vignes
Chardon_du_Canada
Chardon_décapité
Chardon_d’Espagne
Chardon_fausse-carline
Chardon_laiteux
Chardon_lorrain
Chardon_marie
Chardon_noirâtre
Chardon_penche
Chardon_penché
Chardon_roulant
Chardon_vulgaire
Chardon_À_Foulon
Chardon_À_Petits_Capitules
Chardon_à_feuilles_d'acanthe
Chardon_à_foulon
Chardon_à_glu
Chardon_à_petits_capitules
Chardon_à_pédoncules_nus
Chardon_écailleux
Chardon_élégant
Chardonnay
Chardonnay_(Cépage)
Chardonnay_(cepage)
Chardonnay_(cépage)
Chardonnay_(homonymie)
Chardonne
Chardonneret
Chardonneret_(homonymie)
Chardonneret_D'eau
Chardonneret_De_Magellan
Chardonneret_De_Yarrell
Chardonneret_Des_Andes
Chardonneret_Des_Antilles
Chardonneret_Gris
Chardonneret_Jaune
Chardonneret_Mineur
Chardonneret_d'Europe
Chardonneret_d'eau
Chardonneret_de_Magellan
Chardonneret_de_Santa_Cruz
Chardonneret_de_Yarrell
Chardonneret_de_magellan
Chardonneret_de_yarrell
Chardonneret_des_Andes
Chardonneret_des_Antilles
Chardonneret_des_andes
Chardonneret_des_antilles
Chardonneret_elegant
Chardonneret_gris
Chardonneret_jaune
Chardonneret_mineur
Chardonneret_noir
Chardonneret_olivâtre
Chardonneret_rouge
Chardonneret_safran
Chardonneret_Élégant
Chardonneret_à_bec_épais
Chardonneret_à_croupion_jaune
Chardonneret_à_front_d'or
Chardonneret_à_menton_noir
Chardonneret_à_tête_noire
Chardonneret_à_ventre_jaune
Chardonneret_élégant
Chardonnet
Chardonnières
Chardons_de_Lorraine
Chardons_de_Lorraine_(confiserie)
Chardronnet
Chardry
Chardy
Charef
Chareil
Chareil-Cintrat
Charel_Cambré
Chareli
Charen
Charencey
Charencey_(Côte-d'Or)
Charencey_(Orne)
Charencey_(ancienne_commune)
Charency
Charency-Vezin
Charens
Charensac
Charensat
Charensol
Charentais
Charentais_(IGP)
Charentais_(cheval)
Charentais_(langue)
Charentaise
Charentaises
Charentay
Charente
Charente-Inférieure
Charente-Maritime
Charente-maritime
Charente_(Département)
Charente_(département)
