Séparation_des_Églises_d'Orient_et_d'Occident
Séparation_des_Églises_et_de_l'État
Séparation_des_Églises_et_de_l'État_en_1905
Séparation_des_Églises_et_de_l’État
Séparation_des_églises_et_de_l'État
Séparation_des_œufs
Séparation_du_Panamá_et_de_la_Colombie
Séparation_du_Québec
Séparation_du_contenu_et_de_la_forme
Séparation_du_fond_et_de_la_forme
Séparation_entre_l'Église_et_l'État
Séparation_entre_l'âne_et_le_cochon
Séparation_et_évaluation
Séparation_isotopique
Séparation_isotopique_par_laser_sur_vapeur_atomique
Séparation_magnétique
Séparation_par_flottaison
Séparation_par_flottation
Séparation_par_micro_extraction
Séparation_quadrichromique
Séparation_raciale
Séparation_spin-charge
Séparations_chimiques
Séparatisme
Séparatisme_(politique)
Séparatisme_Sikh
Séparatisme_albertain
Séparatisme_au_Karakalpakistan
Séparatisme_au_Québec
Séparatisme_blanc
Séparatisme_breton
Séparatisme_canadien-français
Séparatisme_catalan
Séparatisme_corse
Séparatisme_dans_les_îles_Faichuk
Séparatisme_en_Papouasie_occidentale
Séparatisme_jurassien
Séparatisme_national
Séparatisme_noir
Séparatisme_politique
Séparatisme_québécois
Séparatisme_sarde
Séparatisme_sibérien
Séparatisme_sikh
Séparatisme_social
Séparatisme_sud-tyrolien
Séparatisme_wallon
Séparatiste
Séparatistes
Séparé
Séparées
Séparés_mais_égaux
Séparés_par_l'amour
Sépeaux
Sépeaux-Saint-Romain
Sépeaux-Saint_Romain
Sépey
Sépforis
Sépharade
Sépharades
Sépharadim
Séphardim
Séphiroth
Séphiroth_(Final_Fantasy)
Séphora
Séphora_(homonymie)
Séphora_Bissoly
Séphora_Mossé
Séphorie
Sépia
Sépia_(chat)
Sépia_(encre)
Sépia_(homonymie)
Sépiaptérine
Sépiaptérine_réductase
Sépiides
Sépiidés
Sépikaha
Sépiole
Sépiole_d'Atlantique
Sépiole_pyjama
Sépioles
Sépiolide
Sépiolides
Sépiolite
Sépion
Sépolia_(métro_d'Athènes)
Sépon
Sépounga
Séptimo
Sépulcre
Sépulcre_de_Marie
Sépulcre_de_Pont-à-Mousson
Sépulcre_de_Saint-Mihiel
Sépulcre_de_Saint_Dominique
Sépulcre_de_la_Vierge_Marie
Sépulcre_de_saint_Dominique
Sépulture
Sépulture_circulaire_dite_de_Toul-Prieu
Sépulture_d'Adolphe_Thiers
Sépulture_d'Isabelle_Viviani
Sépulture_d'Isabelle_et_René_Viviani
Sépulture_de_Bad_Dürrenberg
Sépulture_de_Georges_Clemenceau
Sépulture_de_Hochdorf
Sépulture_de_Kivik
Sépulture_de_Noël_Lacroix
Sépulture_de_René_Viviani
Sépulture_de_Toul_Prieu
Sépulture_de_Téviec
Sépulture_de_guerre
Sépulture_de_hochdorf
Sépulture_des_Viviani
Sépulture_en_fosse_de_Bonnières-sur-Seine
Sépulture_en_mer
Sépulture_mégalithique
Sépulture_mégalithique_de_Bod-er-Mohed
Sépulture_mégalithique_de_Sigré
Sépulture_mégalithique_de_Tréal
Sépulture_princière
Sépulture_princière_de_Prittlewell
Sépulture_princière_de_Taplow
Sépulture_viking_de_l'île_de_Groix
Sépultures_circulaires_sous_tertre_tumulaire
Sépultures_circulaires_sous_tertre_tumulaire_(Le_Bono)
Sépultures_de_Walkington_Wold
Sépultures_des_souverains_de_Bretagne
Sépultures_mégalithiques_de_la_Butte_aux_Corzeaux
Sépultures_mégalithiques_du_Bois_de_Moure
Sépultures_néolithiques_de_Cante-Perdrix
Séquanaise
Séquanes
Séquanes_de_Besançon
Séquanie
Séquanien
Séquano-Dionysien
Séquano-dionysien
Séquano_Aménagement
Séquano_aménagement
Séquelle
Séquelle_de_guerre
Séquelles
Séquelles_(album)
Séquelles_(série_télévisée)
Séquelles_de_guerre
Séquelles_de_guerres
Séquelles_de_la_guerre
Séquelles_des_guerres_mondiales
Séquelles_maritimes_de_guerre
Séquencage_d'Edman
Séquencage_des_protéines
Séquencage_génétique
Séquence
Séquence_(Barraqué)
Séquence_(acide_nucléique)
Séquence_(bioinformatique)
Séquence_(biologie)
Séquence_(cinéma)
Séquence_(liturgie)
Séquence_ADN
Séquence_ALU
Séquence_Alu
Séquence_Blerot
Séquence_Blérot
Séquence_Devignée
Séquence_IRM
Séquence_LTR
Séquence_MIDI
Séquence_NLS
Séquence_Nusbaum
Séquence_Production
Séquence_Productions
Séquence_Prévot
Séquence_RGD
Séquence_Répétée
Séquence_SDP
Séquence_Shine-Dalgarno
Séquence_Thuillier
Séquence_VII
Séquence_binaire_pseudo-aléatoire
Séquence_bioinformatique
Séquence_biologique
Séquence_cis
Séquence_codante
Séquence_consensus
Séquence_conservée
Séquence_d'ADN
Séquence_d'ADN_répétée
Séquence_d'ARN
Séquence_d'acide_nucléique
Séquence_d'acides_aminés
Séquence_d'exportation_nucléaire
Séquence_d'insertion
Séquence_d'ouverture
Séquence_d'ouverture_des_Simpson
Séquence_d'ouverture_des_films_de_James_Bond
Séquence_d'échappement
Séquence_d'échappement_ANSI
Séquence_de_Bouma
Séquence_de_Fibonacci
Séquence_de_Hayashi
Séquence_de_Hubble
Séquence_de_Kozak
Séquence_de_Pierre_Robin
Séquence_de_Potter
Séquence_de_Sainte_Eulalie
Séquence_de_Shine-Dalgarno
Séquence_de_Shine_Dalgarno
Séquence_de_bouma
Séquence_de_hubble
Séquence_de_l'ADN
Séquence_de_nombres_premiers
Séquence_de_rêve
Séquence_de_rêves
Séquence_de_sainte_Eulalie
Séquence_de_sainte_eulalie
Séquence_de_shine_et_dalgarno
Séquence_des_avatars
Séquence_didactique
Séquence_du_Gun_Barrel_de_James_Bond
Séquence_du_cygne
Séquence_du_roi_Wen
Séquence_du_roi_wen
Séquence_d’ADN
Séquence_enhancer
Séquence_glissante
Séquence_glucidique
Séquence_génomique
Séquence_génétique
Séquence_homologue
Séquence_microsatellite
Séquence_nucléique
Séquence_nucléotidique
Séquence_nucléotidique_consensus
Séquence_palindromique
Séquence_peptidique
Séquence_principale
Séquence_promoteur
Séquence_promotrice
Séquence_protéique
Séquence_pédagogique
Séquence_régulatrice
Séquence_répétée
Séquence_signal
Séquence_stratigraphique
Séquence_terminale_longue_répétée
Séquence_titre
Séquence_équidistribuée
Séquence_éruptive
Séquencement_de_gain
Séquences
Séquences_(revue)
Séquences_IRM
Séquences_bioinformatiques
Séquences_biologiques
Séquences_d'ADN
Séquences_de_Mestre_Bimba
Séquences_de_rêve
Séquences_et_Conséquences
Séquences_et_conséquences
Séquences_glucidiques
Séquences_génomiques
Séquences_génétiques
Séquences_interdites
Séquences_nucléiques
Séquences_nucléotidiques
Séquences_peptidiques
Séquences_promotrices
Séquences_protéiques
Séquenceur
Séquenceur_(biologie)
Séquenceur_(musique)
Séquenceur_MIDI
Séquenceur_analogique
Séquenceur_automatique
Séquenceur_d'ADN
Séquenceur_de_gène
Séquenceur_de_gènes
Séquenceur_de_protéines
Séquenceur_en_temps_réel
Séquenceur_musical
Séquenceur_numérique
Séquenceur_pneumatique
Séquenceur_à_came
Séquenceurs
Séquenceurs_de_gène
Séquenceurs_de_gènes
Séquenceurs_musicaux
Séquencier
Séquent
Séquentiel
Séquentiel_couleur_avec_mémoire
Séquentiel_couleur_à_mémoire
Séquentiel_indexé
Séquentielle
Séquentiellement_compact
Séquentielles
Séquentiels
Séquençage
Séquençage_454
Séquençage_Ion_Torrent
Séquençage_automatisé
Séquençage_de_cellule_unique
Séquençage_de_l'ADN
Séquençage_de_l'adn
Séquençage_de_tâches
Séquençage_des_génomes
Séquençage_des_protéines
Séquençage_des_protéines_par_spectrométrie_de_masse
Séquençage_du_génome
Séquençage_du_génome_humain
Séquençage_génomique
Séquençage_génétique
Séquençage_par_nanopores
Séquençage_par_shotgun
Séquençage_par_spectrométrie_de_masse
Séquençage_shotgun
Séquençeur
Séquerre
Séquestrant
Séquestration
Séquestration_(crime)
Séquestration_artificielle_du_dioxyde_de_carbone
Séquestration_du_CO2
Séquestration_du_carbone
Séquestration_du_dioxyde_de_carbone
Séquestration_géologique_du_dioxyde_de_carbone
Séquestration_pulmonaire
Séquestration_splanchnique
Séquestre
Séquestre_(droit)
Séquestre_cornéen
Séquestre_osseux
Séquia_de_Manresa
Séquoia
Séquoia_&_Kings_Canyon_National_Park
Séquoia_(homonymie)
Séquoia_de_Chine
Séquoia_géant
Séquoia_géant_de_Felhő_utca
Séquoia_sempervirent
Séquoia_toujours_vert
Séquoia_à_feuilles_d'if
Séquoia_à_feuilles_d’if
Séquoias_géants
Séquon
Séquoïa
Séquoïa_de_Chine
Séquoïa_géant
Séqénenré_Taa_II
Séqénenrê_Taâ
Séqénenrê_Taâ_II
Séra
Séra_(dessinateur)
Séra_(homonymie)
Séra_Martin
Sérabit_el-Khadem
Sérabit_el-Khadim
Sérabit_el-khadem
Sérac
Sérac_(fromage)
Sérac_(homonymie)
Sérac_(rivière)
Sérafima_Blonskaïa
Sérafin
Sérafino_Militello
Sérail
Sérail_(film)
Sérail_(homonymie)
Séralini
Séran
Séran_(brosse)
Séran_(rivière)
Séran_de_La_Tour
Sérandite
Sérandon
Sérandour
Séranne
Séranon
Sérans
Sérant
Séranvillers
Séranvillers-Forenville
Séranvillers-forenville
Séraphiel
Séraphim
Séraphim_II_de_Constantinople
Séraphim_Ier_d'Antioche
Séraphim_Ier_de_Constantinople
Séraphim_de_Sarov
Séraphima_Blonskaïa
Séraphin
Séraphin,_un_homme_et_son_péché
Séraphin-Médéric_Mieusement
Séraphin-médéric_mieusement
Séraphin:_un_homme_et_son_péché
Séraphin_(Bible)
Séraphin_(Glagolevski)
Séraphin_(bible)
Séraphin_(film)
Séraphin_(prénom)
Séraphin_:_Un_homme_et_son_péché
Séraphin_:_un_homme_et_son_péché
Séraphin_Akure-Davain
Séraphin_Arnal
Séraphin_Banchi
Séraphin_Bouc
Séraphin_Buisset
Séraphin_Calobarsy
Séraphin_Cherrier
Séraphin_Couvreur
Séraphin_Enrico
Séraphin_Haulon
Séraphin_Ier_d'Antioche
Séraphin_Ier_d'Athènes
Séraphin_Justin_François_Boex
Séraphin_Lampion
Séraphin_Léger
Séraphin_Margane_de_Lavaltrie
Séraphin_Marion
Séraphin_Martin
Séraphin_Moundounga
Séraphin_Olivier-Razali
Séraphin_Poudrier
Séraphin_Pruvost
Séraphin_Saumont
Séraphin_Soudbinine
Séraphin_de_Montegranaro
Séraphin_de_Moscou
Séraphin_de_Pajot
Séraphin_de_Sarov
Séraphin_de_moscou
Séraphin_de_sarov
Séraphin_film
Séraphin_ou_les_Jambes_nues
Séraphin_ou_les_jambes_nues
Séraphine
Séraphine_(entreprise)
Séraphine_(film)
Séraphine_(marque)
Séraphine_Claeys
Séraphine_Diambra
Séraphine_Louis
Séraphine_Mbeya_Nawej_Matemb
Séraphine_Okemba
Séraphine_Pajaud
Séraphine_Picquery
Séraphine_Snoy
Séraphine_Tulugu_Kutuna
Séraphine_de_Dieu
Séraphine_de_Senlis
Séraphîta
Sérapias_en_coeur
Sérapias_en_cœur
Sérapias_langue
Sérapias_à_labelle_allongé
Sérapias_à_petites_fleurs
Sérapion
Sérapion_d'Alexandrie
Sérapion_d'Alger
Sérapion_d'Antioche
Sérapion_d'Arsinoé
Sérapion_de_Thmuis
Sérapion_le_jeune
Sérapis
Sérapéion
Sérapéon
Sérapéum
Sérapéum_(homonymie)
Sérapéum_d'Alexandrie
Sérapéum_de_Canope
Sérapéum_de_Saqqarah
Sérapéum_de_saqqarah
Sérasker
Séraskier
Sérasquier
Sératicine
Séraucourt
Sérayévo
Séred
Séreilhac
Sérempuy
Sérendipité
Sérengéti
Sérengéti_(chat)
Sérent
Séreth
Séreuse
Sérgio
Sérgio_Assad
Sérgio_Benatti
Sérgio_Bernardino
Sérgio_Buarque_de_Holanda
Sérgio_Cabral
Sérgio_Cabral_Filho
Sérgio_Chapelin
Sérgio_Cláudio_dos_Santos
Sérgio_Comba
Sérgio_Conceição
Sérgio_Cruz
Sérgio_Dutra_Santos
Sérgio_Faife
Sérgio_Faife_Matsolo
Sérgio_Fernández_(athlétisme)
Sérgio_Frusoni
Sérgio_Galdino
Sérgio_Godinho
Sérgio_Jimenez
Sérgio_Lavos
Sérgio_Luís_Donizetti
Sérgio_Machado
Sérgio_Machado_(homme_politique)
Sérgio_Machado_(réalisateur)
Sérgio_Machado_Rezende
Sérgio_Manoel
Sérgio_Manoel_(football,_1989)
Sérgio_Manoel_Barbosa_Santos
Sérgio_Manuel_Costa_Carneiro
Sérgio_Manuel_Ferreira_Nunes
Sérgio_Marone
Sérgio_Mendes
Sérgio_Milliet
Sérgio_Moro
Sérgio_Nunes
Sérgio_Oliveira
Sérgio_Oliveira_(football,_1980)
Sérgio_Pacheco_de_Oliveira
Sérgio_Paulinho
Sérgio_Pereira
Sérgio_Pereira_Couto
Sérgio_Pereira_da_Silva_Porto
Sérgio_Pinto
Sérgio_Ramos
Sérgio_Rezende
Sérgio_Ribeiro
Sérgio_Ricardo
Sérgio_Ricardo_Messias_Neves
Sérgio_Ricardo_de_Jesus_Vertello
Sérgio_Ricardo_dos_Santos_Júnior
Sérgio_Sant'Anna
Sérgio_Santos
Sérgio_Santos_(football)
Sérgio_Santos_(volley-ball)
Sérgio_Santos_Mendes
Sérgio_Sasaki
Sérgio_Semedo
Sérgio_Sette_Câmara
Sérgio_Soares
Sérgio_Sousa
Sérgio_Trindade
Sérgio_Valle_Duarte
Sérgio_Vieira_(personnalité_mozambicaine)
Sérgio_Vieira_de_Mello
Sérgio_da_Rocha
Sérgio_de_Toledo_Machado
Sérial
Sérialisable
Sérialisation
Sérialiser
Sérialisme
Sérian
Sériba
Sérichamp
Sériciculteur
Sériciculture
Sériciculture_dans_les_Pyrénées-Orientales
Sériciculture_et_artisanat_de_la_soie_en_Chine
Séricigène
Séricine
Séricite
Séricitisation
Séricorne_brun
Séricorne_de_Tasmanie
Séricorne_de_l'Atherton
Séricorne_fléché
Séricorne_rougegorge
Séricorne_roussâtre
Séricorne_strié
Séricorne_timide
Séricorne_à_croupion_roux
Séricorne_à_gorge_jaune
Séricorne_à_grand_bec
Séricorne_à_sourcils_blancs
Séricourt
Sériculture
Série
Série+
Série-réalité
SérieClub
Série_(archives)
Série_(biologie)
Série_(cricket)
Série_(géologie)
Série_(maths)
Série_(mathématiques)
Série_(télévision)
Série_+
Série_00_(SNCB)
Série_0100
Série_0300
Série_0300_(CP)
Série_0350
Série_0350_(CP)
Série_03_(SNCB)
Série_0400
Série_0450
Série_04_(SNCB)
Série_05
Série_05_(SNCB)
Série_06
Série_0600/0650
Série_0600/0650_(CP)
Série_06_(SNCB)
Série_08
Série_08_(SNCB)
Série_09_(SNCB)
Série_100
Série_1000
Série_1000_de_FEVE
Série_1020
Série_1050
Série_11
Série_1100
Série_1150
Série_11_(SNCB)
Série_11_(sncb)
Série_12
Série_1200
Série_12_(SNCB)
Série_12_(sncb)
Série_1300
Série_1320
Série_13_(SNCB)
Série_13_(SNCB)_et_3000_(CFL)
Série_1400
Série_15
Série_1500
Série_1500_de_FEVE
Série_1520
Série_1550
Série_15_(SNCB)
Série_15_(sncb)
Série_16
Série_1600_de_FEVE
Série_16_(SNCB)
Série_16_(sncb)
Série_18
Série_1800
Série_18_(Alsthom)_(SNCB)
Série_18_(SNCB)
Série_18_(Siemens)_(SNCB)
Série_1900
Série_1900_de_FEVE
Série_1930
Série_1960
Série_19_(SNCB)
Série_2
Série_20
Série_2000/2050/2080
Série_20_(SNCB)
Série_20_(sncb)
Série_2100/2150
Série_2100_(CFL)
Série_213_de_la_FGC
Série_21_(SNCB)
Série_2200
Série_2240
Série_22_(SNCB)
Série_23
Série_2300
Série_23_(SNCB)
Série_23_(sncb)
Série_2400
Série_2400_de_FEVE
Série_25
Série_25.5
Série_25.5_(SNCB)
Série_25.5_(sncb)
Série_2500
Série_2550
Série_25_(SNCB)
Série_26
Série_2600
Série_2600_de_FEVE
Série_2620
Série_26_(SNCB)
Série_2700_de_FEVE
Série_27_(SNCB)
Série_28
Série_28_(Baume-Marpent)_(SNCB)
Série_28_(Bombardier)_(SNCB)
Série_28_(SNCB)
Série_28_(SNCB)_(Baume-Marpent)
Série_28_(SNCB)_(Bombardier)
Série_29_(SNCB)
Série_2_(époque)
Série_3
Série_3000
Série_3000_(CFL)
Série_3150
Série_3200
Série_3250
Série_3400
Série_3500
Série_40
Série_4000
Série_40_(SNCB)
Série_41_(SNCB)
Série_42-43-44-45
Série_42-43-44-45_(SNCB)
Série_42_(SNCB)
Série_430_de_la_Renfe
Série_43_(SNCB)
Série_44_(SNCB)
Série_45_(SNCB)
Série_46
Série_46_(SNCB)
Série_4700
Série_49_(SNCB)
Série_5000
Série_50_(SNCB)
Série_51_(SNCB)
Série_52_(SNCB)
Série_52_(SNCB)_et_1600_(CFL)
Série_53
Série_53_(SNCB)
Série_54_(SNCB)
Série_55
Série_55_(SNCB)
Série_55_(SNCB)_et_1800_(CFL)
Série_55_(sncb)
Série_5600
Série_59
Série_59_(SNCB)
Série_600-630_tonnes
Série_60_(SNCB)
Série_62
Série_62_(SNCB)
Série_62_(sncb)
Série_64_(SNCB)
Série_65_(SNCB)
Série_70
Série_70_(SNCB)
Série_71_(SNCB)
Série_72_(SNCB)
Série_73_(SNCB)
Série_75_(SNCB)
Série_77
Série_77_(SNCB)
Série_77_(sncb)
Série_80
Série_800_(CFL)
Série_80_(SNCB)
Série_81-717/714
Série_81-720/721
Série_81-740/741
Série_81-740/81-741
Série_82_(SNCB)
Série_83_(SNCB)
Série_84
Série_84_(SNCB)
Série_85_(SNCB)
Série_90_(SNCB)
Série_92_(SNCB)
Série_9300
Série_9500
Série_9600
Série_A
Série_ACT
Série_ACT_Castrol
Série_A_(hockey_sur_glace)
Série_A_des_archives_départementales
Série_Akron_en_poésie
Série_Apocalypse
Série_Aubrey-Maturin
Série_Aubrey–Maturin
Série_B
Série_B_(Armée_française)
Série_B_(homonymie)
Série_C1
Série_C2
Série_Canada/Russie_CIBC
Série_Club
Série_Club_HD
Série_Donpachi
Série_E
Série_E001
Série_ES
Série_EX_600
Série_E_(téléphone)
Série_Europa
Série_Europe
Série_F-Zero
Série_GTA
Série_G_(métro_de_Berlin)
Série_HP_80
Série_H_(métro_de_Berlin)
Série_IBM_1400
Série_IBM_700/7000
Série_IK_(métro_de_Berlin)
Série_Inazuma_Eleven
Série_K_des_Archives_départementales
Série_K_des_archives_départementales
Série_Kingdom_Hearts
Série_LD_300
Série_L_de_Dirichlet
Série_Lapoigne
Série_Lyman
Série_Mahatma_Gandhi
Série_Malling
Série_Mana
Série_Metal_Gear
Série_Metal_Gear_Solid
Série_Mondiale
Série_Mondiale_de_baseball
Série_Mondiale_de_baseball_féminin
Série_N
Série_NASCAR_Canadian_Tire
Série_N_des_Archives_départementales
Série_N_des_archives_départementales
Série_Noire
Série_O_des_Archives_départementales
Série_O_des_archives_départementales
Série_Ogre_Battle
Série_Panzer_Dragoon
Série_Phantasy_Star
Série_Plain_chant:_22_émissions_pour_la_télévision_sur_les_poètes_et_écrivains
Série_Plain_chant_:_22_émissions_pour_la_télévision_sur_les_poètes_et_écrivains
Série_Pouvoirs_Obscurs
Série_Pro_Evolution_Soccer
Série_Pygmalion_et_l'image
Série_Rouge
Série_STHR
Série_STI2D
Série_STL
Série_Series
Série_Shenmue
Série_Shining
Série_Sportsman_Québec
Série_TV
Série_U_des_archives_départementales
Série_V_des_Archives_départementales
Série_V_des_archives_départementales
Série_Verte
Série_Waco_F
Série_X-COM
Série_Z
Série_Z_des_Archives_départementales
Série_Z_des_archives_départementales
Série_alcaline
Série_alternée
Série_alternée_des_entiers
Série_alternée_des_factorielles
Série_animée
Série_arithmétique
Série_asiatique
Série_asymptotique
Série_bleue_(Bob_et_Bobette)
Série_blème
Série_blême
Série_blême_(Vian)
Série_calco-alcaline
Série_centrale_des_prix
Série_chimique
Série_chimique_(minéralogie)
Série_chronologique
Série_club
Série_commutativement_convergente
Série_concept_en_bande_dessinée
Série_condensée
Série_continue
Série_convergente
Série_culte
Série_d'Asie
Série_d'Asie_2011
Série_d'Eisenstein
Série_d'animation
Série_d'animation_japonaise
Série_d'animation_pour_adultes
Série_d'anthologie
Série_d'éléments_de_métadonnées_agricoles
Série_de_2002
Série_de_Balmer
Série_de_Bell
Série_de_Bertrand
Série_de_Brackett
Série_de_Dirichlet
Série_de_Fourier
Série_de_Fourier_généralisée
Série_de_Grandi
Série_de_Hahn
Série_de_Hansen-Strong
Série_de_Humphreys
Série_de_Kempner
Série_de_Lambert
Série_de_Laurent
Série_de_Lyman
Série_de_Maclaurin
Série_de_McKay-Thompson
Série_de_Neumann
Série_de_Newton
Série_de_Noël
Série_de_Paschen
Série_de_Pfund
Série_de_Puiseux
Série_de_Renard
Série_de_Riemann
Série_de_Taylor
Série_de_balmer
Série_de_bande_dessinée
Série_de_billets_de_banque_canadiens_de_1935
Série_de_billets_de_banque_canadiens_de_1954
Série_de_championnat
Série_de_championnat_2015_de_la_Ligue_américaine
Série_de_championnat_2015_de_la_Ligue_américaine_de_baseball
Série_de_championnat_2015_de_la_Ligue_nationale
Série_de_championnat_2015_de_la_Ligue_nationale_de_baseball
Série_de_championnat_2017_de_la_Ligue_américaine
Série_de_championnat_2017_de_la_Ligue_américaine_de_baseball
Série_de_championnat_2017_de_la_Ligue_nationale
Série_de_championnat_2017_de_la_Ligue_nationale_de_baseball
Série_de_championnat_2020_de_la_Ligue_américaine
Série_de_championnat_2020_de_la_Ligue_américaine_de_baseball
Série_de_championnat_2020_de_la_Ligue_nationale
Série_de_championnat_2020_de_la_Ligue_nationale_de_baseball
Série_de_championnat_de_la_Ligue
Série_de_championnat_de_la_Ligue_Américaine
Série_de_championnat_de_la_Ligue_Américaine_de_baseball
Série_de_championnat_de_la_Ligue_Nationale
Série_de_championnat_de_la_Ligue_Nationale_de_baseball
Série_de_championnat_de_la_Ligue_américaine
Série_de_championnat_de_la_Ligue_américaine_2015
Série_de_championnat_de_la_Ligue_américaine_2017
Série_de_championnat_de_la_Ligue_américaine_2020
Série_de_championnat_de_la_Ligue_américaine_de_baseball
Série_de_championnat_de_la_Ligue_américaine_de_baseball_1969
Série_de_championnat_de_la_Ligue_américaine_de_baseball_1970
Série_de_championnat_de_la_Ligue_américaine_de_baseball_1971
Série_de_championnat_de_la_Ligue_américaine_de_baseball_1972
Série_de_championnat_de_la_Ligue_américaine_de_baseball_1973
Série_de_championnat_de_la_Ligue_américaine_de_baseball_1974
Série_de_championnat_de_la_Ligue_américaine_de_baseball_1975
Série_de_championnat_de_la_Ligue_américaine_de_baseball_1976
Série_de_championnat_de_la_Ligue_américaine_de_baseball_1977
Série_de_championnat_de_la_Ligue_américaine_de_baseball_1978
Série_de_championnat_de_la_Ligue_américaine_de_baseball_1979
Série_de_championnat_de_la_Ligue_américaine_de_baseball_1980
Série_de_championnat_de_la_Ligue_américaine_de_baseball_1981
Série_de_championnat_de_la_Ligue_américaine_de_baseball_1982
Série_de_championnat_de_la_Ligue_américaine_de_baseball_1983
Série_de_championnat_de_la_Ligue_américaine_de_baseball_1984
Série_de_championnat_de_la_Ligue_américaine_de_baseball_1985
Série_de_championnat_de_la_Ligue_américaine_de_baseball_1986
Série_de_championnat_de_la_Ligue_américaine_de_baseball_1987
Série_de_championnat_de_la_Ligue_américaine_de_baseball_1988
Série_de_championnat_de_la_Ligue_américaine_de_baseball_1989
Série_de_championnat_de_la_Ligue_américaine_de_baseball_1990
Série_de_championnat_de_la_Ligue_américaine_de_baseball_1991
Série_de_championnat_de_la_Ligue_américaine_de_baseball_1992
Série_de_championnat_de_la_Ligue_américaine_de_baseball_1993
Série_de_championnat_de_la_Ligue_américaine_de_baseball_1995
Série_de_championnat_de_la_Ligue_américaine_de_baseball_1996
Série_de_championnat_de_la_Ligue_américaine_de_baseball_1997
Série_de_championnat_de_la_Ligue_américaine_de_baseball_1998
Série_de_championnat_de_la_Ligue_américaine_de_baseball_1999
Série_de_championnat_de_la_Ligue_américaine_de_baseball_2000
Série_de_championnat_de_la_Ligue_américaine_de_baseball_2001
Série_de_championnat_de_la_Ligue_américaine_de_baseball_2002
Série_de_championnat_de_la_Ligue_américaine_de_baseball_2003
Série_de_championnat_de_la_Ligue_américaine_de_baseball_2004
Série_de_championnat_de_la_Ligue_américaine_de_baseball_2005
Série_de_championnat_de_la_Ligue_américaine_de_baseball_2006
Série_de_championnat_de_la_Ligue_américaine_de_baseball_2007
Série_de_championnat_de_la_Ligue_américaine_de_baseball_2008
Série_de_championnat_de_la_Ligue_américaine_de_baseball_2009
Série_de_championnat_de_la_Ligue_américaine_de_baseball_2010
Série_de_championnat_de_la_Ligue_américaine_de_baseball_2011
Série_de_championnat_de_la_Ligue_américaine_de_baseball_2012
Série_de_championnat_de_la_Ligue_américaine_de_baseball_2013
Série_de_championnat_de_la_Ligue_américaine_de_baseball_2014
Série_de_championnat_de_la_Ligue_américaine_de_baseball_2015
Série_de_championnat_de_la_Ligue_américaine_de_baseball_2016
Série_de_championnat_de_la_Ligue_américaine_de_baseball_2017
Série_de_championnat_de_la_Ligue_américaine_de_baseball_2019
Série_de_championnat_de_la_Ligue_américaine_de_baseball_2020
Série_de_championnat_de_la_Ligue_nationale
Série_de_championnat_de_la_Ligue_nationale_2015
Série_de_championnat_de_la_Ligue_nationale_2017
Série_de_championnat_de_la_Ligue_nationale_2020
Série_de_championnat_de_la_Ligue_nationale_de_baseball
Série_de_championnat_de_la_Ligue_nationale_de_baseball_1969
Série_de_championnat_de_la_Ligue_nationale_de_baseball_1970
Série_de_championnat_de_la_Ligue_nationale_de_baseball_1971
Série_de_championnat_de_la_Ligue_nationale_de_baseball_1972
Série_de_championnat_de_la_Ligue_nationale_de_baseball_1973
Série_de_championnat_de_la_Ligue_nationale_de_baseball_1974
Série_de_championnat_de_la_Ligue_nationale_de_baseball_1975
Série_de_championnat_de_la_Ligue_nationale_de_baseball_1976
Série_de_championnat_de_la_Ligue_nationale_de_baseball_1977
Série_de_championnat_de_la_Ligue_nationale_de_baseball_1978
Série_de_championnat_de_la_Ligue_nationale_de_baseball_1979
Série_de_championnat_de_la_Ligue_nationale_de_baseball_1980
Série_de_championnat_de_la_Ligue_nationale_de_baseball_1981
Série_de_championnat_de_la_Ligue_nationale_de_baseball_1982
Série_de_championnat_de_la_Ligue_nationale_de_baseball_1983
Série_de_championnat_de_la_Ligue_nationale_de_baseball_1984
Série_de_championnat_de_la_Ligue_nationale_de_baseball_1985
Série_de_championnat_de_la_Ligue_nationale_de_baseball_1986
Série_de_championnat_de_la_Ligue_nationale_de_baseball_1987
Série_de_championnat_de_la_Ligue_nationale_de_baseball_1988
Série_de_championnat_de_la_Ligue_nationale_de_baseball_1989
Série_de_championnat_de_la_Ligue_nationale_de_baseball_1990
Série_de_championnat_de_la_Ligue_nationale_de_baseball_1991
Série_de_championnat_de_la_Ligue_nationale_de_baseball_1992
Série_de_championnat_de_la_Ligue_nationale_de_baseball_1993
Série_de_championnat_de_la_Ligue_nationale_de_baseball_1995
Série_de_championnat_de_la_Ligue_nationale_de_baseball_1996
Série_de_championnat_de_la_Ligue_nationale_de_baseball_1997
Série_de_championnat_de_la_Ligue_nationale_de_baseball_1998
Série_de_championnat_de_la_Ligue_nationale_de_baseball_1999
Série_de_championnat_de_la_Ligue_nationale_de_baseball_2000
Série_de_championnat_de_la_Ligue_nationale_de_baseball_2001
Série_de_championnat_de_la_Ligue_nationale_de_baseball_2002
Série_de_championnat_de_la_Ligue_nationale_de_baseball_2003
Série_de_championnat_de_la_Ligue_nationale_de_baseball_2004
Série_de_championnat_de_la_Ligue_nationale_de_baseball_2005
Série_de_championnat_de_la_Ligue_nationale_de_baseball_2006
Série_de_championnat_de_la_Ligue_nationale_de_baseball_2007
Série_de_championnat_de_la_Ligue_nationale_de_baseball_2008
Série_de_championnat_de_la_Ligue_nationale_de_baseball_2009
Série_de_championnat_de_la_Ligue_nationale_de_baseball_2010
Série_de_championnat_de_la_Ligue_nationale_de_baseball_2011
Série_de_championnat_de_la_Ligue_nationale_de_baseball_2012
Série_de_championnat_de_la_Ligue_nationale_de_baseball_2013
Série_de_championnat_de_la_Ligue_nationale_de_baseball_2014
Série_de_championnat_de_la_Ligue_nationale_de_baseball_2015
Série_de_championnat_de_la_Ligue_nationale_de_baseball_2016
Série_de_championnat_de_la_Ligue_nationale_de_baseball_2017
Série_de_championnat_de_la_Ligue_nationale_de_baseball_2020
Série_de_championnat_de_la_ligue_américaine_de_baseball
Série_de_championnat_de_la_ligue_nationale_de_baseball
Série_de_division
Série_de_division_2017_de_la_Ligue_américaine
Série_de_division_2017_de_la_Ligue_américaine_de_baseball
Série_de_division_2017_de_la_Ligue_nationale
Série_de_division_2017_de_la_Ligue_nationale_de_baseball
Série_de_division_de_la_Ligue_américaine
Série_de_division_de_la_Ligue_américaine_2014
Série_de_division_de_la_Ligue_américaine_2015
Série_de_division_de_la_Ligue_américaine_2017
Série_de_division_de_la_Ligue_américaine_2020
Série_de_division_de_la_Ligue_américaine_de_baseball_2010
Série_de_division_de_la_Ligue_américaine_de_baseball_2014
Série_de_division_de_la_Ligue_américaine_de_baseball_2015
Série_de_division_de_la_Ligue_américaine_de_baseball_2017
Série_de_division_de_la_Ligue_nationale
Série_de_division_de_la_Ligue_nationale_2014
Série_de_division_de_la_Ligue_nationale_2015
Série_de_division_de_la_Ligue_nationale_2017
Série_de_division_de_la_Ligue_nationale_2020
Série_de_division_de_la_Ligue_nationale_de_baseball_2010
Série_de_division_de_la_Ligue_nationale_de_baseball_2014
Série_de_division_de_la_Ligue_nationale_de_baseball_2015
Série_de_division_de_la_Ligue_nationale_de_baseball_2017
Série_de_division_de_la_Ligue_nationale_de_baseball_2020
Série_de_divisions
Série_de_divisions_de_la_Ligue_américaine_2014
Série_de_divisions_de_la_Ligue_américaine_2015
Série_de_divisions_de_la_Ligue_américaine_2020
Série_de_divisions_de_la_Ligue_américaine_de_baseball
Série_de_divisions_de_la_Ligue_américaine_de_baseball_2014
Série_de_divisions_de_la_Ligue_américaine_de_baseball_2015
Série_de_divisions_de_la_Ligue_américaine_de_baseball_2020
Série_de_divisions_de_la_Ligue_nationale_2014
Série_de_divisions_de_la_Ligue_nationale_2015
Série_de_divisions_de_la_Ligue_nationale_2020
Série_de_divisions_de_la_Ligue_nationale_de_baseball_2008
Série_de_divisions_de_la_Ligue_nationale_de_baseball_2013
Série_de_divisions_de_la_Ligue_nationale_de_baseball_2014
Série_de_divisions_de_la_Ligue_nationale_de_baseball_2015
Série_de_divisions_de_la_Ligue_nationale_de_baseball_2020
Série_de_films
Série_de_fonctions
Série_de_fourier
Série_de_hauteurs
Série_de_humphreys
Série_de_jeu_vidéo
Série_de_jeux_vidéo
Série_de_livres
Série_de_lyman
Série_de_matchs_avec_au_moins_un_coup_sûr
Série_de_matchs_avec_un_coup_sûr
Série_de_meilleur_deuxième
Série_de_meilleurs_deuxièmes
Série_de_mode
Série_de_paschen
Série_de_pièces_allemandes_de_2_euros_des_Länder
Série_de_pièces_américaines_d'un_quart_de_dollar_America_the_Beautiful
Série_de_pièces_américaines_d'un_quart_de_dollar_America_the_Beautiful_Quarters
Série_de_pièces_américaines_de_1/4_de_dollar_America_the_Beautiful_Quarters
Série_de_pièces_américaines_de_10_dollars_des_Premières_épouses_des_États-Unis
Série_de_pièces_américaines_de_1_dollar_des_Présidents_des_États-Unis
Série_de_pièces_commémoratives_américaines_pour_le_50e_anniversaire_d'Apollo_11
Série_de_pièces_de_2_euros_du_10e_anniversaire_de_l'Union_économique_et_monétaire
Série_de_pièces_de_2_euros_du_10e_anniversaire_de_l'introduction_des_billets_et_des_pièces_en_euro
Série_de_pièces_de_2_euros_du_30e_anniversaire_du_drapeau_européen
Série_de_pièces_de_2_euros_du_50e_anniversaire_du_Traité_de_Rome
Série_de_pièces_espagnoles_de_2_euros_du_Patrimoine_mondial
Série_de_pièces_lettonnes_de_2_euros_des_régions
Série_de_pièces_maltaises_de_2_euros_de_l'histoire_constitutionnelle
Série_de_pièces_maltaises_de_2_euros_des_enfants_en_solidarité
Série_de_pièces_maltaises_de_2_euros_des_sites_préhistoriques
Série_de_pièces_maltaises_de_2_euros_du_Malta_Community_Chest_Fund
Série_de_réactions_de_Bowen
Série_de_taylor
Série_des_Caraïbes
Série_des_Caraïbes_2009
Série_des_Caraïbes_2010
Série_des_Caraïbes_2011
Série_des_Cathédrales_de_Rouen
Série_des_Commissaire_Maigret
Série_des_Commissaires_Maigret
Série_des_Länder
Série_des_Matinées
Série_des_Meules_(Monet)
Série_des_Parlements_de_Londres
Série_des_apôtres_d'Albi
Série_des_caraïbes
Série_des_cathédrales_de_rouen
Série_des_inverses_des_nombres_palindromes
Série_des_inverses_des_nombres_premiers
Série_des_normes_ISO_14000
Série_des_normes_ISO_9000
Série_des_normes_iso_14000
Série_des_normes_iso_9000
Série_des_pièces_américaines_de_1/4_de_dollar_des_50_États
Série_des_pièces_américaines_de_1/4_de_dollar_du_District_de_Columbia_et_des_territoires_des_États-Unis
Série_des_pièces_américaines_de_1_dollar_de_Sacagawea
Série_des_pièces_américaines_de_1_dollar_de_l'innovation_américaine
Série_des_pièces_françaises_de_10_euros_des_régions
Série_des_pièces_françaises_en_euro_des_valeurs_de_la_République
Série_des_pièces_péruviennes_d'1_sol_des_Ressources_naturelles_du_Pérou
Série_des_pièces_péruviennes_d'un_sol_des_Ressources_naturelles_du_Pérou
Série_des_pièces_péruviennes_de_1_sol_de_Ressources_Naturelles_du_le_Pérou
Série_des_pièces_péruviennes_de_1_sol_de_Ressources_Naturelles_du_le_Pérou_(numismatique)
Série_des_pièces_péruviennes_de_1_sol_des_Ressources_Naturelles_du_Pérou
Série_des_pièces_péruviennes_de_1_sol_des_Ressources_naturelles_du_Pérou
Série_des_prix
Série_des_stades_de_la_LNH_2014
Série_des_stades_de_la_LNH_2015
Série_des_stades_de_la_LNH_2016
Série_des_stades_de_la_LNH_2017
Série_des_stades_de_la_LNH_2018
Série_des_stades_de_la_LNH_2019
Série_des_stades_de_la_LNH_2020
Série_des_stades_de_la_LNH_2021
Série_diagonale
Série_diagonale_(mathématiques)
Série_différenciée
Série_divergente
Série_documentaire
Série_double
Série_du_Dollar_présidentiel
Série_du_Siècle
Série_du_Turkestan
Série_du_dollar_présidentiel
Série_du_métro
Série_du_siècle
Série_du_siècle_1972
Série_du_siècle_1974
Série_dérivée
Série_en_polymère
Série_entière
Série_et_feuilleton_(fiction)
Série_formelle
Série_génératrice
Série_génératrice_exponentielle
Série_géométrique
Série_harmonique
Série_harmonique_(mathématiques)
Série_homologue
Série_hypergéométrique
Série_hypergéométrique_basique
Série_internationale
Série_isomorphique
Série_lacunaire
Série_live
Série_magmatique
Série_minérale
Série_mon_petit_poney
Série_mondiale
Série_mondiale_1903
Série_mondiale_1907
Série_mondiale_1908
Série_mondiale_1916
Série_mondiale_1917
Série_mondiale_1920
Série_mondiale_1923
Série_mondiale_1926
Série_mondiale_1929
Série_mondiale_1940
Série_mondiale_1945
Série_mondiale_1947
Série_mondiale_1948
Série_mondiale_1949
Série_mondiale_1952
Série_mondiale_1953
Série_mondiale_1954
Série_mondiale_1955
Série_mondiale_1956
Série_mondiale_1969
Série_mondiale_1970
Série_mondiale_1972
Série_mondiale_1973
Série_mondiale_1973_de_baseball
Série_mondiale_1974
Série_mondiale_1975
Série_mondiale_1976
Série_mondiale_1977
Série_mondiale_1978
Série_mondiale_1979
Série_mondiale_1980
Série_mondiale_1981
Série_mondiale_1982
Série_mondiale_1983
Série_mondiale_1984
Série_mondiale_1985
Série_mondiale_1986
Série_mondiale_1987
Série_mondiale_1988
Série_mondiale_1989
Série_mondiale_1990
Série_mondiale_1991
Série_mondiale_1992
Série_mondiale_1993
Série_mondiale_1994
Série_mondiale_1995
Série_mondiale_1996
Série_mondiale_1997
Série_mondiale_1998
Série_mondiale_1999
Série_mondiale_2000
Série_mondiale_2001
Série_mondiale_2002
Série_mondiale_2003
Série_mondiale_2004
Série_mondiale_2005
Série_mondiale_2006
Série_mondiale_2007
Série_mondiale_2008
Série_mondiale_2009
Série_mondiale_2010
Série_mondiale_2011
Série_mondiale_2012
Série_mondiale_2013
Série_mondiale_2014
Série_mondiale_2015
Série_mondiale_2016
Série_mondiale_2017
Série_mondiale_2018
Série_mondiale_2019
Série_mondiale_2020
Série_mondiale_de_baseball
Série_mondiale_de_baseball_féminin
Série_mondiale_de_baseball_féminin_2001
Série_mondiale_de_baseball_féminin_2002
Série_mondiale_de_baseball_féminin_2003
Série_mondiale_de_baseball_féminin_2004
Série_mondiale_en_2003
Série_médicale
Série_nationale_Castrol_LMS_Québec
Série_noire
Série_noire_(Michel_Vaillant)
Série_noire_(film,_1955)
Série_noire_(film,_1979)
Série_noire_(homonymie)
Série_noire_(série_télévisée)
Série_noire_(série_télévisée,_1984)
Série_noire_(série_télévisée,_2014)
Série_noire_(série_télévisée_2014)
Série_noire_(série_télévisée_québécoise)
Série_noire_au_campus
Série_noire_pour_une_nuit_blanche
Série_novela
Série_numérique
Série_originale_Disney_Channel
Série_perturbative
Série_plain_chant_:_22_émissions_pour_la_télévision_sur_les_poètes_et_écrivains
Série_radio
Série_radioactive
Série_radiophonique
Série_rose
Série_rose_(série_télévisée)
Série_rouge
Série_réaliste
Série_sanukitoïde
Série_scientifique
Série_semi-convergente
Série_spectrale
Série_spectrale_(mathématiques)
Série_spectrale_(spectroscopie)
Série_spectrochimique
Série_statistique
Série_statistique_à_deux_variables
Série_stratigraphique
Série_sédimentaire
Série_technologique
Série_temporelle
Série_thriller
Série_trigonométrique
Série_télescopique
Série_télé
Série_télévisée
Série_télévisée_d'animation
Série_télévisée_d'espionnage
Série_télévisée_de_science-fiction
Série_télévisée_réaliste
Série_v_des_archives_départementales
Série_verte
Série_virtuelle
Série_web
Série_zeta_rationnelle
Série_zêta_rationnelle
Série_économique_et_sociale
Série_éliminatoire
Série_éliminatoire_MLB
Série_éliminatoire_de_la_Ligue_majeure_de_baseball
Série_éliminatoire_de_la_MLB
Série_éliminatoire_du_baseball_majeur
Sérieclub
Sériel
Sériers
Séries
Séries+
SériesTV_Magazine
Séries_+
Séries_B
Séries_Craftsman_Truck
Séries_Mania
Séries_Plus
Séries_Renard
Séries_TV
Séries_TV_(comics_de_Four_Color)
Séries_Z
Séries_chimiques
Séries_chronologiques
Séries_culte
Séries_d'Eisenstein
Séries_d'animation
Séries_d'explosions_au_terminal_pétrolier_de_Buncefield_en_Grande-Bretagne,_le_11_décembre_2005
Séries_de_Bell
Séries_de_Bertrand
Séries_de_Compiègne
Séries_de_Fourier
Séries_de_Laurent
Séries_de_Lyman
Séries_de_Minggatu
Séries_de_Renard
Séries_de_championnat
Séries_de_dessins_animés_diffusées_dans_le_Disney_Club
Séries_de_division
Séries_de_division_2017_de_la_Ligue_américaine
Séries_de_division_2017_de_la_Ligue_américaine_de_baseball
Séries_de_division_2017_de_la_Ligue_nationale
Séries_de_division_2017_de_la_Ligue_nationale_de_baseball
Séries_de_division_de_la_Ligue_américaine_2014
Séries_de_division_de_la_Ligue_américaine_2015
Séries_de_division_de_la_Ligue_américaine_2017
Séries_de_division_de_la_Ligue_américaine_2020
Séries_de_division_de_la_Ligue_américaine_de_baseball_2009
Séries_de_division_de_la_Ligue_américaine_de_baseball_2010
Séries_de_division_de_la_Ligue_américaine_de_baseball_2014
Séries_de_division_de_la_Ligue_américaine_de_baseball_2015
Séries_de_division_de_la_Ligue_américaine_de_baseball_2017
Séries_de_division_de_la_Ligue_américaine_de_baseball_2020
Séries_de_division_de_la_Ligue_nationale_2014
Séries_de_division_de_la_Ligue_nationale_2015
Séries_de_division_de_la_Ligue_nationale_2017
Séries_de_division_de_la_Ligue_nationale_2020
Séries_de_division_de_la_Ligue_nationale_de_baseball_1981
Séries_de_division_de_la_Ligue_nationale_de_baseball_2008
Séries_de_division_de_la_Ligue_nationale_de_baseball_2009
Séries_de_division_de_la_Ligue_nationale_de_baseball_2010
Séries_de_division_de_la_Ligue_nationale_de_baseball_2014
Séries_de_division_de_la_Ligue_nationale_de_baseball_2015
Séries_de_division_de_la_Ligue_nationale_de_baseball_2017
Séries_de_division_de_la_Ligue_nationale_de_baseball_2020
Séries_de_divisions
Séries_de_divisions_2017_de_la_Ligue_américaine
Séries_de_divisions_2017_de_la_Ligue_américaine_de_baseball
Séries_de_divisions_2017_de_la_Ligue_nationale
Séries_de_divisions_2017_de_la_Ligue_nationale_de_baseball
Séries_de_divisions_2020_de_la_Ligue_américaine
Séries_de_divisions_2020_de_la_Ligue_américaine_de_baseball
Séries_de_divisions_2020_de_la_Ligue_nationale
Séries_de_divisions_2020_de_la_Ligue_nationale_de_baseball
Séries_de_divisions_de_la_Ligue_américaine
Séries_de_divisions_de_la_Ligue_américaine_2014
Séries_de_divisions_de_la_Ligue_américaine_2015
Séries_de_divisions_de_la_Ligue_américaine_2017
Séries_de_divisions_de_la_Ligue_américaine_2020
Séries_de_divisions_de_la_Ligue_américaine_de_baseball
Séries_de_divisions_de_la_Ligue_américaine_de_baseball_1981
Séries_de_divisions_de_la_Ligue_américaine_de_baseball_1995
Séries_de_divisions_de_la_Ligue_américaine_de_baseball_1996
Séries_de_divisions_de_la_Ligue_américaine_de_baseball_1997
Séries_de_divisions_de_la_Ligue_américaine_de_baseball_1998
Séries_de_divisions_de_la_Ligue_américaine_de_baseball_1999
Séries_de_divisions_de_la_Ligue_américaine_de_baseball_2000
Séries_de_divisions_de_la_Ligue_américaine_de_baseball_2001
Séries_de_divisions_de_la_Ligue_américaine_de_baseball_2002
Séries_de_divisions_de_la_Ligue_américaine_de_baseball_2003
Séries_de_divisions_de_la_Ligue_américaine_de_baseball_2008
Séries_de_divisions_de_la_Ligue_américaine_de_baseball_2009
Séries_de_divisions_de_la_Ligue_américaine_de_baseball_2010
Séries_de_divisions_de_la_Ligue_américaine_de_baseball_2011
Séries_de_divisions_de_la_Ligue_américaine_de_baseball_2012
Séries_de_divisions_de_la_Ligue_américaine_de_baseball_2013
Séries_de_divisions_de_la_Ligue_américaine_de_baseball_2014
Séries_de_divisions_de_la_Ligue_américaine_de_baseball_2015
Séries_de_divisions_de_la_Ligue_américaine_de_baseball_2016
Séries_de_divisions_de_la_Ligue_américaine_de_baseball_2017
Séries_de_divisions_de_la_Ligue_américaine_de_baseball_2020
Séries_de_divisions_de_la_Ligue_nationale
Séries_de_divisions_de_la_Ligue_nationale_2014
Séries_de_divisions_de_la_Ligue_nationale_2015
Séries_de_divisions_de_la_Ligue_nationale_2017
Séries_de_divisions_de_la_Ligue_nationale_2020
Séries_de_divisions_de_la_Ligue_nationale_de_baseball
Séries_de_divisions_de_la_Ligue_nationale_de_baseball_1981
Séries_de_divisions_de_la_Ligue_nationale_de_baseball_1995
Séries_de_divisions_de_la_Ligue_nationale_de_baseball_1996
Séries_de_divisions_de_la_Ligue_nationale_de_baseball_2008
Séries_de_divisions_de_la_Ligue_nationale_de_baseball_2009
Séries_de_divisions_de_la_Ligue_nationale_de_baseball_2010
Séries_de_divisions_de_la_Ligue_nationale_de_baseball_2011
Séries_de_divisions_de_la_Ligue_nationale_de_baseball_2012
Séries_de_divisions_de_la_Ligue_nationale_de_baseball_2013
Séries_de_divisions_de_la_Ligue_nationale_de_baseball_2014
Séries_de_divisions_de_la_Ligue_nationale_de_baseball_2015
Séries_de_divisions_de_la_Ligue_nationale_de_baseball_2016
Séries_de_divisions_de_la_Ligue_nationale_de_baseball_2017
Séries_de_divisions_de_la_Ligue_nationale_de_baseball_2020
Séries_de_hockey_CMR-AMWP
Séries_de_jeux_vidéo
Séries_de_la_saison_2004_de_la_première_division_de_l'United_Soccer_Leagues
Séries_de_la_saison_2004_de_la_première_division_de_l'united_soccer_leagues
Séries_de_la_saison_2005_de_la_première_division_de_l'United_Soccer_Leagues
Séries_de_la_saison_2005_de_la_première_division_de_l'united_soccer_leagues
Séries_de_la_saison_2006_de_la_première_division_de_l'United_Soccer_Leagues
Séries_de_la_saison_2006_de_la_première_division_de_l'united_soccer_leagues
Séries_de_meilleurs_deuxièmes
Séries_de_meilleurs_deuxièmes_de_la_Ligue_américaine_de_baseball_2020
Séries_de_meilleurs_deuxièmes_de_la_Ligue_nationale_de_baseball_2020
Séries_de_meurtres_dans_la_région_Midi-Pyrénées
Séries_décroissantes
Séries_dégressives
Séries_dérivées
Séries_formelles
Séries_internationales_de_la_NFL
Séries_internationales_de_la_NFL_en_2020
Séries_mondiales
Séries_mondiales_de_triathlon
Séries_mondiales_de_triathlon_2011
Séries_policières
Séries_professionnelles_de_snooker_2021
Séries_provinciales_du_championnat_de_Belgique_de_football
Séries_québécoises
Séries_technologiques
Séries_temporelles
Séries_télé
Séries_télévisées
Séries_télévisées_américaines_diffusées_durant_la_saison_2011-2012
Séries_télévisées_américaines_diffusées_durant_la_saison_2011–2012
Séries_télévisées_américaines_diffusées_durant_la_saison_2012-2013
Séries_télévisées_américaines_diffusées_durant_la_saison_2012–2013
Séries_télévisées_américaines_diffusées_durant_la_saison_2013-2014
Séries_télévisées_américaines_diffusées_durant_la_saison_2013–2014
Séries_télévisées_américaines_diffusées_durant_la_saison_2014-2015
Séries_télévisées_américaines_diffusées_durant_la_saison_2014–2015
Séries_télévisées_américaines_diffusées_durant_la_saison_2015-2016
Séries_télévisées_américaines_diffusées_durant_la_saison_2015–2016
Séries_télévisées_américaines_diffusées_durant_la_saison_2016-2017
Séries_télévisées_américaines_diffusées_durant_la_saison_2016–2017
Séries_télévisées_américaines_diffusées_durant_la_saison_2017-2018
Séries_télévisées_américaines_diffusées_durant_la_saison_2017–2018
Séries_télévisées_américaines_diffusées_durant_la_saison_2018-2019
Séries_télévisées_américaines_diffusées_durant_la_saison_2019-2020
Séries_télévisées_américaines_diffusées_durant_la_saison_2020-2021
Séries_télévisées_américaines_diffusées_en_prime_time_aux_Etats-Unis_durant_la_saison_2015–2016
Séries_télévisées_américaines_diffusées_en_prime_time_aux_États-Unis_durant_la_saison_2015–2016
Séries_télévisées_américaines_diffusées_en_prime_time_durant_la_saison_2015-2016
Séries_télévisées_américaines_diffusées_en_prime_time_durant_la_saison_2015–2016
Séries_télévisées_canadiennes_diffusées_durant_la_saison_2017–2018
Séries_télévisées_diffusées_sur_American_Broadcasting_Company
Séries_télévisées_diffusées_sur_CBS
Séries_télévisées_diffusées_sur_Fox
Séries_télévisées_diffusées_sur_NBC
Séries_télévisées_diffusées_sur_Radio-Canada
Séries_télévisées_diffusées_sur_TVA
Séries_télévisées_diffusées_sur_The_CW
Séries_éliminatoires
Séries_éliminatoires_MLB
Séries_éliminatoires_NBA_2005
Séries_éliminatoires_de_la_Coupe_Stanley_1924
Séries_éliminatoires_de_la_Coupe_Stanley_1925
Séries_éliminatoires_de_la_Coupe_Stanley_1927
Séries_éliminatoires_de_la_Coupe_Stanley_1928
Séries_éliminatoires_de_la_Coupe_Stanley_1929
Séries_éliminatoires_de_la_Coupe_Stanley_1930
Séries_éliminatoires_de_la_Coupe_Stanley_1931
Séries_éliminatoires_de_la_Coupe_Stanley_1932
Séries_éliminatoires_de_la_Coupe_Stanley_1933
Séries_éliminatoires_de_la_Coupe_Stanley_1934
Séries_éliminatoires_de_la_Coupe_Stanley_1935
Séries_éliminatoires_de_la_Coupe_Stanley_1936
Séries_éliminatoires_de_la_Coupe_Stanley_1937
Séries_éliminatoires_de_la_Coupe_Stanley_1938
Séries_éliminatoires_de_la_Coupe_Stanley_1939
Séries_éliminatoires_de_la_Coupe_Stanley_1940
Séries_éliminatoires_de_la_Coupe_Stanley_1941
Séries_éliminatoires_de_la_Coupe_Stanley_1942
Séries_éliminatoires_de_la_Coupe_Stanley_1943
Séries_éliminatoires_de_la_Coupe_Stanley_1944
Séries_éliminatoires_de_la_Coupe_Stanley_1945
Séries_éliminatoires_de_la_Coupe_Stanley_1946
Séries_éliminatoires_de_la_Coupe_Stanley_1947
Séries_éliminatoires_de_la_Coupe_Stanley_1948
Séries_éliminatoires_de_la_Coupe_Stanley_1949
Séries_éliminatoires_de_la_Coupe_Stanley_1950
Séries_éliminatoires_de_la_Coupe_Stanley_1951
Séries_éliminatoires_de_la_Coupe_Stanley_1952
Séries_éliminatoires_de_la_Coupe_Stanley_1953
Séries_éliminatoires_de_la_Coupe_Stanley_1954
Séries_éliminatoires_de_la_Coupe_Stanley_1955
Séries_éliminatoires_de_la_Coupe_Stanley_1956
Séries_éliminatoires_de_la_Coupe_Stanley_1957
Séries_éliminatoires_de_la_Coupe_Stanley_1958
Séries_éliminatoires_de_la_Coupe_Stanley_1959
Séries_éliminatoires_de_la_Coupe_Stanley_1960
Séries_éliminatoires_de_la_Coupe_Stanley_1961
Séries_éliminatoires_de_la_Coupe_Stanley_1962
Séries_éliminatoires_de_la_Coupe_Stanley_1963
Séries_éliminatoires_de_la_Coupe_Stanley_1964
Séries_éliminatoires_de_la_Coupe_Stanley_1965
Séries_éliminatoires_de_la_Coupe_Stanley_1966
Séries_éliminatoires_de_la_Coupe_Stanley_1967
Séries_éliminatoires_de_la_Coupe_Stanley_1968
Séries_éliminatoires_de_la_Coupe_Stanley_1969
Séries_éliminatoires_de_la_Coupe_Stanley_1970
Séries_éliminatoires_de_la_Coupe_Stanley_1971
Séries_éliminatoires_de_la_Coupe_Stanley_1972
Séries_éliminatoires_de_la_Coupe_Stanley_1973
Séries_éliminatoires_de_la_Coupe_Stanley_1974
Séries_éliminatoires_de_la_Coupe_Stanley_1975
Séries_éliminatoires_de_la_Coupe_Stanley_1976
Séries_éliminatoires_de_la_Coupe_Stanley_1977
Séries_éliminatoires_de_la_Coupe_Stanley_1978
Séries_éliminatoires_de_la_Coupe_Stanley_1979
Séries_éliminatoires_de_la_Coupe_Stanley_1980
Séries_éliminatoires_de_la_Coupe_Stanley_1981
Séries_éliminatoires_de_la_Coupe_Stanley_1982
Séries_éliminatoires_de_la_Coupe_Stanley_1983
Séries_éliminatoires_de_la_Coupe_Stanley_1984
Séries_éliminatoires_de_la_Coupe_Stanley_1985
Séries_éliminatoires_de_la_Coupe_Stanley_1986
Séries_éliminatoires_de_la_Coupe_Stanley_1987
Séries_éliminatoires_de_la_Coupe_Stanley_1988
Séries_éliminatoires_de_la_Coupe_Stanley_1989
Séries_éliminatoires_de_la_Coupe_Stanley_1990
Séries_éliminatoires_de_la_Coupe_Stanley_1991
Séries_éliminatoires_de_la_Coupe_Stanley_1992
Séries_éliminatoires_de_la_Coupe_Stanley_1993
Séries_éliminatoires_de_la_Coupe_Stanley_1994
Séries_éliminatoires_de_la_Coupe_Stanley_1995
Séries_éliminatoires_de_la_Coupe_Stanley_1996
Séries_éliminatoires_de_la_Coupe_Stanley_1997
Séries_éliminatoires_de_la_Coupe_Stanley_1998
Séries_éliminatoires_de_la_Coupe_Stanley_1999
Séries_éliminatoires_de_la_Coupe_Stanley_2000
Séries_éliminatoires_de_la_Coupe_Stanley_2001
Séries_éliminatoires_de_la_Coupe_Stanley_2002
Séries_éliminatoires_de_la_Coupe_Stanley_2003
Séries_éliminatoires_de_la_Coupe_Stanley_2004
Séries_éliminatoires_de_la_Coupe_Stanley_2006
Séries_éliminatoires_de_la_Coupe_Stanley_2007
Séries_éliminatoires_de_la_Coupe_Stanley_2008
Séries_éliminatoires_de_la_Coupe_Stanley_2009
Séries_éliminatoires_de_la_Coupe_Stanley_2010
Séries_éliminatoires_de_la_Coupe_Stanley_2011
Séries_éliminatoires_de_la_Coupe_Stanley_2012
Séries_éliminatoires_de_la_Coupe_Stanley_2013
Séries_éliminatoires_de_la_Coupe_Stanley_2014
Séries_éliminatoires_de_la_Coupe_Stanley_2015
Séries_éliminatoires_de_la_Coupe_Stanley_2016
Séries_éliminatoires_de_la_Coupe_Stanley_2017
Séries_éliminatoires_de_la_Coupe_Stanley_2018
Séries_éliminatoires_de_la_Coupe_Stanley_2019
Séries_éliminatoires_de_la_Coupe_Stanley_2020
Séries_éliminatoires_de_la_Coupe_Stanley_2021
Séries_éliminatoires_de_la_LMB
Séries_éliminatoires_de_la_Ligue_majeure_de_baseball
Séries_éliminatoires_de_la_MLB
Séries_éliminatoires_des_Ligues_majeures_de_baseball
Séries_éliminatoires_du_baseball_majeur
Séries_éphémères_de_Tintin
Séries_éphémères_parues_dans_Spirou
Séries_éphémères_parus_dans_Spirou
Sériestv_magazine
Sérieuse_(1779)
Sérieux
Sérieux_(1740)
Sérieux_comme_le_plaisir
Sérieux_dans_nos_affaires
Sérieys
Sérif
Sérifontaine
Sérifos
Sérignac
Sérignac-Péboudou
Sérignac-péboudou
Sérignac-sur-Garonne
Sérignac-sur-garonne
Sérignac_(Charente)
Sérignac_(Lot)
Sérignac_(Tarn-et-Garonne)
Sérignac_(tarn-et-garonne)
Sérignan
Sérignan-du-Comtat
Sérignan-du-comtat
Sérigne_Lamine_Diop
Sérigny
Sérigny_(Charente-Maritime)
Sérigny_(Chte-Mme)
Sérigny_(Orne)
Sérigny_(Vienne)
Sérigny_(charente-maritime)
Sérigné
Sérigoule
Sérigraphe
Sérigraphie
Sérigraphique
Sérigraphié
Sérihi
Sérihio
Sérilhac
Sérillon
Sérin
Sérinati
Sérinde
Sérine
Sérine-ARNt_ligase
Sérine-glyoxylate_transaminase
Sérine-protéase
Sérine/thréonine_protéine_kinase
Sérine_(homonymie)
Sérine_(rivière)
Sérine_C-palmitoyltransférase
Sérine_O-acétyltransférase
Sérine_hydroxyméthyltransférase
Sérine_protéase
Sério
Sério_(Brésil)
Sériole
Sériole_australienne
Sériole_chicard
Sériole_chinchard
Sériole_couronnée
Sériole_du_Japon
Sériphe
Sériphos
Sérique
Séris
Séris_(homonymie)
Séro_Diamanou
Séroconversion
Séroff
Sérogroupage
Sérogroupe
Sérologie
Sérologique
Séron
Séroneutralisation_par_réduction_des_plages_de_lyse
Séronégatif
Séronégativité
Sérophobie
Séropositif
Séropositifs
Séropositive
Séropositivité
Séropositivité_au_VIH
Séroprophylaxie
Séroprévalence
Séroquel
Sérosité
Sérosités
Sérot
Sérothèque
Sérothérapie
Sérothérapie_antivenimeuse
Sérotine
Sérotine_bicolore
Sérotine_boréale
Sérotine_brune
Sérotine_commune
Sérotine_de_Botta
Sérotine_de_Nilsson
Sérotine_isabelle
Sérotinie
Sérotonergique
Sérotonine
Sérotonine_(roman)
Sérotonine_N-acétyltransférase
Sérotoninergique
Sérotypage
Sérotype
Sérotypie
Sérou
Sérov
Sérovar
Sérrai
Sérsekszőlős
Sérum
Sérum_amyloïde_A
Sérum_anti-lymphocitaire
Sérum_anti-lymphocytaire
Sérum_de_lait
Sérum_de_veau_fœtal
Sérum_de_vérité
Sérum_phy
Sérum_physiologique
Sérum_sanguin
Sérumthérapie
Sérurier
Sérusclat
Sérusier
Sérvia
Sérvia-Velvendos
Sérvia-Velvendós
Sérvou
Sérvulo_Esmeraldo
Séry
Séry-Magneval
Séry-lès-Mézières
Séry-lès-mézières
Séry-magneval
Séry_(Ardennes)
Séry_Bailly
Séry_Gnoléba
Séryl-ARNt_synthétase
Sérène
Sérère
Sérère-Léhar
Sérère-Noon
Sérère-Safen
Sérère_(langue)
Sérères
Sérères_l'histoire_ancienne
Sérès
Séré
Séré_(Burkina_Faso)
Séré_(fromage)
Séré_Moussa_Ani_Samou_De_Siékorolé
Séré_de_Rivière
Séré_de_Rivières
Sérébissou
Sérébriakoff
Sérébriakov
Sérédou
Sérée
Sérée_(Pyrénées-Atlantiques)
Séréfédougou
Sérékalé
Sérékéni
Sérémange
Séréna
Séréna_Williams
Sérénac
Sérénade
Sérénade_(Biber)
Sérénade_(Le_Chant_du_cygne)
Sérénade_(danse)
Sérénade_(film)
Sérénade_(film,_1921)
Sérénade_(film,_1927)
Sérénade_(film,_1939)
Sérénade_(film,_1940)
Sérénade_(musique)
Sérénade_Chafik
Sérénade_KV._361_(Mozart)
Sérénade_KV_185
Sérénade_KV_203
Sérénade_KV_204
Sérénade_KV_239
Sérénade_KV_250
Sérénade_KV_286
Sérénade_KV_320
Sérénade_KV_361
Sérénade_KV_361_(Mozart)
Sérénade_KV_375
Sérénade_KV_388/384a
Sérénade_américaine
Sérénade_au_Texas
Sérénade_au_bourreau
Sérénade_au_texas
Sérénade_aux_nuages
Sérénade_de_Bruch
Sérénade_en_la
Sérénade_en_ré_mineur,_op._44
Sérénade_en_sol_majeur
Sérénade_interrompue
Sérénade_kv_361
Sérénade_mélancolique
Sérénade_pour_Ténor,_Cor_et_Cordes
Sérénade_pour_Ténor,_Cor_et_Cordes_(Britten)
Sérénade_pour_cordes
Sérénade_pour_cordes_(Dvorak)
Sérénade_pour_cordes_(Dvořák)
Sérénade_pour_cordes_(Suk)
Sérénade_pour_cordes_(Tchaïkovski)
Sérénade_pour_cordes_d'Edward_Elgar
Sérénade_pour_cordes_d'Elgar
Sérénade_pour_cordes_de_Tchaïkovski
Sérénade_pour_cordes_de_tchaïkovski
Sérénade_pour_flûte,_alto,_contrebasse,_clavecin_et_percussion
Sérénade_pour_flûte,_hautbois_et_basson
Sérénade_pour_flûte,_violon,_alto,_violoncelle_et_harpe
Sérénade_pour_trio_à_cordes
Sérénade_pour_trio_à_cordes_(Dohnányi)
Sérénade_pour_ténor,_cor_et_cordes
Sérénade_pour_ténor,_cor_et_cordes_(Britten)
Sérénade_pour_ténor,_cor_et_cordes_(britten)
Sérénade_pour_un_cerveau_musicien
Sérénade_pour_violon,_alto,_violoncelle_et_deux_clarinettes
Sérénade_sur_des_thèmes_d'Anna_Bolena
Sérénade_sur_la_glace
Sérénade_à_Mexico
Sérénade_à_trois
Sérénades
Sérénades_(Brahms)
Sérénades_de_Brahms
Sérénissime
Sérénissime_Assassinat
Sérénissime_République_de_Gênes
Sérénissime_assassinat
Sérénissime_république
Sérénité
Séréré_(Ngoro)
Sérétide
Sérétonine
Sérévillers
Sérézat
Sérézin
Sérézin-de-la-Tour
Sérézin-de-la-tour
Sérézin-du-Rhône
Sérézin-du-rhône
Sésamath
Sésame
Sésame,_ouvre-toi
Sésame,_ouvre-toi_!
Sésame,_ouvre_toi_(phrase)
Sésame_(Québec)
Sésame_(bibliothèque_numérique)
Sésame_(homonymie)
Sésame_Autisme
Sésame_autisme
Sésame_d'Allemagne
Sésame_et_les_Lys
Sésame_ouvre-toi_!
Sésamie
Sésamine
Sésamol
Sésia
Sésia_(département)
Sésie
Sésie_apiforme
Sésie_bembex
Sésie_du_chèvrefeuille
Sésie_du_framboisier
Sésie_du_groseillier
Sésie_du_peuplier
Sésie_du_pommier
Sésie_du_saule
Sésie_frelon
Sésie_ichneumon
Sésie_ichneumoniforme
Sésigna
Sésklo
Sésostris
Sésostris_(prêtre_dans_l'Égypte_antique)
Sésostris_I
Sésostris_II
Sésostris_III
Sésostris_IV
Sésostris_Ier
Séssène
Séséli
Sétadouo
Sétaia
Sétaire
Sétaire_d'Italie
Sétaire_glauque
Sétaire_verte
Sétaire_verticillée
Sétaire_à_feuilles_de_palmier
Sétaou
Sétaou_(fils_royal_de_Koush)
Sétatroce
Sétchouan
Sétebtenga
Sétepenrê
Séth
Séthi
Séthi_(fils_d'Amonherkhépeshef)
Séthi_(fils_de_Ramsès_II)
Séthi_(père_de_Ramsès_Ier)
Séthi_II
Séthi_Ier
Séthien
Séthiherkhépeshef
Séthiherkhépeshef_(fils_de_Ramsès_III)
Séthiherkhépeshef_II
Séthy
Séthy_Ier
Séti
Séti_Ier
Sétif
Sétima_Legião
Sétines
Sétois
Sétolé
Sétondouo
Sétougou
Sétoundouo
Sétra
Sétron
Sétébos
Sétébos_(lune)
Sétée
Sétérée
Sévare
Sévaré
Sévastopol
Sévaz
Séve
Sévenans
Sévenne
Séverac
Séverac-Bédène
Séverac-le-Château
Séveraisse
Séveraissette
Sévereau
Séverianes
Séverin
Séverin-Louis-Marie-Michel_Le_Duff_de_Mesonan
Séverin-Mars
Séverin_(chanteur)
Séverin_(mime)
Séverin_(musicien)
Séverin_(pape)
Séverin_Aylies
Séverin_Blanchet
Séverin_Boèce
Séverin_Cafferra
Séverin_Caveri
Séverin_Cornet
Séverin_Cécile_Abega
Séverin_Faust
Séverin_Favriau
Séverin_Frankiel
Séverin_Fredro
Séverin_Gałęzowski
Séverin_Girault
Séverin_Granvorka
Séverin_Kacou
Séverin_Kezeu
Séverin_L'Hermite
Séverin_Lachapelle
Séverin_Le_Duff_de_Mésonan
Séverin_Létourneau
Séverin_Mars
Séverin_Mielżyński
Séverin_Millet
Séverin_Moisse
Séverin_Naudet
Séverin_Paul_Abbatucci
Séverin_Pervinquière
Séverin_Pineau
Séverin_Prats
Séverin_Rappa
Séverin_Robert
Séverin_Rzewuski
Séverin_Tchounkeu
Séverin_d'Agaune
Séverin_de_Cardaillac
Séverin_de_Cologne
Séverin_de_Norique
Séverin_de_Paris
Séverin_de_Rigné
Séverin_de_Saxe
Séverin_du_Norique
Séverin_du_norique
Séverine
Séverine_(chanteuse)
Séverine_(homonymie)
Séverine_Amiot
Séverine_Auffret
Séverine_Autesserre
Séverine_Beltrame
Séverine_Berthelot
Séverine_Bosschem
Séverine_Bremond
Séverine_Brémond
Séverine_Caneele
Séverine_Chavrier
Séverine_Clair
Séverine_Cornamusaz
Séverine_Danflous
Séverine_Daucourt-Fridriksson
Séverine_De_La_Croix
Séverine_De_la_Croix
Séverine_Desbouys
Séverine_Eraud
Séverine_Ferrer
Séverine_Foulon
Séverine_Gipson
Séverine_Goulois
Séverine_Hansen
Séverine_Hubard
Séverine_Lambour
Séverine_Lathuillière
Séverine_Lecouflé
Séverine_Lefebvre
Séverine_Lefèbvre
Séverine_Lepape
Séverine_Liénard
Séverine_Meio
Séverine_Nebie
Séverine_Nébié
Séverine_Pineaux
Séverine_Pont-Combe
Séverine_Sigrist
Séverine_Szewczyk
Séverine_Tessier
Séverine_Tréfouël
Séverine_Vandenhende
Séverine_Vidal
Séverine_Vincent
Séverine_auffret
Séverine_de_La_Croix
Séverine_de_Laveleye
Séverine_de_la_Croix
Séverny
Séversk
Sévery
Séviac
Sévice_physique
Sévice_sexuel
Sévices_à_enfant
Sévignac
Sévignacq
Sévignacq-Meyracq
Sévignacq-Thèze
Sévignacq-meyracq
Sévignacq_(homonymie)
Sévigny
Sévigny-Waleppe
Sévigny-la-Forêt
Sévigny-la-forêt
Sévigny-waleppe
Sévigny_(homonymie)
Sévigné
Sévigné_(cratère)
Sévillane
Séville
Séville-Santa_Justa
Séville_82
Séville_92
Séville_FC
Séville_FC_B
Séville_Fútbol_Club
Séville_Fútbol_Club_(féminines)
Sévillia
Sévin
Séviper
Sévis
Séviscourt
Sévoflurane
Sévoth-Tart
Sévoth-tart
Sévrienne
Sévrier
Sévruga_(caviar)
Sévry
Sévène
Sévère
Sévère_(chanteuse)
Sévère_(film)
Sévère_(homonymie)
Sévère_Alexandre
Sévère_Dumoulin
Sévère_III
Sévère_II_d'Antioche
Sévère_Rivard
Sévère_Sebôkht
Sévère_bar_Shakako
Sévère_d'Achmounein
Sévère_d'Antioche
Sévère_de_Ravenne
Sévère_de_Vienne
Sévères
Sévérac
Sévérac-d'Aveyron
Sévérac-l'Église
Sévérac-l'église
Sévérac-le-Château
Sévérac_(Loire-Atlantique)
Sévérac_(loire-atlantique)
Sévérac_d'Aveyron
Sévérac_l'Église
Sévérianus
Sévérie
Sévérien
Sévérien_de_Gabala
Sévérienne
Sévériens
Sévériens_(tribu)
Sévérin_Lachapelle
Sévérin_Quenum
Sévéro-Kourilsk
Sévérobaïkalsk
Sévérodvinsk
Sévéromorsk
Sévéréou
Séwrin
Séwèra
Séwé
Séwé_San_Pedro
Séwé_San_Pédro
Séwé_Sport_de_San-Pédro
Séwé_Sports
Séwé_Sports_de_San-Pédro
Séwé_Sports_de_San_Pedro
Séwé_sports_de_san_pedro
Séyé
Sézane
Sézanne
Sézegnin
Sézenove
Sézia_(département)
Sézéria
Séïbou_Mama
Séïdath_Tchomogo
Sêcheresse
Sêl_Gymreig
Sêrt
Sêrtar
Sêrxü
Sêrâ-fuku_to_kikanjû
Sërbica_e_Ultë
Sërbicë_e_Epërme
Sërbicë_e_Poshtme
Sërboc
Sì
Sì,_Mi_chiamano_Mimì
Sì._Mi_chiamano_Mimì
Sí_Ràdio
Sícoris
Sídlisko_KVP
Sídlisko_Ťahanovce
Sídlisko_Ťahanovce_(citée_de_Ťahanovce)
Sígfrid_Gràcia
Sígri
Sígsig_(canton)
Síl_Muiredaig
Síl_n?edo_Sláine
Síle_de_Valera
Sílvia_Bel
Sílvia_Cardoso_Ferreira_da_Silva
Sílvia_Cristina_Gustavo_Rocha
Sílvia_Marsó
Sílvia_Munt
Sílvia_Pérez_Cruz
Sílvia_Rebelo
Sílvia_Riva_González
Sílvia_Soler-Espinosa
Sílvia_Soler_Espinosa
Sílvio
Sílvio_José_Canuto
Sílvio_Malvezi
Sílvio_Manuel_Pereira
Sílvio_Romero
Sílvio_Santos
Sílvio_de_Abreu
Símos_Kedíkoglou
Símos_V._Kedíkoglou
Símou
Símun_Samuelsen
Símun_av_Skarði
Síntesis
Síol_Anmchadha
Síp_utca
Síria
Sírio_San_Paolo
Sírio_São_Paulo
Sírlám
Sírna_Sáeglach
Sísarcha
Síses
Sísi_(Lassíthi)
Sítio_Novo
Sítio_Novo_(Rio_Grande_do_Norte)
Sítio_Novo_do_Tocantins
Sítio_d'Abadia
Sítio_do_Mato
Sítio_do_Quinto
Síva_(Malevízi)
Sívas_(Crète)
Sívas_(Héraklion)
Sívas_(Phaistos,_Crète)
Sívritos
Síðujökull
Sîbawayh
Sîd
Sîn
Sîn-Muballit
Sîn-eribam
Sîn-iddinam
Sîn-iqîsham
Sîn-muballit
Sîn-mâgir
Sîn-shar-ishkun
Sînekeman
Sîngerei
Sînziana_Popescu
Sîq
Sîra
Sîrba
Sîrâf
Sîrâj_ud-Daulâ
Sîshëë
Sîtâ
Sònia_Farré
Sònia_Farré_Fidalgo
Sònia_Gelmà
Sóc_Trăng
Sóc_Trăng_(province)
Sócrates
Sócrates_Brasileiro_Sampaio_de_Souza_Vieira_de_Oliveira
Sójki
Sójki-Parcel
Sójki_(?ódź)
Sójkowa
Sójkówek
Sóknardalr
Sól
Sól_(Lublin)
Sól_(Mazovie)
Sól_(Silésie)
Sól_(mythologie)
Sólca
Sóley
Sólfar
Sólheimajökull
Sóller
Sólo_con_tu_pareja
Sólo_en_tí
Sólo_mía
Sólo_quiero_caminar
Sólon_Michailídis
Sólrún_Sumarliðadóttir
Sólstafir
Sólveig
Sólveig_Anspach
Sóly
Sólyom
Sólyom_Hungarian_Airways
Sólyom_László
Són
Sónar
Sónia_Guadalupe
Sónia_Ndoniema
Sóshartyán
Sóskút
Sóstófalva
Sóstóhegy
Sóstói
Sósvertike
Sóti_Triantafýllou
Sótia_Tsótou
Sótony
Sówki
Sówki_(Lelkowo)
Sô
Sô-Ava
Sô-Tchanhoué
Sô-odori_matsuri
Sô_(cours_d'eau)
Sô_(langue)
Sô_Yamamura
Sôber
Sôchu-den
Sôga_Shôsha
Sôgô_Shôsha
Sôhei
Sôichi_Noguchi
Sôichirô_Hoshi
Sôji_Okita
Sôjin
Sôjirô_Motoki
Sôjirô_Seta
Sôkan
Sôkan_Yamasaki
Sôkan_Yamazaki
Sôkbôk
Sôkidan
Sôkyû_no_Fafner
Sôl_austan,_Mâni_vestan
Sôma
Sômatophylaque
Sômatophylaques
Sômen
Sône
Sône_(Sénégal)
Sông_Bé
Sông_Công
Sông_Hồng
Sông_Lam_Nghê_An
Sông_Lam_Nghệ_An
Sônia_Benedito
Sônia_Braga
Sônia_Guajajara
Sônia_Luyten
Sôpdit
Sôra
Sôri
Sôryû
Sôseki
Sôseki_Natsume
Sôsos_de_Pergame
Sôsuke_Ikematsu
Sôten_no_Ken
Sôter
Sôter_(pape)
Sôtré
Sôtô
Sõgula
Sõitme
Sõjamäe
Sõmera
Sõmeri
Sõmerpalu
Sõmerpalu_(commune)
Sõmeru
Sõmeru_(Kiili)
Sõmeru_(Kose)
Sõmeru_(Märjamaa)
Sõmeru_(commune)
Sõru
Sõrumäe
Sõrve
Sõtke_(Märjamaa)
Sõõru
Söchau
Söchtenau
Söder
Söder_(Holle)
Söder_om_Folkungagatan
Söder_om_Folkungagatan_(série_télévisée)
Söderasen
Söderberg
Söderby
Söderby-Karl
Söderbärke
Söderfjärden
Söderfors
Södergren
Söderhamn
Söderhamn_(commune)
Söderköping
Söderköping_(commune)
Söderling
Södermalm
Södermalm_(district)
Södermanland
Söderort
Söderskogen
Söderstadion
Södersundin_tuulimylly
Södersvik
Södertälje
Södertälje_(commune)
Södertälje_BBK
Södertälje_Fotbollsarena
Södertälje_Kings
Södertälje_SK
Södertörn
Södertörn_University
Söderåkra
Söderåsen
Söding
Söding-Sankt_Johann
Södingberg
Södra
Södra_Karelen
Södra_Klagshamn
Södra_Kungsleden
Södra_Latin
Södra_Näs
Södra_Sandby
Södra_Sunderbyn
Södra_Vi
Södra_Vrams_fälad
Södra_latin
Södra_stambanan
Södra_teatern
Sögel
Söglingen
Sögubrot
Sögubrot_af_nokkrum_fornkonungum
Sögusafnið
Söhlde
Söhne_Mannheims
Söhrewald
Söjtör
Söke
Sökkvabekkr
Sökmen
Sökmenli
Sölden
Sölden_(Autriche)
Sölden_(Bade-Wurtemberg)
Söldner-X
Söldner-X:_Himmelsstürmer
Söldner-X_:_Himmelsstürmer
Söldner:Secret_Wars
Söldner:_Marine_Corps
Söldner:_Secret_Wars
Söldnerschild
Sölk
Söll
Sölle
Söllingen_(Basse-Saxe)
Söllingen_(Niedersachsen)
Sölve
Sölvesborg
Sölvesborg_(commune)
Sölvi_Ottesen
Sömbeki
Sömmerda
Sömmerda_(arrondissement)
Sönam_Choklang
Söndagsbarn
Söner_Cagaptay
Söngvakeppnin
Söngvakeppnin_2020
Söngvakeppnin_Sjónvarpsins
Sönke_Neitzel
Sönke_Rothenberger
Sönke_Sönksen
Sönke_Wortmann
Sönnebüll
Söpte
Sör-Varanger
Sören
Sören_(Schleswig-Holstein)
Sören_(prénom)
Sören_Busk
Sören_Börjesson
Sören_Claeson
Sören_Kierkegaard
Sören_Larsen
Sören_Lausberg
Sören_Lerby
Sören_Lilholt
Sören_Nissen
Sören_Prévost
Sören_Wibe
Sören_Yves_Lausberg
Sören_von_Rönne
Sören_von_rönne
Sörenberg
Sörforsa
Sörgenloch
Sörkvir_Kolsson
Sörmland
Sörnäinen
Sörnäinen_(métro_d'Helsinki)
Sörnäisten_rantatie
Sörstafors
Sörth
Sörup
Sörvik
Sörvik_(commune_de_Ludvika)
Söråker
Söréd
Söröya
Sösdala
Sövde
Sövestad
Söyembikä
Söyüncü
Sözcü
Söğüt
Söğüt_(Bilecik)
Söğüt_Çayı
Söğütlü
Söğütlü_(Sakarya)
Søberg
Søberg_(Norvège)
Søborg
Søborg_(Gladsaxe)
Søborg_(Gribskov)
Søerne
Søfting
Søgne
Søle_Bank
Sølebanken
Søllerød
Sølsnes
Sølvbelteholmen
Sølvguttene
Sølvi_Vatnhamar
Sølvøyane
Sømna
Søndagsengler
Sønderborg
SønderjyskE
SønderjyskE_(football)
SønderjyskE_Håndbold
SønderjyskE_Håndbold_(féminines)
SønderjyskE_Ishockey
Søndersø
Søndre_Land
Søndre_Nordstad_Moen
Søndre_Nordstrand
Søndre_Smørsjøholmen
Sønnenfjells
Sønner
Sønnøya
Sør-Audnedal
Sør-Aurdal
Sør-Fron
Sør-Lenangen
Sør-Odal
Sør-Trøndelag
Sør-Varanger
Sør_Arena
Sør_for_Folkungagatan_(série_télévisée)
Søra_Barmesundet
Søra_Eggholmskjeret
Søra_Flataskjer
Søra_Gissøya
Søra_Kringskjeret
Søra_Leieskjeret
Søra_Ospøy
Søra_Stoløy
Søra_Svartøya
Søra_Svinøya
Sørarnøy
Sørbyhaugen_(métro_d'Oslo)
Sørbyhaugen_(station)
Sørdomen
Søre-Bleika
Søre_Egdholmen
Søre_Flaska
Søre_Fuglaskjeret
Søre_Hellandsholmen
Søre_Holmen
Søre_Høgeholmen
Søre_Langholmen
Søre_Langøy
Søre_Leiarholmen
Søre_Lyklingholmen
Søre_Lyngholmen
Søre_Ramsholmen
Søre_Repøya
Søre_Rinaldsholmen
Søre_Rotøyna
Søre_Russøya
Søre_Sigleskjeret
Søre_Skardholmen
Søre_Skipaholmen
Søre_Skipsholmen
Søre_Steinskjeret
Søre_Storevikholmen
Søre_Sæingsbleikja
Søre_Tobbeholmane
Søren
Søren_(prénom)
Søren_Aabye_Kierkegaard
Søren_Abildgaard
Søren_Andersen
Søren_Andersen_(1937)
Søren_Andersen_(football)
Søren_Andersen_(football,_1937)
Søren_Asmussen
Søren_Berg
Søren_Bobach
Søren_Busk
Søren_Christensen
Søren_Colding
Søren_Frederiksen
Søren_Gade
Søren_Galatius
Søren_Glosimodt_Mosdal
Søren_Hansen
Søren_Jenssen_Lund
Søren_Jessen
Søren_Jessen-Petersen
Søren_Kam
Søren_Kierkegaard
Søren_Kjeldsen
Søren_Kragh-Jacobsen
Søren_Kragh_Andersen
Søren_Larsen
Søren_Larsen_(football)
Søren_Larsen_(footballeur)
Søren_Larsen_(physicien)
Søren_Larsen_(voilier)
Søren_Lerby
Søren_Lilholt
Søren_Lindsted
Søren_Madsen
Søren_Malling
Søren_Marinus_Jensen
Søren_Nils_Eichberg
Søren_Nissen
Søren_Norby
Søren_Olesen
Søren_P._Larsen
Søren_Pape_Poulsen
Søren_Peder_Lauritz_Sørensen
Søren_Petersen
Søren_Pilmark
Søren_Pind
Søren_Rasmusen
Søren_Rasted
Søren_Rieks
Søren_Sveistrup
Søren_Søndergaard
Søren_Sørensen
Søren_Wærenskjold
Sørenn_Rasmussen
Sørensen
Sørfinnset
Sørfjorden
Sørfold
Sørfugløy
Sørhorsfjord
Sørkjosen
Sørland
Sørlandet
Sørlandsbanen
Sørlandssenteret
Sørmela
Sørreisa
Sørrollnes
Sørstraumen
Sørum
Sørvagur
Sørvik
Sørvika
Sørvika_(Ibestad)
Sørvágs
Sørvágs_(commune)
Sørvágsvatn
Sørvágur
Sørvågen
Sørvågen_(Moskenes)
Sørvågen_(Øksnes)
Sørvær
Sørvær_(Nordland)
Sørøya
Sørøya_(Bømlo)
Sørøysundet
Søs_Egelind
Søs_Søby
Søstrene_Grene
Søvika
Søværnet
Súa
Súa_(divinité)
Súbeme_la_radio
Súdovce
Súdwest-Fryslân
Súdwest_Fryslân
Súgandafjörður
Súlnasker
Súlovce
Súmate
Súmate_(Catalogne)
Súmate_(Venezuela)
Súni_Olsen
Súper_Chola
Súper_Liga_Americana_de_Rugby
Súperliga_Americana_de_Rugby
Súperliga_Americana_de_Rugby_2020
Súr
Súr_(Chef_de_clan)
Súr_(chef_magyar)
Súria
Sútor
Súðavík
Súðavíkurhreppur
Súľov-Hradná
Sûfyâna_kâlam
Sûfyâna_mûsîqî
Sûfî
Sûkshma-sharîra
Sûkyô_Mahikari
Sûmû-abûm
Sûr
Sûr,_Sain_et_Consensuel
Sûrat
Sûre
Sûre_(localité)
Sûre_(rivière)
Sûreté
Sûreté_(propriété_de_programme)
Sûreté_aéroportuaire
Sûreté_biologique
Sûreté_dans_les_aéroports
Sûreté_de_fonctionnement
Sûreté_de_fonctionnement_des_logiciels_aérospatiaux
Sûreté_de_fonctionnement_des_systèmes_informatiques
Sûreté_de_l'Etat
Sûreté_de_l'État
Sûreté_de_l'État_(Belgique)
Sûreté_de_l'État_(France)
Sûreté_de_l'État_(Tchécoslovaquie)
Sûreté_de_l'état
Sûreté_de_l'état_(belgique)
Sûreté_du_Québec
Sûreté_du_québec
Sûreté_du_typage
Sûreté_ferroviaire
Sûreté_fédérale
Sûreté_générale
Sûreté_générale_indochinoise
Sûreté_informatique
Sûreté_nationale
Sûreté_nationale_(Maroc)
Sûreté_nucléaire
Sûreté_provinciale_du_Québec
Sûreté_publique
Sûreté_publique_de_Monaco
Sûreté_réelle
Sûreté_régionale_des_transports_d’Île-de-France
Sûretés_réelles
Sûrier
Sûrtab
Sûrya
Sûssmilch
Sûtra
Sûtra_du_Coeur
Sûtra_du_Cœur
Sûtra_du_Diamant
Sûtra_du_Lotus
Süchteln
Süd
Süd-Tiroler_Freiheit
Süd_(Francfort-sur-le-Main)
Südalinn
Südbaden
Südbahn
Südbahnhof
Südbrookmerland
Süddeutsche_Zeitung
Süddeutscher_Pokal
Süddeutsches_Eisenbahnmuseum_Heilbronn
Südeichsfeld
Südende
Süderau
Süderbrarup
Süderdeich
Süderdorf
Süderelbe
Süderende
Süderfahrenstedt
Südergellersen
Süderhackstedt
Süderhastedt
Süderheistedt
Süderholz
Süderhöft
Süderlügum
Südermarsch
Süderoog
Süderoogsand
Süderstapel
Südfall
Südfriedhof
Südfriedhof_(Leipzig)
Südharz
Südheide
Südkampfbahn
Südliche_Weinstrasse
Südliche_Weinstraße
Südlicher_Happ
Südlicher_Rotenmannkopf
Südliches_Anhalt
Südliches_Höllhorn
Südlohn
Südost
Südost_(Wiesbaden)
Südostbahn
Südschleife
Südschleswig
Südschleswigsche_Wählerverband
Südschleswigscher_Wählerverband
Südspidol
Südstadion
Südstern
Südstern_(métro_de_Berlin)
Südthüringen
Südtirol
Südtirol-Alto_Adige
Südtirol_2009
Südtiroler_Volkspartei
Südvorstadt_(Leipzig)
Südwall
Südwestdeutsche_Salzwerke
Südwestdeutschen_Eisenbahnen
Südwestfunk
Südwestkirchhof_Stahnsdorf
Südwestpfalz
Südwestrundfunk
Südweststadion
Südzucker
Sühbaatar
Sühbaatar_(province)
Sühbaataryn_Yanjmaa
Sükhbaatar
Sükhbaatar_(province)
Sükhbaatar_(ville)
Sükhbaataryn_Batbold
Sükösd
Sülchen
Süld
Sülde
Sülde_Tngri
Süleoğlu
Süleoğlu_(Edirne)
Süleyman
Süleyman_Alp_(Diriliş:_Ertuğrul)
Süleyman_Atlı
Süleyman_Bey
Süleyman_Demirel
Süleyman_II
Süleyman_II_(Roum)
Süleyman_II_Shah
Süleyman_Ier
Süleyman_Ier_(Roum)
Süleyman_Ier_(Séfévides)
Süleyman_Ier_Shah
Süleyman_Pacha
Süleyman_Pasha
Süleyman_Seba
Süleyman_Seyyid
Süleyman_Seyyit
Süleyman_Soylu
Süleyman_Şah
Süleyman_Şah_bin_Kaya_Alp
Süleymanlı
Süleymanoğlu
Sülfeld
Sülm
Sülsdorf
Sülstorf
Sülysáp
Sülzetal
Sülzfeld
Sülüntepe_(Pendik)
Sümeg
Sümegcsehi
Sümegprága
Sümeyye_Boyacı
Sümeyye_Erol
Sümeyye_Manz
Sümeyye_Özcan
Sün_Evrard
Sünching
Süntal
Süntel
SüperLig
Süper_Lig
Süpercross_Baden
Süperlig
Süphan_Dağı
Süpplingen
Süpplingenburg
Süptitz
Süreyya_Ayhan
Sürgün
Sürgün_(Crimée)
Sürgün_(Empire_ottoman)
Sürgün_(empire_ottoman)
Sürmene
Sürname_de_Mourad_III
Süsel
Süskind
Süssmayr
Süssmilch
Süstedt
Sütlaç
Sütterlin
Sütterlinschrift
Süttő
Sütçüler
Sütçüler_(Isparta)
Süzer_Plaza_Ritz-Carlton
Süßen
Süßer_Trost,_mein_Jesus_kömmt
Süßkind_von_Trimberg
Süßmayr
Süütei_tsai
Sýkora
Sýkořice
Sýntagma
Sýntagma_(métro_d'Athènes)
Sývota
S?!_Koibito_ni_Nar?
S?d
S?dhana
S?dhu
S?dhvī
S?dhē
S?fī
S?hīw?l
S?lote_Lupepauʻu
S?malkot
S?marr?
S?maveda
S?nbǎo
S?o_Paulo_(état)
S?rn?th
S?vatthī
S?ṃkhya
Săbăoani
Săcel
Săcel_(Maramureş)
Săcel_(Maramureș)
Săcele
Săcele_(Constanza)
Săcele_(Constanţa)
Săcele_(Constanța)
Săcueni
Săcuieni
Săcuieu
Săcădat
Săcălaz
Săcălăşeni
Săcălășeni
Săcăşeni
Săcășeni
Sălacea
Sălaj
Sălaj_(judet)
Sălaj_(rivière)
Sălard
Sălciile
Sălciua
Săliştea_de_Sus
Săliște
Săliștea
Săliștea_de_Sus
Sălsig
Sălăuța
Sălăţig
Sălățig
Sămănătorul
Săndulesti
Sănduleşti
Săndulești
Săpânţa
Săpânța
Sărmaş
Sărmaşu
Sărmaș
Sărmașu
Sărmăşag
Sărmășag
Sărăţeni
Sărăţeni_(Mureş)
Sărățeni
Sărățeni_(Mureș)
Săsar_(rivière)
Săsciori
Săuca
Săveni
Săvineşti
Săvinești
Săvârșin_(Arad)
Săvădisla
Sąchocin
Sączkowo
Sączów
Sądkowa
Sądowel
Sądrożyce
Sądry
Sądzia
Sądów
Sądów_(Lubusz)
Sąglewo
Sągnity
Sągole
Sąjūdis
Sąpole
Sąpolnica
Sąsiadka
Sąspów
Sątok
Sątopy
Sątopy_(Bisztynek)
Sątopy_(Grande-Pologne)
Sątrzaska
Sēja_(novads)
Sējas_novads
Sēr?-fuku
Sēr?-fuku_to_kikanjū
Sędańsk
Sędek
Sędek_(Mazovie)
Sędek_(Sainte-Croix)
Sędeń_Duży
Sędeń_Mały
Sędki
Sędki_(Varmie-Mazurie)
Sędki_(?ódź)
Sędowice
Sędowice_(Lublin)
Sędowice_(Sainte-Croix)
Sędraszyce
Sędzice_(Basse-Silésie)
Sędzice_(?ódź)
Sędziejowice
Sędziejowice-Kolonia
Sędziejowice_(Sainte-Croix)
Sędziejowice_(gmina)
Sędziejowice_(?ódź)
Sędzimirowice
Sędzimirów
Sędzinko
Sędziny
Sędziszowa_(Basse-Silésie)
Sędziszowa_(Petite-Pologne)
Sędziszowice
Sędziszów
Sędziszów_(gmina)
Sędziszów_Małopolski
Sędziszów_Małopolski_(gmina)
Sędzisław_(Basse-Silésie)
Sędziwojewo
Sędów
Sędów_(Opoczno)
Sędów_(Poddębice)
Sędławki
Sękocin_Las
Sękocin_Nowy
Sękocin_Stary
Sękowa
Sękowa_(gmina)
Sękowice
Sękowice_(Lubusz)
Sękowice_(Opole)
Sękowo
Sękowo_(Mazovie)
Sękowo_(Nowy_Tomyśl)
Sękowo_(Szamotuły)
Sęków
Sęp_(Sainte-Croix)
Sępichów
Sępochów
Sępolno
Sępopol
Sępopol_(gmina)
Sępskie_Niwy
Sępólno_Krajeńskie
Sępólno_Krajeńskie_(gmina)
Sępów
Sęsów
Sętki
Sībawayh
Sīla
Sīmǎ_Gu?ng
Sīmǎ_Qi?n
Sīn
Sīrat_al-Malik_al-Ẓ?hir_Baybarṣ
Sīt?
Sıdıka_Özdil
Sıla
Sıla_(série_télévisée)
Sıla_Gençoğlu
Sıla_Şahin
Sımarık
Sındırgı
Sınıf_Mücadelesi
Sırasöğütler_(Varto)
Sırmaçek,_Kiğı
Sırnak
Sırnak_(province)
Sırrı_Sakık
Sıvaş
Sľažany
Słabkowice
Słabocin
Słabomierz
Słabomierz_(Mazovie)
Słaborowice
Słaboszowice
Słaboszów
Słaboszów_(gmina)
Słabowo
Słabuszewice
Słajsino
Sława
Sława_(gmina)
Sława_(ville)
Sława_Przybylska
Sława_Wielkopolska
Sławatycze
Sławatycze-Kolonia
Sławatycze_(Biała_Podlaska)
Sławatycze_(gmina)
Sławczyn
Sławianowo
Sławica
Sławica_(Grande-Pologne)
Sławica_(Lubusz)
Sławice
Sławice_Szlacheckie
Sławiecice
Sławienko
Sławienko_(Grande-Pologne)
Sławienko_(Silésie)
Sławików
Sławin
Sławiny
Sławka_Mała
Sławka_Wielka
Sławkowice
Sławkowo
Sławkowo_(Couïavie-Poméranie)
Sławkowo_(Maków)
Sławkowo_(Mława)
Sławków
Sławków_(?ódź)
Sławnikowice_(Basse-Silésie)
Sławniowice
Sławniów
Sławno
Sławno-Kolonia
Sławno_(Czarnków-Trzcianka)
Sławno_(Dąbrowa_Białostocka)
Sławno_(Gniezno)
Sławno_(Lubusz)
Sławno_(Mazovie)
Sławno_(Podlachie)
Sławno_(gmina,_Poméranie-Occidentale)
Sławno_(gmina,_Poméranie_occidentale)
Sławno_(gmina,_?ódź)
Sławno_(homonymie)
Sławno_(?ódź)
Sławoborze
Sławoborze_(gmina)
Sławocin
Sławomierz
Sławomir
Sławomir_Busch
Sławomir_Cytrycki
Sławomir_Fabicki
Sławomir_Idziak
Sławomir_Kohut
Sławomir_Krawczyk
Sławomir_Krzak
Sławomir_Kuczko
Sławomir_Kłosowski
Sławomir_Luto
Sławomir_Majak
Sławomir_Majusiak
Sławomir_Mocek
Sławomir_Mrożek
Sławomir_Neumann
Sławomir_Nitras
Sławomir_Nowak
Sławomir_Oder
Sławomir_Peszko
Sławomir_Pstrong
Sławomir_Rawicz
Sławomir_Rotkiewicz
Sławomir_Rybicki
Sławomir_Sierakowski
Sławomir_Skrzypek
Sławomir_Szmal
Sławomir_Szwedowski
Sławomir_Wolk
Sławomir_Zawada
Sławomir_Złotek-Złotkiewicz
Sławoszew
Sławoszewek
Sławoszewo
Sławoszewo_(Grande-Pologne)
Sławoszowice
Sławoszynko
Sławoszyno
Sławoszów
Sławowice
Sławsk_(Konin)
Sławęcice_(Basse-Silésie)
Sławęcice_(Sainte-Croix)
Sławęcin
Sławęcin_(Basse-Silésie)
Sławęcin_(Basses-Carpates)
Sławęcin_(Choszczno)
Sławęcin_(Lublin)
Sławęcin_(Mazovie)
Sławęcin_(?ódź)
Słobity
Słobity-Stacja_Kolejowa
Słoboda_(Basses-Carpates)
Słobódka
Słocin
Słocina
Słodków
Słodków-Kolonia
Słodków_Drugi
Słodków_Pierwszy
Słodków_Trzeci
Słodowiec_(métro_de_Varsovie)
Słoja
Słojki
Słok-Młyn
Słoków
Słomczyce
Słomczyn
Słomczyn_(Grójec)
Słomczyn_(Piaseczno)
Słomiana_(Basses-Carpates)
Słomiana_(Sainte-Croix)
Słomianka
Słomin
Słomin_(Pruszków)
Słomin_(Płock)
Słomiróg
Słomka_(Petite-Pologne)
Słomki
Słomkowo
Słomkowo_(Grande-Pologne)
Słomkowo_(Mazovie)
Słomków
Słomków_(Mazovie)
Słomków_(?ódź)
Słomków_Mokry
Słomków_Suchy
Słomniki
Słomniki_(gmina)
Słomowo
Słomowo_(Oborniki)
Słomowo_(Sorkwity)
Słomowo_(Varmie-Mazurie)
Słomowo_(Września)
Słomów_Kościelny
Słomówko
Słona
Słonawy
Słonawy_(Grande-Pologne)
Słone
Słone_(Basse-Silésie)
Słone_(Lubusz)
Słoneczna
Słonecznik
Słonecznik_(Morąg)
Słoniawy
Słonice
Słonin
Słonino
Słonne
Słonowice_(Sainte-Croix)
Słonów
Słopanowo
Słopiec
Słopnice
Słopnice_(gmina)
Słopsk
Słoptów
Słostowice
Słoszewo
Słoszewo-Kolonia
Słoszów
Słotowa
Słotwin
Słotwina_(Basse-Silésie)
Słotwina_(Silésie)
Słotwiny
Słotwiny_(Lublin)
Słotwiny_(?ódź)
Słowacki
Słowak
Słowik
Słowik_(Będzin)
Słowik_(Częstochowa)
Słowik_(Sainte-Croix)
Słowik_(?ódź)
Słowiki
Słowiki-Folwark
Słowiki_(Kalisz)
Słowiki_(Konin)
Słowikowa
Słowikowo
Słowikowo_(Grande-Pologne)
Słowików
Słowików_(Mazovie)
Słowików_(Opole)
Słowin
Słowiński
Słończewo
Słońsk
Słońsk_(Sulęcin)
Słońsk_(gmina)
Słubica-Wieś
Słubica_A
Słubica_B
Słubica_Dobra
Słubice
Słubice_(Mazovie)
Słubice_(gmina,_Lubusz)
Słubice_(gmina,_Mazovie)
Słubice_(homonymie)
Słuchocin
Słuchowo
Słucz-Kolonie
Słuczanka
Słudwia
Słudwia_(Poméranie-Occidentale)
Sługi
Sługocice_(Będków)
Sługocice_(Tomaszów_Mazowiecki)
Sługocin
Sługocin-Kolonia
Sługocin_(Grande-Pologne)
Sługocin_(Lublin)
Sługocinek
Słup
Słup-Kolonia
Słup_(Garwolin)
Słup_(Gostynin)
Słup_(Jawor)
Słup_(Lelkowo)
Słup_(Wołów)
Słup_(Środa_Śląska)
Słup_Drugi
Słup_Pierwszy
Słupca
Słupca_(Mazovie)
Słupca_(gmina)
Słupca_(homonymie)
Słupce
Słupcza
Słupeczka
Słupeczno
Słupia
Słupia-Bukowie
Słupia-Folwark
Słupia-Gabrielów
Słupia-Podwole
Słupia-Pokora
Słupia_(Busko)
Słupia_(Grande-Pologne)
Słupia_(Jędrzejów)
Słupia_(Końskie)
Słupia_(Petite-Pologne)
Słupia_(Skierniewice)
Słupia_(Szczutowo)
Słupia_(Zawidz)
Słupia_(gmina)
Słupia_(gmina,_Jędrzejów)
Słupia_(gmina,_Końskie)
Słupia_(gmina,_?ódź)
Słupia_(gmina_du_powiat_de_Końskie)
Słupia_(village)
Słupia_Kapitulna
Słupia_Konecka
