Norman_Vincent_Peale
Norman_WENDE
Norman_Warner
Norman_Waslawski
Norman_Watt-Roy
Norman_Webster
Norman_Wells
Norman_Wende
Norman_Wexler
Norman_Whitaker
Norman_White
Norman_Whiteside
Norman_Whitfield
Norman_Whitley
Norman_Wilkinson
Norman_Wilks
Norman_Winther
Norman_Wisdom
Norman_Wooland
Norman_Z._McLeod
Norman_beaker
Norman_brown
Norman_dans_la_marine
Norman_de_Garis_Davies
Norman_de_Verdun
Norman_de_garis_davies
Norman_dello_joio_(cavalier)
Norman_diplomate
Norman_fait_des_vidéos
Norman_fait_son_cinéma
Norman_foster_(réalisateur)
Norman_ier_de_verdun
Norman_reynolds
Norman_sur_scène
Norman_«_Lechero_»_St._John
Normanby
Normanby_(Nouvelle-Zélande)
Normanby_(Papouasie-Nouvelle-Guinée)
Normanbya
Normanbya_merrillii
Normanbya_normanbyi
Normance
Normand
Normand-Jura
Normand_(cheval)
Normand_(homonymie)
Normand_(lapin)
Normand_Aubin
Normand_Baillargeon
Normand_Baron
Normand_Bergeron
Normand_Bissonnette
Normand_Brathwaite
Normand_Canac-Marquis
Normand_Charbonneau
Normand_Chaurette
Normand_Cherry
Normand_Chouinard
Normand_Cloutier
Normand_Corbeil
Normand_D'Amour
Normand_Daneau
Normand_Daniel_François_Esprit_Auber
Normand_Doiron
Normand_Dubé
Normand_Duguay
Normand_Dupont
Normand_Dussault
Normand_Girard
Normand_Gratton
Normand_Grimard
Normand_Gélinas
Normand_Hudon
Normand_Jutras
Normand_L'Amour
Normand_Labrie
Normand_Lacombe
Normand_Laliberte
Normand_Laliberté
Normand_Lamour
Normand_Lapointe
Normand_Laprise_(chef)
Normand_Latourelle
Normand_Legault
Normand_Lester
Normand_Levesque
Normand_Lockwood
Normand_Léveillé
Normand_Lévesque
Normand_Oceanic
Normand_Poulin
Normand_Renaud
Normand_Rochefort
Normand_Rousseau
Normand_Roy
Normand_Seguin
Normand_Subsea
Normand_Séguin
Normand_Toupin
Normand_canac-marquis
Normand_d'Aurigny
Normand_de_Bellefeuille
Normand_de_Guernesey
Normand_de_Jersey
Normand_de_Sercq
Normand_de_bellefeuille
Normand_du_Nord
Normand_l'Amour
Normand_meridional
Normand_méridional
Normande
Normande_(race_bovine)
Normandeau
Normandel
Normandia
Normandie
Normandie-Matin
Normandie-Niemen
Normandie-Niemen_(film)
Normandie-Niémen
Normandie-Niémen_(film)
Normandie-magazine.fr
Normandie-niemen
Normandie-niémen_(film)
Normandie_(Ngong)
Normandie_(cuirassé)
Normandie_(duché)
Normandie_(ferry)
Normandie_(frégate)
Normandie_(homonymie)
Normandie_(navire)
Normandie_(paquebot)
Normandie_(province)
Normandie_(province_historique)
Normandie_(région)
Normandie_(région_administrative)
Normandie_(région_historique)
Normandie_-_Magazine
Normandie_-_Niémen
Normandie_-_magazine
Normandie_Air_Services
Normandie_Express
Normandie_FM
Normandie_FM_programme_Tendance_Ouest
Normandie_Horse_Show
Normandie_Juin_44
Normandie_Magazine
Normandie_Matin
Normandie_Niemen
Normandie_Niémen
Normandie_TV
Normandie_Université
Normandie_express
Normandie_insulaire
Normandie_juin_44
Normandie_juin_44_(bande_dessinée)
Normandie_niemen
Normandie_nue
Normandie_pour_la_Paix
Normandie_université
Normandin
Normandin_(Québec)
Normandin_(Restaurant)
Normandin_(restaurant)
Normandiodendron
Normands
Normands_de_Sicile
Normandy
Normandy_(Missouri)
Normandy_(Tennessee)
Normandy_Barriere
Normandy_Barrière
Normandy_Lake
Normandy_Park
Normandy_Tank_Museum
Normandy_Township
Normandy_Victory_Museum
Normandy_landings
Normangee
Normani
Normani_Hamilton
Normani_Kordei
Normania
Normania_triphylla
Normann
Normann_Birckett
Normann_Birkett
Normann_Burton
Normann_Stadler
Normanna
Normannia
Normannia.info
Normannia_(homonymie)
Normanniasaurus
Normannite
Normannognathus
Normanophile
Normant
Normanton
Normanton,_Pontefract_and_Castleford
Normanton,_Pontefract_and_Castleford_(circonscription_britannique)
Normanton,_Pontefract_and_Castleford_(circonscription_du_Parlement_britannique)
Normanton_(Queensland)
Normanton_(Rutland)
Normanton_(Yorkshire)
Normanton_(Yorkshire_de_l'Ouest)
Normanton_Pontefract_and_Castleford_(circonscription_britannique)
Normanville
Normanville_(Australie-Méridionale)
Normanville_(Eure)
Normanville_(Seine-Maritime)
Normanville_(seine-maritime)
Normas_Nonnullas
Normas_Ortográficas_de_Castellón
Normas_de_Castellón
Normas_del_Puig
Normatif
Normation
Normative
Normativisme
Normativité
Normaundie
Normcore
Norme
Norme_(arithmétique)
Norme_(homonymie)
Norme_(mathématiques)
Norme_(philosophie)
Norme_(résolution_de_problèmes_d'échecs)
Norme_(solutionniste)
Norme_(théorie_des_corps)
Norme_(échecs)
Norme_802.1q
Norme_AISI
Norme_DAB+
Norme_Euclidienne
Norme_Française
Norme_GEDCOM
Norme_GOST
Norme_ISO
Norme_ISO/CEI_27017
Norme_ISO/CEI_27018
Norme_JPEG
Norme_NF
Norme_NF_EN_16001_«_Systèmes_de_management_de_l’énergie_»
Norme_NF_E_29-650
Norme_NF_Z_71-300
Norme_PEGI
Norme_XP_C_16-600_(France)
Norme_bonnaudienne
Norme_bémol
Norme_classique
Norme_classique_de_l'occitan
Norme_d'affichage
Norme_d'algèbre
Norme_d'interface_VESA
Norme_d'internalité
Norme_d'operateur
Norme_d'opérateur
Norme_d'un_idéal
Norme_de_Dedekind-Hasse
Norme_de_Frobenius
Norme_de_contrôle
Norme_de_droit
Norme_de_l'ecole_du_Po
Norme_de_l'École_du_Pô
Norme_de_l'école_du_Pô
Norme_de_l'école_du_pô
Norme_de_masse
Norme_de_métadonnées
Norme_de_qualité_de_l'air
Norme_de_sécurité_de_l'industrie_des_cartes_de_paiement
Norme_de_sécurité_de_l’industrie_des_cartes_de_paiement
Norme_de_télécommunication
Norme_de_télédiffusion
Norme_de_télévision
Norme_de_vision_directe
Norme_du_Département_de_la_Défense_des_États-Unis
Norme_du_français_québécois
Norme_en_droit
Norme_et_standard_de_télévision
Norme_et_standard_de_télévision_terrestre
Norme_et_standard_techniques
Norme_euclidienne
Norme_europeenne_d'emission_Euro
Norme_européenne
Norme_européenne_d'émission
Norme_européenne_d'émission_Euro
Norme_européenne_d'émission_euro
Norme_francaise
Norme_française
Norme_félibréenne
Norme_graphique
Norme_générale_et_internationale_de_description_archivistique
Norme_industrielle
Norme_industrielle_japonaise
Norme_internationale
Norme_internationale_pour_la_description_des_fonctions
Norme_internationale_pour_la_description_des_institutions_conservant_des_archives
Norme_internationale_sur_les_notices_d'autorité_archivistiques_relatives_aux_collectivités,_aux_personnes_et_aux_familles
Norme_juridique
Norme_legislative
Norme_linguistique
Norme_législative
Norme_masculine
Norme_matricielle
Norme_mistralienne
Norme_nf_e_29-650
Norme_nfa2p
Norme_orthographique
Norme_ouverte
Norme_ouverte_d'echange
Norme_ouverte_d'échange_entre_la_maladie_et_les_intervenants_extérieurs
Norme_paracyclonique
Norme_parasismique
Norme_réduite
Norme_sociale
Norme_subordonnée
Norme_technique
Norme_ultrametrique
Norme_ultramétrique
Norme_équivalente
Normed
Normen_Europäischer_Modellbahnen
Normes_(Suisse)
Normes_IAS
Normes_IAS/IFRS
Normes_IFRS
Normes_ISO
Normes_McFarland
Normes_NF
Normes_Ortogràfiques_de_Castelló
Normes_SIA
Normes_ULC
Normes_anti-sismique
Normes_antisismiques
Normes_automobiles
Normes_autoroutières
Normes_comptables_IAS/IFRS
Normes_comptables_IFRS
Normes_de_1932
Normes_de_32
Normes_de_Castellon
Normes_de_Castelló
Normes_de_Castellón
Normes_de_comportement_des_revêtements_de_protection_des_espaces_vides_des_vraquiers_et_des_pétroliers
Normes_de_construction_parasismique
Normes_de_droit
Normes_de_métadonnées
Normes_de_qualité_de_l'air
Normes_de_sécurité_du_lieu_de_travail
Normes_de_télévision
Normes_del_Puig
Normes_du_Web
Normes_en_management_de_projet,_programme_et_portefeuille
Normes_et_standards_en_management_de_projet,_programme_et_portefeuille
Normes_et_standards_industriels
Normes_et_standards_techniques
Normes_europeennes_de_modelisme
Normes_européennes
Normes_européennes_d'émission
Normes_européennes_d'émissions
Normes_européennes_de_modélisme
Normes_françaises
Normes_françaises_applicables_aux_employés_de_maison
Normes_graphiques
Normes_internationales_de_métadonnées
Normes_orthographiques
Normes_orthographiques_de_Castellón
Normes_ortogràfiques
Normes_ouvertes
Normes_parasismiques
Normes_procédurales_pour_le_discernement_des_apparitions_ou_révélations_présumées
Normes_sociales
Normes_sur_les_metadonnees
Normes_sur_les_métadonnées
Normes_techniques_(Suisse)
Normes_techniques_en_droit_suisse
Normetal
Normick_Perron
Normie_Kwong
Normie_Smith
Normier
Normington
Normison
Normo_metre_cube
Normo_mètre_cube
Normoblaste
Normochrome
Normocytaire
Normographe
Normopathe
Normopathie
Normothermie
Normothymique
Normoxie
Normplatnicka
Normplatnicka_barrettae
Normplatnicka_chilensis
Normplatnicka_lamingtonensis
Normunds_Lasis
Normunds_Miezis
Normy's_BeachBabe-o-Rama
Normy's_Beach_Babe-O-Rama
Normé
Normée
Normétal
Norn
Norna_Tesserae
Nornagest
Nornakhitchevan
Norne
Norne_(langue)
Nornes
Nornes_dans_la_culture_populaire
Nornir
Noro
Noro_(prêtresse)
Noro_(Îles_Salomon)
Noro_(îles_Salomon)
Noroc
Norodom
Norodom_1er
Norodom_Arunrasmy
Norodom_Bopha_Devi
Norodom_II
Norodom_III
Norodom_IV
Norodom_Ier
Norodom_Kanthoul
Norodom_Kantol
Norodom_Monineath
Norodom_Monissara
Norodom_Ranariddh
Norodom_Sihamoni
Norodom_Sihanouk
Norodom_Sirivudh
Norodom_Suramarit
Norodom_Yukanthor
Noroeste
Noroi_:_The_Curse
Norois
Norois_(homonymie)
Noroit
Norolles
Noron
Noron-l'Abbaye
Noron-l'abbaye
Noron-la-Poterie
Noron-la-poterie
Noron_la_Poterie
Norona
Noronen
Noronha
Noronha_(football)
Norops
Norops_adleri
Norops_ahli
Norops_allogus
Norops_alocomyos
Norops_altae
Norops_alvarezdeltoroi
Norops_amplisquamosus
Norops_anisolepis
Norops_annectens
Norops_antonii
Norops_apletophallus
Norops_aquaticus
Norops_auratus
Norops_barkeri
Norops_beckeri
Norops_benedikti
Norops_bicaorum
Norops_biporcatus
Norops_biporcatus_biporcatus
Norops_biporcatus_parvauritus
Norops_birama
Norops_bitectus
Norops_bombiceps
Norops_brasiliensis
Norops_breedlovei
Norops_bremeri
Norops_bremeri_bremeri
Norops_bremeri_insulaepinorum
Norops_campbelli
Norops_capito
Norops_carpenteri
Norops_charlesmyersi
Norops_chrysolepis
Norops_cobanensis
Norops_compressicauda
Norops_concolor
Norops_confusus
Norops_conspersus
Norops_conspersus_conspersus
Norops_conspersus_lewisi
Norops_crassulus
Norops_cristatellus
Norops_cristifer
Norops_cryptolimifrons
Norops_cumingii
Norops_cupreus
Norops_cupreus_cupreus
Norops_cupreus_dariense
Norops_cupreus_hoffmanni
Norops_cupreus_spilomelas
Norops_cuprinus
Norops_cusuco
Norops_cymbops
Norops_damulus
Norops_datzorum
Norops_delafuentei
Norops_dollfusianus
Norops_duellmani
Norops_dunni
Norops_eewi
Norops_forbesi
Norops_forbesorum
Norops_fortunensis
Norops_fungosus
Norops_fuscoauratus
Norops_gadovii
Norops_garmani
Norops_gibbiceps
Norops_gracilipes
Norops_grahami
Norops_grahami_aquarum
Norops_grahami_grahami
Norops_granuliceps
Norops_gruuo
Norops_guafe
Norops_guazuma
Norops_haguei
Norops_hobartsmithi
Norops_homolechis
Norops_homolechis_turquinensis
Norops_humilis
Norops_humilis_marsupialis
Norops_ibague
Norops_imias
Norops_intermedius
Norops_isthmicus
Norops_johnmeyeri
Norops_jubar
Norops_jubar_albertschwartzi
Norops_jubar_balaenarum
Norops_jubar_cocoensis
Norops_jubar_cuneus
Norops_jubar_gibarensis
Norops_jubar_maisiensis
Norops_jubar_oriens
Norops_jubar_santamariae
Norops_jubar_yaguajayensis
Norops_kemptoni
Norops_kreutzi
Norops_laeviventris
Norops_leditzigorum
Norops_lemniscatus
Norops_lemurinus
Norops_limifrons
Norops_lineatopus
Norops_lineatopus_ahenobarbus
Norops_lineatopus_lineatopus
Norops_lineatopus_merope
Norops_lineatopus_neckeri
Norops_lineatus
Norops_liogaster
Norops_lionotus
Norops_loveridgei
Norops_luteosignifer
Norops_lynchi
Norops_lyra
Norops_macrinii
Norops_macrodactylus
Norops_macrolepis
Norops_macrophallus
Norops_maculiventris
Norops_magnaphallus
Norops_mariarum
Norops_marmorata
Norops_matudai
Norops_medemi
Norops_megapholidotus
Norops_meridionalis
Norops_mestrei
Norops_microlepidotus
Norops_microlepis
Norops_milleri
Norops_monteverde
Norops_morazani
Norops_muralla
Norops_naufragus
Norops_nebuloides
Norops_nebulosus
Norops_nelsoni
Norops_notopholis
Norops_ocelloscapularis
Norops_omiltemanus
Norops_onca
Norops_opalinus
Norops_ophiolepis
Norops_ordinatus
Norops_ortonii
Norops_osa
Norops_oxylophus
Norops_pachypus
Norops_pandoensis
Norops_parvicirculatus
Norops_pentaprion
Norops_petersii
Norops_pijolense
Norops_pinchoti
Norops_planiceps
Norops_poecilopus
Norops_polylepis
Norops_polyrhachis
Norops_pseudokemptoni
Norops_pseudopachypus
Norops_purpurgularis
Norops_pygmaeus
Norops_quadriocellifer
Norops_quaggulus
Norops_quercorum
Norops_reconditus
Norops_rhombifer
Norops_rivalis
Norops_roatanensis
Norops_rodriguezi
Norops_rubribarbaris
Norops_rubribarbus
Norops_sagrei
Norops_sagrei_greyi
Norops_sagrei_mayensis
Norops_sagrei_sagrei
Norops_salvini
Norops_scapularis
Norops_schiedei
Norops_schiedii
Norops_schmidti
Norops_scypheus
Norops_sericeus
Norops_serranoi
Norops_simmonsi
Norops_sladeniae
Norops_sminthus
Norops_subocularis
Norops_sulcifrons
Norops_tandai
Norops_taylori
Norops_tenorioensis
Norops_tolimensis
Norops_townsendi
Norops_trachyderma
Norops_triumphalis
Norops_tropidogaster
Norops_tropidolepis
Norops_tropidonotus
Norops_tropidonotus_spilorhipis
Norops_tropidonotus_tropidonotus
Norops_uniformis
Norops_unilobatus
Norops_utilensis
Norops_utowanae
Norops_valencienni
Norops_vicarius
Norops_villai
Norops_vittigerus
Norops_wampuensis
Norops_wellbornae
Norops_wermuthi
Norops_williamsii
Norops_woodi
Norops_yoroensis
Norops_yucatanicus
Norops_zeus
Noroshi-Jutsu
Norosí
Norouz
Norouzi
Norov
Norovce
Norovirus
Norovo
Norovyn_Altankhuyag
Noroy
Noroy-l'Archevêque
Noroy-le-Bourg
Noroy-le-bourg
Noroy-lès-Jussey
Noroy-sur-Ourcq
Noroy-sur-ourcq
Noroît
Noroît_(film)
Noroît_(point_cardinal)
Noroît_(vent)
Norper_force
Norphlet
Norpois
Norpois_(A_la_Recherche_du_temps_perdu)
Norpois_(a_la_recherche_du_temps_perdu)
Norpois_(À_la_recherche_du_temps_perdu)
Norquay
Norquay_(ancienne_circonscription_fédérale)
Norr-Hede
Norr_Amsberg
Norra_Bro
Norra_Ingaröstrand
Norra_Karelen
Norra_Lagnö
Norra_Ormkobben
Norra_Rörum
Norra_Storfjället
Norra_Sytertoppen
Norra_Vindö
Norra_begravningsplatsen
Norra_skenet
Norra_Ängby
Norra_Åsum
Norra_Österbotten
Norrat
Norrath
Norrbotten
Norrbottens_Järnverk
Norrbottens_Järnverk_AB
Norrbottens_Stora_Pris
Norrby_IF
Norredine_Bouyahyaoui
Norrent-Fontes
Norrent-fontes
Norrey-en-Auge
Norrey-en-Bessin
Norrey-en-auge
Norrfjärden
Norrgrynnan_(Vaasa)
Norrhult-Klavreström
Norridge
Norridge_(Illinois)
Norridgewock
Norrie
Norrie_May-Wellby
Norrie_Paramor
Norrin_Radd
Norrington
Norris
Norris,_Madison,_and_Fishing_Bridge_Museums
Norris_(Illinois)
Norris_(Tennessee)
Norris_Arm
Norris_Award
Norris_Award_in_Physical_Organic_Chemistry
Norris_Beach
Norris_Beach_(Alberta)
Norris_Bell
Norris_Bowden
Norris_Bradbury
Norris_City_(Illinois)
Norris_Cole
Norris_Embry
Norris_Frank_Davey
Norris_Geyser_Basin_Museum
Norris_Graham
Norris_Museum
Norris_Museum_and_Comfort_Station
Norris_Point
Norris_Poulson
Norris_Williams
Norris_c._Irlande
Norris_embry
Norris_frank_davey
Norrish
Norristown
Norristown_(Pennsylvanie)
Norrkoping
Norrkoping_Dolphins
Norrkoping_Dolphins_(feminin)
Norrköping
Norrköping_(commune)
Norrköping_Dolphins
Norrköping_Dolphins_(féminin)
Norrköping_dolphins_(féminin)
Norrland
Norrland_de_l'Ouest
Norrland_de_l'ouest
Norrländska_Mästerskapet
Norrländska_Mästerskapet_1925
Norrländska_Mästerskapet_1926
Norrländska_Mästerskapet_1927
Norrländska_Mästerskapet_1928
Norrländska_Mästerskapet_1929
Norrländska_Mästerskapet_1932
Norrländska_Mästerskapet_1941
Norrländska_Mästerskapet_1942
Norrländska_Mästerskapet_1943
Norrländska_Mästerskapet_1944
Norrländska_tjärhandelskompaniet
Norrmalm
Norrmalm_(district)
Norrmalmstorg
Norrman
Norrmark
Norrois
Norrois_(Marne)
Norroise
Norroy
Norroy-le-Sec
Norroy-le-Veneur
Norroy-le-sec
Norroy-le-veneur
Norroy-les-Pont-a-Mousson
Norroy-lès-Pont-à-Mousson
Norroy-lès-pont-à-mousson
Norroy-sur-Vair
Norroy_(Vosges)
Norrporten_Arena
Norrskedika
Norrström
Norrsundet
Norrtalje
Norrtullsgatan
Norrtälje
Norrtälje_(commune)
Norrviken
Norry
Norry_(homonymie)
Norrö
Norrøna
Norsca
Norse_(Texas)
Norse_Air
Norse_Peak_Wilderness
Norse_by_Norse_West:_The_Return_of_the_Lost_Vikings
Norsefire
Norseman
Norseman_Xtreme_Triathlon
Norseman_triathlon
Norsemen
Norsemen_(série)
Norsemen_(série_télévisée)
Norsemen_de_Buffalo
Norsesund
Norset
Norsethite
Norshen
Norshield
Norsholm
Norsjö
Norsjö_(commune)
Norsk
Norsk_Filminstitutt
Norsk_Forfatter-Lexikon_1814–1880
Norsk_Hydro
Norsk_Kunstnerleksikon
Norsk_Landmandsforbund
Norsk_Polar_Institutt
Norsk_Polarinstitutt
Norsk_Rikskringkasting
Norsk_Rodtfe
Norsk_Romsenter
Norsk_Scrabbleforbund
Norsk_Selskab_til_Skibbrudnes_Redning
Norsk_Sjakkblad
Norsk_Telegrambyrå
Norsk_Tindeklub
Norsk_Trav-Derby
Norsk_Trav_Derby
Norsk_Trav_Kriterium
Norsk_Travderby
Norsk_Travkriterium
Norsk_biografisk_leksikon
Norsk_filminstitutt
Norsk_krigsleksikon_1940-45
Norsk_krigsleksikon_1940–1945
Norsk_kulturråds_ærespris
Norsk_kunstnerleksikon
Norsk_rikskringkasting
Norske_Folkeeventyr
Norske_Intelligenz-Seddeler
Norske_Skog
Norske_Skog_Golbey
Norskov,_dans_le_secret_des_glaces
Norstedt
Norstedts
Norström
Norsup
Norséthite
Nort-Leulinghem
Nort-leulinghem
Nort-sur-Erdre
Nort-sur-erdre
Nort_sur_Erdre
Nortan
Nortanapis
Nortanapis_lamond
Nortbécourt
Norte
Norte,_Hangganan_Ng_Kasaysayan
Norte,_la_fin_de_l'histoire
Norte,_the_End_of_History
Norte_(paroisse_civile)
Norte_45_(métro_de_Mexico)
Norte_Grande
Norte_Shopping
Norte_de_Santander
Norte_de_santander
Norteado
Nortec
Nortec_Collective
Nortel
Nortel_Matra_Cellular
Nortel_Networks
Nortel_Networks_Corporation
Nortel_Networks_Ltd.
Nortelândia
Norterma_Tholus
Norteño
Norteño_(liqueur)
North
North,_Central_America_and_Caribbean_Volleyball_Confederation
North-American_Catalan_Society
North-American_Interfraternity_Conference
North-Battleford_(ancienne_circonscription_fédérale)
North-British_locomotive_company_limited
North-East_Frontier_Agency
North-Holland
North-Island_(circonscription_provinciale_électorale)
North-Vancouver-Lonsdale
North-Vancouver-Seymour
North-West_(Circonscription_électorale_européenne)
North-West_(circonscription_électorale_européenne)
North-West_GSM
North-West_Telecom
North-Western_Area_Command
North-Western_European_Journal_of_Mathematics
North-british_locomotive_company_limited
North/Clybourn
NorthEast_United
NorthEast_United_FC
NorthEast_United_Football_Club
NorthPark_Center
North_&_South
North_(Elvis_Costello)
North_(Mary_Dillon)
North_(Seychelles)
North_(Something_Corporate)
North_(album_d'Elvis_Costello)
North_(album_de_Mary_Dillon)
North_(album_de_Something_Corporate)
North_(esport)
North_(rivière_de_Nouvelle-Zélande)
North_(sport_électronique)
North_(îles_Intérieures)
North_6th_Street
North_6th_street
North_Abaco
North_Acton
North_Acton_(métro_de_Londres)
North_Adams
North_Adams_(Massachusetts)
North_African_Cup
North_AmeriCare_Park
North_America_Caribbean_Rugby_Association
North_America_Tour
North_America_and_West_Indies_Station
North_American
North_American,_Central_American_and_Caribbean_Athletic_Association
North_American_A-27
North_American_A-2_Savage
North_American_A-36_Apache
North_American_A-36_Invader
North_American_A-5_Vigilante
North_American_AJ-1_Savage
North_American_AJ_Savage
North_American_Aerospace_Defense_Command
North_American_Airlines
North_American_Aviation
North_American_B-25_Mitchell
North_American_B-45_Tornado
North_American_Boxing_Association
North_American_Boxing_Federation
North_American_Boxing_Organization
North_American_Broadcasters_Association
North_American_Catalan_Society
North_American_Curly_Horse
North_American_Electric_Reliability_Corporation
North_American_Endurance_Championship
North_American_F-100
North_American_F-100_Super_Sabre
North_American_F-107
North_American_F-108
North_American_F-82
North_American_F-82_Twin_Mustang
North_American_F-86D_Sabre
North_American_F-86_Sabre
North_American_FJ-1_Fury
North_American_FJ-2/-3_Fury
North_American_FJ-4_Fury
North_American_FJ_Fury
North_American_Football_Union
North_American_Free_Trade_Agreement
North_American_Harvard
North_American_Hockey_League
North_American_Hockey_League_(1973-1977)
North_American_Hockey_League_(homonymie)
North_American_Industry_Classification_System
North_American_League
North_American_Man/Boy_Love_Association
North_American_NA-16
North_American_NA-64
North_American_Network_Operators'_Group
North_American_Nursing_Diagnosis_Association
North_American_O-47
North_American_OV-10_Bronco
North_American_Open_2009
North_American_Open_2010
North_American_Open_2011
North_American_Open_2012
North_American_Open_2013
North_American_P-51_Mustang
North_American_P-64
North_American_P-82
North_American_P-82_Twin_Mustang
North_American_Philips
North_American_Poker_Tour
North_American_Poker_Tour_Saison_1
North_American_Poker_Tour_Saison_2
North_American_Premier_Basketball_League
North_American_Presentation-Level-Protocol_Syntax
North_American_Racing_Team
North_American_Radio_Broadcasting_Agreement
North_American_Review
North_American_Rockwell
North_American_SM-64_Navaho
North_American_Sabreliner
North_American_Scrabble_Championship
North_American_Soccer_League
North_American_Soccer_League_(1968-1984)
North_American_Soccer_League_(2009)
North_American_Soccer_League_(2011)
North_American_Soccer_League_(2011-2017)
North_American_Soccer_League_1968
North_American_Soccer_League_1969
North_American_Soccer_League_1970
North_American_Soccer_League_1971
North_American_Soccer_League_1972
North_American_Soccer_League_1973
North_American_Soccer_League_1974
North_American_Soccer_League_1975
North_American_Soccer_League_1976
North_American_Soccer_League_1977
North_American_Soccer_League_1978
North_American_Soccer_League_1979
North_American_Soccer_League_1980
North_American_Soccer_League_1981
North_American_Soccer_League_1982
North_American_Soccer_League_1983
North_American_Soccer_League_1984
North_American_Soccer_League_2011
North_American_Soccer_League_2012
North_American_Soccer_League_2013
North_American_Soccer_League_2014
North_American_Soccer_League_2015
North_American_Soccer_League_2016
North_American_Soccer_League_2017
North_American_Sports_Network
North_American_T-28
North_American_T-28_Trojan
North_American_T-2_Buckeye
North_American_T-39
North_American_T-39_Sabreliner
North_American_T-6
North_American_T-6_Texan
North_American_Tarpan_Association
North_American_Tornado
North_American_Tour_2013
North_American_Touring_Car_Championship
North_American_Transportation_Statistics_Interchange
North_American_Vexillological_Association
North_American_X-10
North_American_X-15
North_American_XA2J_Super_Savage
North_American_XB-21
North_American_XB-28
North_American_XB-28_Dragon
North_American_XB-70
North_American_XB-70_Valkyrie
North_American_XF-108_Rapier
North_American_XP-78
North_American_YF-107_Ultra_Sabre
North_American_YF-93
North_American_aerospace_defense
North_Andover
North_Andover_(Massachusetts)
North_Andros
North_Anna
North_Anna_(rivière)
North_Antrim
North_Antrim_(circonscription_britannique)
North_Antrim_(circonscription_électorale_britannique)
North_Apollo
North_Ari
North_Arlington
North_Arm
North_Astor_Street
North_Atlantic_'86
North_Atlantic_Convoy_Raider
North_Atlantic_Marine_Mammal_Commission
North_Atlantic_Squadron
North_Atlantic_Tracks
North_Attleborough
North_Audley_Street
North_Aurora
North_Ayrshire
North_Ayrshire_and_Arran
North_Ayrshire_and_Arran_(circonscription_britannique)
North_Babylon
North_Barlow_(rivière)
North_Barrington_(Illinois)
North_Battleford
North_Battleford_(circonscription_saskatchewanaise)
North_Battleford_(homonymie)
North_Bay
North_Bay_(Ontario)
North_Bay_Village
North_Beach
North_Beach_(San_Francisco)
North_Belle_Vernon
North_Bend
North_Bend_(Nebraska)
North_Bend_(Ohio)
North_Bend_(Oregon)
North_Bend_(Washington)
North_Bennet_Street_School
North_Benton_Township
North_Benton_Township_(comté_de_Dallas,_Missouri)
North_Benton_Township_(comté_de_Polk,_Missouri)
North_Bergen
North_Bergen_(New_Jersey)
North_Berwick
North_Borneo_Chartered_Company
North_Braddock
North_Bradley
North_Branch
North_Branch_Division_of_the_Pennsylvania_Canal
North_Branford
North_Brisbane_Rugby_Club
North_British_Railway
North_Brother_Island
North_Browning
North_Buena_Vista_(Iowa)
North_Buffalo_Township
North_Bund_Tower
North_Burial_Ground
North_Button_Island_National_Park
North_Caicos
North_Caldwell
North_Canaan
North_Canaan_(Connecticut)
North_Canadian_River
North_Canton
North_Canton_(Ohio)
North_Cape
North_Cape_(Norvège)
North_Cape_(Île-du-Prince-Édouard)
North_Carolina
North_Carolina_A&T_Aggies
North_Carolina_A&T_State_University
North_Carolina_Agricultural_and_Technical_State_University
North_Carolina_Central_University
North_Carolina_Courage
North_Carolina_Department_of_Environment_and_Natural_Resources
North_Carolina_FC
North_Carolina_Film_Office
North_Carolina_Football_Club
North_Carolina_Highway_12
North_Carolina_Maritime_Museum
North_Carolina_Museum_of_Art
North_Carolina_Museum_of_Natural_Sciences
North_Carolina_Potato_Festival
North_Carolina_Senate
North_Carolina_State
North_Carolina_State_College
North_Carolina_State_University
North_Carolina_State_Wolfpack
North_Carolina_Tar_Heels
North_Carolina_University
North_Carolina_Zoo
North_Carr
North_Carrollton
North_Cascades
North_Cascades_National_Park
North_Casper_Clubhouse
North_Catasauqua
North_Center
North_Center_(Chicago)
North_Central_Florida
North_Centre_Township
North_Chalone_Peak
North_Channel
North_Charford
North_Charleroi
North_Charleroi_(Pennsylvanie)
North_Charleston
North_Charleston_Coliseum
North_Charleston_Lowgators
North_Charlotte
North_Chicago
North_Chicago_(Illinois)
North_Christian_Church
North_City
North_City_(Illinois)
North_Cleveland
North_Coast_500
North_Cobalt
North_Cobalt_(Ontario)
North_Collins_(New_York)
North_Conway
North_Cork_(circonscription_britannique)
North_Cornwall
North_Cornwall_(circonscription_britannique)
North_Corona_(Queens)
North_Country
North_Country_(film)
North_Country_Blues
North_Country_National_Scenic_Trail
North_Country_Trail
North_County_Dublin_(circonscription_britannique)
North_County_Times
North_Courtland
North_Coventry_Township
North_Cowichan
North_Creek
North_Creek_(New_York)
North_Cyprus_Cycling_Tour
North_Dakota
North_Dakota_Fighting_Sioux
North_Dakota_Mill_and_Elevator
North_Dakota_State_University
North_Dallas_Forty
North_Delta
North_Devon
North_Devon_(circonscription_britannique)
North_District
North_Dome
North_Dome_(montagne)
North_Donegal_(circonscription_britannique)
North_Dorset
North_Dorset_(circonscription_britannique)
North_Dorset_(circonscription_du_Parlement_britannique)
North_Down
North_Down_(circonscription_britannique)
North_Down_(circonscription_électorale_britannique)
North_Down_Borough_Council
North_Down_and_Ards
North_Down_and_Ards_Borough_Council
North_Down_and_Ards_District_Council
North_Downs
North_Dum_Dum
North_Dumdum
North_Dundas
North_Durham
North_Durham_(circonscription_britannique)
North_Ealing_(métro_de_Londres)
North_East_(Maryland)
North_East_(Pennsylvanie)
North_East_(circonscription_électorale_de_Londres)
North_East_Bedfordshire
North_East_Bedfordshire_(circonscription_britannique)
North_East_Cambridgeshire
North_East_Cambridgeshire_(circonscription_britannique)
North_East_Cambridgeshire_(circonscription_du_Parlement_britannique)
North_East_Cork_(circonscription_britannique)
North_East_Derbyshire
North_East_Derbyshire_(circonscription_britannique)
North_East_Fife
North_East_Fife_(circonscription_britannique)
North_East_Fife_(circonscription_écossaise)
North_East_Fife_(circonscription_électorale_britannique)
North_East_Frontier_Agency
North_East_Hampshire
North_East_Hampshire_(circonscription_britannique)
North_East_Hampshire_(circonscription_du_Parlement_britannique)
North_East_Hertfordshire
North_East_Hertfordshire_(circonscription_britannique)
North_East_Hertfordshire_(circonscription_du_Parlement_britannique)
North_East_Humanists
North_East_Lincolnshire
North_East_Scotland
North_East_Somerset
North_East_Somerset_(circonscription_britannique)
North_East_Stars
North_East_Stars_FC
North_East_Stars_Football_Club
North_East_Township
North_East_line_(métro_de_Singapour)
North_Eastern_Hockey_League
North_Eastern_Hockey_League_(2003-2008)
North_Eastern_Railway
North_Easton
North_El_Monte
North_El_Monte_(Californie)
North_Elba
North_Eleuthera
North_Elkhorn_Township
North_Elmham
North_End
North_End_(Boston)
North_English_(Iowa)
North_Enmore
North_Entrance_Road_Historic_District
North_Escobares
North_Esk_River
North_Esk_River.
North_European_Basketball_League
North_Eye
North_Fayette_Township
North_Ferriby
North_Field
North_Field_(Tinian)
North_Florida_Ospreys
North_Foreland
North_Foreland_Lodge
North_Fork
North_Fork_(New_York)
North_Fork_Big_Thompson
North_Fork_Big_Thompson_River
North_Fork_Chandalar
North_Fork_Chandalar_(rivière)
North_Fork_East_Fork_Chandalar
North_Fork_East_Fork_Chandalar_(rivière)
North_Fork_Fortymile_(rivière)
North_Fork_Koyukuk
North_Fork_Koyukuk_(rivière)
North_Fork_Kuskokwim
North_Fork_Quinault_Ranger_Station
North_Fork_Ranger_Station
North_Fork_Road
North_Fork_Sol_Duc_Shelter
North_Fork_Township
North_Fork_Township_(comté_de_Delaware,_Iowa)
North_Fork_Township_(comté_de_Gallatin,_Illinois)
North_Fort_Myers
North_Galaxy_Towers
North_Galloway_Township
North_Galway_(circonscription_britannique)
North_Gardner_Mountain
North_Gigante_Island
North_Glengarry
North_Gorley
North_Gosforth
North_Gower_Street
North_Granby
North_Granby_(Connecticut)
North_Grand_Island_Bridge
North_Green_Township
North_Greenland_Expedition
North_Greenland_Ice_Core_Project
North_Greenwich_(métro_de_Londres)
North_Haledon
North_Hampton,_St._Louis
North_Hampton_(New_Hampshire)
North_Hampton_(Saint-Louis)
North_Harbour
North_Harbour_(Avalon)
North_Harbour_(Burin)
North_Harbour_(Terre-Neuve-et-Labrador)
North_Harbour_Heat
North_Harbour_Kings
North_Harbour_RU
North_Harbour_Rays
North_Harbour_Rugby_Union
North_Harbour_Stadium
North_Harmony
North_Harrison_Township
North_Harrow_(métro_de_Londres)
North_Harverbrook
North_Hatley
North_Haven_(Connecticut)
North_Haven_(Maine)
North_Haverbrook
North_Havra
North_Heidelberg_Township
North_Hempstead_(New_York)
North_Hempstead_(État_de_New_York)
North_Henderson_(Illinois)
North_Henderson_Township
North_Herefordshire_(circonscription_britannique)
North_Hero
North_Hero_(Vermont)
North_Hertfordshire
North_High_Shoals
North_Highlands
North_Hill
North_Hills
North_Hills_Museum
North_Hilo
North_Holland
North_Holland_Publishing_Company
North_Hollywood
North_Hollywood_(métro_de_Los_Angeles)
North_Hollywood_(téléfilm)
North_Hollywood_High_School
North_Hurricane_Township_(comté_de_Fayette,_Illinois)
North_Ice
North_Inlet
North_Inlet_Trail
North_Irwin
North_Island
North_Island—Powell_River
North_Johns
North_Judson
North_Judson_(Indiana)
North_Kaibab_Trail
North_Kansas_City
North_Kansas_City_(Missouri)
North_Keeling
North_Kensington
North_Kerry_(circonscription_britannique)
North_Kesteven
North_Kildare_(circonscription_britannique)
North_Kilkenny_(circonscription_britannique)
North_Kingstown
North_Kingstown_(Rhode_Island)
North_Kohala
North_Kona
North_Korea
North_Korea_Intellectual_Solidarity
North_Korea_Uncovered
North_Kurdufan
North_Lake
North_Lake_(Île-du-Prince-Édouard)
North_Lakeport
North_Lakhimpur
North_Lanarkshire
North_Las_Vegas
North_Las_Vegas_(Nevada)
North_Lauderdale
North_Lawndale_(Chicago)
North_Leitrim_(circonscription_britannique)
North_Lemmon
North_Liberty
North_Lilbourn
North_Limit_Line
North_Lincolnshire
North_Lindsey_Township
North_Linn_Township
North_Litchfield_Township
North_Little_Rock
North_Little_Rock_(Arkansas)
North_Little_Rock_High_School
North_Logan
North_London
North_London_Central_Mosque
North_London_Collegiate_School
North_London_derby
North_Longford_(circonscription_britannique)
North_Louth_(circonscription_britannique)
North_Luffenham
North_Macedonia
North_Mahoning_Township
North_Maine_Woods
North_Manchester_(Indiana)
North_Manheim_Township
North_Mankato
North_Mayfair
North_Mayo_(circonscription_britannique)
North_Meath_(circonscription_britannique)
North_Melbourne_Football_Club
North_Melbourne_Giants
North_Miami
North_Miami_(Floride)
North_Miami_Beach
North_Miami_Beach_Boulevard
North_Monaghan_(circonscription_britannique)
North_Moniteau_Township
North_Morgan_Township
North_Mountain_Trail
North_Mowich_Trail_Shelter
North_Muddy_Township_(comté_de_Jasper,_Illinois)
North_Myrtle_Beach
North_Nest_Key
North_Norfolk
North_Norfolk_(Manitoba)
North_Norfolk_(circonscription_britannique)
North_Northamptonshire
North_Nova_Education_Centre
North_Nova_Scotia_Highlanders
North_Ogden
North_Okanagan
North_Okanagan—Shuswap
North_Okaw_Township_(comté_de_Coles,_Illinois)
North_Olmsted
North_Omak
North_Omak_(Washington)
North_Opuha
North_Opuha_(rivière)
North_Otago_Rugby_Football_Union
North_Otter_Township
North_Palisade
North_Palm_Beach
North_Palmyra_Township
North_Para_River
North_Park
North_Park_(Chicago)
North_Park_University
North_Peace_Tribal_Council
North_Peapod
North_Pekin
North_Pennines
North_Persia_Force
North_Perth
North_Petherton
North_Piddle
North_Plainfield
North_Plainfield_(New_Jersey)
North_Plains_(Oregon)
North_Platte
North_Platte_(Nebraska)
North_Platte_(homonymie)
North_Platte_(rivière)
North_Platte_River
North_Plover_Key
North_Point_(MTR)
North_Point_(métro_de_Hong_Kong)
North_Point_-_Tower_A
North_Point_Community_Church
North_Point_III
North_Pole
North_Pole_(Alaska)
North_Pond
North_Pond_Wildlife_Trail
North_Port
North_Portal
North_Powder
North_Princeton_Developmental_Center
North_Providence
North_Qu'Appelle_(circonscription_saskatchewanaise)
North_Queensferry
North_Queensland
North_Queensland_Cowboys
North_Queensland_Fury
North_Queensland_Fury_FC
North_Queensland_Fury_Football_Club
North_Queensland_Stadium
North_Redington_Beach
North_Richland_Hills
North_Ridgeville
North_Riding_of_Yorkshire
North_Rim_Entrance_Station
North_Rim_Road
North_River
North_River_(Minnesota)
North_River_Township
North_Riverside_(Illinois)
North_Road_(stade)
North_Roby
North_Rock
North_Rode
North_Rona
North_Ronaldsay
North_Roscommon_(circonscription_britannique)
North_Royalton_(Ohio)
North_Runcton
North_Rustico
North_Saanich
North_Sacramento_School
North_Sails
North_Saint_Paul
North_Saint_Vrain_Creek
North_Salem_Township
North_Salt_Lake
North_San_Juan_(Californie)
North_Saskatchewan_Regiment
North_Schell_Peak
North_Scotia_Highlanders
North_Sea_Atlantic
North_Sea_Cup
North_Sea_Cup_(hockey_sur_glace)
North_Sea_Cup_(rugby)
North_Sea_Jazz
North_Sea_Jazz_Festival
North_Sea_NS-7
North_Sea_Network
North_Sentinel
North_Sewickley_Township
North_Seymour
North_Seymour_Island
North_Shenango_Township
North_Shields
North_Shields_Fish_Quay
North_Shore
North_Shore:_Hôtel_du_Pacifique
North_Shore_(Chicago)
North_Shore_(Illinois)
North_Shore_(Nouvelle-Zélande)
North_Shore_(Oahu)
North_Shore_(Pittsburgh)
North_Shore_(TV_series)
North_Shore_(feuilleton)
North_Shore_(gratte-ciel)
North_Shore_(Île-du-Prince-Édouard)
North_Shore_:_Hotel_du_Pacifique
North_Shore_:_Hôtel_du_Pacifique
North_Shore_City
North_Shore_District
North_Shore_Mountains
North_Shore_Power_Company
North_Shore_Railroad_(Pennsylvanie)
North_Shore_Regiment
North_Shore_United_AFC
North_Shore_United_Association_Football_Club
North_Shropshire
North_Shropshire_(circonscription_britannique)
North_Side
North_Side_(Anguilla)
North_Side_(Chicago)
North_Side_(Îles_Caïmans)
North_Side_Gang
North_Side_High_School_Gym
North_Side_Main_Line
North_Sioux_City
North_Slave
North_Sligo_(circonscription_britannique)
North_Smithfield
North_Somerset
North_Somerset_(circonscription_britannique)
North_Son
North_South_line_(métro_de_Singapour)
North_South_line_(métro_de_singapour)
North_Spirit_Lake
North_Spirit_Lake_First_Nation
North_Springfield_(Virginie)
North_St._Paul
North_Stack
North_Star
North_Star_(Alberta)
North_Star_(Delaware)
North_Star_(album_de_Philip_Glass)
North_Star_-_La_Legende_de_Ken_le_survivant
North_Star_-_La_Légende_de_Ken_le_survivant
North_Star_-_La_légende_de_Ken_le_survivant
North_Star_:_La_Légende_de_Ken_le_Survivant
North_Star_:_La_Légende_de_Ken_le_survivant
North_Star_:_la_Légende_de_Ken_le_survivant
North_Star_Bay
North_Star_Grand_Prix
North_Star_Mall
North_Stars_de_Newcastle
North_Stars_du_Minnesota
North_State_Parkway
North_Station
North_Stonington
North_Stormont
North_Stradbroke_Island
North_Street_(Kent)
North_Sugar_Creek_Township
North_Sunderland
North_Swindon_(circonscription_britannique)
North_Sydney_(Nouvelle-Écosse)
North_Sydney_Bears
North_Tai_To_Yan
North_Tawton
North_Tetagouche
North_Texas
North_Texas_Mean_Green
North_Texas_SC
North_Texas_Soccer_Club
North_Texas_State_Hospital
North_Thanet_(circonscription_britannique)
North_Thanet_(circonscription_du_Parlement_britannique)
North_Thunder
North_Tipperary_(circonscription_britannique)
North_Tonawanda
North_Topsail_Beach
North_Towanda_Township
North_Township
North_Township_(Missouri)
North_Tuddenham
North_Tyneside
North_Tyneside_(circonscription_britannique)
North_Uist
North_Union_Township
North_Union_Township_(comté_de_Fayette,_Pennsylvanie)
North_Vacherie
North_Vacherie_(Louisiane)
North_Valley
North_Van_Ship_Repair
North_Vancouver
North_Vancouver_(circonscription)
North_Vancouver_(circonscription_fédérale)
North_Vancouver_(cité)
North_Vancouver_(district)
North_Vancouver_(homonymie)
North_Vancouver_(ville)
North_Vancouver_Ship_Repairs
North_Vancouver—Burnaby
North_Vandergrift
North_Vandergrift_(Pennsylvanie)
North_Venon
North_Vernon
North_Vernon_(Indiana)
North_Versailles_Township
North_Village_Community_Club
North_Wales
North_Wales_(Pennsylvanie)
North_Wales_(Région_électorale_pour_l'assemblée_nationale_du_pays_de_Galles)
North_Wales_(circonscription_du_Parlement_européen)
North_Wales_(région_électorale_de_l'Assemblée_nationale_du_pays_de_Galles)
North_Wales_(région_électorale_du_Parlement_gallois)
North_Wales_(région_électorale_du_Senedd)
North_Walsham
North_Warwickshire
North_Warwickshire_(circonscription_britannique)
North_Washington
North_Washington_(Iowa)
North_Wembley_(métro_de_Londres)
North_West_(Caroline_du_Nord)
North_West_Air_Ambulance
North_West_Border_Frontier
North_West_Brook
North_West_Cambridgeshire_(circonscription_britannique)
North_West_Cape
North_West_Coastal_Highway
North_West_Company
North_West_Durham_(circonscription_britannique)
North_West_Frontier
North_West_Hampshire_(circonscription_britannique)
North_West_Hampshire_(circonscription_du_Parlement_britannique)
North_West_Hockey_League
North_West_Leicestershire
North_West_Leicestershire_(circonscription_britannique)
North_West_London_Wolverines
North_West_Norfolk_(circonscription_britannique)
North_West_River
North_West_Slopes
North_West_Territories
North_West_derby
North_Western_Hotel
North_Western_Hotel,_Liverpool
North_Westmeath_(circonscription_britannique)
North_Wexford_(circonscription_britannique)
North_Weymouth
North_Wilkesboro
North_Wiltshire
North_Wiltshire_(circonscription_britannique)
North_Wiltshire_(circonscription_du_Parlement_britannique)
North_Wiltshire_(Île-du-Prince-Édouard)
North_Woodbury_Township
North_Wootton
North_Yocum_Township
North_York
North_York_(Pennsylvanie)
North_York_Astros
North_York_Centre
North_York_Centre_(métro_de_Toronto)
North_York_Moors
North_Yorkshire
North_Yorkshire_(circonscription_du_Parlement_européen)
North_american_b-45_tornado
North_american_f-100_super_sabre
North_american_ov-10_bronco
North_american_t-2_buckeye
North_american_t-6_texan
North_and_Middle_Littleton
North_and_South
North_and_South,_Book_II
North_and_South_(feuilleton_télévisé)
North_and_South_(jeu_vidéo)
North_and_South_(magazine)
North_and_South_(mini-série)
North_and_South_(roman)
North_and_south
North_by_North_Quahog
North_by_Northeast
North_by_Northwest
North_by_northeast
North_country_beagle
North_dome
North_london_derby
North_of_Boston
North_point_-_tower_a
North_sails
North_sea_ns-7
North_shore_:_hôtel_du_pacifique
North_stars
North_stars_du_minnesota
North_vs._South:_The_Great_American_Civil_War
Northallerton
Northam
Northam,_Devon
Northam_(Australie)
Northam_(Devon)
Northampton
Northampton_(Australie)
Northampton_(Canada)
Northampton_(Massachusetts)
Northampton_(Nouveau-Brunswick)
Northampton_(Pennsylvanie)
Northampton_(homonymie)
Northampton_North_(circonscription_britannique)
Northampton_Saints
Northampton_South_(circonscription_britannique)
Northampton_Town
Northampton_Town_F.C.
Northampton_Town_FC
Northampton_Town_Football_Club
Northampton_Township_(comté_de_Bucks,_Pennsylvanie)
Northamptonshire
Northamptonshire_(circonscription_du_Parlement_européen)
Northamptonshire_County_Cricket_Club
Northamptonshire_and_Blaby_(circonscription_du_Parlement_européen)
Northanger
Northanger_Abbey
Northanger_Abbey_(téléfilm)
Northants_Steelbacks
Northbank
Northboro
Northbourne
Northbridge
Northbridge_(Massachusetts)
Northbridge_(homonymie)
Northbrook_(Illinois)
Northcote
Northcote_(Nouvelle-Zélande)
Northcross
Northcross_(Nouvelle-Zélande)
Northdown
Northeast
Northeast_(Washington,_D.C.)
Northeast_(Washington,_DC)
Northeast_Asia_Trade_Tower
Northeast_Bolivian_Airlines
Northeast_Bolivian_Airways
Northeast_Canyons_and_Seamounts_Marine_National_Monument
Northeast_Cape_Fear
Northeast_Cape_Fear_(rivière)
Northeast_Conference
Northeast_Corridor
Northeast_Delta_Dental_Stadium
Northeast_Entrance_Station
Northeast_Grand_Prix_2009
Northeast_Grand_Prix_2010
Northeast_Grand_Prix_2011
Northeast_Grand_Prix_2012
Northeast_Grand_Prix_2019
Northeast_Grand_Prix_2021
Northeast_Harbor_(Maine)
Northeast_Illinois_Regional_Commuter_Railroad_Corporation
Northeast_Kingdom
Northeast_Marion_Township
Northeast_Philadelphia
Northeast_Philadelphia_Airport
Northeast_Power_Coordinating_Council
Northeast_Regional
Northeast_Regional_(Amtrak)
Northeast_Regional_(train)
Northeast_Times
Northeast_Township_(comté_d'Adams,_Illinois)
Northeast_Utilities
Northeastern_Hockey_League_(1978-1979)
Northeastern_State_University
Northeastern_University
Northeim
Northeim_(arrondissement)
Northen
Northen_(Basse-Saxe)
Northen_(homonymie)
Northen_Etchells
Northen_Greening
Northen_Greening_(pomme)
Northenden
Norther
Norther_Dancer
Northerly_Island
Northerm_Bulls
Northern
Northern_(Manitoba)
Northern_(genre)
Northern_(locomotive)
Northern_Air_Cargo
Northern_Arizona_University
Northern_Arm
Northern_Army_Group
Northern_Bay
Northern_Beaches_(Sydney)
Northern_Blot
Northern_Bright
Northern_Bulls
Northern_Cambria
Northern_Cape
Northern_Cape_Province
Northern_Central_Railway
Northern_Championship_Wrestling
Northern_Chaos_Gods
Northern_City_Line
Northern_Combat_Area_Command
Northern_Dancer
Northern_Divide
Northern_Eagles
Northern_Eagles_Rugby_League_Football_Club
Northern_Electric
Northern_European_Football_League
Northern_Exposure
Northern_Extended_Millimeter_Array
Northern_Extended_Millimeter_Array_(NOEMA)
Northern_Football_Club
Northern_Frontier
Northern_Highway_(Belize)
Northern_Illinois_Huskies
Northern_Illinois_University
Northern_Illinois_University_Press
Northern_Iowa_Panthers
Northern_Ireland
Northern_Ireland_(Emergency_Provisions)_Act_1973
Northern_Ireland_Act_2006
Northern_Ireland_Civil_Rights_Association
Northern_Ireland_Commonwealth_Games_Council
Northern_Ireland_Office
Northern_Ireland_Open_de_snooker
Northern_Ireland_Open_de_snooker_2016
Northern_Ireland_Peace_Movement
Northern_Ireland_Prison_Service
Northern_Ireland_Railways
Northern_Ireland_Tourist_Board
Northern_Ireland_Trophy
Northern_Ireland_Trophy_(snooker)
Northern_Irleland_Open_2020
Northern_Islands_High_School
Northern_Isles
Northern_Kabuntalan
Northern_Kings
Northern_Knights_d'Anchorage
Northern_League
Northern_League_(hockey_sur_glace,_1966-1982)
Northern_League_(hockey_sur_glace,_2005)
Northern_Light_(sonde_spatiale)
Northern_Lighthouse_Board
Northern_Lights
Northern_Lights_(cannabis)
Northern_Lights_(film,_1978)
Northern_Lights_-_Southern_Cross
Northern_Lights_County,_Alberta
Northern_Lights_suplex
Northern_Limit_Line
Northern_Line
Northern_Line_(Sri_Lanka)
Northern_Mariana_Islands
Northern_Michigan_University
Northern_Michigan_Wildcats
Northern_Neck_George_Washington_Birthplace
Northern_Neck_George_Washington_Birthplace_(AVA)
Northern_Ontario_Natural_Gas
Northern_Oregon_Coast_Range
Northern_Pacific_Railroad
Northern_Pacific_Railway
Northern_Patrol
Northern_Premier_League
Northern_Province
Northern_Pursuit
Northern_Quebec_Power
Northern_Rail
Northern_Railway_of_Canada
Northern_Range
Northern_Recital
Northern_River
Northern_Rock
Northern_Rugby_Football_Union
Northern_Rugby_Union
Northern_Skirts
Northern_Songs
Northern_Soul
Northern_Soul_(film)
Northern_Spy
Northern_Star
Northern_Star_journal
Northern_Straits_Salish
Northern_Suburbs_RFC
Northern_Suburbs_Rugby_Football_Club
Northern_Tablelands
Northern_Telecom
Northern_Territory
Northern_Township_(comté_de_Franklin,_Illinois)
Northern_Transvaal
Northern_Trust
Northern_Trust_Investments
Northern_Trust_Open
Northern_Virginia_Army.
Northern_beagle
Northern_blot
Northern_blotting
Northern_exposure
Northern_extended_millimeter_array
Northern_hardwood_forest
Northern_hound
Northern_league
Northern_lights_-_southern_cross
Northern_line
Northern_range
Northern_sierra_miwok
Northern_soul
Northern_straits_salish
Northern_tablelands
Northernblues_Music
Northesk
Northfield
Northfield_(Illinois)
Northfield_(Massachusetts)
Northfield_(Minnesota)
Northfield_(New_Hampshire)
Northfield_(New_Jersey)
Northfield_(Nouveau-Brunswick)
Northfield_(Vermont)
Northfield_(nouveau-brunswick)
Northfield_Township_(comté_de_Cook,_Illinois)
Northfields_(métro_de_Londres)
Northfleet
Northfleet_Green
Northfork_(Virginie-Occidentale)
Northfork_Township_(Missouri)
Northgard
Northgate
Northgate_(Dakota_du_Nord)
Northgate_(Saskatchewan)
Northglenn
Northgrippien
Northia
Northia_hornei
Northia_seychellana
Northice
Northiella
Northiella_haematogaster
Northiella_narethae
Northill
Northlake
Northlake_(Illinois)
Northlake_(Texas)
Northlake_(homonymie)
Northlakes_(Caroline_du_Nord)
Northland
Northland_(region)
Northland_(région)
Northland_Basket_Lulea
Northland_Basket_Luleå
Northland_International_University
Northland_Rugby_Union
Northland_Scholars_Academy
Northlander
Northlanders
Northlands_Coliseum
Northlane
Northleach
Northlink_Ferries
Northmavine
Northmen:_Les_Derniers_Vikings
Northmen_:_Les_Derniers_Vikings
Northmoor_(Missouri)
Northolt
Northolt_(métro_de_Londres)
Northolt_Branch_Observatories
Northolt_Branch_Observatory
Northolt_Branch_Observatory_1
Northolt_Branch_Observatory_2
Northolt_Branch_Observatory_3
Northomberlande
Northome
Northop
Northop_Hall
Northover_Projector
Northover_projector
Northport_(Alabama)
Northport_(Washington)
Northport_(Île-du-Prince-Édouard)
Northrend
Northridge
Northridge_(Californie)
Northridge_(Los_Angeles)
Northridge_Mall
Northrop
Northrop_(Minnesota)
Northrop_(homonymie)
Northrop_3A
Northrop_A-17
Northrop_A-9
Northrop_Alpha
Northrop_B-2
Northrop_B-2_Spirit
Northrop_B-35
Northrop_BT
Northrop_Beta
Northrop_Black_Widow
Northrop_Cobra
Northrop_Corporation
Northrop_Delta
Northrop_F-15_Reporter
Northrop_F-20_Tigershark
Northrop_F-5
Northrop_F-5E_Tiger_II
Northrop_F-5_Freedom_Fighter
Northrop_F-89_Scorpion
Northrop_F5
Northrop_Freedom_Fighter
Northrop_Frye
Northrop_Gamma
Northrop_Gamma_2C
Northrop_Gamma_2E
Northrop_Grumman
Northrop_Grumman_B-21
Northrop_Grumman_B-21_Raider
Northrop_Grumman_E-10_MC2A
Northrop_Grumman_E-8_Joint_STARS
Northrop_Grumman_Electronic_Systems
Northrop_Grumman_Firebird
Northrop_Grumman_Innovation_Systems
Northrop_Grumman_Lunar_Lander_Challenge
Northrop_Grumman_MQ-4C_Triton
Northrop_Grumman_MQ-8C_Fire_Scout
Northrop_Grumman_MQ-8_Fire_Scout
Northrop_Grumman_Newport_News
Northrop_Grumman_RQ-180
Northrop_Grumman_RQ-4_Global_Hawk
Northrop_Grumman_Shipbuilding
Northrop_Grumman_X-47
Northrop_Grumman_X-47A_Pegasus
Northrop_Grumman_X-47B
Northrop_Grumman_X-47_Pegasus
Northrop_HL-10
Northrop_M2-F2
Northrop_M2-F3
Northrop_N-102_Fang
Northrop_N-1M
Northrop_N-9M
Northrop_P-61_Black_Widow
Northrop_RT-1
Northrop_Raider
Northrop_Reporter
Northrop_SM-62_Snark
Northrop_Scorpion
Northrop_T-38_Talon
Northrop_TR-3A_Black_Manta
Northrop_TR-3_Black_Manta
Northrop_Tacit_Blue
Northrop_Talon
Northrop_Tigershark
Northrop_X-21
Northrop_X-4_Bantam
Northrop_XA-16
Northrop_XB-35
Northrop_XFT
Northrop_XP-56_Black_Bullet
Northrop_XP-79
Northrop_YA-13
Northrop_YA-9
Northrop_YB-35
Northrop_YB-49
Northrop_YC-125_Raider
Northrop_YF-17_Cobra
Northrop_YF-23
Northrop_YF-23_Black_Widow
Northrop_YF-23_Black_Widow_II
Northrop_n-1m
Northrop_n-9m
Northrop_t-38_talon
Northrop_x-21
Northrop_yb-35
Northrop_yb-49
Norths/QUT
Northsea_Nights
Northshore
Northside_Airport
Northstar
Northumberland
Northumberland-Est
Northumberland-Miramichi_(circonscription_federale)
Northumberland-Miramichi_(circonscription_fédérale)
Northumberland-Ouest
Northumberland-Quinte_West
Northumberland_(1780)
Northumberland_(Bas-Canada)
Northumberland_(New_Hampshire)
Northumberland_(New_York)
Northumberland_(Pennsylvanie)
Northumberland_(ancienne_circonscription_fédérale)
Northumberland_(circonscription_fédérale)
Northumberland_(circonscription_fédérale_néo-brunswickoise)
Northumberland_(circonscription_provinciale)
Northumberland_(comte)
Northumberland_(comté)
Northumberland_(comté_anglais)
Northumberland_(navire)
Northumberland_Avenue
Northumberland_County
Northumberland_Development_Project
Northumberland_Historic_District
Northumberland_National_Park
Northumberland_Regional_High_School
Northumberland—Durham
Northumberland—Miramichi
Northumberland—Miramichi_(circonscription_fédérale)
Northumberland—Perterborough-Sud
Northumberland—Peterborough-Sud
Northumberland—Peterborough-Sud_(circonscription_provinciale)
Northumberland—Quinte_Ouest
Northumberland—Quinte_Ouest_(circonscription_provinciale)
Northumberland—Quinte_West
Northumbria
Northumbria_(circonscription_du_Parlement_européen)
Northumbria_University
Northumbrian
Northumbrian_(locomotive)
Northumbrian_Small_Pipes
Northumbrian_pipes
Northumbrian_smallpipes
Northumbrie
Northumbrien
Northumbriens
Northup
Northupite
Northvale
Northville
Northville_(Dakota_du_Sud)
Northville_(Michigan)
Northville_Charter_Township
Northville_Township_(Illinois)
Northvolt
Northway
Northway_(Alaska)
Northway_Junction
Northway_Junction_(Alaska)
Northway_Village
Northway_Village_(Alaska)
Northwest
Northwest_(Caroline_du_Nord)
Northwest_(Washington,_D.C.)
Northwest_(film,_2013)
Northwest_Airlines
Northwest_Airlink
Northwest_Angle
Northwest_Arkansas_Regional_Airport
Northwest_Boundary_Dike
Northwest_Division_(NBA)
Northwest_Face
Northwest_Florida_Regional_Airport
Northwest_Harwinton
Northwest_Harwinton_(Connecticut)
Northwest_Highlands
Northwest_Hounded_Police
Northwest_League
Northwest_Marion_Township
Northwest_No._9_Boundary_Marker_of_the_Original_District_of_Columbia
Northwest_Ordinance
Northwest_Orient_Airlines
Northwest_Outpost
Northwest_Rota
Northwest_Rota-1
Northwest_Sinfonia
Northwest_Smith
Northwest_Territories
Northwest_Township_(Missouri)
Northwestern
Northwestern_Air
Northwestern_Alliance
Northwestern_Elevated
Northwestern_Elevated_Railroad
Northwestern_Michigan_College
Northwestern_Pacific_Railroad
Northwestern_Polytechnic_University
Northwestern_State_University
Northwestern_University
Northwestern_Wildcats
Northwich
Northwich_Victoria
Northwich_Victoria_Football_Club
Northwick_Park_(métro_de_Londres)
Northwind
Northwinds
Northwood
Northwood_(Dakota_du_Nord)
Northwood_(Iowa)
Northwood_(Londres)
Northwood_(New_Hampshire)
Northwood_(Pennsylvanie)
Northwood_(métro_de_Londres)
Northwood_(île_de_Wight)
Northwood_Headquarters
Northwood_Hills
Northwood_Hills_(métro_de_Londres)
Northwood_University
Northwoods_(Missouri)
Nortia
Nortia_Tesserae
Nortkerque
Nortmoor
Norton
Norton's_Summit
Norton,_Massachusetts
NortonLifeLock
NortonLifeLock_(ex_Symantec)
Norton_(Kansas)
Norton_(Massachusetts)
Norton_(Nouveau-Brunswick)
Norton_(Nouveau-Brunswick,_paroisse)
Norton_(Nouveau-Brunswick,_village)
Norton_(Ohio)
Norton_(Virginie)
Norton_(Worcestershire)
Norton_(Zimbabwe)
Norton_(nouveau-brunswick,_paroisse)
Norton_(nouveau-brunswick,_village)
Norton_(paroisse)
Norton_16H
Norton_1er
Norton_Abrasives
Norton_AntiVirus
Norton_AntiVirus_Plus
Norton_Antivirus
Norton_Ash
Norton_Big_4
Norton_Bridge
Norton_Bush
Norton_Comando
Norton_Commander
Norton_Commando
Norton_Commando_850
Norton_Disney
Norton_F1
Norton_Ghost
Norton_Goback
Norton_Healthcare
Norton_Hi-Rider
Norton_Hoff
Norton_Internet_Security
Norton_Knatchbull
Norton_Knatchbull_(6e_baron_Brabourne)
Norton_Lindsey
Norton_Manx
Norton_Motorcycle_Company
Norton_Motorcycles
Norton_Rose
Norton_Rose_Fulbright
Norton_Shores
Norton_Simon
Norton_Simon_Museum
Norton_Sound
Norton_St_Philip
Norton_Summit
Norton_Township
Norton_Township_(Illinois)
Norton_Utilities
Norton_de_Matos
Nortorf
Nortorf_(Steinburg)
Nortorf_(homonymie)
Nortpert
Nortriptyline
Nortrup
Nortt
Norumbègue
Noruz
Norv_Fernum
Norv_Turner
Norval_Marley
Norval_Morrisseau
Norvaline
Norvan_Zakarian
Norvege
Norvege-Pologne_en_football
Norvege-Russie_en_football
Norvegia
Norvegia_(transcription)
Norvegien
Norvegien_(chat)
Norvel_Lee
Norvel_Pelle
Norvela_Forster
Norville
Norvins
Norvir
Norvège
Norvège-Allemagne_de_l'Est_en_football
Norvège-Espagne_en_football
Norvège-Italie_en_football
Norvège-Monténégro_en_football
Norvège-Pays-Bas_en_football
Norvège-Pologne_en_football
Norvège-Portugal_en_football
Norvège-Russie_en_football
Norvège-Serbie_et_Monténégro_en_football
Norvège-Slovénie_en_football
Norvège-Tunisie_en_football
Norvège-pologne_en_football
Norvège-russie_en_football
Norvège_(EPCOT)
Norvège_(Poule_de)
Norvège_(Subdivisions)
Norvège_(poule_de)
Norvège_au_Concours_Eurovision_de_la_chanson
Norvège_au_Concours_Eurovision_de_la_chanson_1960
Norvège_au_Concours_Eurovision_de_la_chanson_1961
Norvège_au_Concours_Eurovision_de_la_chanson_1962
Norvège_au_Concours_Eurovision_de_la_chanson_1963
Norvège_au_Concours_Eurovision_de_la_chanson_1964
Norvège_au_Concours_Eurovision_de_la_chanson_1965
Norvège_au_Concours_Eurovision_de_la_chanson_1966
Norvège_au_Concours_Eurovision_de_la_chanson_1967
Norvège_au_Concours_Eurovision_de_la_chanson_1968
Norvège_au_Concours_Eurovision_de_la_chanson_1969
Norvège_au_Concours_Eurovision_de_la_chanson_1971
Norvège_au_Concours_Eurovision_de_la_chanson_1972
Norvège_au_Concours_Eurovision_de_la_chanson_1985
Norvège_au_Concours_Eurovision_de_la_chanson_1995
Norvège_au_Concours_Eurovision_de_la_chanson_2008
Norvège_au_Concours_Eurovision_de_la_chanson_2009
Norvège_au_Concours_Eurovision_de_la_chanson_2010
Norvège_au_Concours_Eurovision_de_la_chanson_2011
Norvège_au_Concours_Eurovision_de_la_chanson_2012
Norvège_au_Concours_Eurovision_de_la_chanson_2014
Norvège_au_Concours_Eurovision_de_la_chanson_2015
Norvège_au_Concours_Eurovision_de_la_chanson_2016
Norvège_au_Concours_Eurovision_de_la_chanson_2017
Norvège_au_Concours_Eurovision_de_la_chanson_2018
Norvège_au_Concours_Eurovision_de_la_chanson_2019
Norvège_au_Concours_Eurovision_de_la_chanson_2020
Norvège_au_Concours_Eurovision_de_la_chanson_2021
Norvège_au_Concours_Eurovision_de_la_chanson_junior
Norvège_aux_Jeux_européens_de_2015
Norvège_aux_Jeux_olympiques
Norvège_aux_Jeux_olympiques_d'hiver_de_1924
Norvège_aux_Jeux_olympiques_d'hiver_de_1928
Norvège_aux_Jeux_olympiques_d'hiver_de_1932
Norvège_aux_Jeux_olympiques_d'hiver_de_1936
Norvège_aux_Jeux_olympiques_d'hiver_de_1948
Norvège_aux_Jeux_olympiques_d'hiver_de_1952
Norvège_aux_Jeux_olympiques_d'hiver_de_1956
Norvège_aux_Jeux_olympiques_d'hiver_de_1960
Norvège_aux_Jeux_olympiques_d'hiver_de_1964
Norvège_aux_Jeux_olympiques_d'hiver_de_1968
Norvège_aux_Jeux_olympiques_d'hiver_de_1972
Norvège_aux_Jeux_olympiques_d'hiver_de_1976
Norvège_aux_Jeux_olympiques_d'hiver_de_1980
Norvège_aux_Jeux_olympiques_d'hiver_de_1984
Norvège_aux_Jeux_olympiques_d'hiver_de_1988
Norvège_aux_Jeux_olympiques_d'hiver_de_1992
Norvège_aux_Jeux_olympiques_d'hiver_de_1994
Norvège_aux_Jeux_olympiques_d'hiver_de_1998
Norvège_aux_Jeux_olympiques_d'hiver_de_2002
Norvège_aux_Jeux_olympiques_d'hiver_de_2006
Norvège_aux_Jeux_olympiques_d'hiver_de_2010
Norvège_aux_Jeux_olympiques_d'hiver_de_2014
Norvège_aux_Jeux_olympiques_d'hiver_de_2018
Norvège_aux_Jeux_olympiques_d'été_de_1900
Norvège_aux_Jeux_olympiques_d'été_de_1908
Norvège_aux_Jeux_olympiques_d'été_de_1912
Norvège_aux_Jeux_olympiques_d'été_de_1920
Norvège_aux_Jeux_olympiques_d'été_de_1924
Norvège_aux_Jeux_olympiques_d'été_de_1928
Norvège_aux_Jeux_olympiques_d'été_de_1932
Norvège_aux_Jeux_olympiques_d'été_de_1936
Norvège_aux_Jeux_olympiques_d'été_de_1948
Norvège_aux_Jeux_olympiques_d'été_de_1952
Norvège_aux_Jeux_olympiques_d'été_de_1956
Norvège_aux_Jeux_olympiques_d'été_de_1960
Norvège_aux_Jeux_olympiques_d'été_de_1964
Norvège_aux_Jeux_olympiques_d'été_de_1968
Norvège_aux_Jeux_olympiques_d'été_de_1972
Norvège_aux_Jeux_olympiques_d'été_de_1976
Norvège_aux_Jeux_olympiques_d'été_de_1984
Norvège_aux_Jeux_olympiques_d'été_de_1988
Norvège_aux_Jeux_olympiques_d'été_de_1992
Norvège_aux_Jeux_olympiques_d'été_de_1996
Norvège_aux_Jeux_olympiques_d'été_de_2000
Norvège_aux_Jeux_olympiques_d'été_de_2004
Norvège_aux_Jeux_olympiques_d'été_de_2008
Norvège_aux_Jeux_olympiques_d'été_de_2012
Norvège_aux_Jeux_olympiques_d'été_de_2016
Norvège_aux_Jeux_olympiques_d'été_de_2020
Norvège_aux_Jeux_olympiques_de_1900
Norvège_aux_Jeux_olympiques_de_1908
Norvège_aux_Jeux_olympiques_de_1912
Norvège_aux_Jeux_olympiques_de_1920
Norvège_aux_Jeux_olympiques_de_la_jeunesse_d'hiver_de_2012
Norvège_aux_Jeux_olympiques_d’été_de_2008
Norvège_aux_Jeux_paralympiques_d'hiver_de_2014
Norvège_aux_Jeux_paralympiques_d'hiver_de_2018
Norvège_aux_Jeux_paralympiques_d'été_de_2016
Norvége
Norvégianisation
Norvégien
Norvégien_(chat)
Norvégien_(classique)
Norvégien_(nouveau)
Norvégien_bokmål
Norvégien_classique
Norvégien_du_siècle
Norvégien_nynorsk
Norvégien_à_crête_(Harry_Potter)
Norvégienne
Norvégiens
Norvégiens-Gaëls
Norvégiens_de_Kola
Norvégo-Américains
Norwalk
Norwalk,_Connecticut
Norwalk_(Californie)
Norwalk_(Connecticut)
Norwalk_(Iowa)
Norwalk_(Ohio)
Norwalk_(Wisconsin)
Norwalk_(métro_de_Los_Angeles)
Norwalk_Hospital
Norwalk_Township_(comté_de_Pottawattamie,_Iowa)
Norway
Norway_(Iowa)
Norway_(Maine)
Norway_(New_York)
Norway_(Wisconsin)
Norway_(paquebot)
Norway_(Île-du-Prince-Édouard)
Norway_1985
Norway_Chess
Norway_House
Norway_House_Cree_Nation
Norway_Township_(Comté_de_Winnebago,_Iowa)
Norway_Township_(comté_de_Humboldt,_Iowa)
Norway_Township_(comté_de_Winnebago,_Iowa)
Norway_of_Life
Norway_of_life
Norwegen
Norwegian
Norwegian_Air_Argentina
Norwegian_Air_Force
Norwegian_Air_International
Norwegian_Air_Norway
Norwegian_Air_Shuttle
Norwegian_Air_Sweden
Norwegian_Air_UK
Norwegian_Bliss
Norwegian_Breakaway
Norwegian_Broadcasting_Corporation
Norwegian_Caribbean_Lines
Norwegian_Coastal_Administration
Norwegian_Cruise_Line
Norwegian_Cruise_Lines
Norwegian_Dream
Norwegian_Encore
Norwegian_Epic
Norwegian_Escape
Norwegian_Gateway
Norwegian_Gem
Norwegian_Getaway
Norwegian_Heathen_Society
Norwegian_Humanist_Association
Norwegian_Institute_of_Technology
Norwegian_International_Film_Festival
Norwegian_Jade
Norwegian_Jewel
Norwegian_Joy
Norwegian_Long_Haul
Norwegian_Magazine
Norwegian_Majesty
Norwegian_National_Academy_of_Ballet
Norwegian_Native_Art
Norwegian_Ninja
Norwegian_Ninja_(film)
Norwegian_Pearl
Norwegian_Reward
Norwegian_School_of_Economics
Norwegian_School_of_Economics_and_Business_Administration
Norwegian_Singles_Chart
Norwegian_Sky
Norwegian_Township
Norwegian_Wild_Reindeer_Center_Pavillon
Norwegian_Wood
Norwegian_Wood_(This_Bird_Has_Flown)
Norwegian_sky
Norwest
Norwich
Norwich_(Connecticut)
Norwich_(New_York)
Norwich_(Ontario)
Norwich_(Vermont)
Norwich_(homonymie)
Norwich_City
Norwich_City_F.C.
Norwich_City_FC
Norwich_City_Football_Club
Norwich_International_Airport
Norwich_North
Norwich_North_(circonscription_britannique)
Norwich_Post
Norwich_School_of_painters
Norwich_South
Norwich_South_(circonscription_britannique)
Norwich_Terrier
Norwich_Union
Norwich_University
Norwich_Weather_Centre
Norwich_terrier
Norwood
Norwood_(Australie-Méridionale)
Norwood_(Caroline_du_Nord)
Norwood_(Colorado)
Norwood_(Illinois)
Norwood_(Kentucky)
Norwood_(Massachusetts)
Norwood_(Missouri)
Norwood_(New_Jersey)
Norwood_(Ohio)
Norwood_(Ontario)
Norwood_(Pennsylvanie)
Norwood_(film)
Norwood_Court
Norwood_Park
Norwood_Park_(Chicago)
Norwood_Park_Township_(comté_de_Cook,_Illinois)
Norwood_Russell_Hanson
Norwood_Township_(Missouri)
Norwood–205th_Street
Norwood–205th_Street_(métro_de_New_York)
Noryangjin
Noryangjin_(métro_de_Séoul)
Noryl
Norzagaray
Norzang
Norzunov
Norçagarailles
Noré_Drà
Noréade
Noréaz
Noréaz–Praz_des_Gueux
Norébo
Norédine_Allam
Norén
Noréphédrine
Norépinéphrine
Noréthandrolone
Noréthistérone
Norðausturkjördæmi
Norðfjarðarflói
Norðoyar
Norðoyatunnilin
Norðragøta
Norður-Múlasýsla
Norður-?safjarðarsýsla
Norður-Þingeyjarsýsla
Norðurfjörður
Norðurland_eystra
Norðurland_vestra
Norðurtangi
Norðurþing
Norðvesturkjördæmi
Nor?a
Nor?_(prêtresse)
Nos
Nos.nl
Nos_18_ans
Nos_Amis_les_humains
Nos_Anglais
Nos_Années_Pension
Nos_Années_Pension_(album)
Nos_Arcadies
Nos_Batailles
Nos_Etoiles_Contraires
Nos_Jours_Légers
Nos_Nuits_à_Rodanthe
Nos_Oiseaux
Nos_Patriotes
Nos_Plus_Belles_Vacances
Nos_Vey
Nos_Vies_Secrètes
Nos_Voisins,_les_hommes
Nos_amis_les_Francais
Nos_amis_les_Français
Nos_amis_les_Terriens
Nos_amis_les_Terriens,_petit_guide_de_découverte
Nos_amis_les_flics
Nos_amis_les_français
Nos_amis_les_humains
Nos_amis_les_parents
Nos_amis_les_terriens
Nos_ancêtres_les_Gaulois
Nos_annees_sauvages
Nos_années_folles
Nos_années_pension
Nos_années_pension,_Saison_3
Nos_années_pension_(album)
Nos_années_pension_2
Nos_années_pension_3
Nos_années_pensions,_Saison_3
Nos_années_pensions,_Saison_3_(bande_originale_de_la_série_télévisée)
Nos_années_pensions_2
Nos_années_sauvages
Nos_arcadies
Nos_batailles
Nos_chers_voisins
Nos_célébrations
Nos_cœurs_à_la_fenêtre
Nos_desirs_font_desordre
Nos_doigts_se_sont_croisés
Nos_doigts_se_sont_croisés_(album)
Nos_débuts_dans_la_vie
Nos_défaites
Nos_désirs_font_désordre
Nos_désirs_font_désordre_(spectacle)
Nos_enfants
Nos_enfants_cheris_(serie_televisee)
Nos_enfants_chéris
Nos_enfants_chéris,_la_série
Nos_enfants_chéris_(film)
Nos_enfants_chéris_(série_télévisée)
Nos_enfants_chéris_-_la_série
Nos_enfants_nous_accuseront
Nos_familles
Nos_femmes
Nos_femmes_(film)
Nos_frères_inattendus
Nos_funérailles
Nos_futurs
Nos_futurs_(film)
Nos_heros_reussiront-ils_a_retrouver_leur_ami_mysterieusement_disparu_en_Afrique_?
Nos_héros_réussiront-ils_à_retrouver_leur_ami_mystérieusement_disparu_en_Afrique
Nos_héros_réussiront-ils_à_retrouver_leur_ami_mystérieusement_disparu_en_Afrique_?
Nos_héros_réussiront-ils_à_retrouver_leur_ami_mystérieusement_disparu_en_afrique_?
Nos_héros_sont_morts_ce_soir
Nos_intelligences_multiples
Nos_intentions_sont_pacifiques
Nos_jeunes
Nos_jours_heureux
Nos_jours_heureux_(homonymie)
Nos_jours_heureux_(roman)
Nos_jours_légers
Nos_lettres
Nos_lieux_interdits
Nos_loisirs
Nos_maisons
Nos_maris
Nos_meilleures_annees
Nos_meilleures_années
Nos_meilleures_années_(film)
Nos_meilleures_années_(série_télévisée)
Nos_mitrailleuses_n'ont_pas_tiré
Nos_mots_d'amour
Nos_mères
Nos_mères_(roman)
Nos_nuits_à_Rodanthe
Nos_occupations
Nos_oiseaux
Nos_patriotes
Nos_pires_voisins
Nos_pires_voisins_2
Nos_plus_belles_annees
Nos_plus_belles_annees_(film)
Nos_plus_belles_années
Nos_plus_belles_années_(film)
Nos_plus_belles_années_(film,_1956)
Nos_plus_belles_années_(film,_1973)
Nos_plus_belles_années_(film,_2020)
Nos_plus_belles_vacances
Nos_plus_belles_vacances_(film)
Nos_plus_belles_vacances_(série_télévisée)
Nos_premières_années
Nos_rendez-vous
Nos_retrouvailles
Nos_retrouvailles_(film)
Nos_retrouvailles_(téléfilm)
Nos_richesses
Nos_régions_ont_du_talent
Nos_résistances
Nos_rêves
Nos_si_beaux_rêves_de_jeunesse
Nos_souvenirs
Nos_souvenirs_(chanson)
Nos_souvenirs_brûlés
Nos_terres_inconnues
Nos_traces_silencieuses
Nos_vicinaux
Nos_vies_(album)
Nos_vies_après_eux
Nos_vies_formidables
Nos_vies_heureuses
Nos_vies_hâtives
Nos_vies_rêvées
Nos_vies_secrètes
Nos_vingt_ans
Nos_voisins,_les_hommes
Nos_voisins,_les_hommes_(jeu_vidéo)
Nos_voisins,_les_hommes_:_Zamy_pète_les_plombs_!
Nos_voisins_Dhantsu
Nos_voisins_les_hommes
Nos_voisins_les_pirates
Nos_Étoiles_Contraires
Nos_Étés
Nos_âmes_la_nuit
Nos_étoiles_contraires
Nos_étoiles_contraires_(film)
Nos_étoiles_contraires_(roman)
Nos_étés
Nosa_Igiebor
Nosadella
Nosadini
Nosaj_Thing
Nosale
Nosalewice
Nosalewo
Nosalje
Nosaltres
Nosaltres,_els_valencians
Nosaltres_els_valencians
Nosarzewo_Borowe
Nosarzewo_Polne
Nosate
Nosatsu_Junkie
Nosatsu_junkie
Nosaurien
Nosaïris
Noscapine
Nosce_te_ipsum
Noschese
Noscitur_a_sociis
Nose
Nose-tackle
Nose_(homonymie)
Nose_Art
Nose_Electric_Railway
Nose_art
Nose_manual
Nose_tackle
Noseart
Noseart:_Peintures_de_Guerre_sur_avions
Nosegawa
Nosegrab
Nosegrind
Noselite
Nosema
Nosema_apis
Nosema_bombycis
Nosema_ceranae
Nosema_cerenae
Noseïris
Nosfell
Nosfell_(album)
Nosfera2
Nosferalto
Nosferapti
Nosferapti_et_ses_évolutions
Nosferattus
Nosferattus_aegis
Nosferattus_ciliatus
Nosferattus_discus
Nosferattus_occultus
Nosferattus_palmatus
Nosferatu
Nosferatu,_Eine_Symphonie_Des_Grauens
Nosferatu,_eine_Symphonie_des_Grauens
Nosferatu,_fantome_de_la_nuit
Nosferatu,_fantôme_de_la_nuit
Nosferatu,_une_symphonie_de_la_terreur
Nosferatu:_Phantom_der_Nacht
Nosferatu:_The_Wrath_of_Malachi
Nosferatu_(DJ)
Nosferatu_(Musique)
Nosferatu_(album)
Nosferatu_(album_de_Hugh_Cornwell)
Nosferatu_(album_de_John_Zorn)
Nosferatu_(groupe)
Nosferatu_(jeu_vidéo)
Nosferatu_(musicien)
Nosferatu_(personnage)
Nosferatu_(personnage)_/_Comte_Orlock
Nosferatu_-_fantôme_de_la_nuit
Nosferatu_Symphony_of_Horror
Nosferatu_eine_Symphonie_des_Grauens
Nosferatu_le_Vampire
Nosferatu_le_vampire
Nosferatu_le_vampire_(personnage)
Nosferatu_à_Venise
Nosféralto
Nosférapti
Nosférapti_et_ses_évolutions
Nosférax
Nosheena_Mobarik
Noshir_Gowadia
Noshiro
Noshiro_(croiseur)
Nosiane
Nosiarina
Nosibe
Nosine
Nosipho_Dumisa
Nosir_Chisrav
Nosir_Khisrav
Nosir_Khisrou
Nosiri_Hisrav
Nosislav
Nosite
Nosiviwe_Mapisa-Nqakula
Nosiviwe_mapisa-nqakula
Nosivka
Noska
Noski
Noskov
Noskova
Noskowski
Nosków
Nosle
Noslon
Nosnica
Nosocomephobie
Nosocomial
Nosocomiale
Nosodendron_slipinskii
Nosoderma_diabolicum
Nosographie
Nosographique
Nosoljin
Nosologie
Nosologie_psychiatrique
Nosologique
Nosomma
Nosophobie
Nosopsyllus_fasciatus
Nosotros
Nosotros_los_Pobres
Nosotros_los_pobres
Nosoträsh
Nosov
Nosova
Nosovice
Nospelt
Nosphistia
Nosphistia_zonara
Nosql
Nosra
Nosrat_Karimi
Noss
Nossa_Senhora
Nossa_Senhora_Aparecida
Nossa_Senhora_Aparecida_(Sergipe)
Nossa_Senhora_Aparecida_(homonymie)
Nossa_Senhora_Medianeira
Nossa_Senhora_da_Conceição_(Vila_Real)
Nossa_Senhora_da_Conceição_de_Araçatuba
Nossa_Senhora_da_Glória
Nossa_Senhora_da_Nazaré
Nossa_Senhora_da_Peneda
Nossa_Senhora_da_Piedade
Nossa_Senhora_da_Piedade_(Ourém)
Nossa_Senhora_das_Dores
Nossa_Senhora_das_Dores_(Sergipe)
Nossa_Senhora_das_Graças
Nossa_Senhora_das_Misericórdias
Nossa_Senhora_de_Fátima
Nossa_Senhora_de_Fátima_(Santa_Maria)
Nossa_Senhora_de_Lourdes
Nossa_Senhora_de_Lourdes_(Sergipe)
Nossa_Senhora_de_Nazaré
Nossa_Senhora_de_Nazaré_(Piauí)
Nossa_Senhora_do_Desterro
Nossa_Senhora_do_Livramento
Nossa_Senhora_do_Perpétuo_Socorro
Nossa_Senhora_do_Pranto
Nossa_Senhora_do_Pópulo
Nossa_Senhora_do_Rosario_de_Enseada_de_Brito
Nossa_Senhora_do_Rosário
Nossa_Senhora_do_Rosário_de_Enseada_de_Brito
Nossa_Senhora_do_Socorro
Nossa_Senhora_dos_Remédios
Nossa_senhora_do_socorro
Nossage-et-Benevent
Nossage-et-Bénévent
Nossage-et-bénévent
Nossebro
Nossegem
Nosseghem
Nosseigneurs
Nossen
Nossendorf
Nossentiner_Hütte
Nossi-Bé
Nossibea
Nossibea_processigera
Nossidium
Nossis
Nossiter
Nossivka
Nosso_Lar
Nosson
Nosson_Meir_Wachtfogel
Nosson_Scherman
Nosson_Slifkin
Nosson_Tzvi_Finkel
Nosson_Tzvi_Finkel_(Mir)
Nossoncourt
Nossov
Nossova
Nossovka
Nostalghia
Nostalgia
Nostalgia,_Ultra
Nostalgia_(Nanase_Aikawa)
Nostalgia_(album_d'Annie_Lennox)
Nostalgia_(chanson)
Nostalgia_(chaîne_de_télévision)
Nostalgia_(film,_2018)
Nostalgia_(jeu_vidéo)
Nostalgia_1907
Nostalgia_Critic
Nostalgia_for_the_Light
Nostalgic
Nostalgic_64
Nostalgic_Russian_Tzigane
Nostalgic_Train
Nostalgic_for_the_Present_Tour
Nostalgie
Nostalgie.be
Nostalgie.fr
Nostalgie_(Flandre)
Nostalgie_(France)
Nostalgie_(Wallonie)
Nostalgie_(film)
Nostalgie_(radio)
Nostalgie_(sentiment)
Nostalgie_Alsace
Nostalgie_Arras
Nostalgie_Belgique
Nostalgie_Bordeaux
Nostalgie_Caen
Nostalgie_Charente-Maritime
Nostalgie_Clermont-Ferrand
Nostalgie_Comminges-Pyrénées
Nostalgie_Corse
Nostalgie_Côte-d’Azur
Nostalgie_Dijon
Nostalgie_Flandre
Nostalgie_Grenoble
Nostalgie_Hautes-Pyrénées
Nostalgie_Lens
Nostalgie_Lorraine
Nostalgie_Lyon
Nostalgie_Léman
Nostalgie_Mont-Blanc
Nostalgie_Mâcon
Nostalgie_Nantes
Nostalgie_Orléans
Nostalgie_Provence
Nostalgie_Quercy-Gascogne
Nostalgie_Rouen
Nostalgie_Sarthe
Nostalgie_Strasbourg
Nostalgie_Toulon
Nostalgie_Toulouse
Nostalgie_Vallée_du_Rhône
Nostalgie_Vaucluse
Nostalgie_Vlaanderen
Nostalgie_Wallonie
Nostalgie_de_l'URSS
Nostalgie_de_l'Union_soviétique
Nostalgie_de_la_lumière
Nostalgie_la_télé
Nostalgie_la_télé_(AB_Groupe)
Nostalgie_la_télé_(NRJ_Group)
Nostalgies_de_caserne
Nostalgisme
Nostang
Nostenfer
Nostera
Nostera_lynx
Nostera_nadgee
Nosterella
Nosterella_nadgee
Nostitz
Nostitz_(Allemagne)
Nostoc
Nostoc_fuscescens
Nostoc_fuscescens_var._carstenszis
Nostoc_verrucosum
Nostocaceae
Nostocales
Nostoi
Nostolachma_crassifolia
Nostolepis
Nostorf
Nostra_AEtate
Nostra_Aetate
Nostra_Signora_de_La_Salette_(titre_cardinalice)
Nostra_Signora_del_Sacro_Cuore
Nostra_Signora_del_Sacro_Cuore_(titre_cardinalice)
Nostra_Signora_del_Santissimo_Sacramento_e_Santi_Martiri_Canadesi
Nostra_Signora_del_Santissimo_Sacramento_e_Santi_Martiri_Canadesi_(titre_cardinalice)
Nostra_Signora_di_Coromoto_in_San_Giovanni_di_Dio
Nostra_Signora_di_Coromoto_in_San_Giovanni_di_Dio_(titre_cardinalice)
Nostra_Signora_di_Guadalupe_a_Monte_Mario
Nostra_Signora_di_Guadalupe_a_Monte_Mario_(titre_cardinalice)
Nostra_Signora_di_Guadalupe_e_San_Filippo_Martire_in_Via_Aurelia
Nostra_Signora_di_Guadalupe_e_San_Filippo_Martire_in_Via_Aurelia_(titre_cardinalice)
Nostra_Ætate
Nostra_ætate
Nostracarlus
Nostradamus
Nostradamus:_The_Last_Prophecy
Nostradamus_(album)
Nostradamus_(bière)
Nostradamus_(film)
Nostradamus_(film,_1994)
Nostradamus_(homonymie)
Nostradamus_:_La_Dernière_Prophétie
Nostradamus_:_La_Dernière_prophétie
Nostradamus_:_la_Dernière_Prophétie
Nostratique
Nostredame
Nostrien_de_Naples
Nostromo
Nostromo_(Alien)
Nostromo_(chasma)
Nostromo_(groupe)
Nostromo_(homonymie)
Nostrum_praesidium_Deus
Nosu
Nosurahu
Nosy
Nosy-Be
Nosy-Boraha
Nosy-Poniatki
Nosy_(homonymie)
Nosy_Ambositra
Nosy_Be
Nosy_Boraha
Nosy_Bé
Nosy_Faly
Nosy_Komba
Nosy_Lava
Nosy_Lonjo
Nosy_Mangabe
Nosy_Marosy
Nosy_Mitsio
Nosy_Nanto
Nosy_Varika
Nosy_Ve
Noszlop
Noszvaj
Nosálov
Noséane
Noséite
Nosélitite
Nosémose
Nosów
Nosów-Kolonia
Nosów_(Lublin)
Nosów_(Sainte-Croix)
Nosówka_(Basses-Carpates)
Nosówko
NotPetya
Not_A_Bad_Thing
Not_A_Hero
Not_Accepted_Anywhere
Not_Afraid
Not_Afraid,_Not_Afraid
Not_Another_Happy_Ending
Not_Another_High_School_Show
Not_Another_Teen_Movie
Not_Available
Not_Brand_Echh
Not_Cancer
Not_Easily_Broken
Not_Fade_Away
Not_Fade_Away_(roman)
Not_Fair
Not_For_Broadcast
Not_For_Threes
Not_Forgotten
Not_Fragile
Not_Giving_Up_on_Love
Not_Going_Anywhere
Not_Going_Away
Not_Gon'_Cry
Not_Gonna_Get_Us
Not_Guilty
Not_Guilty_(film)
Not_I
Not_Invented_Here
Not_Like_Other_Girls
Not_Like_Other_Girls_(album)
Not_Like_That
Not_Like_The_Movies
Not_Like_the_Movies
Not_Music
Not_My_Will
Not_Myself_Tonight
Not_Necessarily_the_News
Not_Now
Not_Now_John
Not_Of_This_Earth
Not_Only_Strangers
Not_Out_(film)
Not_Quite_C
Not_Quite_Dead
Not_Ready_to_Die
Not_Safe_for_Work
Not_Safe_for_Work_(film)
Not_So_Dumb
Not_So_Long_Ago
Not_Such_an_Innocent_Girl
Not_Supposed_to_Sing_the_Blues
Not_The_Actual_Events
Not_The_New_Album
Not_Today,_Thank_You
Not_Too_Late
Not_Vital
Not_Waving_But_Drowning
Not_Without_My_Daughter
Not_Yet
Not_Your_Kind_of_People
Not_Your_Muse
Not_a_Bad_Thing
Not_a_Drum_Was_Heard
Not_a_Love_Story
Not_a_Second_Time
Not_as_a_Stranger
Not_assigned
Not_available
Not_before_sundown
Not_dead_but_bien_raides
Not_eXactly_C
Not_evaluated
Not_even_wrong
Not_fade_away
Not_final_!
Not_for_Nothin'
Not_for_Publication
Not_for_Threes
Not_forgotten
Not_going_anywhere
Not_gonna_get_us
Not_in_This_Lifetime..._Tour
Not_in_my_back_yard
Not_in_the_Mood_for_Love
Not_invented_here
Not_like_that
Not_of_This_Earth
Not_of_This_Earth_(album)
Not_of_This_Earth_(film,_1957)
Not_of_this_earth
Not_of_this_earth_(album)
Not_of_this_earth_(film,_1957)
Not_on_Top
Not_on_top
Not_out
Not_ready_to_die
Not_safe_for_work
Not_the_Actual_Events
Not_the_End_of_the_World
Not_the_New_Album_EP
Not_the_Nine_O'Clock_News
Not_the_end_of_the_world
Not_to_Be
Not_to_Touch_the_Earth
Not_to_be
Not_with_My_Wife,_You_Don't!
Not_yet
Nota_Emilianense
Nota_Schiller
Nota_bene
Notabiliaire
Notable
Notable,_donc_coupable
Notable_American_Women,_1607-1950._A_Biographical_Dictionary
Notable_American_Women,_1607–1950;_A_Biographical_Dictionary
Notable_donc_coupable
Notableikja
Notables
Notables_municipaux
Notabuskjeret
Notacanthidae
Notacanthiformes
Notacanthoidei
Notacanthus
Notacanthus_abbotti
Notacanthus_bonaparte
Notacanthus_chemnitzii
Notacanthus_indicus
Notacanthus_sexspinis
Notacanthus_spinosus
Notachorudina
Notaden
Notaden_bennettii
Notaden_melanoscaphus
Notaden_nichollsi
Notaden_weigeli
Notadusta
Notae_priores
Notaeolidia
Notaeolidiidae
Notaholmen
Notaire
Notaire_(France)
Notaire_(common_law)
Notaire_(métier)
Notaire_Général_pour_l'Écosse
Notaire_Lépin
Notaire_en_droit_français
Notaire_général_pour_l'Angleterre_et_le_Pays_de_Galles
Notaire_général_pour_l'Écosse
Notaire_public
Notaire_royal
Notaires
Notaklubben
Notakto
Notalgie
Notalgie_paresthésique
Notam
Notandissimi_secreti_de_l'arte_profumatoria
Notaras
Notarcha
Notarchirico
Notarctia
Notaresco
Notari
Notariat
Notariat_au_Québec
Notariat_en_France
Notarikon
Notariqon
Notarique
Notarisation_électronique
Notarium
Notarius_bonillai
Notaro
Notary
Notary_Public
Notary_public
Notarztwagen_7
Notaspidea
Notaspis_orbicularis
Notasterias
Notasteron
Notasteron_lawlessi
Notasulga
Notat
Notation
Notation3
Notation_(jeu_vidéo)
Notation_(jonglerie)
Notation_(mathematiques)
Notation_(mathématiques)
Notation_(échecs)
Notation_ABC
Notation_Aresti
Notation_Benesh
Notation_Bra-Ket
Notation_Forsyth-Edwards
Notation_Hermann-Mauguin
Notation_L
Notation_LCF
Notation_Laban
Notation_N-I-L
Notation_N-X-L
Notation_O
Notation_Peano-Russell
Notation_Peano–Russell
Notation_SMILES
Notation_Schoenflies
Notation_Strukturbericht
Notation_Z
Notation_abc
Notation_académique_au_Royaume-Uni
Notation_additive
Notation_additive_(numération)
Notation_algebrique
Notation_algébrique
Notation_algébrique_(jeu_d'échecs)
Notation_aux_échecs
Notation_bra-ket
Notation_bra_ket
Notation_caret
Notation_cimentière
Notation_complexe
Notation_d'Einstein
Notation_de_Conway
Notation_de_Conway_des_polyèdres
Notation_de_Dirac
Notation_de_Guggenheim
Notation_de_Hardy
Notation_de_Kendall
Notation_de_Kroger_et_Vink
Notation_de_Kröger-Vink
Notation_de_Kröger_et_Vink
Notation_de_Landau
Notation_de_Leibniz
