Unité_urbaine_de_Labastide-Saint-Pierre
Unité_urbaine_de_Labenne
Unité_urbaine_de_Labruguière
Unité_urbaine_de_Lacanau
Unité_urbaine_de_Lailly-en-Val
Unité_urbaine_de_Laillé
Unité_urbaine_de_Lalinde
Unité_urbaine_de_Lambesc
Unité_urbaine_de_Lampaul-Plouarzel
Unité_urbaine_de_Landerneau
Unité_urbaine_de_Landéda
Unité_urbaine_de_Langeac
Unité_urbaine_de_Langeais
Unité_urbaine_de_Langlade
Unité_urbaine_de_Langogne
Unité_urbaine_de_Langon
Unité_urbaine_de_Langres
Unité_urbaine_de_Languidic
Unité_urbaine_de_Lannion
Unité_urbaine_de_Lansargues
Unité_urbaine_de_Lançon-Provence
Unité_urbaine_de_Laon
Unité_urbaine_de_Laroque-d'Olmes
Unité_urbaine_de_Lauzerville
Unité_urbaine_de_Laval
Unité_urbaine_de_Lavaur
Unité_urbaine_de_Lavelanet
Unité_urbaine_de_Lavernose-Lacasse
Unité_urbaine_de_Layrac
Unité_urbaine_de_Le_May-sur-Èvre
Unité_urbaine_de_Lesparre-Médoc
Unité_urbaine_de_Lespignan
Unité_urbaine_de_Levens
Unité_urbaine_de_Lezoux
Unité_urbaine_de_Lherm
Unité_urbaine_de_Libourne
Unité_urbaine_de_Liffré
Unité_urbaine_de_Ligné
Unité_urbaine_de_Ligugé
Unité_urbaine_de_Lille
Unité_urbaine_de_Lille_(partie_française)
Unité_urbaine_de_Lillebonne
Unité_urbaine_de_Limoges
Unité_urbaine_de_Limoux
Unité_urbaine_de_Lisieux
Unité_urbaine_de_Lisle-sur-Tarn
Unité_urbaine_de_Livron-sur-Drome
Unité_urbaine_de_Livron-sur-Drôme
Unité_urbaine_de_Locmaria-Plouzané
Unité_urbaine_de_Lodève
Unité_urbaine_de_Loire-Authion
Unité_urbaine_de_Longages
Unité_urbaine_de_Longuenée-en-Anjou
Unité_urbaine_de_Longuyon
Unité_urbaine_de_Longué-Jumelles
Unité_urbaine_de_Longwy
Unité_urbaine_de_Longwy_(partie_française)
Unité_urbaine_de_Lons-le-Saunier
Unité_urbaine_de_Loperhet
Unité_urbaine_de_Lorient
Unité_urbaine_de_Lorris
Unité_urbaine_de_Loudun
Unité_urbaine_de_Lourdes
Unité_urbaine_de_Loury
Unité_urbaine_de_Louverné
Unité_urbaine_de_Louviers
Unité_urbaine_de_Louvigny
Unité_urbaine_de_Louvigné-du-Désert
Unité_urbaine_de_Loué
Unité_urbaine_de_Loyettes
Unité_urbaine_de_Ludon-Médoc
Unité_urbaine_de_Lunel
Unité_urbaine_de_Lunéville
Unité_urbaine_de_Luzarches-Viarmes
Unité_urbaine_de_Luzech
Unité_urbaine_de_Lyon
Unité_urbaine_de_Lys-Haut-Layon
Unité_urbaine_de_Lège-Cap-Ferret
Unité_urbaine_de_Lézignan-Corbières
Unité_urbaine_de_M'Tsangamouji
Unité_urbaine_de_Macau
Unité_urbaine_de_Macouria
Unité_urbaine_de_Maen_Roch
Unité_urbaine_de_Magalas
Unité_urbaine_de_Magland
Unité_urbaine_de_Magné
Unité_urbaine_de_Maisse
Unité_urbaine_de_Mamers
Unité_urbaine_de_Mamoudzou
Unité_urbaine_de_Mana
Unité_urbaine_de_Mandelbachtal_-_Blies-Guersviller_(partie_française)
Unité_urbaine_de_Manduel
Unité_urbaine_de_Manosque
Unité_urbaine_de_Marans
Unité_urbaine_de_Marcheprime
Unité_urbaine_de_Marennes
Unité_urbaine_de_Marines
Unité_urbaine_de_Maringues
Unité_urbaine_de_Maripasoula
Unité_urbaine_de_Marle
Unité_urbaine_de_Marmande
Unité_urbaine_de_Marquillies
Unité_urbaine_de_Marseille-Aix-en-Provence
Unité_urbaine_de_Marseille_-_Aix-en-Provence
Unité_urbaine_de_Marseille_Aix-en-Provence
Unité_urbaine_de_Marsilly
Unité_urbaine_de_Marssac-sur-Tarn
Unité_urbaine_de_Marvejols
Unité_urbaine_de_Marzy
Unité_urbaine_de_Matha
Unité_urbaine_de_Maubeuge
Unité_urbaine_de_Mauges-sur-Loire
Unité_urbaine_de_Mauguio
Unité_urbaine_de_Mauléon
Unité_urbaine_de_Maulévrier
Unité_urbaine_de_Mauriac
Unité_urbaine_de_Maurs
Unité_urbaine_de_Mauves-sur-Loire
Unité_urbaine_de_Mauzé-sur-le-Mignon
Unité_urbaine_de_Mayenne
Unité_urbaine_de_Mayet
Unité_urbaine_de_Mazamet
Unité_urbaine_de_Mazères
Unité_urbaine_de_Mazé-Milon
Unité_urbaine_de_Meaux
Unité_urbaine_de_Meauzac
Unité_urbaine_de_Melle
Unité_urbaine_de_Mende
Unité_urbaine_de_Menton-Monaco
Unité_urbaine_de_Menton-Monaco_(partie_française)
Unité_urbaine_de_Merville
Unité_urbaine_de_Merville_(homonymie)
Unité_urbaine_de_Metz
Unité_urbaine_de_Meximieux
Unité_urbaine_de_Mexy
Unité_urbaine_de_Meymac
Unité_urbaine_de_Meyrargues
Unité_urbaine_de_Mignaloux-Beauvoir
Unité_urbaine_de_Millas
Unité_urbaine_de_Millau
Unité_urbaine_de_Miniac-Morvan
Unité_urbaine_de_Mios
Unité_urbaine_de_Mirande
Unité_urbaine_de_Mirepoix
Unité_urbaine_de_Mireval
Unité_urbaine_de_Missillac
Unité_urbaine_de_Molsheim
Unité_urbaine_de_Monchecourt
Unité_urbaine_de_Moncoutant-sur-Sèvre
Unité_urbaine_de_Monistrol-sur-Loire
Unité_urbaine_de_Monnaie
Unité_urbaine_de_Mons-en-Pévèle
Unité_urbaine_de_Mont-de-Marsan
Unité_urbaine_de_Mont-près-Chambord
Unité_urbaine_de_Montady
Unité_urbaine_de_Montaigu
Unité_urbaine_de_Montaigu-Vendée
Unité_urbaine_de_Montargis
Unité_urbaine_de_Montarnaud
Unité_urbaine_de_Montastruc-la-Conseillère
Unité_urbaine_de_Montauban
Unité_urbaine_de_Montauban-de-Bretagne
Unité_urbaine_de_Montauroux
Unité_urbaine_de_Montbrison
Unité_urbaine_de_Montbéliard
Unité_urbaine_de_Montcaret
Unité_urbaine_de_Montceau-les-Mines
Unité_urbaine_de_Montcornet
Unité_urbaine_de_Montendre
Unité_urbaine_de_Montereau-Fault-Yonne
Unité_urbaine_de_Montescourt-Lizerolles
Unité_urbaine_de_Montfort-sur-Meu
Unité_urbaine_de_Monthermé
Unité_urbaine_de_Montluçon
Unité_urbaine_de_Montmorillon
Unité_urbaine_de_Montpellier
Unité_urbaine_de_Montpon-Ménestérol
Unité_urbaine_de_Montreuil-Bellay
Unité_urbaine_de_Montreuil-Juigné
Unité_urbaine_de_Montreuil-sur-Ille
Unité_urbaine_de_Montrevault-sur-Èvre
Unité_urbaine_de_Montréjeau
Unité_urbaine_de_Monts
Unité_urbaine_de_Montval-sur-Loir
Unité_urbaine_de_Montélier
Unité_urbaine_de_Montélimar
Unité_urbaine_de_Mordelles
Unité_urbaine_de_Morestel
Unité_urbaine_de_Morlaix
Unité_urbaine_de_Morteau
Unité_urbaine_de_Mouilleron-le-Captif
Unité_urbaine_de_Moulins
Unité_urbaine_de_Mourenx
Unité_urbaine_de_Mouzon
Unité_urbaine_de_Mtsamboro
Unité_urbaine_de_Mudaison
Unité_urbaine_de_Muizon
Unité_urbaine_de_Mulhouse
Unité_urbaine_de_Mulsanne
Unité_urbaine_de_Murat
Unité_urbaine_de_Mussidan
Unité_urbaine_de_Mâcon
Unité_urbaine_de_Méru
Unité_urbaine_de_Méry-sur-Oise
Unité_urbaine_de_Nancy
Unité_urbaine_de_Nans-les-Pins
Unité_urbaine_de_Nantes
Unité_urbaine_de_Nanteuil-le-Haudouin
Unité_urbaine_de_Narbonne
Unité_urbaine_de_Nemours
Unité_urbaine_de_Nesles-la-Montagne
Unité_urbaine_de_Neuilly-en-Thelle
Unité_urbaine_de_Neuves-Maisons
Unité_urbaine_de_Neuville-aux-Bois
Unité_urbaine_de_Neuville-de-Poitou
Unité_urbaine_de_Nevers
Unité_urbaine_de_Nice
Unité_urbaine_de_Niort
Unité_urbaine_de_Nissan-lez-Enserune
Unité_urbaine_de_Noailles
Unité_urbaine_de_Nogent-le-Rotrou
Unité_urbaine_de_Nomain
Unité_urbaine_de_Nontron
Unité_urbaine_de_Nort-sur-Erdre
Unité_urbaine_de_Nouaillé-Maupertuis
Unité_urbaine_de_Nouméa
Unité_urbaine_de_Nouvion-sur-Meuse
Unité_urbaine_de_Nouvoitou
Unité_urbaine_de_Nouzonville
Unité_urbaine_de_Noyal-sur-Vilaine
Unité_urbaine_de_Nozay
Unité_urbaine_de_Noé
Unité_urbaine_de_Nueil-les-Aubiers
Unité_urbaine_de_Nègrepelisse
Unité_urbaine_de_Néoules
Unité_urbaine_de_Nérac
Unité_urbaine_de_Néris-les-Bains
Unité_urbaine_de_Nîmes
Unité_urbaine_de_Ouistreham
Unité_urbaine_de_Pagny-sur-Moselle
Unité_urbaine_de_Paimpol
Unité_urbaine_de_Palaja
Unité_urbaine_de_Palavas-les-Flots
Unité_urbaine_de_Pamiers
Unité_urbaine_de_Parigné-l'Évêque
Unité_urbaine_de_Paris
Unité_urbaine_de_Parthenay
Unité_urbaine_de_Patay
Unité_urbaine_de_Pau
Unité_urbaine_de_Penmarch
Unité_urbaine_de_Pennautier
Unité_urbaine_de_Perpignan
Unité_urbaine_de_Persan-Beaumont-sur-Oise
Unité_urbaine_de_Persan_-_Beaumont-sur-Oise
Unité_urbaine_de_Pertuis
Unité_urbaine_de_Petit-Mars
Unité_urbaine_de_Petite-Île
Unité_urbaine_de_Peyrolles-en-Provence
Unité_urbaine_de_Pierrefeu-du-Var
Unité_urbaine_de_Pierrefitte-Nestalas
Unité_urbaine_de_Pierrelatte
Unité_urbaine_de_Pignan
Unité_urbaine_de_Pinon
Unité_urbaine_de_Piolenc
Unité_urbaine_de_Pipriac
Unité_urbaine_de_Pithiviers
Unité_urbaine_de_Plabennec
Unité_urbaine_de_Plerguer
Unité_urbaine_de_Pleyber-Christ
Unité_urbaine_de_Ploeren
Unité_urbaine_de_Plouay
Unité_urbaine_de_Ploudalmézeau
Unité_urbaine_de_Plougasnou
Unité_urbaine_de_Plougonvelin
Unité_urbaine_de_Plouhinec
Unité_urbaine_de_Plouhinec-Audierne
Unité_urbaine_de_Plouigneau
Unité_urbaine_de_Plouvien
Unité_urbaine_de_Plédran
Unité_urbaine_de_Plélan-le-Grand
Unité_urbaine_de_Plémet
Unité_urbaine_de_Podensac
Unité_urbaine_de_Poilly-lez-Gien
Unité_urbaine_de_Pointe-Noire
Unité_urbaine_de_Pointe-à-Pitre-Les_Abymes
Unité_urbaine_de_Pointe-à-Pitre_-_Les_Abymes
Unité_urbaine_de_Poitiers
Unité_urbaine_de_Pollestres
Unité_urbaine_de_Pons
Unité_urbaine_de_Pont-Audemer
Unité_urbaine_de_Pont-Saint-Esprit
Unité_urbaine_de_Pont-Scorff
Unité_urbaine_de_Pont-d'Ain
Unité_urbaine_de_Pont-de-Roide
Unité_urbaine_de_Pont-du-Château
Unité_urbaine_de_Pont-à-Marcq
Unité_urbaine_de_Pont-à-Mousson
Unité_urbaine_de_Pontarlier
Unité_urbaine_de_Pontchâteau
Unité_urbaine_de_Ponteilla
Unité_urbaine_de_Pontivy
Unité_urbaine_de_Pordic
Unité_urbaine_de_Pornic
Unité_urbaine_de_Port-Louis
Unité_urbaine_de_Port-Saint-Père
Unité_urbaine_de_Port-des-Barques
Unité_urbaine_de_Port-la-Nouvelle
Unité_urbaine_de_Port-sur-Saône
Unité_urbaine_de_Portets
Unité_urbaine_de_Portiragnes
Unité_urbaine_de_Pougues-les-Eaux
Unité_urbaine_de_Pouilley-les-Vignes
Unité_urbaine_de_Pouillon
Unité_urbaine_de_Poulx
Unité_urbaine_de_Pourrières
Unité_urbaine_de_Prayssac
Unité_urbaine_de_Presles
Unité_urbaine_de_Précigné
Unité_urbaine_de_Puget-Ville
Unité_urbaine_de_Puiseaux
Unité_urbaine_de_Puisserguier
Unité_urbaine_de_Pujaut
Unité_urbaine_de_Puy-Guillaume
Unité_urbaine_de_Pérignat-lès-Sarliève
Unité_urbaine_de_Périgueux
Unité_urbaine_de_Quimper
Unité_urbaine_de_Quintin
Unité_urbaine_de_Rabastens
Unité_urbaine_de_Rambouillet
Unité_urbaine_de_Razac-sur-l'Isle
Unité_urbaine_de_Redon
Unité_urbaine_de_Reichshoffen_-_Niederbronn-les-Bains
Unité_urbaine_de_Reims
Unité_urbaine_de_Remiremont
Unité_urbaine_de_Rennes
Unité_urbaine_de_Replonges
Unité_urbaine_de_Rethel
Unité_urbaine_de_Revel
Unité_urbaine_de_Revin
Unité_urbaine_de_Rhinau
Unité_urbaine_de_Rians
Unité_urbaine_de_Riantec_-_Locmiquélic
Unité_urbaine_de_Ribemont
Unité_urbaine_de_Ribérac
Unité_urbaine_de_Rieumes
Unité_urbaine_de_Rieux-Volvestre
Unité_urbaine_de_Rilhac-Rancon
Unité_urbaine_de_Riom
Unité_urbaine_de_Riom-ès-Montagnes
Unité_urbaine_de_Rivedoux-Plage
Unité_urbaine_de_Rives-du-Loir-en-Anjou
Unité_urbaine_de_Roanne
Unité_urbaine_de_Rocbaron
Unité_urbaine_de_Roche-lez-Beaupré
Unité_urbaine_de_Rochechouart
Unité_urbaine_de_Rochefort
Unité_urbaine_de_Rochefort-du-Gard
Unité_urbaine_de_Rocroi
Unité_urbaine_de_Rodez
Unité_urbaine_de_Rognes
Unité_urbaine_de_Romans-sur-Isère
Unité_urbaine_de_Romilly-sur-Seine
Unité_urbaine_de_Romillé
Unité_urbaine_de_Romorantin-Lanthenay
Unité_urbaine_de_Roquefort-la-Bédoule
Unité_urbaine_de_Rosières-aux-Salines
Unité_urbaine_de_Rosny-sur-Seine
Unité_urbaine_de_Rouen
Unité_urbaine_de_Roussillon
Unité_urbaine_de_Royan
Unité_urbaine_de_Ruffec
Unité_urbaine_de_Sablé-sur-Sarthe
Unité_urbaine_de_Sada
Unité_urbaine_de_Sada_(Mayotte)
Unité_urbaine_de_Saint-Affrique
Unité_urbaine_de_Saint-Agnant
Unité_urbaine_de_Saint-Amand-Montrond
Unité_urbaine_de_Saint-Amand-les-Eaux
Unité_urbaine_de_Saint-André
Unité_urbaine_de_Saint-André-de-Corcy
Unité_urbaine_de_Saint-André-de-Cubzac
Unité_urbaine_de_Saint-André-de-Sangonis
Unité_urbaine_de_Saint-Arnoult-en-Yvelines
Unité_urbaine_de_Saint-Astier
Unité_urbaine_de_Saint-Aubin-d'Aubigné
Unité_urbaine_de_Saint-Aubin-du-Cormier
Unité_urbaine_de_Saint-Aunès
Unité_urbaine_de_Saint-Avold
Unité_urbaine_de_Saint-Avold_(partie_française)
Unité_urbaine_de_Saint-Benoît
Unité_urbaine_de_Saint-Brevin-les-Pins
Unité_urbaine_de_Saint-Brieuc
Unité_urbaine_de_Saint-Brévin-les-Pins
Unité_urbaine_de_Saint-Calais
Unité_urbaine_de_Saint-Cannat
Unité_urbaine_de_Saint-Christophe-du-Bois
Unité_urbaine_de_Saint-Chély-d'Apcher
Unité_urbaine_de_Saint-Claude
Unité_urbaine_de_Saint-Cyprien
Unité_urbaine_de_Saint-Céré
Unité_urbaine_de_Saint-Cézaire-sur-Siagne
Unité_urbaine_de_Saint-Denis
Unité_urbaine_de_Saint-Didier-en-Velay
Unité_urbaine_de_Saint-Dizier
Unité_urbaine_de_Saint-Dié
Unité_urbaine_de_Saint-Dié-des-Vosges
Unité_urbaine_de_Saint-Drézéry
Unité_urbaine_de_Saint-Erblon
Unité_urbaine_de_Saint-Florent-sur-Cher
Unité_urbaine_de_Saint-Flour
Unité_urbaine_de_Saint-Gaudens
Unité_urbaine_de_Saint-Geniès-de-Malgoirès
Unité_urbaine_de_Saint-Georges
Unité_urbaine_de_Saint-Georges-d'Espéranche
Unité_urbaine_de_Saint-Georges-d'Orques
Unité_urbaine_de_Saint-Georges-de-Commiers
Unité_urbaine_de_Saint-Georges-lès-Baillargeaux
Unité_urbaine_de_Saint-Georges-sur-Loire
Unité_urbaine_de_Saint-Gervasy
Unité_urbaine_de_Saint-Gilles
Unité_urbaine_de_Saint-Girons
Unité_urbaine_de_Saint-Gobain
Unité_urbaine_de_Saint-Hilaire-de-Riez
Unité_urbaine_de_Saint-Hilaire-du-Riez
Unité_urbaine_de_Saint-Hippolyte
Unité_urbaine_de_Saint-Héand
Unité_urbaine_de_Saint-Hélène_(Gironde)
Unité_urbaine_de_Saint-Jean-d'Angély
Unité_urbaine_de_Saint-Jean-de-Bournay
Unité_urbaine_de_Saint-Jean-de-Monts
Unité_urbaine_de_Saint-Jeoire
Unité_urbaine_de_Saint-Joachim_-_Saint-Malo-de-Guersac
Unité_urbaine_de_Saint-Joseph
Unité_urbaine_de_Saint-Jouan-des-Guérets
Unité_urbaine_de_Saint-Julien-de-Concelles
Unité_urbaine_de_Saint-Junien
Unité_urbaine_de_Saint-Just-Malmont
Unité_urbaine_de_Saint-Just-Saint-Rambert
Unité_urbaine_de_Saint-Lambert-la-Potherie
Unité_urbaine_de_Saint-Laurent-Médoc
Unité_urbaine_de_Saint-Laurent-de-la-Salanque
Unité_urbaine_de_Saint-Laurent-des-Arbres
Unité_urbaine_de_Saint-Laurent-du-Maroni
Unité_urbaine_de_Saint-Laurent-du-Pont
Unité_urbaine_de_Saint-Leu
Unité_urbaine_de_Saint-Louis-de-Montferrand
Unité_urbaine_de_Saint-Louis_(Guadeloupe)
Unité_urbaine_de_Saint-Louis_(La_Réunion)
Unité_urbaine_de_Saint-Lys
Unité_urbaine_de_Saint-Lyé
Unité_urbaine_de_Saint-Léger-sous-Cholet
Unité_urbaine_de_Saint-Léonard-de-Noblat
Unité_urbaine_de_Saint-Lô
Unité_urbaine_de_Saint-Macaire
Unité_urbaine_de_Saint-Maixent-l'École
Unité_urbaine_de_Saint-Maixent-l’École
Unité_urbaine_de_Saint-Malo
Unité_urbaine_de_Saint-Marcellin
Unité_urbaine_de_Saint-Marcellin-en-Forez
Unité_urbaine_de_Saint-Mars-du-Désert
Unité_urbaine_de_Saint-Martin-de-Londres
Unité_urbaine_de_Saint-Martin-du-Var
Unité_urbaine_de_Saint-Martin-en-Haut
Unité_urbaine_de_Saint-Mathieu-de-Tréviers
Unité_urbaine_de_Saint-Maximin
Unité_urbaine_de_Saint-Maximin-la-Sainte-Baume
Unité_urbaine_de_Saint-Michel
Unité_urbaine_de_Saint-Méloir-des-Ondes
Unité_urbaine_de_Saint-Nazaire
Unité_urbaine_de_Saint-Nazaire-d'Aude
Unité_urbaine_de_Saint-Nazaire_(Pyrénées-Orientales)
Unité_urbaine_de_Saint-Nolff
Unité_urbaine_de_Saint-Omer
Unité_urbaine_de_Saint-Paul
Unité_urbaine_de_Saint-Paul-de-Varces
Unité_urbaine_de_Saint-Philbert-de-Grand-Lieu
Unité_urbaine_de_Saint-Pierre
Unité_urbaine_de_Saint-Pierre-d'Oléron
Unité_urbaine_de_Saint-Pierre-de-Chandieu
Unité_urbaine_de_Saint-Pierre_(Martinique)
Unité_urbaine_de_Saint-Priest-Taurion
Unité_urbaine_de_Saint-Pée-sur-Nivelle
Unité_urbaine_de_Saint-Quentin
Unité_urbaine_de_Saint-Renan
Unité_urbaine_de_Saint-Romain-de-Jalionas
Unité_urbaine_de_Saint-Savin
Unité_urbaine_de_Saint-Savin_-_Saint-Yzan-de-Soudiac
Unité_urbaine_de_Saint-Seurin-sur-l'Isle
Unité_urbaine_de_Saint-Sulpice
Unité_urbaine_de_Saint-Sulpice-la-Pointe
Unité_urbaine_de_Saint-Symphorien-sur-Coise
Unité_urbaine_de_Saint-Sériès
Unité_urbaine_de_Saint-Trojan-les-Bains
Unité_urbaine_de_Saint-Vallier-de-Thiey
Unité_urbaine_de_Saint-Vincent-de-Tyrosse
Unité_urbaine_de_Saint-Vit
Unité_urbaine_de_Saint-Vivien-de-Médoc
Unité_urbaine_de_Saint-Xandre
Unité_urbaine_de_Saint-Yrieix-la-Perche
Unité_urbaine_de_Saint-Étienne
Unité_urbaine_de_Saint-Étienne-de-Montluc
Unité_urbaine_de_Saint-Évarzec
Unité_urbaine_de_Sainte-Croix-en-Plaine
Unité_urbaine_de_Sainte-Geneviève
Unité_urbaine_de_Sainte-Jamme-sur-Sarthe
Unité_urbaine_de_Sainte-Marie
Unité_urbaine_de_Sainte-Marie-de-Ré
Unité_urbaine_de_Sainte-Marie_(Pyrénées-Orientales)
Unité_urbaine_de_Sainte-Maxime
Unité_urbaine_de_Sainte-Pazanne
Unité_urbaine_de_Sainte-Rose
Unité_urbaine_de_Sainte-Rose_(Guadeloupe)
Unité_urbaine_de_Sainte-Rose_(La_Réunion)
Unité_urbaine_de_Sainte-Sigolène
Unité_urbaine_de_Sainte-Suzanne
Unité_urbaine_de_Saintes
Unité_urbaine_de_Saleilles
Unité_urbaine_de_Salies-du-Salat
Unité_urbaine_de_Sallanches
Unité_urbaine_de_Salles
Unité_urbaine_de_Sallèles-d'Aude
Unité_urbaine_de_Salon-de-Provence
Unité_urbaine_de_Salses-le-Château
Unité_urbaine_de_Sandillon
Unité_urbaine_de_Sarlat-la-Canéda
Unité_urbaine_de_Sarrebourg
Unité_urbaine_de_Sarrebruck-Forbach
Unité_urbaine_de_Sarrebruck_-_Forbach
Unité_urbaine_de_Sarrebruck_-_Forbach_(partie_française)
Unité_urbaine_de_Sarreguemines
Unité_urbaine_de_Sarreguemines_(partie_française)
Unité_urbaine_de_Sarry
Unité_urbaine_de_Saucats
Unité_urbaine_de_Saujon
Unité_urbaine_de_Saumur
Unité_urbaine_de_Savenay
Unité_urbaine_de_Saverdun
Unité_urbaine_de_Saverne
Unité_urbaine_de_Savigné-l'Évêque
Unité_urbaine_de_Savonnières
Unité_urbaine_de_Saône
Unité_urbaine_de_Schœneck
Unité_urbaine_de_Sedan
Unité_urbaine_de_Segré-en-Anjou_Bleu
Unité_urbaine_de_Seiches-sur-le-Loir
Unité_urbaine_de_Selongey
Unité_urbaine_de_Sens
Unité_urbaine_de_Servian
Unité_urbaine_de_Servon-sur-Vilaine
Unité_urbaine_de_Sigean
Unité_urbaine_de_Sillé-le-Guillaume
Unité_urbaine_de_Sinnamary
Unité_urbaine_de_Sissonne
Unité_urbaine_de_Soissons
Unité_urbaine_de_Soliers
Unité_urbaine_de_Sospel
Unité_urbaine_de_Soucieu-en-Jarrest
Unité_urbaine_de_Souillac
Unité_urbaine_de_Soussans
Unité_urbaine_de_Spay
Unité_urbaine_de_Stockholm
Unité_urbaine_de_Strasbourg
Unité_urbaine_de_Strasbourg_(partie_française)
Unité_urbaine_de_Sucé-sur-Erdre
Unité_urbaine_de_Surgères
Unité_urbaine_de_Surzur
Unité_urbaine_de_Sussargues
Unité_urbaine_de_Sète
Unité_urbaine_de_Sèvremoine
Unité_urbaine_de_Sébazac-Concourès
Unité_urbaine_de_Sélestat
Unité_urbaine_de_Sérifontaine
Unité_urbaine_de_Sérignan
Unité_urbaine_de_Sérignan-du-Comtat
Unité_urbaine_de_Taninges
Unité_urbaine_de_Tarascon-sur-Ariège
Unité_urbaine_de_Tarbes
Unité_urbaine_de_Templeuve
Unité_urbaine_de_Tence
Unité_urbaine_de_Tergnier
Unité_urbaine_de_Terrasson-Lavilledieu
Unité_urbaine_de_Thann-Cernay
Unité_urbaine_de_Thiers
Unité_urbaine_de_Thionville
Unité_urbaine_de_Thiviers
Unité_urbaine_de_Thonon-les-Bains
Unité_urbaine_de_Thouars
Unité_urbaine_de_Thuir
Unité_urbaine_de_Tiercé
Unité_urbaine_de_Tinténiac
Unité_urbaine_de_Tonneins
Unité_urbaine_de_Toul
Unité_urbaine_de_Toulon
Unité_urbaine_de_Toulouse
Unité_urbaine_de_Tournon-sur-Rhone
Unité_urbaine_de_Tournon-sur-Rhône
Unité_urbaine_de_Tours
Unité_urbaine_de_Tourves
Unité_urbaine_de_Toussieu
Unité_urbaine_de_Trangé
Unité_urbaine_de_Traînou
Unité_urbaine_de_Treillières
Unité_urbaine_de_Trois-Bassins
Unité_urbaine_de_Troyes
Unité_urbaine_de_Trèbes
Unité_urbaine_de_Trébeurden
Unité_urbaine_de_Trémentines
Unité_urbaine_de_Tsingoni
Unité_urbaine_de_Tulle
Unité_urbaine_de_Vailly-sur-Aisne
Unité_urbaine_de_Val_d'Erdre-Auxence
Unité_urbaine_de_Valence
Unité_urbaine_de_Valence_(Tarn-et-Garonne)
Unité_urbaine_de_Valenciennes
Unité_urbaine_de_Valleiry
Unité_urbaine_de_Vallet
Unité_urbaine_de_Valserhône
Unité_urbaine_de_Vannes
Unité_urbaine_de_Varrains
Unité_urbaine_de_Vayrac
Unité_urbaine_de_Veigy-Foncenex
Unité_urbaine_de_Venansault
Unité_urbaine_de_Vendôme
Unité_urbaine_de_Venerque
Unité_urbaine_de_Venizel
Unité_urbaine_de_Ventabren
Unité_urbaine_de_Verdun
Unité_urbaine_de_Verdun-sur-Garonne
Unité_urbaine_de_Verfeil
Unité_urbaine_de_Vern-sur-Seiche
Unité_urbaine_de_Vernantes
Unité_urbaine_de_Verneuil-sur-Vienne
Unité_urbaine_de_Vernon
Unité_urbaine_de_Verrières-en-Anjou
Unité_urbaine_de_Versonnex
Unité_urbaine_de_Vert-le-Grand
Unité_urbaine_de_Vervins
Unité_urbaine_de_Vesoul
Unité_urbaine_de_Vibraye
Unité_urbaine_de_Vic-Fezensac
Unité_urbaine_de_Vic-en-Bigorre
Unité_urbaine_de_Vic-le-Comte
Unité_urbaine_de_Vic-sur-Aisne
Unité_urbaine_de_Vichy
Unité_urbaine_de_Vienne
Unité_urbaine_de_Vierzon
Unité_urbaine_de_Vignacourt
Unité_urbaine_de_Vigneux-de-Bretagne
Unité_urbaine_de_Villars-les-Dombes
Unité_urbaine_de_Villedieu-sur-Indre
Unité_urbaine_de_Villefontaine
Unité_urbaine_de_Villefranche-de-Lauragais
Unité_urbaine_de_Villefranche-de-Rouergue
Unité_urbaine_de_Villefranche-sur-Cher
Unité_urbaine_de_Villelongue-de-la-Salanque
Unité_urbaine_de_Villemoustaussou
Unité_urbaine_de_Villemur-sur-Tarn
Unité_urbaine_de_Villeneuve
Unité_urbaine_de_Villeneuve-de-la-Raho
Unité_urbaine_de_Villeneuve-la-Guyard
Unité_urbaine_de_Villeneuve-sur-Lot
Unité_urbaine_de_Villers-Bretonneux
Unité_urbaine_de_Villers-Cotterêts
Unité_urbaine_de_Villette-d'Anthon
Unité_urbaine_de_Villieu-Loyes-Mollon
Unité_urbaine_de_Vimy
Unité_urbaine_de_Vinassan
Unité_urbaine_de_Vire
Unité_urbaine_de_Vire_Normandie
Unité_urbaine_de_Vireux-Wallerand
Unité_urbaine_de_Viry
Unité_urbaine_de_Vitry-le-François
Unité_urbaine_de_Vitré
Unité_urbaine_de_Viviers
Unité_urbaine_de_Vivonne
Unité_urbaine_de_Vizille
Unité_urbaine_de_Voiron
Unité_urbaine_de_Volvic
Unité_urbaine_de_Volx
Unité_urbaine_de_Vouillé
Unité_urbaine_de_Vouziers
Unité_urbaine_de_Vrigne-aux-Bois
Unité_urbaine_de_Vémars
Unité_urbaine_de_Véretz
Unité_urbaine_de_Wasselonne
Unité_urbaine_de_Weyersheim
Unité_urbaine_de_Witry-lès-Reims
Unité_urbaine_de_Wormhout
Unité_urbaine_de_Woustviller
Unité_urbaine_de_la_Bourboule
Unité_urbaine_de_la_Canourgue
Unité_urbaine_de_la_Crèche
Unité_urbaine_de_la_Réole
Unité_urbaine_de_la_Séguinière
Unité_urbaine_de_la_Teste-de-Buch-Arcachon
Unité_urbaine_de_nancy
Unité_urbaine_des_Adrets-de-l'Estérel
Unité_urbaine_des_Avenières
Unité_urbaine_des_Hauts-d'Anjou
Unité_urbaine_des_Herbiers
Unité_urbaine_des_Rosiers-sur-Loire
Unité_urbaine_des_Sables-d'Olonne
Unité_urbaine_des_Sausset-les-Pins_-_Carry-le-Rouet
Unité_urbaine_des_Trois-Bassins
Unité_urbaine_des_Trois-Îlets
Unité_urbaine_du_Barp
Unité_urbaine_du_Bois-Plage-en-Ré
Unité_urbaine_du_Carbet
Unité_urbaine_du_Chalon-sur-Saône
Unité_urbaine_du_Cheylas
Unité_urbaine_du_Château-d'Oléron
Unité_urbaine_du_Conquet
Unité_urbaine_du_Creusot
Unité_urbaine_du_Diamant
Unité_urbaine_du_Grand-Bornand
Unité_urbaine_du_Grau-du-Roi
Unité_urbaine_du_Havre
Unité_urbaine_du_Lamentin
Unité_urbaine_du_Lardin-Saint-Lazare
Unité_urbaine_du_Lion-d'Angers
Unité_urbaine_du_Lorrain
Unité_urbaine_du_Lude
Unité_urbaine_du_Mans
Unité_urbaine_du_Mesnil-en-Thelle
Unité_urbaine_du_Morne-Rouge
Unité_urbaine_du_Nouvion-en-Thiérache
Unité_urbaine_du_Pallet
Unité_urbaine_du_Pellerin
Unité_urbaine_du_Perray-en-Yvelines
Unité_urbaine_du_Poiré-sur-Vie
Unité_urbaine_du_Pont-de-Beauvoisin
Unité_urbaine_du_Porge
Unité_urbaine_du_Puy-Sainte-Réparade
Unité_urbaine_du_Puy-en-Velais
Unité_urbaine_du_Puy-en-Velay
Unité_urbaine_du_Rheu
Unité_urbaine_du_Robert
Unité_urbaine_du_Rove
Unité_urbaine_du_Vigan
Unité_urbaine_d’Objat
Unité_urbaine_d’Épernay
Unité_urbaine_internationale
Unité_urbaine_rennaise
Unité_visible
Unité_à_virgule_flottante
Unité_éco-paysagère
Unité_économique
Unité_économique_et_sociale
Unité_écopaysagère
Unité_électrique
Unité_électrique_conventionnelle
Unité_émique
Unités
Unités_Astronomiques
Unités_CGS
Unités_MKS
Unités_Régionales_de_Formation_à_l'Information_Scientifique_et_Technique
Unités_SI
Unités_Territoriales
Unités_Territoriales_de_Quartier
Unités_administratives_locales
Unités_administratives_locales_de_Finlande
Unités_administratives_territoriales_de_la_rive_gauche_du_Dniestr
Unités_anglo-saxonnes
Unités_arithmétiques_et_logiques
Unités_astronomiques
Unités_auxiliaires
Unités_burkinabè_de_la_MINUSMA
Unités_centrales_de_traitement
Unités_communistes_combattantes
Unités_d'enseignement_de_diversification
Unités_d'habitation
Unités_d'hébergement_renforcé
Unités_d'instruction_et_d'intervention_de_la_sécurité_civile
Unités_d'opération_des_villages_de_montagne
Unités_d'élite
Unités_de_Formation_et_Recherche
Unités_de_Planck
Unités_de_Réduction_Certifiée_des_Émissions
Unités_de_base
Unités_de_base_du_Système_international
Unités_de_base_du_système_international
Unités_de_bruit_médiatique
Unités_de_communes_valdôtaines
Unités_de_consultations_et_de_soins_ambulatoires
Unités_de_défense_populaire
Unités_de_formation_et_de_recherche
Unités_de_formation_et_de_recherche_de_droit_en_France
Unités_de_formation_et_de_recherche_de_médecine_en_France
Unités_de_l'Industrie_du_pétrole_et_du_gaz
Unités_de_l'industrie_du_pétrole_et_du_gaz
Unités_de_la_Légion_étrangère
Unités_de_la_Waffen_SS
Unités_de_la_légion_étrangère
Unités_de_la_waffen_ss
Unités_de_longueur
Unités_de_l’armée_des_émigrés
Unités_de_mesure
Unités_de_mesure_(Ancien_Régime)
Unités_de_mesure_américaines
Unités_de_mesure_anciennes_(Espagne)
Unités_de_mesure_anciennes_(France)
Unités_de_mesure_anciennes_(Malte)
Unités_de_mesure_anciennes_(france)
Unités_de_mesure_anciennes_arabes
Unités_de_mesure_anglaises
Unités_de_mesure_anglo-saxonnes
Unités_de_mesure_cubaine
Unités_de_mesure_cubaines
Unités_de_mesure_dans_l'Égypte_antique
Unités_de_mesure_dans_l'égypte_antique
Unités_de_mesure_de_l'Ancien_Régime
Unités_de_mesure_de_l'Ancien_Régime_(France)
Unités_de_mesure_de_l’Ancien_Régime
Unités_de_mesure_en_informatique
Unités_de_mesure_en_physique
Unités_de_mesure_issues_d'un_anthroponyme
Unités_de_mesure_pour_la_cuisine
Unités_de_mesure_romaines
Unités_de_mesure_thaïlandaises
Unités_de_mesures_anglo-saxonnes
Unités_de_mesures_issues_d'un_anthroponyme
Unités_de_mobilisation_populaire
Unités_de_montagne_de_la_Gendarmerie_nationale
Unités_de_montagne_de_la_Police_nationale
Unités_de_planck
Unités_de_planification_zonale
Unités_de_premier_niveau_de_Palerme
Unités_de_production
Unités_de_protection_de_la_femme
Unités_de_protection_de_la_plaine_de_Ninive
Unités_de_protection_du_peuple
Unités_de_protection_populaire
Unités_de_protection_populaires
Unités_de_réduction_certifiée_des_émissions
Unités_de_résistance_de_Sinjar
Unités_de_soins_de_longue_durée
Unités_de_soins_intensifs
Unités_de_superficie_courantes
Unités_de_volontaires_arméniens
Unités_de_volontaires_italiens_au_service_de_la_France
Unités_de_volontaires_italiens_au_service_de_la_france
Unités_de_volontaires_polonais_au_service_de_la_France
Unités_de_volontaires_polonais_au_service_de_la_France_(1939-1940)
Unités_de_volontaires_polonais_au_service_de_la_france
Unités_de_volontaires_étrangers_au_service_de_la_France
Unités_de_volontaires_étrangers_au_service_de_la_france
Unités_de_vétérans
Unités_des_Guards_britanniques_pendant_la_Seconde_Guerre_mondiale
Unités_des_femmes_d'Êzîdxan
Unités_des_volontaires_arméniens
Unités_disciplinaires
Unités_diverses_de_Légion_étrangère
Unités_diverses_de_légion_étrangère
Unités_du_génie_de_la_Légion_étrangère
Unités_du_système_international
Unités_du_système_international_dérivées
Unités_dérivées_du_Système_international
Unités_dérivées_du_système_international
Unités_d’enseignement_de_diversification
Unités_d’élite
Unités_en_aviation
Unités_en_physique
Unités_fondamentales
Unités_fédératives_du_Brésil
Unités_gaussiennes
Unités_géométriques
Unités_hospitalières_sécurisées_interrégionales
Unités_institutionnelles
Unités_irlandaises_au_sein_de_l'armée_espagnole
Unités_irrégulières_arméniennes
Unités_irrégulières_de_volontaires_étrangers_au_service_de_l'Ancien_Régime
Unités_irrégulières_de_volontaires_étrangers_au_service_de_l'Ancien_régime
Unités_marocaines_engagées_dans_la_guerre_du_Sahara_occidental
Unités_militaires
Unités_militaires_d'aide_à_la_production
Unités_militaires_du_Gouvernement_Confédéré_durant_la_guerre_de_Sécession
Unités_militaires_françaises_de_Kaboul
Unités_mixtes_de_recherche
Unités_monétaires
Unités_multiples
Unités_naturelles
Unités_parachutistes_françaises
Unités_paysagères
Unités_physiques
Unités_pour_Malades_Difficiles
Unités_pour_malades_difficiles
Unités_sahariennes_françaises
Unités_solaires
Unités_spéciales
Unités_structurales_de_la_Terre
Unités_structurales_de_la_terre
Unités_suprasegmentales
Unités_taxonomiques_opérationnelles
Unités_territoriales_autonomes_de_la_rive_gauche_du_Dniestr
Unités_territoriales_de_quartier
Unités_urbaines
Unités_urbaines_dans_l'Ain
Unités_urbaines_dans_la_Corrèze
Unités_urbaines_dans_la_Creuse
Unités_urbaines_dans_la_Haute-Loire
Unités_urbaines_dans_la_Sarthe
Unités_urbaines_dans_le_Cantal
Unités_urbaines_de_la_Haute-Loire
Unités_urbaines_du_Cantal
Unités_urbaines_du_Loiret
Unités_urbaines_en_Corrèze
Unités_urbaines_en_Lozère
Unités_étrangères_de_l'armée_napoléonienne
Unités_étrangères_de_l’armée_napoléonienne
Uniunea_Europeană
Univ._Alabama_Press
Univ._de_Genève
Univ._of_California_Press
Univ._of_Notre_Dame_Press
Univ._of_Washington_P.
Univ_Gustave_Eiffel
Univac
Univalent
Univalle
Univalva
Univalve
Univalves
Univar
Univarié
Univeg
Univention_Corporate_Server
UniverSud_Paris
Univerbation
Univerber
Univercells
Univers
Univers,_univers
Univers-bloc
Univers-des-arts.com
Univers-ombre
Univers-île
Univers-îles
UniversCiné
Univers_(Police_de_caractères)
Univers_(album)
Univers_(album,_1987)
Univers_(format_de_papier)
Univers_(homonymie)
Univers_(logique)
Univers_(magazine)
Univers_(mathematiques)
Univers_(mathématiques)
Univers_(papier)
Univers_(police_d'écriture)
Univers_(police_de_caracteres)
Univers_(police_de_caractères)
Univers_(probabilites)
Univers_(probabilités)
Univers_1983
Univers_Cinématographique_DC
Univers_Cinématographique_Universal_Monsters
Univers_DC
Univers_Demain
Univers_Disney
Univers_Etendu
Univers_FM_RDC
Univers_HD_de_GTA
Univers_Interactif
Univers_Légendes_de_Star_Wars
Univers_Mac
Univers_Marvel
Univers_Poche
Univers_Ultimate_Marvel
Univers_Warcraft
Univers_Zero
Univers_Zéro
Univers_alternatif
Univers_anti_de_Sitter
Univers_anti_de_sitter
Univers_biocentrique
Univers_bloc
Univers_chiffonné
Univers_cinématographique_Bumilangit
Univers_cinématographique_Conjuring
Univers_cinématographique_DC
Univers_cinématographique_Dark_Universe
Univers_cinématographique_Marvel
Univers_concentrationnaire
Univers_constructible
Univers_constructible_de_Gödel
Univers_d'Akira_Toriyama
Univers_d'Alien
Univers_d'Alien_vs._Predator
Univers_d'Aliens_vs._Predator
Univers_d'Avatar
Univers_d'Avernum
Univers_d'Einstein
Univers_d'Einstein-de_Sitter
Univers_de_Babylon_5
Univers_de_Blazer_Drive
Univers_de_Bleach
Univers_de_Dune
Univers_de_Final_Fantasy_VII
Univers_de_Final_Fantasy_VIII
Univers_de_Fondation
Univers_de_Friedmann-Lemaître-Robertson-Walker
Univers_de_Game_of_Thrones
Univers_de_Godel
Univers_de_Gold
Univers_de_Grothendieck
Univers_de_Gunnm
Univers_de_Gödel
Univers_de_Harry_Potter
Univers_de_Highlander
Univers_de_Homeworld
Univers_de_Hunger_Games
Univers_de_Jane_Austen
Univers_de_La_Roue_du_temps
Univers_de_Mass_Effect
Univers_de_Milne
Univers_de_Myst
Univers_de_Naruto
Univers_de_One_Piece
Univers_de_Predator
Univers_de_RoboCop
Univers_de_Robocop
Univers_de_Saints_Row
Univers_de_Saints_Row:_The_Third
Univers_de_Saiyuki
Univers_de_Satan_666
Univers_de_Sitter
Univers_de_Soleil_Vert
Univers_de_Soleil_vert
Univers_de_Spirou_et_Fantasio
Univers_de_Supernatural
Univers_de_THX_1138
Univers_de_Tara_Duncan
Univers_de_The_Hunger_Games
Univers_de_Thorgal
Univers_de_Troy
Univers_de_True_Blood
Univers_de_Tschai
Univers_de_Tschaï
Univers_de_Vision_d'Escaflowne
Univers_de_Warhammer
Univers_de_Westeros_et_Essos
Univers_de_Zork
Univers_de_campagne
Univers_de_de_Sitter
Univers_de_de_sitter
Univers_de_dune
Univers_de_fiction
Univers_de_fiction_d'Akira_Toriyama
Univers_de_fiction_d'Avatar
Univers_de_fiction_de_XIII
Univers_de_fiction_d’Avatar
Univers_de_gödel
Univers_de_l'Incal
Univers_de_la_CoSentience
Univers_de_la_Fondation
Univers_de_la_Porte_des_Anges
Univers_de_la_Roue_du_Temps
Univers_de_la_roue_du_temps
Univers_de_la_science-fiction
Univers_de_milne
Univers_de_robocop
Univers_de_saiyuki
Univers_de_soleil_vert
Univers_de_thx_1138
Univers_de_troy
Univers_de_tschaï
Univers_de_von_Neumann
Univers_de_zork
Univers_des_Animaux_fantastiques
Univers_des_Arts
Univers_des_Cantos_d'Hyperion
Univers_des_Cantos_d'Hypérion
Univers_des_arts
Univers_des_canards_de_Disney
Univers_des_canards_de_disney
Univers_des_cantos_d'hypérion
Univers_des_constructibles
Univers_des_pompiers
Univers_des_romans_de_Jane_Austen
Univers_des_sorciers
Univers_du_Trône_de_fer
Univers_du_cycle_de_l'Élévation
Univers_du_cycle_des_Inhibiteurs
Univers_du_cycle_des_Saboteurs
Univers_du_discours
Univers_d’Alien
Univers_d’Einstein
Univers_ekpyrotique
Univers_en_tore_bidimensionnel
Univers_etendu
Univers_etendu_de_la_Guerre_des_etoiles
Univers_fantastique
Univers_fantastique_(fiction)
Univers_fantastique_de_"Le_Moine_fou"
Univers_fantastique_de_"Le_moine_fou"
Univers_fantastique_de_"le_moine_fou"
Univers_fantastique_de_Buddy_Longway
Univers_fantastique_de_Thorgal
Univers_fantastique_de_buddy_longway
Univers_fantastique_de_thorgal
Univers_fantastique_du_Moine_fou
Univers_fictionnel
Univers_fini_de_Friedmann
Univers_fini_de_friedmann
Univers_fractal
Univers_gémellaire
Univers_gémellaires
Univers_hesitant
Univers_hésitant
Univers_idéologique
Univers_imaginaire
Univers_interactif
Univers_jumeau
Univers_jumeaux
Univers_local
Univers_magique_de_J._K._Rowling
Univers_magique_étendu_de_J._K._Rowling
Univers_miroir_(Star_Trek)
Univers_mixmaster
Univers_multifeuillet
Univers_multifeuillets
Univers_observable
Univers_of_Energy
Univers_officiel_de_Star_Wars
Univers_ombre
Univers_parallele
Univers_parallèle
Univers_parallèles
Univers_parallèles_(album)
Univers_partagé
Univers_persistant
Univers_phénix
Univers_plan
Univers_poche
Univers_post-apocalyptique
Univers_primordial
Univers_romanesque_d'Isaac_Asimov
Univers_romanesque_de_Dan_Simmons
Univers_romanesque_de_Frank_Herbert
Univers_romanesque_de_J._K._Rowling
Univers_romanesque_de_J._R._R._Tolkien
Univers_romanesque_de_Jane_Austen
Univers_sorcier
Univers_sorcier_de_J._K._Rowling
Univers_stationnaire
Univers_statique
Univers_virtuel
Univers_visible
Univers_à_énergie_nulle
Univers_étendu
Univers_étendu_de_Harry_Potter
Univers_étendu_de_Star_Wars
Univers_étendu_de_la_Guerre_des_étoiles
Univers_étendu_de_la_guerre_des_étoiles
Universa
Universabilité
Universae_Ecclesiae
Universal
Universal's_Epic_Universe
Universal's_Islands_of_Adventure
Universal's_Port_Aventura
Universal's_Volcano_Bay
Universal's_islands_of_adventure
Universal-International_Pictures
Universal-Lexikon_der_Gegenwart_und_Vergangenheit
Universal-Lexikon_der_Vergangenheit_und_Gegenwart
Universal_(1996)
Universal_(album)
Universal_(album_d'Anathema)
Universal_1440_Entertainment
Universal_3D
Universal_ABIT
Universal_Airlines
Universal_Alcatel_—_New_Office_Environment
Universal_Animation_Studios
Universal_Asynchronous_Receiver_Transmitter
Universal_Binary
Universal_Biological_Indexer_and_Organizer
Universal_Breweries
Universal_Breweries_Ltd
Universal_Carrier
Universal_Cartoon_Studios
Universal_Century
Universal_Channel_UK
Universal_Channel_UK_HD
Universal_Character_Set
Universal_Chess_Interface
Universal_City
Universal_City/Studio_City_(métro_de_Los_Angeles)
Universal_CityWalk
Universal_City_(Californie)
Universal_City_(Texas)
Universal_City_(métro_de_Los_Angeles)
Universal_City_Studio_Sound_Department
Universal_City_Studios
Universal_City_Walk_Hollywood
Universal_City_Walk_Orlando
Universal_Classics_and_Jazz
Universal_Co.
Universal_Combat
Universal_Combat:_A_World_Apart
Universal_Combat:_Special_Edition
Universal_Combat_-_A_World_Apart
Universal_Combat_Gold
Universal_Combat_Special_Edition
Universal_Creative
Universal_Description_Discovery_and_Integration
Universal_Disk_Format
Universal_Docking_Module
Universal_Edition
Universal_Entertainment
Universal_Escape_Orlando
Universal_Export
Universal_Exports
Universal_Fellowship_of_Metropolitan_Community_Churches
Universal_Fight
Universal_Film_Manufacturing_Company
Universal_Flash_Storage
Universal_Frame_System
Universal_France
Universal_Genève
Universal_Giken
Universal_Health_Services
Universal_Indicator
Universal_Indicator_Blue
Universal_Indicator_Green
Universal_Indicator_Red
Universal_Indicator_Ultra-Violet
Universal_Indicator_Yellow
Universal_Interactive
Universal_Interactive_Studios
Universal_International
Universal_International_Freephone_Service
Universal_International_Pictures
Universal_International_Premium_Rate_Number
Universal_International_Shared_Cost_Number
Universal_Lease
Universal_Lexicon
Universal_Madness:_Live_in_Los_Angeles
Universal_MagSafe
Universal_Measurement_System
Universal_Media_Disc
Universal_Mediterranea
Universal_Men
Universal_Migrator_Part_1:_The_Dream_Sequencer
Universal_Migrator_Part_2:_Flight_of_the_Migrator
Universal_Mind_Control
Universal_Mobile_Telecommunications_System
Universal_Modena_(volley-ball_féminin)
Universal_Monsters
Universal_Motown_Records_Group
Universal_Motown_Republic_Group
Universal_Music
Universal_Music_France
Universal_Music_Group
Universal_Music_Group_Nashville
Universal_Music_Japan
Universal_Music_Mobile
Universal_Music_Strategic_Marketing
Universal_Naming_Convention
Universal_Negro_Improvement_Association
Universal_Negro_Improvement_Association_and_African_Communities_League
Universal_Networking_Language
Universal_Networks_International_France
Universal_Orlando_Resort
Universal_Parks_&_Resorts
Universal_Pictures
Universal_Pictures_Corporation
Universal_Pictures_Group
Universal_Pictures_Home_Entertainment
Universal_Play_Land
Universal_Plug_&_Play
Universal_Plug_and_Play
Universal_Port_Aventura
Universal_Power_Drives
Universal_Press_Syndicate
Universal_Product_Code
Universal_Productions_France
Universal_Publishers_(États-Unis)
Universal_Rating_System
Universal_Records
Universal_Robina
Universal_Robots
Universal_Rocket
Universal_Sales_Co
Universal_Second_Factor
Universal_Serial_Bus
Universal_Short_Title_Catalogue
Universal_Signs
Universal_Software_Radio_Peripheral
Universal_Soldier
Universal_Soldier:_Day_of_Reckoning
Universal_Soldier:_Le_combat_absolu
Universal_Soldier:_The_New_Dimension
Universal_Soldier:_The_Return
Universal_Soldier_(homonymie)
Universal_Soldier_(jeu_vidéo)
Universal_Soldier_(série_de_films)
Universal_Soldier_2_:_Frères_d'armes
Universal_Soldier_3
Universal_Soldier_3_:_Ultime_Vengeance
Universal_Soldier_3_:_Ultime_vengeance
Universal_Soldier_4
Universal_Soldier_:_Le_Combat_absolu
Universal_Soldier_:_Le_Jour_du_jugement
Universal_Soldier_:_Régénération
Universal_Soldier_:_le_Combat_absolu
Universal_Sound
Universal_Space
Universal_Studios
Universal_Studios_Beijing
Universal_Studios_Dubailand
Universal_Studios_Florida
Universal_Studios_Hollywood
Universal_Studios_Home_Entertainment
Universal_Studios_Japan
Universal_Studios_Orlando
Universal_Studios_Port_Aventura
Universal_Studios_Recreation_Group
Universal_Studios_Singapore
Universal_Studios_South_Korea
Universal_Subscriber_Identity_Module
Universal_Subtitle_Format
Universal_Synchronous_&_Asynchronous_Receiver_Transmitter
Universal_TV
Universal_Technos
Universal_Technos_Co
Universal_Television
Universal_Television_Group
Universal_Terrestrial_Radio_Access_Network
Universal_Time
Universal_Tube_&_Rollform_Equipment
Universal_Tube_&_Rollform_Equipment_Corp
Universal_Uclick
Universal_Unique_Identifier
Universal_Volley_Femminile_Modène
Universal_War_One
Universal_War_One_(bande_dessinée)
Universal_War_Two
Universal_Windows_Platform
Universal_Windows_Platform_app
Universal_Windows_Platform_apps
Universal_Wrestling_Association
Universal_Wrestling_Federation_(Japon)
Universal_Zulu_Nation
Universal_binaries
Universal_binary
Universal_carrier
Universal_description_discovery_and_integration
Universal_disk_format
Universal_equine_life_number
Universal_hashing
Universal_internet_number
Universal_mobile
Universal_mobile_telecommunications_system
Universal_monsters
Universal_music
Universal_music_group
Universal_music_mobile
Universal_negro_improvement_association_and_african_communities_league
Universal_parks_&_resorts
Universal_plug_and_play
Universal_serial_bus
Universal_soldier
Universal_soldier:_le_combat_absolu
Universal_soldier_2:_Frères_d'armes
Universal_soldier_3:_Ultime_vengeance
Universal_transverse_Mercator
Universal_tube_&_rollform_equipment
Universal_war_one
Universala_Esperanto-Asocio_(UEA)
Universala_Kongreso_de_Esperanto
Universale_Electa/Gallimard
Universalglot
Universalis
Universalis.fr
Universalis_Cosmographia
Universalisation
Universalisme
Universalisme_(philosophie)
Universalisme_chrétien
Universalisme_en_philosophie
Universalisme_moral
Universalisme_proportionné
Universalisme_republicain
Universalisme_républicain
Universalisme_unitarien
Universaliste
Universalite_de_l'operateur_NON-OU
Universalité
Universalité_de_l'Internet
Universalité_de_l'opérateur_NON-ET
Universalité_de_l'opérateur_NON-OU
Universalité_de_l'opérateur_non-ou
Universalité_républicaine
Universally_Speaking
Universally_Unique_Identifier
Universally_unique_identifier
Universalmuseum_Joanneum
Universam
Universaux
Universaux_linguistiques
Universcience
Universcience.fr
Universciné
Universe
Universe_(EP)
Universe_(album)
Universe_(album_de_Mohombi)
Universe_(chanson)
Universe_(jeu_vidéo)
Universe_(jeu_vidéo,_1983)
Universe_(jeu_vidéo,_1994)
Universe_3
Universe_II
Universe_Sandbox
Universe_X
Universe_at_War:_Earth_Assault
Universe_of_Energy
Universe_of_energy
Universel
Universel_(113)
Universel_(album)
Universel_(metaphysique)
Universel_(métaphysique)
Universel_43
Universelle
Universelle_Aragne
Universelle_Araigne
Universelle_Araignée
Universelle_aragne
Universelle_araigne
Universeum
UniversiTIC
Universi_Dominici_Gregis
Universi_Dominici_gregis
Universia
Universiade
Universiade_Memorial_Stadium
Universiade_d'ete_2007
Universiade_d'hiver_1960
Universiade_d'hiver_1962
Universiade_d'hiver_1964
Universiade_d'hiver_1966
Universiade_d'hiver_1975
Universiade_d'hiver_1978
Universiade_d'hiver_1981
Universiade_d'hiver_1987
Universiade_d'hiver_2001
Universiade_d'hiver_2005
Universiade_d'hiver_2007
Universiade_d'hiver_2009
Universiade_d'hiver_2011
Universiade_d'hiver_2013
Universiade_d'hiver_2015
Universiade_d'hiver_de_1960
Universiade_d'hiver_de_1962
Universiade_d'hiver_de_1964
Universiade_d'hiver_de_1966
Universiade_d'hiver_de_1968
Universiade_d'hiver_de_1970
Universiade_d'hiver_de_1972
Universiade_d'hiver_de_1975
Universiade_d'hiver_de_1978
Universiade_d'hiver_de_1981
Universiade_d'hiver_de_1983
Universiade_d'hiver_de_1985
Universiade_d'hiver_de_1987
Universiade_d'hiver_de_1989
Universiade_d'hiver_de_1991
Universiade_d'hiver_de_1993
Universiade_d'hiver_de_1995
Universiade_d'hiver_de_1997
Universiade_d'hiver_de_1999
Universiade_d'hiver_de_2001
Universiade_d'hiver_de_2003
Universiade_d'hiver_de_2005
Universiade_d'hiver_de_2007
Universiade_d'hiver_de_2009
Universiade_d'hiver_de_2011
Universiade_d'hiver_de_2013
Universiade_d'hiver_de_2015
Universiade_d'hiver_de_2017
Universiade_d'hiver_de_2019
Universiade_d'hiver_de_2021
Universiade_d'été_1959
Universiade_d'été_1961
Universiade_d'été_1963
Universiade_d'été_1965
Universiade_d'été_1967
Universiade_d'été_1970
Universiade_d'été_1973
Universiade_d'été_1975
Universiade_d'été_1977
Universiade_d'été_1979
Universiade_d'été_1981
Universiade_d'été_1983
Universiade_d'été_1985
Universiade_d'été_1987
Universiade_d'été_1989
Universiade_d'été_1991
Universiade_d'été_1993
Universiade_d'été_1995
Universiade_d'été_1997
Universiade_d'été_1999
Universiade_d'été_2001
Universiade_d'été_2003
Universiade_d'été_2005
Universiade_d'été_2007
Universiade_d'été_2009
Universiade_d'été_2011
Universiade_d'été_2013
Universiade_d'été_2015
Universiade_d'été_2017
Universiade_d'été_2019
Universiade_d'été_de_1959
Universiade_d'été_de_1961
Universiade_d'été_de_1963
Universiade_d'été_de_1965
Universiade_d'été_de_1967
Universiade_d'été_de_1970
Universiade_d'été_de_1973
Universiade_d'été_de_1975
Universiade_d'été_de_1977
Universiade_d'été_de_1979
Universiade_d'été_de_1981
Universiade_d'été_de_1983
Universiade_d'été_de_1985
Universiade_d'été_de_1987
Universiade_d'été_de_1989
Universiade_d'été_de_1991
Universiade_d'été_de_1993
Universiade_d'été_de_1995
Universiade_d'été_de_1997
Universiade_d'été_de_1999
Universiade_d'été_de_2001
Universiade_d'été_de_2003
Universiade_d'été_de_2005
Universiade_d'été_de_2007
Universiade_d'été_de_2009
Universiade_d'été_de_2011
Universiade_d'été_de_2013
Universiade_d'été_de_2015
Universiade_d'été_de_2017
Universiade_d'été_de_2019
Universiade_de_2003
Universiade_de_2005
Universiade_de_2007
Universiade_de_2009
Universiade_de_2011
Universiade_de_2013
Universiade_de_2015
Universiades
Universiades_de_volley-ball_feminin
Universiades_de_volley-ball_féminin
Universiades_de_volley-ball_masculin
Universidad
Universidad_(Madrid)
Universidad_(métro_de_Medellín)
Universidad_(métro_de_Mexico)
Universidad_Academia_de_Humanismo_Cristiano
Universidad_Adolfo_Ibáñez
Universidad_Adventista_de_Chile
Universidad_Adventista_del_Plata
Universidad_Andina_Simón_Bolívar
Universidad_Andina_Simón_Bolívar_Bolivia
Universidad_Antonio_Nariño
Universidad_Antonio_de_Nebrija
Universidad_Arturo_Prat
Universidad_Austral_de_Chile
Universidad_Autonoma_Metropolitana
Universidad_Autonoma_de_Barcelona
Universidad_Autonoma_de_Nuevo_Leon
Universidad_Autónoma_Metropolitana
Universidad_Autónoma_Metropolitana_(Mexique)
Universidad_Autónoma_de_Asunción
Universidad_Autónoma_de_Asunción_(football)
Universidad_Autónoma_de_Barcelona
Universidad_Autónoma_de_Guerrero
Universidad_Autónoma_de_Madrid
Universidad_Autónoma_de_Nuevo_León
Universidad_Autónoma_de_San_Luis_Potosí
Universidad_Autónoma_del_Caribe_Fútbol_Club
Universidad_CEU_Cardenal_Herrera
Universidad_Carlos_III_de_Madrid
Universidad_Catolica
Universidad_Catolica_de_la_Santisima_Concepcion
Universidad_Católica
Universidad_Católica_(métro_de_Santiago)
Universidad_Católica_Boliviana
Universidad_Católica_Boliviana_San_Pablo
Universidad_Católica_de_Chile
Universidad_Católica_de_Murcia_Club_de_Fútbol
Universidad_Católica_de_Temuco
Universidad_Católica_de_la_Santísima_Concepción
Universidad_Católica_del_Norte
Universidad_Central
Universidad_Central_de_Madrid
Universidad_Central_de_Venezuela
Universidad_Central_de_Venezuela_FC
Universidad_Central_de_Venezuela_Fútbol_Club
Universidad_Centroamericana_José_Simeón_Cañas
Universidad_Cesar_Vallejo
Universidad_Complutense_de_Madrid
Universidad_César_Vallejo
Universidad_César_Vallejo_Club_de_Fútbol
Universidad_Distrital_Francisco_José_de_Caldas
Universidad_Europea_de_Madrid
Universidad_Europea_del_Atlántico
Universidad_Externado_de_Colombia
Universidad_Francisco_Marroquín
Universidad_Gerardo_Barrios
Universidad_Iberoamericana
Universidad_Iberoamericana_Puebla
Universidad_Industrial_de_Santander
Universidad_Internacional_Menéndez_Pelayo
Universidad_Javeriana
Universidad_José_Cecilio_del_Valle
Universidad_Juarez_del_Estado_de_Durango
Universidad_Juárez_del_Estado_de_Durango
Universidad_Las_Palmas_CF
Universidad_Mayor
Universidad_Mayor_de_San_Andres
Universidad_Mayor_de_San_Andrés
Universidad_Militar_Nueva_Granada
Universidad_NAH
Universidad_Nacional_Agraria_La_Molina
Universidad_Nacional_Autonoma_de_Mexico
Universidad_Nacional_Autónoma_de_Honduras
Universidad_Nacional_Autónoma_de_México
Universidad_Nacional_Mayor_de_San_Marcos
Universidad_Nacional_de_Cuyo
Universidad_Nacional_de_Córdoba
Universidad_Nacional_de_Educación_a_Distancia
Universidad_Nacional_de_General_San_Martín
Universidad_Nacional_de_General_Sarmiento
Universidad_Nacional_de_La_Plata
Universidad_Nacional_de_Trujillo
Universidad_Panamericana
Universidad_Pedagógica_Nacional_Francisco_Morazán
Universidad_Peruana_Unión
Universidad_Politécnica_de_Cataluña
Universidad_Politécnica_de_Madrid
Universidad_Politécnica_de_Valencia
Universidad_Pompeu_Fabra
Universidad_Pontificia_Comillas
Universidad_Privada_Antenor_Orrego
Universidad_Privada_del_Norte
Universidad_Ricardo_Palma
Universidad_Rovira_i_Virgili
Universidad_SC
Universidad_San_Francisco_de_Quito
Universidad_San_Martin_de_Porres
Universidad_San_Sebastián
Universidad_Santa_Maria
Universidad_Simón_Bolívar
Universidad_Tecnológica_de_Honduras
Universidad_Tecnológica_de_Panamá
Universidad_Tecnológica_de_Pereira
Universidad_Tecnológica_de_Santiago
Universidad_Técnica_de_Cajamarca
Universidad_Ucinf
Universidad_Veracruzana
Universidad_de_Alcalá
Universidad_de_Alcalá_de_Henares
Universidad_de_Almería
Universidad_de_Antioquia
Universidad_de_Antofagasta
Universidad_de_Belgrano
Universidad_de_Buenos_Aires
Universidad_de_Burgos
Universidad_de_Chile
Universidad_de_Chile_(football)
Universidad_de_Chile_(football_club)
Universidad_de_Chile_(métro_de_Santiago)
Universidad_de_Ciencias_de_la_Informática
Universidad_de_Concepcion
Universidad_de_Concepción
Universidad_de_Costa_Rica
Universidad_de_Deusto
Universidad_de_Extremadura
Universidad_de_Granada
Universidad_de_Guadalajara
Universidad_de_La_Frontera
Universidad_de_La_Laguna
Universidad_de_La_Rioja
Universidad_de_La_Serena
Universidad_de_Las_Palmas_CF
Universidad_de_Los_Andes
Universidad_de_Los_Andes_Futbol_Club
Universidad_de_Los_Andes_Fútbol_Club
Universidad_de_Magallanes
Universidad_de_Monterrey
Universidad_de_Murcia
Universidad_de_Navarra
Universidad_de_Oviedo
Universidad_de_Playa_Ancha
Universidad_de_Salamanca
Universidad_de_San_Carlos_de_Guatemala
Universidad_de_San_Pedro_Sula
Universidad_de_Santiago
Universidad_de_Santiago_(métro_de_Santiago)
Universidad_de_Santiago_de_Compostela
Universidad_de_Sevilla
Universidad_de_Sonora
Universidad_de_Talca
Universidad_de_Tarapacá
Universidad_de_Valencia
Universidad_de_Valparaíso
Universidad_de_Zaragoza
Universidad_de_chile
Universidad_de_guadalajara
Universidad_de_la_República
Universidad_de_las_Américas_Puebla
Universidad_de_los_Andes
Universidad_de_los_Andes_(Colombie)
Universidad_de_los_andes
Universidad_de_los_andes_fútbol_club
Universidad_de_playa_ancha
Universidad_del_Bío-Bío
Universidad_del_CEMA
Universidad_del_Cine
Universidad_del_Desarrollo
Universidad_del_Pais_Vasco
Universidad_del_Rosario
Universidad_del_Salvador
Universidad_del_Valle
Universidad_del_centro_de_estudios_macroeconomicos_de_Argentina
Universidad_del_centro_de_estudios_macroeconómicos_de_Argentina
Universidad_mayor
Universidad_san_martin_de_porres
Universidade_Agostinho_Neto
Universidade_Catolica_Portuguesa
Universidade_Católica_Portuguesa
Universidade_Católica_de_Angola
Universidade_Católica_de_Moçambique
Universidade_Eduardo_Mondlane
Universidade_Estadual_Campinas
Universidade_Estadual_Paulista
Universidade_Estadual_Paulista_Júlio_de_Mesquita_Filho
Universidade_Estadual_de_Campinas
Universidade_Federal_da_Bahia
Universidade_Federal_de_Ciências_da_Saúde_de_Porto_Alegre
Universidade_Federal_de_Santa_Catarina
Universidade_Federal_de_São_Paulo
Universidade_Federal_do_Ceara
Universidade_Federal_do_Ceará
Universidade_Federal_do_Estado_do_Rio_de_Janeiro
Universidade_Federal_do_Paraná
Universidade_Federal_do_Recôncavo_da_Bahia
Universidade_Federal_do_Rio_de_Janeiro
Universidade_Fernando_Pessoa
Universidade_Lusíada_do_Porto
Universidade_Lúrio
Universidade_Nova
Universidade_Nova_de_Lisboa
Universidade_Privada_de_Angola
Universidade_Sport_Club
Universidade_Tecnológica_Federal_do_Paraná
Universidade_Técnica_de_Lisboa
Universidade_da_Beira_Interior
Universidade_da_Coruña
Universidade_de_Brasília
Universidade_de_Coimbra
Universidade_de_Evora
Universidade_de_Lisboa
Universidade_de_Madeira
Universidade_de_Santiago_de_Compostela
Universidade_de_Sao_Paulo
Universidade_de_São_Paulo
Universidade_de_Trás-os-Montes_e_Alto_Douro
Universidade_de_Évora
Universidade_do_Algarve
Universidade_do_Estado_de_Minas_Gerais
Universidade_do_Estado_de_Santa_Catarina
Universidade_do_Estado_do_Rio_de_Janeiro
Universidade_do_Porto
Universidade_do_Vale_do_Rio_dos_Sinos
Universidade_dos_Açores
Universisme
Universita_di_Torino
Universitaet_Duisburg-Essen
Universitaire
Universitaire_Faculteit_voor_Protestantse_Godgeleerdheid_(Bruxelles)
Universitaire_Faculteiten_Sint-Aloysius
Universitaires
Universitaires_pour_la_Paix
Universitaires_pour_la_paix
Universitario_Popayán
Universitario_de_Deportes
Universitario_de_Popayán
Universitario_de_Sucre
Universitario_de_deportes
Universitas
Universitas_(Italie_méridionale)
Universitas_21
Universitas_Australia_Australis
Universitas_Cenderawasih
Universitas_Indonesia
Universitas_Istropolitana
Universitas_Negeri_Papua
Universitas_Studii_Coloniensis
Universitat_(métro_de_Barcelone)
Universitat_Autonoma_de_Barcelona
Universitat_Autònoma_de_Barcelona
Universitat_Hamburg
Universitat_Oberta_de_Catalunya
Universitat_Politecnica_de_Catalunya
Universitat_Politècnica_de_Catalunya
Universitat_Politècnica_de_València
Universitat_Pompeu_Fabra
Universitat_Ramon_Llull
Universitat_Rovira_i_Virgili
Universitat_d'Alacant
Universitat_d'Andorra
Universitat_de_Barcelona
Universitat_de_Girona
Universitat_de_València
Universitat_de_les_Illes_Balears
Universitat_der_Kunste_Berlin
Universitat_politècnica_de_catalunya
Universitate_(métro_de_Bucarest)
Universitatea_Cluj
Universitatea_Cluj-Napoca
Universitatea_Craiova
Universitatea_Craiova_(handball)
Universitatea_Creștină_Dimitrie_Cantemir
Universitatea_Jolidon_Cluj
Universitatea_Jolidon_Cluj-Napoca
Universitatea_Naţională_de_Arte
Universitatea_Politehnica
Universitatea_Remin_Deva
Universitatea_de_Artă_şi_Design,_Cluj-Napoca
Universitatea_de_Artă_și_Design,_Cluj-Napoca
Universite
Universite-de-Montreal_(metro_de_Montreal)
UniversiteCnamLiban
Universite_1_Decembrie_1918
Universite_Acadia
Universite_Adam_Barka_d'Abeche
Universite_Alexandru_Ioan_Cuza
Universite_Alexandru_Ioan_Cuza_de_Iasi
Universite_Apollonia_(Iasi)
Universite_Aristote_de_Thessalonique
Universite_Aston
Universite_Aurore
Universite_Ave_Maria
Universite_Babes-Bolyai
Universite_Bar-Ilan
Universite_Ben-Gourion_du_Neguev
Universite_Bioterra_(Bucarest)
Universite_Bishop's
Universite_Bocconi
Universite_Bordeaux-I
Universite_Bordeaux_IV
Universite_Bouddhique_Europeenne
Universite_Cardinal_Malula
Universite_Carleton
Universite_Carlo-Cattaneo
Universite_Carnegie_Mellon
Universite_Case_Western_Reserve
Universite_Charles_Darwin
Universite_Charles_Sturt
Universite_Charles_de_Prague
Universite_Cheikh_Anta_Diop
Universite_Chulalongkorn
Universite_Clarkson
Universite_Clermont-Ferrand
Universite_Clermont-Ferrand-I
Universite_Columbia
Universite_Constantin_Brancoveanu
Universite_Constantin_Brancusi
Universite_Cornell
Universite_Dalhousie
Universite_Danubius_(Galati)
Universite_Danubius_(Galaţi)
Universite_DePaul
Universite_De_Montfort
Universite_Democrite_de_Thrace
Universite_Doshisha
Universite_Drexel
Universite_Duke
Universite_Dunarea_de_Jos
Universite_Dunărea_de_Jos
Universite_Eftimie_Murgu
Universite_Emanuel
Universite_Fernando-Pessoa
Universite_Flinders
Universite_Fordham
Universite_Francisco-Marroquin
Universite_Fudan
Universite_Galatasaray
Universite_Gallaudet
Universite_George_Bacovia
Universite_George_Baritiu
Universite_George_Bariţiu
Universite_Harvard
Universite_Heinrich_Heine_de_Dusseldorf
Universite_Hitotsubashi
Universite_Hoa_Sen
Universite_Hofstra
Universite_Hosei
Universite_Hyperion
Universite_Ibn-Tofail
Universite_Ibnou-Zohr
Universite_Ivan_Franko
Universite_James_Cook
Universite_Jaume_I_de_Castellon
Universite_Jawaharlal-Nehru
Universite_Jiao-tong_de_Shanghai
Universite_Jiaotong_de_Xi’an
Universite_Keio
Universite_Kim_Il-Sung
Universite_Kokushikan
Universite_Kore_d'Enna
Universite_Kyung-hee
Universite_Kyungbuk
Universite_La_Salle_(Pennsylvanie)
Universite_Laurentienne
Universite_Libre
Universite_Lille_I
Universite_Lucian_Blaga
Universite_Macquarie
Universite_Magna_Graecia_de_Catanzaro
Universite_Makerere
Universite_Marie_Curie-Sklodowska
Universite_Marie_Curie-Sklodowska_de_Lublin
Universite_Martin-Luther_de_Halle-Wittenberg
Universite_McMaster
Universite_Meiji
Universite_Mendel
Universite_Monash
Universite_Montpellier_1
Universite_Montpellier_2
Universite_Moulay-Ismail
Universite_Mount_Allison
Universite_Nancy-I
Universite_Nancy-II
Universite_Nationale_de_Cuyo
Universite_Nationale_de_General_Sarmiento
Universite_Ngaoundere
Universite_Nicolae_Titulescu
Universite_Nihon
Universite_Otto-Friedrich_de_Bamberg
Universite_Ovidius
Universite_Pace
Universite_Palacky
Universite_Panteion
Universite_Paris-Est
Universite_Paris-Sorbonne-Abu_Dhabi
Universite_Paris_1_Pantheon-Sorbonne
Universite_Paris_3_-_Sorbonne_Nouvelle
Universite_Petre_Andrei
Universite_Petru_Maior
Universite_Politehnica
Universite_Politehnica_(Bucarest)
Universite_Politehnica_(Timisoara)
Universite_Polytechnique_de_New_York
Universite_Queen's
Universite_Queen's_de_Belfast
Universite_Ramon_Llull
Universite_Rhodes
Universite_Rice
Universite_Rikkyo
Universite_Rockefeller
Universite_Roosevelt
Universite_Royal_Roads
Universite_Rutgers
Universite_Ryerson
Universite_Saint-Joseph_de_Beyrouth
Universite_Saint-Paul
Universite_Saint-Paul_d'Ottawa
Universite_Saint-Pie-V
Universite_Senghor_d'Alexandrie
Universite_Sharif_de_technologie
Universite_Simon-Fraser
Universite_Soeur-Ursule-Benincasa
Universite_Soka
Universite_Sophia
Universite_Spiru_Haret
Universite_St._Thomas_(Nouveau-Brunswick)
Universite_Stanford
Universite_Suffolk
Universite_Sun_Yat-sen_de_Moscou
Universite_Sœur-Ursule-Benincasa
Universite_Technique_d'Etat_de_Moscou
Universite_Thammasat
Universite_Thomas_Jefferson
Universite_Tibiscus
Universite_Titu_Maiorescu
Universite_Tokai
Universite_Tokyo_Gakugei
Universite_Toulouse_II-Le_Mirail
Universite_Toyo
Universite_Transilvania
Universite_Transilvania_(Brasov)
Universite_Transylvania_(Lexington)
Universite_Tulane
Universite_Valahia
Universite_Vanderbilt
Universite_Vie-Sante_Saint-Raphael
Universite_Waseda
Universite_Wilfrid-Laurier
Universite_Willamette
Universite_Yale
Universite_Yonsei
Universite_York
Universite_Zitouna
Universite_a_Londres
Universite_al-Aqsa
Universite_al-Azhar
Universite_al-Mustansiriyah
Universite_al-Qods
Universite_americaine_de_Beyrouth
Universite_americaine_du_Caire
Universite_autonome_de_Madrid
Universite_catholique_de_Bruxelles
Universite_catholique_de_Bukavu
Universite_catholique_de_Lille
Universite_catholique_de_l'Ouest
Universite_catholique_du_Sacre-Coeur
Universite_catholique_du_Sacre-Cœur
Universite_catholique_du_mali
Universite_catholique_pontificale_du_Perou
Universite_centrale_privee_d’administration_des_affaires_et_de_technologie
Universite_chinoise_de_Hong_Kong
Universite_chretienne_Dimitrie_Cantemir
Universite_d'Aalborg
Universite_d'Aarhus
Universite_d'Aberdeen
Universite_d'Abertay_Dundee
Universite_d'Abobo-Adjame
Universite_d'Adelaide
Universite_d'Afrique_du_Sud
Universite_d'Akureyri
Universite_d'Alabama
Universite_d'Alcala_de_Henares
Universite_d'Alep
Universite_d'Alger
Universite_d'Allegany_du_Maryland
Universite_d'Andrews
Universite_d'Ankara
Universite_d'Arizona
Universite_d'Auburn
Universite_d'Auckland
Universite_d'Augsbourg
Universite_d'Australie-Occidentale
Universite_d'Emory
Universite_d'Essex
Universite_d'Estremadure
Universite_d'Etat_Pedagogique_de_Barnaoul
Universite_d'Etat_Tarass-Chevtchenko
Universite_d'Etat_de_Californie
Universite_d'Etat_de_Californie_a_Bakersfield
Universite_d'Etat_de_Californie_a_Channel_Islands
Universite_d'Etat_de_Californie_a_Chico
Universite_d'Etat_de_Californie_a_Dominguez_Hills
Universite_d'Etat_de_Californie_a_East_Bay
Universite_d'Etat_de_Californie_a_Fresno
Universite_d'Etat_de_Californie_a_Long_Beach
Universite_d'Etat_de_Californie_a_Northridge
Universite_d'Etat_de_Caroline_du_Nord
Universite_d'Etat_de_Chicago
Universite_d'Etat_de_Louisiane
Universite_d'Etat_de_Moscou
Universite_d'Etat_de_Novossibirsk
Universite_d'Etat_de_San_Francisco
Universite_d'Etat_de_l'Iowa
Universite_d'Etat_de_l'Oregon
Universite_d'Etat_du_Colorado
Universite_d'Etat_du_Kansas
Universite_d'Etat_du_Texas
Universite_d'Hambourg
Universite_d'Hawaii
Universite_d'Heidelberg
Universite_d'Helsinki
Universite_d'Helwan
Universite_d'Iena
Universite_d'Illinois_a_Chicago
Universite_d'Indiana
Universite_d'Istanbul
Universite_d'Osaka
Universite_d'Oulu
Universite_d'Ulsan
Universite_d'Umea
Universite_d'Urbin_“Carlo_Bo?
Universite_d'Utah
Universite_d'aeronautique_et_d'astronautique_de_Pekin
Universite_d'agriculture_d'Athenes
Universite_d'architecture_et_d'urbanisme_Ion_Mincu
Universite_d'ete_de_Boulogne-sur-Mer
Universite_d'etudes_internationales_de_Xi'an
Universite_de_Bacau
Universite_de_Bacău
Universite_de_Bagdad
Universite_de_Balamand
Universite_de_Barcelone
Universite_de_Bath_Spa
Universite_de_Bayreuth
Universite_de_Beir_Zeit
Universite_de_Belgrade
Universite_de_Belgrano
Universite_de_Bergame
Universite_de_Berlin
Universite_de_Bialystok
Universite_de_Bifrost
Universite_de_Boheme_du_Sud
Universite_de_Bologne
Universite_de_Bolton
Universite_de_Boston
Universite_de_Bouake
Universite_de_Brandeis
Universite_de_Brescia
Universite_de_Bretagne-Sud
Universite_de_Bucarest
Universite_de_Budapest
Universite_de_Cadix
Universite_de_Cagliari
Universite_de_Californie_a_Davis
Universite_de_Californie_a_Irvine
Universite_de_Californie_a_Merced
Universite_de_Californie_a_Riverside
Universite_de_Californie_a_San_Diego
Universite_de_Californie_a_San_Francisco
Universite_de_Californie_a_Santa_Cruz
Universite_de_Camerino
Universite_de_Canberra
Universite_de_Caroline_du_Nord
Universite_de_Caroline_du_Sud
Universite_de_Cassino
Universite_de_Catane
Universite_de_Cergy-Pontoise
Universite_de_Chiba
Universite_de_Chicago
Universite_de_Chichester
Universite_de_Chieti
Universite_de_Chypre
Universite_de_Cincinnati
Universite_de_Coblence
Universite_de_Cocody
Universite_de_Colgate
Universite_de_Cologne
Universite_de_Constantinople
Universite_de_Copenhague
Universite_de_Corse_Pascal-Paoli
Universite_de_Craiova
Universite_de_Crete
Universite_de_Dakota_du_Sud
Universite_de_Dalat
Universite_de_Dallas
Universite_de_Danang
Universite_de_Dayton
Universite_de_Dortmund
Universite_de_Duisbourg_et_Essen
Universite_de_Dundee
Universite_de_Durham
Universite_de_Ferrare
Universite_de_Florence
Universite_de_Foggia
Universite_de_Fort_Hare
Universite_de_France
Universite_de_Gabes
Universite_de_Gafsa
Universite_de_Genes
Universite_de_Georgetown
Universite_de_Gifu
Universite_de_Goma
Universite_de_Gorizia
Universite_de_Gottingen
Universite_de_Greenwich
Universite_de_Greifswald
Universite_de_Grenade
Universite_de_Guelph
Universite_de_Harderwijk
Universite_de_Hasselt
Universite_de_Houte-Si-Plou
Universite_de_Ioannina
Universite_de_Jendouba
Universite_de_Kairouan
Universite_de_Keele
Universite_de_King's_College
Universite_de_Kisangani
Universite_de_Klagenfurt
Universite_de_Kobe
Universite_de_Konigsberg
Universite_de_Kyoto
Universite_de_L'Aquila
Universite_de_La_Reunion
Universite_de_La_Salle-Manille
Universite_de_Lecce
Universite_de_Leeds
Universite_de_Leoben
Universite_de_Lethbridge
Universite_de_Lettonie
Universite_de_Liverpool
Universite_de_Lome
Universite_de_Londres
Universite_de_Londres-Est
Universite_de_Londres-Est_Docklands_Campus
Universite_de_Londres-Est_Stratford_Campus
Universite_de_Lubumbashi
Universite_de_Lucerne
Universite_de_Lyon
Universite_de_Macerata
Universite_de_Malte
Universite_de_Mannheim
Universite_de_Meisei
Universite_de_Melbourne
Universite_de_Messine
Universite_de_Miami
Universite_de_Milan
Universite_de_Milan-Bicocca
Universite_de_Modene_et_de_Reggio_d'Emilie
Universite_de_Monastir
Universite_de_Mondragon
Universite_de_Mostaganem
Universite_de_Nagoya
Universite_de_Nankin
Universite_de_Nantes_Aviron
Universite_de_Nanyang
Universite_de_Naples_“Frederic_II?
Universite_de_Naples_“L’Orientale?
Universite_de_Navarre
Universite_de_Ndjamena
Universite_de_New_York_dans_la_culture_populaire
Universite_de_Newcastle_upon_Tyne
Universite_de_Nha_Trang
Universite_de_Nis
Universite_de_Notre_Dame
Universite_de_Nottingham
Universite_de_Nouvelle-Galles_du_Sud
Universite_de_Nyenrode
Universite_de_Oradea
Universite_de_Padoue
Universite_de_Parme
Universite_de_Passau
Universite_de_Patras
Universite_de_Pavie
Universite_de_Pekin
Universite_de_Perpignan
Universite_de_Philadelphie
Universite_de_Pise
Universite_de_Pitesti
Universite_de_Pittsburgh
Universite_de_Pretoria
Universite_de_Quang_Binh
Universite_de_Reggio_de_Calabre
Universite_de_Regina
Universite_de_Reutlingen
Universite_de_Ritsumeikan
Universite_de_Rochester
Universite_de_Rome_III
Universite_de_Rome_Tor_Vergata
Universite_de_Rome_«_La_Sapienza_»
Universite_de_Roskilde
Universite_de_Rostock
Universite_de_Saint-Boniface
Universite_de_Saint-Marin
Universite_de_Saint_Boniface
Universite_de_Saint_Thomas
Universite_de_Sakarya
Universite_de_Salamanque
Universite_de_Salzbourg
Universite_de_San_Carlos
Universite_de_San_Francisco
Universite_de_Santa_Clara
Universite_de_Santiago
Universite_de_Santo_Tomas
Universite_de_Sao_Paulo
Universite_de_Sassari
Universite_de_Seijo
Universite_de_Seikei
Universite_de_Sejong
Universite_de_Siegen
Universite_de_Sienne
Universite_de_Sousse
Universite_de_St._Michael's_College
Universite_de_Stellenbosch
Universite_de_Stockholm
Universite_de_Sydney
Universite_de_Szeged
Universite_de_Tartu
Universite_de_Tasmanie
Universite_de_Teheran
Universite_de_Tel-Aviv
Universite_de_Teramo
Universite_de_Tilburg
Universite_de_Tokyo
Universite_de_Toulouse
Universite_de_Tras-os-Montes_et_Alto_Douro_(football_en_salle)
Universite_de_Trente
Universite_de_Trieste
Universite_de_Trinity_College
Universite_de_Tufts
Universite_de_Tunis
Universite_de_Tunis_-_El_Manar
Universite_de_Turin
Universite_de_Turku
Universite_de_Valladolid
Universite_de_Varsovie
Universite_de_Verone
Universite_de_Vienne
Universite_de_Vilnius
Universite_de_Virginie
Universite_de_Wageningen
Universite_de_Wageningue
Universite_de_Warwick
Universite_de_Winnipeg
Universite_de_Wittenberg
Universite_de_Wroclaw
Universite_de_Wuhan
Universite_de_Wurtzbourg
Universite_de_Zhejiang
Universite_de_cinema_de_Pekin
Universite_de_l'Arkansas
Universite_de_l'Etat-Libre
Universite_de_l'Etat_de_Santa_Catarina
Universite_de_l'Etat_de_l'Ohio
Universite_de_l'Europe_du_Sud-Est
Universite_de_l'Extreme_Sud_de_Santa_Catarina
Universite_de_l'Ile_du_Prince-Edouard
Universite_de_l'Illinois
Universite_de_l'Illinois_a_Springfield
Universite_de_l'Illinois_a_Urbana-Champaign
Universite_de_l'Insubrie
Universite_de_l'Invisible
Universite_de_l'Ocean_Indien
Universite_de_l'Ouest_(Timisoara)
Universite_de_l'Ouest_Vasile_Goldis
Universite_de_l'Ouest_de_Santa_Catarina
Universite_de_l'Ouest_de_l'Angleterre
Universite_de_la_Basilicate
Universite_de_la_Calabre
Universite_de_la_Colombie-Britannique
Universite_de_la_Colombie-Britannique_Okanagan
Universite_de_la_Colombie-Britannique_Vancouver
Universite_de_la_Mode
Universite_de_la_Molise
Universite_de_la_Nouvelle-Caledonie
Universite_de_la_Polynesie_francaise
Universite_de_la_Tuscia
Universite_de_la_Vallee_d'Aoste
Universite_de_la_vallee_de_l'Itajai
Universite_de_likasi
Universite_de_medecine_et_pharmacie_(Cluj-Napoca)
Universite_de_medecine_et_pharmacie_(Craiova)
Universite_de_medecine_et_pharmacie_Carol_Davila
Universite_de_medecine_et_pharmacie_Grigore_T._Popa
Universite_de_medecine_et_pharmacie_Victor_Babes
Universite_de_medecine_et_pharmacie_de_Targu_Mures
Universite_de_pharmacie_et_medicine_d'Ho-Chi-Minh-Ville
Universite_de_saint_boniface
Universite_de_sciences_agronomiques_et_de_medecine_veterinaire_(Bucarest)
Universite_de_sciences_appliquees_de_Darmstadt
Universite_de_sciences_appliquees_de_Munich
Universite_de_sciences_economiques_de_Varna
Universite_de_technologie
Universite_de_technologie_de_Belfort-Montbeliard
Universite_de_technologie_de_Chine
Universite_de_technologie_de_Chine_meridionale
Universite_de_technologie_de_Compiegne
Universite_de_technologie_de_Delft
Universite_de_technologie_de_Lulea
Universite_de_technologie_de_Troyes
Universite_de_technologie_sino-europeenne_de_l'universite_de_Shanghai
Universite_de_tous_les_savoirs
Universite_des_Arts
Universite_des_Montagnes
Universite_des_Mutants
Universite_des_Nations_unies
Universite_des_Philippines
Universite_des_Philippines,_Diliman
Universite_des_Sciences_et_Technologies_de_la_Chine_de_l'Est
Universite_des_arts_Georges_Enesco
Universite_des_arts_islamiques_de_Tabriz
Universite_des_beaux-arts_d’Ho-Chi-Minh-Ville
Universite_des_sciences_agricoles_du_Banat
Universite_des_sciences_agricoles_et_de_la_medecine_veterinaire_(Cluj-Napoca)
Universite_des_sciences_agricoles_et_de_la_medecine_veterinaire_Ion_Ionescu_de_la_Brad
Universite_du_7_Novembre_a_Carthage
Universite_du_Bosphore
Universite_du_Caire
Universite_du_Cap
Universite_du_Colorado
Universite_du_Colorado_de_Boulder
Universite_du_Havre
Universite_du_Kansas
Universite_du_Luxembourg
Universite_du_Manitoba
Universite_du_Maryland
Universite_du_Middlesex
Universite_du_Minnesota
Universite_du_Minnesota_-_Morris_(UMM)
Universite_du_Nebraska
Universite_du_New_Hampshire
Universite_du_Nord_(Baia_Mare)
Universite_du_Nouveau-Brunswick
Universite_du_Pacifique
Universite_du_Pacifique_Sud
Universite_du_Pays_basque
Universite_du_Pays_de_Galles
Universite_du_Pays_de_Galles_a_Aberystwyth
Universite_du_Piemont_oriental_“Amedeo-Avogadro?
Universite_du_Piree
Universite_du_Qatar
Universite_du_Quebec_a_Rimouski
Universite_du_Quebec_en_Abitibi-Temiscamingue
Universite_du_Queensland
Universite_du_Sannio
Universite_du_Sud-Est
Universite_du_Sud_de_Santa_Catarina
Universite_du_Tohoku
Universite_du_Wisconsin
Universite_du_Wisconsin-Eau_Claire
Universite_du_Wisconsin-Milwaukee
Universite_du_Witwatersrand
Universite_du_Wyoming
Universite_du_Zimbabwe
Universite_d’economie_d’Athenes
Universite_d’ingenerie_d’Etat_d’Armenie
Universite_egeenne
Universite_en_France
Universite_europeenne_Viadrina
Universite_europeenne_de_Bretagne
Universite_federale_de_Rio_de_Janeiro
Universite_federale_de_Santa_Catarina
Universite_federale_du_Minas_Gerais
Universite_federale_du_Parana
Universite_federale_du_Rio_Grande_do_Sul
Universite_francaise_d'Egypte
Universite_francaise_du_Pacifique
Universite_franco-allemande
Universite_hebraique_de_Jerusalem
Universite_interdisciplinaire_de_Paris
Universite_internationale_du_multimedia
Universite_internationale_libanaise
Universite_ionienne
Universite_libanaise
Universite_libre_d'Amsterdam
Universite_libre_de_Bolzano
Universite_libre_de_Kigali
Universite_libre_de_Tunis
Universite_marocaine
Universite_metropolitaine_de_Tokyo
Universite_nationale_agraire_La_Molina
Universite_nationale_capodistrienne_d’Athenes
Universite_nationale_d'art_(Bucarest)
Universite_nationale_d'art_theatral_et_cinematographique_Ion_Luca_Caragiale
Universite_nationale_d'economie_de_Kharkiv
Universite_nationale_de_Kharkiv
Universite_nationale_de_Kiev-Mohyla-Academie
Universite_nationale_de_Kiev_de_construction_et_d'architecture
Universite_nationale_de_San_Marcos
Universite_nationale_de_la_Colombie
Universite_nationale_de_musique_(Bucarest)
Universite_nationale_du_Rwanda
Universite_nationale_du_Zaire
Universite_nationale_d’Ho-Chi-Minh-Ville
Universite_nationale_polytechnique_de_L'viv
Universite_normale_de_Nankin
Universite_pedagogique_nationale
Universite_petrole-gaz_(Ploiesti)
Universite_polytechnique_d'Ho-Chi-Minh-Ville
Universite_polytechnique_des_Marches
Universite_polytechnique_nationale_d'Athenes
Universite_pontificale
Universite_pontificale_Saint-Thomas-d'Aquin
Universite_pontificale_Urbaniana
Universite_pontificale_catholique_de_Valparaiso
Universite_pontificale_catholique_du_Chili
Universite_pontificale_de_la_Sainte-Croix
Universite_pontificale_du_Latran
Universite_pontificale_gregorienne
Universite_populaire
Universite_populaire_a_Montreal
Universite_populaire_de_Caen
Universite_populaire_de_Grenoble
Universite_populaire_de_Lyon
Universite_pour_etrangers_de_Perouse
Universite_pour_etrangers_de_Sienne
Universite_privee_de_Sousse
Universite_protestante_du_Congo
Universite_roumaine_de_sciences_et_arts_Gheorghe_Cristea
Universite_roumano-americaine_(Bucarest)
Universite_syrienne
Universite_technique
Universite_technique_(Cluj-Napoca)
Universite_technique_Gh._Asachi
Universite_technique_d'ingenieurs_civils_(Bucarest)
Universite_technique_de_Crete
Universite_technique_de_Prague
Universite_technique_de_Vienne
Universite_technique_du_Moyen-Orient
Universite_technique_d’Istanbul
Universite_transnationale_du_Limbourg
Universite_virtuelle_de_Tunis
Universite_Ştefan_cel_Mare
Universite_“Campus_bio-medical?
Universiteit_Antwerpen
Universiteit_Gent
Universiteit_Hasselt
Universiteit_Twente
Universiteit_Utrecht
Universiteit_van_Amsterdam
Universites_au_Cameroun
Universites_au_Liban
Universites_au_Perou
Universites_au_Royaume-Uni
Universites_au_Viet_Nam
Universites_aux_Etats-Unis
Universites_d'arts_liberaux
Universites_de_Hongrie
Universites_d’ete_euromediterraneennes_des_homosexualites
Universites_en_Algerie
Universites_en_Allemagne
Universites_en_Pologne
Universites_en_Suisse
Universites_en_Tchequie
Universites_italiennes
Universitet_Vitebsk
Universitet_Yugra_Surgut
Universitetet_i_Oslo
Universitetssykehus
Universiti_Malaya
Universiti_Malaysia_Sabah
Universiti_Putra_Malaysia
Universiti_Teknologi_MARA
Universities'_Mission_to_Central_Africa
Universities_Research_Association
Universities_Space_Research_Association
University-Mount_Wellington
University-Mount_Wellington_Association_Football_Club
University-National_Oceanographic_Laboratory_System
University_(Mississippi)
University_Apartments
University_Athletic_Association
University_Avenue
University_Avenue_(Toronto)
University_Bible_Fellowship
University_Challenge
University_Challenge_2018–19
University_Challenge_2019
University_Church_of_St_Mary_the_Virgin
University_City
University_City_(Missouri)
University_City_(Philadelphie)
University_Club_Tower
University_College
University_College,_London
University_College_(Dublin)
University_College_(Oxford)
University_College_(Universite_de_Toronto)
University_College_(Université_de_Toronto)
University_College_Cork
University_College_Cork_RFC
University_College_Cork_Rugby_Football_Club
University_College_Dublin
University_College_Dublin_Association_Football_Club
University_College_Dublin_RFC
University_College_Dublin_Rugby_Football_Club
University_College_Dublin_Waves_Football_Club
University_College_Hospital
University_College_Hospital,_Ibadan
University_College_London
University_College_Maastricht
University_College_Utrecht
University_College_de_Dublin
University_College_de_Londres
University_College_of_Cork
University_College_of_Dublin
University_College_of_London
University_College_of_the_North
University_Corporation_for_Atmospheric_Research
University_District
University_Estate
University_FC
University_Football_Club
University_Games
University_Grants_Commission_(India)
University_Hall_(université_de_Hong_Kong)
University_Heights
University_Heights_(Iowa)
University_Heights_(Ohio)
University_Heights_(homonymie)
University_Heights_Bridge
University_Hill_Secondary_School
University_Hospital
University_House
University_Marine_Biological_Station_Millport
University_Of_New_Mexico
University_Park
University_Park_(Illinois)
University_Park_(Iowa)
University_Park_(Los_Angeles)
University_Park_(Texas)
University_Park_Beaver_Stadium
University_Place
University_Press_of_America
University_Press_of_Kansas
University_Press_of_Kentucky
University_Press_of_Mississippi
University_Press_of_Mississippi_(édition)
University_Rutgers
University_Stadium
University_Stadium_(Winnipeg)
University_Township
University_Village
University_and_College_Union
University_at_Buffalo
University_at_Buffalo,_The_State_University_of_New_York
University_club_of_Chicago
University_college_(université_de_toronto)
University_corporation_for_atmospheric_research
University_for_Development_Studies
University_of_Aberdeen
University_of_Adelaide
University_of_Akron_Concert
University_of_Al_Karaouine
University_of_Alabama
University_of_Alabama_Press
University_of_Alabama_in_Huntsville
University_of_Alaska_Anchorage
University_of_Alaska_Fairbanks
University_of_Alaska_Southeast
University_of_Alberta
University_of_Applied_Sciences_Fulda
University_of_Arizona
University_of_Arizona_Press
University_of_Arkansas
University_of_Arkansas_at_Little_Rock
University_of_Arkansas_at_Pine_Bluff
University_of_Arusha
University_of_Asmara
University_of_Ballarat
University_of_Bath
University_of_Birmingham
University_of_Bolton_Stadium
University_of_Bonn
University_of_Botswana
University_of_Bristol
University_of_British_Columbia
University_of_Buea
University_of_Burao
University_of_Calabar
University_of_Calgary
University_of_California
University_of_California,_Berkeley
University_of_California,_Davis
University_of_California,_Irvine
University_of_California,_Los_Angeles
University_of_California,_San_Diego
University_of_California_Press
University_of_California_at_Berkeley
University_of_California_at_Irvine
University_of_California_at_Los_Angeles
University_of_Cambridge
University_of_Canterbury
University_of_Cape_Coast
University_of_Central_Arkansas
University_of_Central_Florida
University_of_Central_Lancashire
University_of_Charleston
University_of_Chicago
University_of_Chicago_Laboratory_Schools
University_of_Chicago_Law_School
University_of_Chicago_Press
University_of_Chichester
University_of_Cincinnati
University_of_Colorado_Colorado_Springs
University_of_Colorado_Denver
University_of_Colorado_at_Boulder
University_of_Columbia
University_of_Connecticut
University_of_Dar_es_Salaam
University_of_Dayton
University_of_Dayton_Arena
University_of_Delaware
University_of_Delhi
University_of_Denver
University_of_Detroit_Jesuit_High_School_and_Academy
University_of_Detroit_Mercy
University_of_Detroit_Stadium
University_of_Dodoma
University_of_Dublin
University_of_Dublin,_Trinity_College
University_of_Dubuque
University_of_Dundee
University_of_East_Anglia
University_of_East_London
University_of_Edinburgh
University_of_Edinburgh_Business_School
University_of_Edinburgh_Management_School_and_Economics
University_of_Edinburgh_Medical_School
University_of_Edinburgh_School_of_Informatics
University_of_Education,_Winneba
University_of_Energy_and_Natural_Resources
University_of_Essex
University_of_Evansville
University_of_Exeter_Press
University_of_Florida
University_of_Georgia
University_of_Gezira
University_of_Ghana
University_of_Glasgow
University_of_Goroka
University_of_Great_Falls
University_of_Greenwich
University_of_Guelph
University_of_Hartford
University_of_Hawai'i_Press
University_of_Hawai`i_System
University_of_Hawaii
University_of_Hawaii_Press
University_of_Hawaii_at_Hilo
University_of_Hawaiʻi_at_Hilo
University_of_Hawaiʻi_at_M?noa
University_of_Hildesheim
University_of_Houston
University_of_Hull
University_of_Ibadan
University_of_Idaho
University_of_Illinois
University_of_Illinois,_Urbana-Champaign
University_of_Illinois_Press
University_of_Illinois_at_Chicago
University_of_Illinois_at_Springfield
University_of_Illinois_at_Urbana-Champaign
University_of_Illinois_at_Urbana_Champaign
University_of_Illinois_at_Urbana–Champaign
University_of_Illinois_system
University_of_International_Business_and_Economics
University_of_Iowa
University_of_Jos
University_of_Kansas
University_of_Kansas_Memorial_Stadium
University_of_Kentucky
University_of_Kentucky_Soccer_Complex
University_of_Kerala
University_of_Kordofan
University_of_KwaZulu-Natal
University_of_Lagos
University_of_Leeds
University_of_Leicester
University_of_Leicester_Botanic_Garden
University_of_Lethbridge
University_of_Liberia
University_of_Limerick
University_of_Limerick_Bohemian_Rugby_Football_Club
University_of_Limerick_Vikings
University_of_Lincoln
University_of_London
University_of_London_Institute_in_Paris
University_of_Louisiana_at_Lafayette
University_of_Louisiana_at_Monroe
University_of_Louisville
University_of_Lusaka
University_of_Madras
University_of_Maine_System
University_of_Manchester
University_of_Manitoba
University_of_Maryland
University_of_Maryland,_College_Park
University_of_Massachusetts
University_of_Massachusetts_Amherst
University_of_Massachusetts_Press
University_of_Mauritius
University_of_Melbourne
University_of_Memphis
University_of_Miami
University_of_Miami_Convocation_Center
University_of_Michigan
University_of_Michigan_Press
University_of_Mines_and_Technology
University_of_Minnesota
University_of_Minnesota_Duluth
University_of_Minnesota_Press
University_of_Minnesota_Twin_Cities
University_of_Mississippi
University_of_Missouri
University_of_Missouri-Columbia
University_of_Missouri-Kansas_City
University_of_Missouri_-_Columbia
University_of_Missouri–Columbia
University_of_Missouri–Kansas_City
University_of_Mobile
University_of_Montana
University_of_Montana-Missoula
University_of_Montana_Western
University_of_Mount_Union
University_of_Mumbai
University_of_Münster
University_of_Namibia
University_of_Nebraska
University_of_Nebraska_Press
University_of_Nebraska_at_Omaha
University_of_Nevada,_Las_Vegas
University_of_Nevada,_Reno
University_of_Nevada_Las_Vegas
University_of_New_Hampshire
University_of_New_Haven
University_of_New_Mexico
University_of_New_South_Wales
University_of_New_South_Wales_Press
University_of_New_Zealand
University_of_Newcastle_upon_Tyne
University_of_Nigeria,_Nsukka
University_of_North_Carolina
University_of_North_Carolina_Press
University_of_North_Carolina_Wilmington
University_of_North_Carolina_at_Chapel_Hill
University_of_North_Carolina_at_Charlotte
University_of_North_Carolina_at_Greensboro
University_of_North_Carolina_at_Greensboro_Soccer_Stadium
University_of_North_Dakota
University_of_North_Florida
University_of_North_London
University_of_North_Texas
University_of_North_Texas_Health_Science_Center_at_Fort_Worth
University_of_North_florida
University_of_Northampton
University_of_Northern_British_Columbia
University_of_Northern_Colorado
University_of_Northern_Iowa
University_of_Notre-Dame
University_of_Notre_Dame
University_of_Notre_Dame_Australia
University_of_Notre_Dame_Press
University_of_Notre_Dame_du_Lac
University_of_Nottingham
University_of_Nowhere
University_of_Oklahoma
University_of_Oklahoma_Press
University_of_Oregon
University_of_Ottawa
University_of_Ottawa_Press
University_of_Oxford
University_of_Oxford_Botanic_Garden
University_of_Papua_New_Guinea
University_of_Pennsylvania
University_of_Pennsylvania_Museum_of_Archaeology_and_Anthropology
University_of_Pennsylvania_Press
University_of_Peradeniya
University_of_Phoenix
University_of_Phoenix_Stadium
University_of_Pikeville
University_of_Pittsburgh
University_of_Pittsburgh_School_of_Law
University_of_Port_Harcourt
University_of_Portland
University_of_Portsmouth
University_of_Pretoria
University_of_Prince_Edward_Island
University_of_Puget_Sound
University_of_Pune
University_of_Queensland
University_of_Queensland_Rugby_Club
University_of_Reading
University_of_Redlands
University_of_Regina
University_of_Rhode_Island
University_of_Rochester
University_of_Rutgers
University_of_Rwanda
University_of_San_Diego
University_of_San_Francisco
University_of_Saskatchewan
University_of_Science_and_Technology_of_China
University_of_Sheffield
University_of_Somalia
University_of_South_Africa
University_of_South_Australia
University_of_South_Carolina
University_of_South_Carolina_Press
University_of_South_Dakota
University_of_South_Florida
University_of_South_florida
University_of_Southampton
University_of_Southern_California
University_of_Southern_Indiana
University_of_Southern_Somalia
University_of_St_Andrews
University_of_Stanford
University_of_Stellenbosch
University_of_Strathclyde
University_of_Sussex
University_of_Swaziland
University_of_Sydney
University_of_Tartu_Press
University_of_Tasmania
University_of_Tennessee
University_of_Tennessee_Space_Institute
University_of_Tennessee_at_Chattanooga
University_of_Tennessee_at_Martin
University_of_Texas
University_of_Texas_MD_Anderson_Cancer_Center
University_of_Texas_Press
University_of_Texas_Southwestern_Medical_Center_at_Dallas
University_of_Texas_Southwestern_Medical_School
University_of_Texas_at_Austin
University_of_Texas_at_El_Paso
University_of_Texas_at_San_Antonio
University_of_Tokyo_Press
University_of_Toronto
University_of_Toronto_Electronic_Computer
University_of_Toronto_Press
University_of_Tulsa
University_of_Ulsan
University_of_Utah
University_of_Venda
University_of_Vermont
University_of_Victoria
University_of_Virginia
University_of_Virginia_Japanese_Text_Initiative
University_of_Wales
University_of_Wales,_Aberystwyth
University_of_Warwick
University_of_Washington
University_of_Washington_Press
University_of_Waterloo
University_of_Western_Australia
University_of_Western_Ontario
University_of_Western_Sydney
University_of_Westminster
University_of_Westminster_Press
University_of_Wisconsin
University_of_Wisconsin-Green_Bay
University_of_Wisconsin-Madison
University_of_Wisconsin-Milwaukee
University_of_Wisconsin-Parkside
University_of_Wisconsin-River_Falls
University_of_Wisconsin-Stevens_Point
University_of_Wisconsin-Superior
University_of_Wisconsin_Arboretum
University_of_Wisconsin_Center-Richland
University_of_Wisconsin_Press
University_of_Wisconsin_at_Madison
University_of_Wisconsin–Baraboo
University_of_Wisconsin–Eau_Claire
University_of_Wisconsin–Green_Bay
University_of_Wisconsin–La_Crosse
University_of_Wisconsin–Madison
University_of_Wisconsin–Manitowoc
University_of_Wisconsin–Marshfield
University_of_Wisconsin–Milwaukee
University_of_Wisconsin–Oshkosh
University_of_Wisconsin–Parkside
University_of_Wisconsin–Platteville
University_of_Wisconsin–Richland
University_of_Wisconsin–River_Falls
University_of_Wisconsin–Stevens_Point
University_of_Wisconsin–Stout
University_of_Wisconsin–Superior
University_of_Wisconsin–Waukesha
University_of_Wisconsin–Whitewater
University_of_Wollongong
University_of_Wyoming
University_of_Yale
University_of_Zambia
University_of_al-Jazirah
University_of_chicago_press
University_of_edinburgh_management_school_and_economics
University_of_edinburgh_school_of_informatics
University_of_london_institute_in_paris
University_of_pennsylvania_museum_of_archaeology_and_anthropology
University_of_phoenix_stadium
University_of_queensland_rugby_club
University_of_the_Arts
University_of_the_District_of_Columbia
University_of_the_Free_State
University_of_the_Highlands_and_Islands
University_of_the_Incarnate_Word
University_of_the_Pacific
University_of_the_Philippines
University_of_the_Philippines_Diliman
University_of_the_Sciences_in_Philadelphia
University_of_the_South_Pacific
University_of_the_Southern_Caribbean
University_of_the_West_Indies
University_of_the_West_of_England
University_of_the_West_of_Scotland
University_of_the_Western_Cape
University_of_the_Witwatersrand
University_of_the_sciences_in_philadelphia
University—Rosedale
University—Rosedale_(circonscription_provinciale)
UniversitÃ©_de_technologie_de_Belfort_Montbéliard
Università
Università_Bocconi
Università_Degli_Studi_di_Torino
Università_Iuav_di_Venezia
Università_Luigi_Bocconi
Università_degli_Studi_Guglielmo_Marconi
Università_degli_Studi_Niccolò_Cusano
Università_degli_Studi_della_Campania_Luigi_Vanvitelli
Università_degli_Studi_della_Tuscia
Università_degli_Studi_di_Bologna
Università_degli_Studi_di_Firenze
Università_degli_Studi_di_Milano
Università_degli_Studi_di_Napoli_"L'Orientale"
Università_degli_studi_di_Bologna
Università_degli_studi_di_Padova
Università_della_Svizzera_italiana
Università_di_Ancona
Università_di_Corsica_Pasquale_Paoli
Università_di_Lecce
Università_di_Modena_e_Reggio
Università_di_Pisa
Università_di_Scienze_Gastronomiche
Università_di_Torino
Universität_(métro_de_Munich)
Universität_Bielefeld
Universität_Bremen
Universität_Freiburg_im_Breisgau
Universität_Hamburg
Universität_Koblenz-Landau
Universität_Konstanz
Universität_Potsdam
Universität_St._Gallen
Universität_Stuttgart
Universität_der_Bundeswehr_München
Universität_der_Künste_Berlin
Universität_der_künste_berlin
Universität_für_angewandte_Kunst_Wien
Universität_zu_Köln
Universitäts-Sternwarte_Wien
Universitäts-_und_Stadtbibliothek_Köln
Universitätsbibliothek_Johann_Christian_Senckenberg
Universitätsmamsellen
Universitätsstrasse
Université
Université-Paul-Sabatier
Université-Paul-Sabatier_(métro_de_Toulouse)
Université-Ribay
Université-de-Montréal
Université-de-Montréal_(métro_de_Montréal)
Université_"Ca'_Foscari"_de_Venise
Université_"La_Sapienza"
Université_"La_Sapienza"_de_Rome
Université_"Marta_Abreu"_de_Las_Villas
Université_(France)
Université_(nouvelle)
Université_1_Decembrie_1918
Université_1_decembrie_1918
Université_A&M_du_Texas
Université_Aalto
Université_Aalto_(métro_d'Helsinki)
Université_Abant_İzzet_Baysal
Université_Abbès_Laghrour_de_Khenchela
Université_Abbé_Oliva_CEU
Université_Abdelhafid_Boussouf,_Mila
Université_Abdelhafid_Boussouf_-_Mila
Université_Abdelmalek_Essaadi
Université_Abdelmalek_Essaâdi
Université_Abderrahmane_Mira
Université_Abderrahmane_Mira_de_Béjaïa
Université_Abdou-Moumouni
Université_Abdou_Moumouni
Université_Abdullah-Gül
Université_Abdullah_Gül
Université_Aberta
Université_Abou_Bekr_Belkaid_Tlemcen
Université_Acadia
Université_Adam-Mickiewicz
Université_Adam-Mickiewicz_de_Poznań
Université_Adam_Barka_d'Abéché
Université_Adam_Mickiewicz
Université_Adam_Mickiewicz_de_Poznań
Université_Adelphi
Université_Adolfo_Ibáñez
Université_Agostinho_Neto
Université_Ahmadu_Bello
Université_Ain-Shams
Université_Ain_Shams
Université_Aix-Marseille
Université_Aix-Marseille_3_Paul-Cézanne
Université_Aix-Marseille_I
Université_Aix-Marseille_II
Université_Aix-Marseille_III
Université_Ajou
Université_Akdeniz
Université_Al-Akhawayne
Université_Al-Aqsa
Université_Al-Azhar
Université_Al-Baath
Université_Al-Karaouine
Université_Al-Mustafa_International
Université_Al-Qods
Université_Al_Akhawayn
Université_Al_Quaraouiyine
Université_Alassane-Ouattara
Université_Alassane_Ouattara
Université_Albert_Ludwig
Université_Albertina
Université_Alexandre-Jean-Cuza_de_Iași
Université_Alexandre_d'Helsinki
Université_Alexandru_Ioan_Cuza
Université_Alexandru_Ioan_Cuza_Iaşi
Université_Alexandru_Ioan_Cuza_de_Iaşi
Université_Alexandru_Ioan_Cuza_de_Iași
Université_Alger_1
Université_Alger_2
Université_Alger_3
Université_Alioune_Diop_de_Bambey
Université_Allameh_Tabataba'i
Université_Allameh_Tabatabaei
Université_Alma
Université_Alpha
Université_Amadou_Hampaté_Bâ
Université_Ambrose_Alli
Université_Américaine_de_Beyrouth
Université_Anadolu
Université_Andina_Simón_Bolivar_(Équateur)
Université_Andina_Simón_Bolívar
Université_Andrews
Université_Angelicum
Université_Anglia_Ruskin
Université_Antilles-Guyane
Université_Antilles_Guyane
Université_Antioch
Université_Antioch_Midwest
Université_Antonio_Nariño
Université_Antonio_de_Nebrija
Université_Aoyama_Gakuin
Université_Apollonia
Université_Apollonia_(Iaşi)
Université_Apollonia_Iaşi
Université_Aristote_de_Salonique
Université_Aristote_de_Thessalonique
Université_Arturo-Prat
Université_Arturo_Prat
Université_Asbury
Université_Ashesi
Université_Ashford
Université_Assane-Seck_de_Ziguinchor
Université_Assane_Seck_Ziguinchor
Université_Aston
Université_Atatürk
Université_Ateneo_de_Manila
Université_Athabasca
Université_Atlantique
Université_Aurore
Université_Autonome_Nuevo_León
Université_Autonome_Tomás_Frías
Université_Autonome_de_Barcelone
Université_Autonome_de_Madrid
Université_Autonome_de_Nuevo_León
Université_Autonome_de_San_Luis_Potosí
Université_Ave_Maria
Université_Azad_de_Damavand
Université_Babasaheb_Bhimrao_Ambedkar
Université_Babcock
Université_Babes-Bolyai
Université_Babes-Bolyai_de_Cluj-Napoca
Université_Babeş-Bolyai
Université_Babeș-Bolyai
Université_Bachir_El_Ibrahimi_de_Bordj_Bou_Arreridj
Université_Badji_Mokhtar_-_Annaba
Université_Badji_Mokhtar_d'Annaba
Université_Baker
Université_Baldwin_Wallace
Université_Ball_State
Université_Bar-Ilan
Université_Bar_Ilan
Université_Basque_d'Eté
Université_Batna_1
Université_Batna_2
Université_Baylor
Université_Beihang
Université_Bellarmine
Université_Belmont
Université_Ben-Gourion_du_Néguev
Université_Ben_Gourion
Université_Ben_Gourion_du_Néguev
Université_Bentley
Université_Berkeley
Université_Bethel_(Minnesota)
Université_Bethune-Cookman
Université_Beykent
Université_Bilgi
Université_Bilgi_d'Istanbul
Université_Bilkent
Université_Bioterra
Université_Bioterra_(Bucarest)
Université_Bir_Zeit
Université_Birzeit
Université_Bishop
Université_Bishop's
Université_Bishops
Université_Blaise-Pascal
Université_Blaise_Pascal
Université_Blaise_Pascal_(Clermont-Ferrand)
Université_Blaise_Pascal_Clermont-Ferrand
Université_Blida_1
Université_Blida_2
Université_Bob_Jones
Université_Bocconi
Université_Bolyai
Université_Bond
Université_Bordeaux-I
Université_Bordeaux-II
Université_Bordeaux-III
Université_Bordeaux-II_Victor_Segalen
Université_Bordeaux-IV
Université_Bordeaux-Montaigne
Université_Bordeaux_1
Université_Bordeaux_2
Université_Bordeaux_3
Université_Bordeaux_4
Université_Bordeaux_I
Université_Bordeaux_II
Université_Bordeaux_III
Université_Bordeaux_IV
Université_Bordeaux_Montaigne
Université_Bordeaux_Segalen
Université_Bordj_Bou-Arréridj
Université_Bouddhique_Européenne
Université_Bourgogne_-_Franche-Comté
Université_Bowen
Université_Bowie_State
Université_Bradley
Université_Brandeis
Université_Brandéis
Université_Brescia
Université_Bretagne-Loire
Université_Bretagne-Sud
Université_Bretagne_Loire
Université_Bretagne_Sud
Université_Brigham-Young
Université_Brigham_Young
Université_Broadview
Université_Brock
Université_Brown
Université_Brunel
Université_Bryant
Université_Bucknell
Université_Bugema
Université_Bukky?
Université_Bundeswehr_de_Munich
Université_Bunri_de_Tokushima
Université_Butler
Université_CEU_Cardinal_Herrera
Université_CEU_San_Pablo
Université_Ca'_Foscari_de_Venise
Université_Cadi_Ayyad
Université_Caen-Normandie
Université_Caen_Normandie
Université_Cambridge
Université_Canadienne_du_Niger
Université_Canterbury_Christ_Church
Université_Caraïbe
Université_Cardinal_Malula
Université_Carl_von_Ossietzky_d'Oldenbourg
Université_Carleton
Université_Carlo-Cattaneo
Université_Carlo_Cattaneo
Université_Carlos_III
Université_Carlos_III_de_Madrid
Université_Carnegie-Mellon
Université_Carnegie_Mellon
Université_Carroll
Université_Case_Western_Reserve
Université_Casimir-le-Grand
Université_Casimir-le-Grand_de_Bydgoszcz
Université_Casimir_Le_Grand
Université_Casimir_Le_Grand_de_Bydgoszcz
Université_Catholique
Université_Catholique_Pontificale_du_Pérou
Université_Catholique_d'Amérique
Université_Catholique_de_Bukavu
Université_Catholique_de_Lille
Université_Catholique_de_Louvain
Université_Catholique_de_Louvain-la-Neuve
Université_Catholique_de_Lublin
Université_Catholique_de_Lyon
Université_Catholique_de_Petrópolis
Université_Catholique_de_Ružomberok
Université_Catholique_de_l'Ouest
Université_Catholique_de_l’Ouest
Université_Catholique_d’Amérique
Université_Cenderawasih
Université_Central_de_Venezuela
Université_Centrale_(Colombie)
Université_Centrale_Philippine
Université_Centrale_Privée_de_Tunis
Université_Centrale_de_Madrid
Université_Centrale_des_Philippines
Université_Centrale_du_Chili
Université_Centrale_du_Venezuela
Université_Centrale_privée
Université_Cergy_Paris
Université_Chahid_Behechti
Université_Chaminade_d'Honolulu
Université_Champollion
Université_Chaopraya
Université_Chapman
Université_Charles
Université_Charles-Darwin
Université_Charles-III_de_Madrid
Université_Charles-Sturt
Université_Charles-de-Gaulle
Université_Charles-de-Gaulle_-_Lille_3
Université_Charles-de-Gaulle_Lille-III
Université_Charles_Darwin
Université_Charles_III
Université_Charles_Sturt
Université_Charles_de_Prague
Université_Cheikh-Anta-Diop
Université_Cheikh_Anta_Diop
Université_Cheyney_de_Pennsylvanie
Université_Chine_Drogue
Université_Chinoise_de_Hong_Kong
Université_Chosun
Université_Chouaib_Doukkali
Université_Christian_Albrecht_de_Kiel
Université_Christopher_Newport
Université_Chukyo
Université_Chulalongkorn
Université_Chuo
Université_Chu?
Université_Chûô
Université_Chūbu
Université_Chūky?
Université_Chū?
Université_Cisneriana
Université_Clark
Université_Clarke
Université_Clarkson
Université_Claude-Bernard-Lyon-1
Université_Claude-Bernard-Lyon-I
Université_Claude-Bernard_Lyon_1
Université_Claude_Bernard
Université_Claude_Bernard_(Lyon_I)
Université_Claude_Bernard_Lyon_1
Université_Claude_Bernard_Lyon_I
Université_Clemson
Université_Clermont-Auvergne
Université_Clermont-Ferrand
Université_Clermont-Ferrand-I
Université_Clermont-Ferrand-II
Université_Clermont-Ferrand_I
Université_Clermont-Ferrand_II
Université_Clermont_Auvergne
Université_Club_de_l'Ariana
Université_Cnam_Liban
Université_Colgate
Université_Columbia
Université_Comenius
Université_Comenius_de_Bratislava
Université_Comenius_à_Bratislava
Université_Complutense
Université_Complutense_de_Madrid
Université_Coménius
Université_Concord
Université_Concordia
Université_Concordia_(Alabama)
Université_Concordia_(Californie)
Université_Concordia_(Michigan)
Université_Concordia_(Minnesota)
Université_Concordia_(Nebraska)
Université_Concordia_(New_York)
Université_Concordia_(Oregon)
Université_Concordia_(Texas)
Université_Concordia_(Wisconsin)
Université_Concordia_de_Chicago
Université_Constantin_Brâncoveanu
Université_Constantin_Brâncuşi
Université_Constantin_Brâncuși
Université_Constantine_1
Université_Copperstone
Université_Cornell
Université_Cornerstone
Université_Corvinus_de_Budapest
Université_Crandall
Université_Creighton
Université_Cumberland
Université_Curtin
Université_Cuttington
Université_César-Vallejo
Université_César_Vallejo
Université_Côte-d'Azur
Université_Côte_d'Azur
Université_Dakar-Bourguiba
Université_Dakar_Bourguiba
Université_Dalhousie
Université_Dan_Dicko_Dankoulodo_de_Maradi
