San_José_de_los_Remates
San_José_del_Cabo
San_José_del_Fragua
San_José_del_Golfo
San_José_del_Guaviare
San_José_del_Palmar
San_José_del_Potrero
San_José_del_Sur
San_José_del_Valle
San_Juan
San_Juan,_Puerto_Rico
San_Juan_(Abra)
San_Juan_(Argentine)
San_Juan_(Batangas)
San_Juan_(Bergara)
San_Juan_(Capitale)
San_Juan_(Caracas)
San_Juan_(Grand_Manille)
San_Juan_(Igorre)
San_Juan_(Ilocos_Sur)
San_Juan_(Intibucá)
San_Juan_(Jeu)
San_Juan_(La_Paz)
San_Juan_(La_Union)
San_Juan_(Leyte_du_Sud)
San_Juan_(Muskiz)
San_Juan_(Porto_Rico)
San_Juan_(Siquijor)
San_Juan_(Sucre)
San_Juan_(Texas)
San_Juan_(Trinité-et-Tobago)
San_Juan_(Ubide)
San_Juan_(jeu)
San_Juan_(paroisse_civile_de_Mérida)
San_Juan_(province)
San_Juan_(province_argentine)
San_Juan_(rivière)
San_Juan_Atitán
San_Juan_Basin
San_Juan_Bautista
San_Juan_Bautista_(Californie)
San_Juan_Bautista_(Paraguay)
San_Juan_Bautista_(Venezuela)
San_Juan_Bautista_(navire)
San_Juan_Bautista_(paroisse_civile)
San_Juan_Bautista_Tuxtepec
San_Juan_Bautista_de_Banos
San_Juan_Bautista_de_Baños
San_Juan_Betulia
San_Juan_Bosco_(canton)
San_Juan_Cancuc
San_Juan_Capistrano
San_Juan_Capistrano_(Californie)
San_Juan_Chamelco
San_Juan_Chamula
San_Juan_Comalapa
San_Juan_Cotzal
San_Juan_Despí
San_Juan_Ermita
San_Juan_Gate
San_Juan_Guarita
San_Juan_Hill
San_Juan_Island
San_Juan_Islands_National_Monument
San_Juan_Ixcoy
San_Juan_Jabloteh
San_Juan_Juquila_Mixes
San_Juan_Mountains
San_Juan_National_Forest
San_Juan_National_Historic_Site
San_Juan_Nepomuceno
San_Juan_Nepomuceno_(Bolívar)
San_Juan_Nepumuceno
San_Juan_Nonualco
San_Juan_Parangaricutiro
San_Juan_River
San_Juan_Sacatepéquez
San_Juan_Sari_Nagusia
San_Juan_Skyway
San_Juan_Soconusco
San_Juan_Stadium
San_Juan_Talpa
San_Juan_Tecuaco
San_Juan_Teitipac
San_Juan_Tepezontes
San_Juan_Teposcolula
San_Juan_de_Alicante
San_Juan_de_Arama
San_Juan_de_Aznalfarache
San_Juan_de_Betulia
San_Juan_de_Capistrano_(municipalité)
San_Juan_de_Colón
San_Juan_de_Flores
San_Juan_de_Gaztelugatxe
San_Juan_de_Gredos
San_Juan_de_Guanaguanare
San_Juan_de_Letrán_(métro_de_Mexico)
San_Juan_de_Limay
San_Juan_de_Los_Morros
San_Juan_de_Los_Morros_(Venezuela)
San_Juan_de_Los_Morros_(paroisse_civile)
San_Juan_de_Manapiare
San_Juan_de_Marcona
San_Juan_de_Nepomuceno_(Bolívar)
San_Juan_de_Nicaragua
San_Juan_de_Opoa
San_Juan_de_Oriente
San_Juan_de_Ortega
San_Juan_de_Pasto
San_Juan_de_Payara
San_Juan_de_Plan
San_Juan_de_Puruname
San_Juan_de_Regales
San_Juan_de_Rioseco
San_Juan_de_Sagua
San_Juan_de_Santa_Bárbara
San_Juan_de_Sicilia
San_Juan_de_Ulua
San_Juan_de_Ulúa
San_Juan_de_Urabá
San_Juan_de_la_Costa
San_Juan_de_la_Encinilla
San_Juan_de_la_Maguana
San_Juan_de_la_Nava
San_Juan_de_la_Rambla
San_Juan_de_las_Galdonas_(paroisse_civile)
San_Juan_de_los_Cayos
San_Juan_de_los_Cayos_(Venezuela)
San_Juan_de_los_Cayos_(paroisse_civile)
San_Juan_de_los_Lagos
San_Juan_de_los_Morros
San_Juan_de_Énova
San_Juan_del_Cesar
San_Juan_del_Molinillo
San_Juan_del_Monte
San_Juan_del_Norte
San_Juan_del_Olmo
San_Juan_del_Puerto
San_Juan_del_Rompeolas
San_Juan_del_Río_Coco
San_Juan_del_Sur
San_Juan_y_Martínez
San_Juanito
San_Juanito_Escobedo
San_Juanito_de_Escobedo
San_Judas_Tadeo
San_Julian
San_Julian_(Jalisco)
San_Julian_(Philippines)
San_Julian_(Samar_oriental)
San_Julian_de_Cela
San_Julian_de_Muskiz
San_Julian_de_los_Prados
San_Julián
San_Julián_(Jalisco)
San_Julián_(Séville)
San_Julián_de_Basa
San_Julián_de_Cela
San_Julián_de_los_Prados
San_Justo
San_Justo_(Buenos_Aires)
San_Justo_(Espagne)
San_Justo_(Santa_Fe)
San_Justo_Desvern
San_Justo_de_la_Vega
San_Kamphaeng
San_Kristobal_(Busturia)
San_Ku_Kai
San_Ku_Kaï
San_La_Muerte
San_Lawrenz
San_Lazaro_de_l'_Arménie
San_Lazzaro
San_Lazzaro_degli_Armeni
San_Lazzaro_di_Savena
San_Leandro
San_Leanna
San_Leo
San_Leonardo
San_Leonardo_(Nueva_Ecija)
San_Leonardo_(homonymie)
San_Leonardo_(métro_de_Milan)
San_Leonardo_da_Porto_Maurizio_ad_Acilia_(titre_cardinalice)
San_Leonardo_de_Yagüe
San_Leonardo_in_Passiria
San_Leone
San_Leone_I_(titre_cardinalice)
San_Leucio
San_Leucio_(Caserte)
San_Leucio_del_Sannio
San_Liberale
San_Liborio_(titre_cardinalice)
San_Lino_(titre_cardinalice)
San_Lio
San_Llorente
San_Lorentzo_(Ermua)
San_Lorenzello
San_Lorenzo
San_Lorenzo_(Arcidosso)
San_Lorenzo_(Basse-Californie)
San_Lorenzo_(Boaco)
San_Lorenzo_(Californie)
San_Lorenzo_(Florence)
San_Lorenzo_(Italie)
San_Lorenzo_(Mexique)
San_Lorenzo_(Naples)
San_Lorenzo_(Nariño)
San_Lorenzo_(Paraguay)
San_Lorenzo_(Philippines)
San_Lorenzo_(Porto_Rico)
San_Lorenzo_(Puerto_Rico)
San_Lorenzo_(Salvador)
San_Lorenzo_(Santa_Fe)
San_Lorenzo_(Séville)
San_Lorenzo_(Valle)
San_Lorenzo_(Veracruz)
San_Lorenzo_(canton)
San_Lorenzo_(district)
San_Lorenzo_(galéasse_napolitaine)
San_Lorenzo_(métro_de_Madrid)
San_Lorenzo_(paroisse_civile)
San_Lorenzo_(île_du_Mexique)
San_Lorenzo_Bellizzi
San_Lorenzo_Dorsino
San_Lorenzo_Isontino
San_Lorenzo_Maggiore
San_Lorenzo_Maggiore_(Naples)
San_Lorenzo_Nuovo
San_Lorenzo_Ruiz
San_Lorenzo_al_Mare
San_Lorenzo_da_Brindisi
San_Lorenzo_de_Almagro
San_Lorenzo_de_Calatrava
San_Lorenzo_de_El_Escorial
San_Lorenzo_de_Hortons
San_Lorenzo_de_Tarapacá
San_Lorenzo_de_Tiznados
San_Lorenzo_de_Tormes
San_Lorenzo_de_la_Muga
San_Lorenzo_de_la_Parrilla
San_Lorenzo_de_la_Parrilla_(Cuenca)
San_Lorenzo_de_los_Negros
San_Lorenzo_del_Escorial
San_Lorenzo_del_Vallo
San_Lorenzo_di_Sebato
San_Lorenzo_in_Banale
San_Lorenzo_in_Campo
San_Lorenzo_in_Damaso_(titre_cardinalice)
San_Lorenzo_in_Lucina_(titre_cardinalice)
San_Lorenzo_in_Palatio_et_Sancta_Sanctorum
San_Lorenzo_in_Panisperna_(titre_cardinalice)
San_Lorenzo_in_Piscibus_(titre_cardinalice)
San_Luca
San_Luca_a_Via_Prenestina_(titre_cardinalice)
San_Lucan_xeric_scrub
San_Lucas
San_Lucas_(Chiapas)
San_Lucas_(El_Paraíso)
San_Lucas_(Michoacán)
San_Lucas_(Nicaragua)
San_Lucas_Sacatepéquez
San_Lucas_Tolimán
San_Lucido
San_Luigi_Grignion_de_Montfort_(titre_cardinalice)
San_Luis
San_Luis_(Agusan_del_Sur)
San_Luis_(Ancash)
San_Luis_(Antioquia)
San_Luis_(Argentine)
San_Luis_(Arizona)
San_Luis_(Aurora)
San_Luis_(Batangas)
San_Luis_(Bolívar)
San_Luis_(Carlos_Fermín_Fitzcarrald)
San_Luis_(Colorado)
San_Luis_(Comayagua)
San_Luis_(Menorca)
San_Luis_(Pampanga)
San_Luis_(Pinar_del_Río)
San_Luis_(Pérou)
San_Luis_(Santa_Bárbara)
San_Luis_(Santiago_de_Cuba)
San_Luis_(Tolima)
San_Luis_(Uruguay)
San_Luis_(Valera)
San_Luis_(Venezuela)
San_Luis_(district)
San_Luis_(province)
San_Luis_(province_argentine)
San_Luis_(île_du_Mexique)
San_Luis_F.C.
San_Luis_FC
San_Luis_Jilotepeque
San_Luis_La_Herradura
San_Luis_Obispo
San_Luis_Obispo_(Californie)
San_Luis_Peak
San_Luis_Potosi
San_Luis_Potosí
San_Luis_Potosí_(État)
San_Luis_Reservoir
San_Luis_Rio_Colorado
San_Luis_Río_Colorado
San_Luis_Somos_Todos
San_Luis_Talpa
San_Luis_al_Medio
San_Luis_de_Gaceno
San_Luis_de_Palenque
San_Luis_de_la_Loma
San_Luis_de_la_Paz
San_Luis_del_Palmar_(Corrientes)
San_Lupo
San_Lázaro
San_Lázaro_(Paraguay)
San_Lázaro_(métro_de_Mexico)
San_Mamede
San_Mamede_de_Carnota
San_Mamede_do_Camiño
San_Mamés
San_Mamés_(2013)
San_Mamés_(Zierbena)
San_Mamés_(métro_de_Bilbao)
San_Mamés_Barria
San_Mamés_de_Burgos
San_Mamés_de_Campos
San_Mango_Piemonte
San_Mango_d'Aquino
San_Mango_sul_Calore
San_Manuel
San_Manuel_(Cortés)
San_Manuel_(Isabela)
San_Manuel_(Pangasinan)
San_Manuel_(Tarlac)
San_Manuel_Chaparrón
San_Manuel_Colohete
San_Mao
San_Mao,_le_petit_vagabond
San_Mao_(lianhuanhua)
San_Marcelino
San_Marcellino
San_Marcello
San_Marcello_(titre_cardinalice)
San_Marcello_Pistoiese
San_Marcello_Piteglio
San_Marcello_al_Corso
San_Marco
San_Marco_(Jacksonville)
San_Marco_(Sestiere_de_Venise)
San_Marco_(Venise)
San_Marco_(jeu)
San_Marco_(marine_italienne)
San_Marco_(titre_cardinalice)
San_Marco_1
San_Marco_Argentano
San_Marco_Evangelista
San_Marco_ai_Monti
San_Marco_d'Alunzio
San_Marco_de_Sierra
San_Marco_dei_Cavoti
San_Marco_in_Agro_Laurentino_(titre_cardinalice)
San_Marco_in_Boccalama
San_Marco_in_Lamis
San_Marco_la_Catola
San_Marcos
San_Marcos,_California
San_Marcos_(Californie)
San_Marcos_(Carazo)
San_Marcos_(Guatemala)
San_Marcos_(Guerrero)
San_Marcos_(Jalisco)
San_Marcos_(La_Corogne)
San_Marcos_(Nicaragua)
San_Marcos_(Ocotepeque)
San_Marcos_(Salvador)
San_Marcos_(Santa_Bárbara)
San_Marcos_(Sucre)
San_Marcos_(Texas)
San_Marcos_(île_du_Mexique)
San_Marcos_La_Laguna
San_Marcos_de_Caiquín
San_Marcos_de_Colón
San_Mariano
San_Mariano_(Corciano)
San_Marin
San_Marina
San_Marino
San_Marino_(Californie)
San_Marino_Academy
San_Marino_Baseball_Club
San_Marino_Calcio
San_Marino_RTV
San_Martin
San_Martin_(Artea)
San_Martin_(Meta)
San_Martin_(Orozko)
San_Martin_(bande_dessinée)
San_Martin_Hidalgo
San_Martin_de_Bolanos
San_Martin_de_Trevejo
San_Martin_de_Tucuman
San_Martin_de_Unx
San_Martin_de_Valdeiglesias
San_Martin_de_la_Vega
San_Martin_de_la_Virgen_de_Moncayo
San_Martin_de_los_Andes
San_Martin_del_Castanar
San_Martin_del_Rey_Aurelio
San_Martin_del_Rio
San_Martin_txiki
San_Martiniko
San_Martino
San_Martino_(destroyer)
San_Martino_Alfieri
San_Martino_Buon_Albergo
San_Martino_Canavese
San_Martino_Sannita
San_Martino_Siccomario
San_Martino_Spino
San_Martino_Valle_Caudina
San_Martino_al_Tagliamento
San_Martino_d'Agri
San_Martino_dall'Argine
San_Martino_del_Lago
San_Martino_della_Battaglia
San_Martino_di_Colle_Umberto
San_Martino_di_Finita
San_Martino_di_Lota
San_Martino_di_Lupari
San_Martino_di_Taurianova
San_Martino_di_Venezze
San_Martino_in_Badia
San_Martino_in_Passiria
San_Martino_in_Pensilis
San_Martino_in_Rio
San_Martino_in_Strada
San_Martino_sul_Fiora
San_Martino_sulla_Marrucina
San_Martinu_d'Avretu
San_Martiño_do_Real
San_Martín
San_Martín_(Buenos_Aires)
San_Martín_(Cesar)
San_Martín_(Mendoza)
San_Martín_(Meta)
San_Martín_(Salvador)
San_Martín_(San_Luis)
San_Martín_(département)
San_Martín_Hidalgo
San_Martín_Jilotepeque
San_Martín_Proba
San_Martín_Sacatepéquez
San_Martín_Tilcajete
San_Martín_Zapotitlán
San_Martín_de_Bolaños
San_Martín_de_Boniches
San_Martín_de_Hidalgo
San_Martín_de_Loba
San_Martín_de_Los_Andes
San_Martín_de_Montalbán
San_Martín_de_Muñatones
San_Martín_de_Oscos
San_Martín_de_Porres
San_Martín_de_Pusa
San_Martín_de_Rubiales
San_Martín_de_Trevejo
San_Martín_de_Tucumán
San_Martín_de_Unx
San_Martín_de_Valdeiglesias
San_Martín_de_Valderaduey
San_Martín_de_Valvení
San_Martín_de_Zar
San_Martín_de_la_Vega
San_Martín_de_la_Vega_del_Alberche
San_Martín_de_la_Virgen_de_Moncayo
San_Martín_de_las_Pirámides
San_Martín_de_los_Andes
San_Martín_del_Camino
San_Martín_del_Castañar
San_Martín_del_Pimpollar
San_Martín_del_Rey_Aurelio
San_Martín_del_Río
San_Martín_del_Tesorillo
San_Martín_y_Mudrián
San_Martíno_do_Real
San_Martíño_do_Real
San_Marzano_Oliveto
San_Marzano_di_San_Giuseppe
San_Marzano_sul_Sarno
San_Marçal_del_Colomer
San_Massimo
San_Massimo_all'Adige
San_Mateo
San_Mateo_(Anzoátegui)
San_Mateo_(Aragua)
San_Mateo_(Boyacá)
San_Mateo_(Californie)
San_Mateo_(Castellón)
San_Mateo_(Isabela)
San_Mateo_(Rizal)
San_Mateo_(canton)
San_Mateo_(paroisse_civile)
San_Mateo_Atenco
San_Mateo_Ixtatán
San_Mateo_Mexicaltzingo
San_Mateo_Piñas
San_Mateo_RFC
San_Mateo_Rugby_Football_Club
San_Mateo_Xalpa
San_Mateo_de_Gallego
San_Mateo_de_Gállego
San_Mateo_de_Huanchor
San_Matteo_in_Via_Merulana
San_Matteo_in_Via_Merulana_(titre_cardinalice)
San_Matías
San_Maurizio_Canavese
San_Maurizio_d'Opaglio
San_Mauro
San_Mauro_Castelverde
San_Mauro_Cilento
San_Mauro_Forte
San_Mauro_Marchesato
San_Mauro_Pascoli
San_Mauro_Torinese
San_Mauro_di_Saline
San_Mauro_la_Bruca
San_Medel
San_Menaio
San_Michele
San_Michele_(île)
San_Michele_Arcangelo_(titre_cardinalice)
San_Michele_Maggiore
San_Michele_Mondovi
San_Michele_Mondovì
San_Michele_Salentino
San_Michele_al_Tagliamento
San_Michele_all'Adige
San_Michele_d'Orezza
San_Michele_degli_Scalzi
San_Michele_di_Ganzaria
San_Michele_di_Serino
San_Michele_in_Bosco
San_Michele_in_Isola
San_Migel
San_Migel_(Basauri)
San_Migel_(Bermeo)
San_Migel_(Garai)
San_Miguel
San_Miguel_(Alava)
San_Miguel_(Boconó)
San_Miguel_(Bohol)
San_Miguel_(Buenos_Aires)
San_Miguel_(Bulacan)
San_Miguel_(Catanduanes)
San_Miguel_(Chili)
San_Miguel_(Corrientes)
San_Miguel_(Fernando_de_Peñalver)
San_Miguel_(Iloilo)
San_Miguel_(Jiménez)
San_Miguel_(Leyte)
San_Miguel_(Putumayo)
San_Miguel_(Salvador)
San_Miguel_(Santander)
San_Miguel_(Surigao_du_Sud)
San_Miguel_(Urdaneta)
San_Miguel_(Zamboanga_du_Sud)
San_Miguel_(bière)
San_Miguel_(canton)
San_Miguel_(district)
San_Miguel_(district_du_Pérou)
San_Miguel_(métro_de_Santiago)
San_Miguel_(partido)
San_Miguel_(pays_imaginaire)
San_Miguel_(volcan)
San_Miguel_(√?lava)
San_Miguel_Acatán
San_Miguel_Anenecuilco
San_Miguel_Chicaj
San_Miguel_Corporation
San_Miguel_Dueñas
San_Miguel_Island
San_Miguel_Island_Archeological_District
San_Miguel_Ixtahuacán
San_Miguel_Panán
San_Miguel_Petapa
San_Miguel_Sigüilá
San_Miguel_Tepezontes
San_Miguel_Topilejo
San_Miguel_Totocuitlapilco
San_Miguel_de_Abona
San_Miguel_de_Aguayo
San_Miguel_de_Allende
San_Miguel_de_Balansat
San_Miguel_de_Bernuy
San_Miguel_de_Corneja
San_Miguel_de_Cozumel
San_Miguel_de_Escalada
San_Miguel_de_Foces
San_Miguel_de_Guadalupe
San_Miguel_de_Gualdape
San_Miguel_de_La_Palma
San_Miguel_de_Lillo
San_Miguel_de_Linares
San_Miguel_de_Los_Bancos_(canton)
San_Miguel_de_Marcón
San_Miguel_de_Mayumo
San_Miguel_de_Salinas
San_Miguel_de_Sema
San_Miguel_de_Serrezuela
San_Miguel_de_Tucuman
San_Miguel_de_Tucumán
San_Miguel_de_Urcuquí_(canton)
San_Miguel_de_Valero
San_Miguel_de_Velasco
San_Miguel_de_la_Ribera
San_Miguel_de_los_Bancos
San_Miguel_del_Arroyo
San_Miguel_del_Camino
San_Miguel_del_Cinca
San_Miguel_del_Monte_(partido)
San_Miguel_del_Padrón
San_Miguel_del_Pino
San_Miguel_del_Puerto
San_Miguel_del_Robledo
San_Miguel_del_Valle
San_Miguelito
San_Miguelito_(Francisco_Morazán)
San_Miguelito_(Intibucá)
San_Miguelito_(Nicaragua)
San_Miguelito_(ville)
San_Millan-Donemiliaga
San_Millan_de_la_Cogolla
San_Millán
San_Millán-Donemiliaga
San_Millán_de_Lara
San_Millán_de_Yécora
San_Millán_de_la_Cogolla
San_Millán_de_los_Caballeros
San_Min_Chu-i
San_Miniato
San_Miniato_al_Monte
San_Miniato_di_Pisa
San_Morales
San_Munoz
San_Muñoz
San_Narciso_(Quezon)
San_Narciso_(Zambales)
San_Nazario
San_Nazzaro
San_Nazzaro_(Campanie)
San_Nazzaro_(Italie)
San_Nazzaro_(Tessin)
San_Nazzaro_Sesia
San_Nazzaro_Val_Cavargna
San_Nicandro
San_Nicandro_Garganico
San_Nicasio
San_Niccola_fra_le_Immagini_(titre_cardinalice)
San_Nicola
San_Nicola_Arcella
San_Nicola_Baronia
San_Nicola_Manfredi
San_Nicola_da_Crissa
San_Nicola_dell'Alto
San_Nicola_in_Carcere_(titre_cardinalice)
San_Nicola_la_Strada
San_Nicolao
San_Nicolas
San_Nicolas_(Batangas)
San_Nicolas_(Buenos_Aires)
San_Nicolas_(Ilocos_Norte)
San_Nicolas_(Pangasinan)
San_Nicolas_(partido)
San_Nicolas_De_Los_Garza
San_Nicolas_Island
San_Nicolas_de_Tolentino
San_Nicolas_de_los_Arroyos
San_Nicolas_del_Puerto
San_Nicolo
San_Nicolo_Gerrei
San_Nicolo_d'Arcidano
San_Nicolo_di_Comelico
San_Nicolàs
San_Nicolás
San_Nicolás_(Buenos_Aires)
San_Nicolás_(Chili)
San_Nicolás_(Copán)
San_Nicolás_(Estelí)
San_Nicolás_(Santa_Bárbara)
San_Nicolás_(navire)
San_Nicolás_(partido)
San_Nicolás_de_Bari
San_Nicolás_de_Los_Arroyos
San_Nicolás_de_Tolentino
San_Nicolás_de_los_Arroyos
San_Nicolás_de_los_Garza
San_Nicolás_del_Puerto
San_Nicolás_del_Real_Camino
San_Nicolò
San_Nicolò_Gerrei
San_Nicolò_d'Arcidano
San_Nicolò_dei_Mendicoli
San_Nicolò_di_Comelico
San_Onofre
San_Onofre_(Sucre)
San_Onofre_State_Beach
San_Pablito_(Puebla)
San_Pablo
San_Pablo-Santa_Justa
San_Pablo_(Bolívar)
San_Pablo_(Californie)
San_Pablo_(Chili)
San_Pablo_(Isabela)
San_Pablo_(Juan_Manuel_Cajigal)
San_Pablo_(Laguna)
San_Pablo_(Nariño)
San_Pablo_(Sucre)
San_Pablo_(Venezuela)
San_Pablo_(Zamboanga_du_Sud)
San_Pablo_(canton)
San_Pablo_(jeu_vidéo)
San_Pablo_(métro_de_Santiago)
San_Pablo_-_Santa_Justa
San_Pablo_Burgos
San_Pablo_Jocopilas
San_Pablo_La_Laguna
San_Pablo_Nuevo
San_Pablo_Viejo
San_Pablo_de_Borbur
San_Pablo_de_Tiquina
San_Pablo_de_la_Moraleja
San_Pablo_de_las_Salinas
San_Pablo_de_los_Montes
San_Pablo_del_Monte
San_Paio
San_Pancrazio
San_Pancrazio_Salentino
San_Pancrazio_fuori_le_mura_(titre_cardinalice)
San_Pantalòn
San_Paolo
San_Paolo_(homonymie)
San_Paolo_(îlot)
San_Paolo_Albanese
San_Paolo_Bel_Sito
San_Paolo_Cervo
San_Paolo_IMI
San_Paolo_Solbrito
San_Paolo_alla_Regola
San_Paolo_alla_Regola_(titre_cardinalice)
San_Paolo_alla_Tre_Fontane_(titre_cardinalice)
San_Paolo_d'Argon
San_Paolo_della_Croce_a_Corviale_(titre_cardinalice)
San_Paolo_di_Civitate
San_Paolo_di_Jesi
San_Parteo
San_Pascual
San_Pascual_(Batangas)
San_Pascual_(Masbate)
San_Pascual_(√?vila)
San_Pasqual_Valley
San_Patricio_(Texas)
San_Patricio_del_Chañar
San_Patrignano
San_Patrizio
San_Patrizio_(titre_cardinalice)
San_Pawl_Milqi
San_Pawl_il-Bahar
San_Pawl_il-Baħar
San_Pawl_il-baħar
San_Pe
San_Pedro
San_Pedro_(Antofagasta)
San_Pedro_(Belize)
San_Pedro_(Buenos_Aires)
San_Pedro_(Californie)
San_Pedro_(Caracas)
San_Pedro_(Castille-La_Manche)
San_Pedro_(Chili)
San_Pedro_(Espagne)
San_Pedro_(Jujuy)
San_Pedro_(Laguna)
San_Pedro_(Los_Angeles)
San_Pedro_(Maule)
San_Pedro_(Misiones)
San_Pedro_(Paraguay)
San_Pedro_(Poás)
San_Pedro_(Santiago_del_Estero)
San_Pedro_(Sucre)
San_Pedro_(Sukarrieta)
San_Pedro_(Valle_del_Cauca)
San_Pedro_(cactus)
San_Pedro_(métro_de_Los_Angeles)
San_Pedro_(paroisse_civile)
San_Pedro_(partido)
San_Pedro_(rivière)
San_Pedro_(volcan)
San_Pedro_(volcan_du_Guatemala)
San_Pedro_Abanto
San_Pedro_Ayampuc
San_Pedro_Bay_(Philippines)
San_Pedro_Bercianos
San_Pedro_Cahro
San_Pedro_Carchá
San_Pedro_Claver
San_Pedro_Galdames
San_Pedro_Garza_García_(municipalité)
San_Pedro_Jocopilas
San_Pedro_La_Laguna
San_Pedro_Manrique
San_Pedro_Martir
San_Pedro_Masahuat
San_Pedro_Mártir
San_Pedro_Necta
San_Pedro_Nolasco
San_Pedro_Nonualco
San_Pedro_Nopala
San_Pedro_Palmiches
San_Pedro_Perulapán
San_Pedro_Pinula
San_Pedro_Pochutla
San_Pedro_Puxtla
San_Pedro_Sacatepéquez
San_Pedro_Sacatepéquez_(Guatemala)
San_Pedro_Soloma
San_Pedro_Street_(métro_de_Los_Angeles)
San_Pedro_Sula
San_Pedro_Town
San_Pedro_Zacapa
San_Pedro_de_Alcantara
San_Pedro_de_Alcántara
San_Pedro_de_Atacama
San_Pedro_de_Atacama,_Chili
San_Pedro_de_Buena_Vista
San_Pedro_de_Cartago
San_Pedro_de_Ceque
San_Pedro_de_Coche
San_Pedro_de_Coche_(Venezuela)
San_Pedro_de_Copán
San_Pedro_de_Curahuara
San_Pedro_de_Gaíllos
San_Pedro_de_Huaca_(canton)
San_Pedro_de_Latarce
San_Pedro_de_Lloc
San_Pedro_de_Lóvago
San_Pedro_de_Macoris
San_Pedro_de_Macoris_(province)
San_Pedro_de_Macorís
San_Pedro_de_Macorís_(Province_de_République_dominicaine)
San_Pedro_de_Macorís_(province)
San_Pedro_de_Macorís_(province_de_la_République_dominicaine)
San_Pedro_de_Melipilla
San_Pedro_de_Mérida
San_Pedro_de_Ribas
San_Pedro_de_Rozados
San_Pedro_de_Santa_Bárbara
San_Pedro_de_Tiquina
San_Pedro_de_Tomeza
San_Pedro_de_Trones
San_Pedro_de_Tutule
San_Pedro_de_Urabá
San_Pedro_de_Ycuamandyjú
San_Pedro_de_Ycuamandyyu
San_Pedro_de_Ycuamandyyú
San_Pedro_de_la_Laguna
San_Pedro_de_la_Nave
San_Pedro_de_la_Nave-Almendra
San_Pedro_de_la_Paz
San_Pedro_de_los_Milagros
San_Pedro_de_los_Pinos_(métro_de_Mexico)
San_Pedro_del_Arroyo
San_Pedro_del_Norte
San_Pedro_del_Pinatar
San_Pedro_del_Romeral
San_Pedro_del_Río_(paroisse_civile)
San_Pedro_del_Valle
San_Pedro_del_Ycua_Mandiyu
San_Pedro_del_Ycuamandyyú
San_Pedrone
San_Pelagio
San_Pelaio
San_Pelaio_(Bakio)
San_Pelayo
San_Pelayo_(Colombie)
San_Pelayo_(Córdoba)
San_Pelayo_(Espagne)
San_Pelayo_(homonymie)
San_Pelayo_de_Guareña
San_Pellegrino
San_Pellegrino_Terme
San_Perlita
San_Perrino
San_Petrone
San_Peyre
San_Pier_Damiani_ai_Monti_di_San_Paolo
San_Pier_Damiani_ai_Monti_di_San_Paolo_(titre_cardinalice)
San_Pier_Niceto
San_Pier_d'Isonzo
San_Piero
San_Piero_Patti
San_Piero_a_Grado
San_Piero_a_Sieve
San_Pietro
San_Pietro_(Île)
San_Pietro_Apostolo
San_Pietro_Avellana
San_Pietro_Clarenza
San_Pietro_Infine
San_Pietro_Mosezzo
San_Pietro_Mussolino
San_Pietro_Val_Lemina
San_Pietro_Vernotico
San_Pietro_Viminario
San_Pietro_a_Maida
San_Pietro_a_Majella
San_Pietro_al_Natisone
San_Pietro_al_Tanagro
San_Pietro_di_Cadore
San_Pietro_di_Carida
San_Pietro_di_Caridà
San_Pietro_di_Castello
San_Pietro_di_Feletto
San_Pietro_di_Morubio
San_Pietro_in_Amantea
San_Pietro_in_Cariano
San_Pietro_in_Casale
San_Pietro_in_Cerro
San_Pietro_in_Ciel_d'Oro
San_Pietro_in_Galatina
San_Pietro_in_Gu
San_Pietro_in_Guarano
San_Pietro_in_Lama
San_Pietro_in_Montorio
San_Pietro_in_Montorio_(titre_cardinalice)
San_Pietro_in_Vincoli_(titre_cardinalice)
San_Pietru
San_Pietru_fil-Ktajjen_(Mdina)
San_Pio_V_a_Villa_Carpegna_(titre_cardinalice)
San_Pio_X_alla_Balduina_(titre_cardinalice)
San_Pio_delle_Camere
San_Pol_de_Mar
San_Policarpo
San_Policarpo_(titre_cardinalice)
San_Polo
San_Polo_(Sestiere_de_Venise)
San_Polo_(homonymie)
San_Polo_Matese
San_Polo_d'Enza
San_Polo_dei_Cavalieri
San_Polo_di_Piave
San_Ponso
San_Ponziano_(titre_cardinalice)
San_Possidonio
San_Potito_Sannitico
San_Potito_Ultra
San_Prisco
San_Procopio
San_Proper
San_Prospero
San_Provolo
San_Pédro
San_Quentin
San_Quentin_(film,_1937)
San_Quentin_State_Prison
San_Quilico
San_Quilico_(piève)
San_Quintin
San_Quintin_(Abra)
San_Quintin_(Pangasinan)
San_Quirico
San_Quirico_d'Orcia
San_Quirino
San_Quirze_Safaja
San_Rafael
San_Rafael_(Antioquia)
San_Rafael_(Bulacan)
San_Rafael_(Californie)
San_Rafael_(Chili)
San_Rafael_(Ibiza)
San_Rafael_(Iloilo)
San_Rafael_(Lempira)
San_Rafael_(Mara)
San_Rafael_(Mendoza)
San_Rafael_(Nouveau-Mexique)
San_Rafael_(Rangel)
San_Rafael_(Tucupita)
San_Rafael_(Veracruz)
San_Rafael_(canton)
San_Rafael_La_Independencia
San_Rafael_Las_Flores
San_Rafael_Obrajuelo
San_Rafael_Pacifics
San_Rafael_Petzal
San_Rafael_Pie_de_La_Cuesta
San_Rafael_de_Alcazar
San_Rafael_de_Alcázar
San_Rafael_de_Alcázar_(paroisse_civile)
San_Rafael_de_Atamaica
San_Rafael_de_Atamaica_(paroisse_civile)
San_Rafael_de_Carvajal
San_Rafael_de_Coronado
San_Rafael_de_Laya_(paroisse_civile)
San_Rafael_de_Onoto
San_Rafael_de_Onoto_(Venezuela)
San_Rafael_de_Onoto_(municipalité)
San_Rafael_de_Orituco_(paroisse_civile)
San_Rafael_de_Palo_Alzado_(paroisse_civile)
San_Rafael_de_Velasco
San_Rafael_del_Norte
San_Rafael_del_Piñal
San_Rafael_del_Río
San_Rafael_del_Sur
San_Rafael_–_El_Placer
San_Raffaele_Cimena
San_Ramon
San_Ramon_(Californie)
San_Ramon_(Chili)
San_Ramon_(Matagalpa)
San_Ramon_de_la_Nueva_Oran
San_Ramón
San_Ramón_(Chili)
San_Ramón_(Costa_Rica)
San_Ramón_(Matagalpa)
San_Ramón_(Uruguay)
San_Ramón_(canton)
San_Ramón_(métro_de_Santiago)
San_Ramón_de_la_Nueva_Orán
San_Raymundo
San_Remigio
San_Remigio_(Antique)
San_Remigio_(Cebu)
San_Remo
San_Remo_Apartments
San_Ricardo
San_Roberto
San_Roberto_Bellarmino_(titre_cardinalice)
San_Rocco_al_Porto
San_Roman_(Alava)
San_Roman_(Muxika)
San_Roman_(√?lava)
San_Roman_Saria
San_Roman_de_Campezo
San_Roman_de_los_Montes
San_Romano_Martire_(titre_cardinalice)
San_Romano_in_Garfagnana
San_Román_de_Basa
San_Román_de_Cameros
San_Román_de_Campezo
San_Román_de_Hornija
San_Román_de_San_Millán
San_Román_de_la_Cuba
San_Román_de_los_Montes
San_Roque
San_Roque_(Antioquia)
San_Roque_(Cadix)
San_Roque_(Corrientes)
San_Roque_(Philippines)
San_Roque_(Turtzioz)
San_Roque_de_Riomiera
San_Rosendo
San_Rossore
San_Rufo
San_Saba
San_Saba_(Texas)
San_Saba_(homonymie)
San_Saba_(titre_cardinalice)
San_Sadurniño
San_Salvador
San_Salvador_(Bahamas)
San_Salvador_(Castille-et-León)
San_Salvador_(Entre_Ríos)
San_Salvador_(Paraguay)
San_Salvador_(Salvador)
San_Salvador_(Tif_et_Tondu)
San_Salvador_(volcan)
San_Salvador_F.C.
San_Salvador_FC
San_Salvador_Futbol_Club
San_Salvador_Fútbol_Club
San_Salvador_de_Guardiola
San_Salvador_de_Jujuy
San_Salvador_de_Lérez
San_Salvador_de_Valdedios
San_Salvador_de_Valdediós
San_Salvatore
San_Salvatore_Monferrato
San_Salvatore_Telesino
San_Salvatore_al_Vescovo
San_Salvatore_di_Fitalia
San_Salvatore_in_Lauro_(titre_cardinalice)
San_Salvi
San_Salvo
San_San
San_San_Nweh
San_Saturnino_(titre_cardinalice)
San_Sebastian
San_Sebastian_(Lempira)
San_Sebastian_(Porto_Rico)
San_Sebastian_(Samar)
San_Sebastian_d'Uraba
San_Sebastian_de_Garabandal
San_Sebastian_de_la_Gomera
San_Sebastian_de_los_Reyes
San_Sebastian_del_Oeste
San_Sebastiano
San_Sebastiano_Curone
San_Sebastiano_al_Palatino_(titre_cardinalice)
San_Sebastiano_al_Vesuvio
San_Sebastiano_alle_Catacombe_(titre_cardinalice)
San_Sebastiano_da_Po
San_Sebastien
San_Sebastián
San_Sebastián_(Cauca)
San_Sebastián_(Comayagua)
San_Sebastián_(Guatemala)
San_Sebastián_(Guipúzcoa)
San_Sebastián_(Porto_Rico)
San_Sebastián_(Puerto_Rico)
San_Sebastián_(municipalité)
San_Sebastián_(paroisse_civile)
San_Sebastián_Coatán
San_Sebastián_Film_Festival
San_Sebastián_Gipuzkoa_BC
San_Sebastián_Gipuzkoa_Basket_Club
San_Sebastián_Huehuetenango
San_Sebastián_International_Film_Festival
San_Sebastián_Teitipac
San_Sebastián_de_Buenavista
San_Sebastián_de_Garabandal
San_Sebastián_de_La_Gomera
San_Sebastián_de_Mariquita
San_Sebastián_de_Urabá
San_Sebastián_de_Yalí
San_Sebastián_de_la_Gomera
San_Sebastián_de_los_Ballesteros
San_Sebastián_de_los_Reyes
San_Sebastián_de_los_Reyes_(Venezuela)
San_Sebastián_del_Oeste
San_Secondo
San_Secondo_(Città_di_Castello)
San_Secondo_(île)
San_Secondo_Parmense
San_Secondo_di_Pinerolo
San_Serriffe
San_Servolo
San_Severino
San_Severino_Lucano
San_Severino_Marche
San_Severo
San_Shenron
San_Sicario
San_Silverio
San_Silvestre
San_Silvestre_(homonymie)
San_Silvestre_(paroisse_civile)
San_Silvestre_Vallecana
San_Silvestre_de_Guzmán
San_Silvestro_al_Quirinale
San_Silvestro_in_Capite_(titre_cardinalice)
San_Simeon
San_Simeon_(Californie)
San_Simeone_Profeta_(titre_cardinalice)
San_Simon
San_Simon_(Pampanga)
San_Simon_(Philippines)
San_Simón
San_Simón_(Venezuela)
San_Simón_(paroisse_civile)
San_Simón_de_Cocuy
San_Simón_de_Guerrero
San_Siro
San_Siro_(Giuseppe_Meazza)
San_Siro_(Guiseppe_Meazza)
San_Siro_(homonymie)
San_Siro_(quartier_de_Milan)
San_Sisto_(titre_cardinalice)
San_Sossio_Baronia
San_Sostene
San_Sosti
San_Sou_Pap
San_Sperate
San_Stefano
San_Stefano_Grand_Plaza
San_Stino_di_Livenza
San_Tammaro
San_Telmo
San_Telmo_(Buenos_Aires)
San_Telmo_(navire)
San_Teodoro
San_Teodoro_(Messine)
San_Teodoro_(Philippines)
San_Teodoro_(Sassari)
San_Teodoro_(titre_cardinalice)
San_Theodoros
San_Thome
San_Thomé
San_Théodoros
San_Timoteo
San_Timoteo_(Venezuela)
San_Timoteo_(paroisse_civile)
San_Timoteo_(titre_cardinalice)
San_Tirso_de_Abres
San_Tomas_(Vitoria-Gasteiz)
San_Tomaso_Agordino
San_Tommaso_Apostolo_(titre_cardinalice)
San_Tommaso_in_Parione_(titre_cardinalice)
San_Torcuato
San_Trifone_(titre_cardinalice)
San_Tropez
San_Valentino
San_Valentino_Torio
San_Valentino_in_Abruzzo_Citeriore
San_Venanzo
San_Vendemiano
San_Vero_Milis
San_Vicente
San_Vicente_(Antioquia)
San_Vicente_(Camarines_Norte)
San_Vicente_(Ilocos_Sur)
San_Vicente_(Maturín)
San_Vicente_(Misiones)
San_Vicente_(Muñoz)
San_Vicente_(Palawan)
San_Vicente_(Salvador)
San_Vicente_(Samar_du_Nord)
San_Vicente_(Séville)
San_Vicente_(Uruguay)
San_Vicente_(canton)
San_Vicente_(partido)
San_Vicente_(volcan)
San_Vicente_(Équateur)
San_Vicente_CFF
San_Vicente_Centenario
San_Vicente_Pacaya
San_Vicente_Xiloxochitla
San_Vicente_de_Alcantara
San_Vicente_de_Alcántara
San_Vicente_de_Arana
San_Vicente_de_Arévalo
San_Vicente_de_Cañete
San_Vicente_de_Chucurí
San_Vicente_de_Montalt
San_Vicente_de_Moravia
San_Vicente_de_Tagua_Tagua
San_Vicente_de_la_Barquera
San_Vicente_de_la_Cabeza
San_Vicente_de_la_Sonsierra
San_Vicente_del_Caguán
San_Vicente_del_Mar
San_Vicente_del_Palacio
San_Vicente_del_Raspeig
San_Vicente_del_Valle
San_Vicentejo
San_Vigilio
San_Vigilio_(titre_cardinalice)
San_Vigilio_di_Marebbe
San_Vincenzo
San_Vincenzo_(homonymie)
San_Vincenzo_La_Costa
San_Vincenzo_Valle_Roveto
San_Vitaliano
San_Vitaliano_da_Capua
San_Vitaliano_di_Osimo
San_Vitero
San_Vito
San_Vito_(homonymie)
San_Vito_Chietino
San_Vito_Lo_Capo
San_Vito_Romano
San_Vito_al_Tagliamento
San_Vito_al_Torre
San_Vito_dei_Normanni
San_Vito_di_Cadore
San_Vito_di_Fagagna
San_Vito_di_Leguzzano
San_Vito_sullo_Ionio
San_Vittore
San_Vittore_Olona
San_Vittore_alle_Chiuse
San_Vittore_del_Lazio
San_Vittorino
San_Xil
San_Xing_Long
San_Xoán_de_Río
San_Xulián_do_Camiño
San_Yago
San_Yan
San_Ysidro
San_Ysidro_(Californie)
San_Ysidro_(San_Diego)
San_Yu
San_Zaccaria
San_Zanipolo
San_Zeno
San_Zeno_Maggiore
San_Zeno_Naviglio
San_Zeno_di_Montagna
San_Zenone_al_Lambro
San_Zenone_al_Po
San_Zenone_degli_Ezzelini
San_Zenón
San_Zi_Jing
San_Zulian
San_andres_(île)
San_andres_de_giles_(partido)
San_andrés_et_providencia
San_antoni_de_portmany
San_antonio_-_Sale_temps_pour_les_mouches
San_antonio_de_areco_(partido)
San_antonio_de_benagéber
San_antonio_de_caroní
San_antonio_de_las_minas
San_antonio_de_los_cobres
San_antonio_de_padua
San_antonio_del_sur
San_bao
San_bartolo_(site_maya)
San_bartolomeo_al_mare
San_bartolomeo_in_galdo
San_bartolomé_de_tirajana
San_benedetto_dei_marsi
San_benedetto_del_tronto
San_benedetto_in_perillis
San_biagio_della_cima
San_biagio_di_callalta
San_carlos_(canton)
San_carlos_de_bariloche
San_casciano_dei_bagni
San_casciano_in_val_di_pesa
San_cayetano_(partido)
San_cesario_di_lecce
San_cesario_sul_panaro
San_colombano_al_lambro
San_cristóbal_(province)
San_cristóbal_de_la_barranca
San_cristóbal_de_las_casas
San_da
San_damiano_al_colle
San_daniele_del_friuli
San_demetrio_ne'_vestini
San_diego
San_diego-coronado_bridge
San_donato_di_lecce
San_donato_di_ninea
San_donato_val_di_comino
San_donà_di_piave
San_dorligo_della_valle
San_felice_a_cancello
San_felice_del_benaco
San_felice_del_molise
San_felice_sul_panaro
San_felipe_del_progreso
San_ferdinando_di_puglia
San_fermin
San_fermo_della_battaglia
San_fernando_(partido)
San_fernando_(trinité-et-tobago)
San_fernando_de_apure
San_fernando_de_monte_cristi
San_fernando_del_valle_de_catamarca
San_filippo_del_mela
San_floriano_del_collio
San_francesco_al_campo
San_francisco_(film)
San_francisco_(volcan)
San_francisco_de_cuapa
San_francisco_de_macorís
San_francisco_museum_of_modern_art
San_francisco_seals_(baseball)
San_francisco_war_memorial_and_performing_arts_center
San_gabriel
San_gen_shugi
San_genesio_ed_uniti
San_germano_dei_berici
San_giacomo_degli_schiavoni
San_giacomo_delle_segnate
San_giorgio_a_cremano
San_giorgio_a_liri
San_giorgio_del_sannio
San_giorgio_della_richinvelda
San_giorgio_delle_pertiche
San_giorgio_di_lomellina
San_giorgio_di_mantova
San_giorgio_di_nogaro
San_giorgio_di_pesaro
San_giorgio_di_piano
San_giorgio_in_bosco
San_giorgio_su_legnano
San_giorio_di_susa
San_giovanni_a_piro
San_giovanni_al_natisone
San_giovanni_del_dosso
San_giovanni_di_gerace
San_giovanni_in_croce
San_giovanni_in_fiore
San_giovanni_in_galdo
San_giovanni_in_marignano
San_giovanni_in_persiceto
San_giovanni_la_punta
San_girolamo_della_carità
San_giuliano_del_sannio
San_giuliano_di_puglia
San_gregorio_da_sassola
San_gregorio_di_catania
San_gregorio_nelle_alpi
San_guo_sha
San_ignacio_de_velasco
San_isidro_(district)
San_isidro_(partido)
San_jacinto_(croiseur)
San_jacinto_(porte-avions)
San_joaquin_(fleuve)
San_joaquin_valley_railroad_company
San_jose_de_suaita
San_josé_(département)
San_josé_(province)
San_josé_(volcan)
San_josé_de_chiquitos
San_josé_de_jáchal
San_josé_de_mayo
San_josé_de_ocoa_(province)
San_josé_del_guaviare
San_juan_(jeu)
San_juan_(province)
San_juan_(province_argentine)
San_juan_bautista_(navire)
San_juan_bautista_de_baños
San_juan_de_la_rambla
San_juan_de_los_lagos
San_juan_de_pasto
San_juan_de_ulúa
San_juan_del_puerto
San_julián_de_cela
San_julián_de_los_prados
San_lazzaro_degli_armeni
San_lazzaro_di_savena
San_leonardo_in_passiria
San_leucio_del_sannio
San_lorenzo_al_mare
San_lorenzo_de_la_parrilla
San_lorenzo_de_la_parrilla_(cuenca)
San_lorenzo_del_vallo
San_lorenzo_di_sebato
San_lorenzo_in_banale
San_lorenzo_in_campo
San_luis_(province_argentine)
San_luis_de_palenque
San_mango_sul_calore
San_marco_(jeu)
San_marco_dei_cavoti
San_marco_in_lamis
San_marco_la_catola
San_martin_txiki
San_martino_al_tagliamento
San_martino_del_lago
San_martino_di_finita
San_martino_di_lupari
San_martino_di_venezze
San_martino_in_badia
San_martino_in_passiria
San_martino_in_pensilis
San_martino_in_rio
San_martino_in_strada
San_martino_sulla_marrucina
San_martín_de_bolaños
San_martín_de_los_andes
San_martín_de_unx
San_martín_del_castañar
San_martín_del_rey_aurelio
San_marzano_di_san_giuseppe
San_marzano_sul_sarno
San_mateo_de_gállego
San_mateo_de_huanchor
San_mauro_di_saline
San_mauro_la_bruca
San_michele_al_tagliamento
San_michele_di_ganzaria
San_michele_di_serino
San_miguel_(partido)
San_miguel_de_abona
San_miguel_de_escalada
San_miguel_de_foces
San_miguel_de_lillo
San_miguel_de_tucumán
San_miguel_de_valero
San_millán-donemiliaga
San_millán_de_la_cogolla
San_miniato_al_monte
San_nicola_da_crissa
San_nicola_la_strada
San_nicolás_(partido)
San_nicolás_de_los_arroyos
San_nicolás_de_tolentino
San_nicolò_di_comelico
San_ou_(La_Rivière)
San_paolo_di_civitate
San_paolo_di_jesi
San_pawl_il-baħar
San_pedro_(cactus)
San_pedro_(partido)
San_pedro_de_atacama
San_pedro_de_la_laguna
San_pedro_de_la_nave
San_pedro_de_macorís
San_pedro_de_macorís_(province)
San_pedro_de_ycuamandyyú
San_pedro_del_pinatar
San_petrone
San_piero_a_sieve
San_pietro_a_maida
San_pietro_al_natisone
San_pietro_al_tanagro
San_pietro_di_cadore
San_pietro_di_caridà
San_pietro_di_feletto
San_pietro_di_morubio
San_pietro_in_amantea
San_pietro_in_cariano
San_pietro_in_casale
San_pietro_in_cerro
San_pietro_in_gu
San_pietro_in_guarano
San_pietro_in_lama
San_pio_delle_camere
San_polo_(sestiere_de_venise)
San_polo_dei_cavalieri
San_polo_di_piave
San_qing
San_ramón_de_la_nueva_orán
San_rocco_al_porto
San_romano_in_garfagnana
San_román_de_los_montes
San_salvador_de_jujuy
San_salvador_de_valdediós
San_salvatore_di_fitalia
San_sebastiano_al_vesuvio
San_sebastiano_da_po
San_sebastián_de_la_gomera
San_sebastián_del_oeste
San_secondo_di_pinerolo
San_sou_pap
San_valentino_in_abruzzo_citeriore
San_vicente_(partido)
San_vicente_de_la_barquera
San_vito_al_tagliamento
San_vito_al_torre
San_vito_dei_normanni
San_vito_di_cadore
San_vito_di_fagagna
San_vito_di_leguzzano
San_vito_sullo_ionio
San_vittore_del_lazio
San_wa
San_yiquan
San_zeno_di_montagna
San_zenone_al_lambro
San_zenone_al_po
San_zenone_degli_ezzelini
San_√?ngel
San_Ġiljan
San_Ġwann
Sana
Sana'a
Sana'a_International_Airport
Sana'i
Sana-gawa
Sana_(Agence_de_presse)
Sana_(Burkina_Faso)
Sana_(Haute-Garonne)
Sana_(Mali)
Sana_(actrice)
Sana_(agence_de_presse)
Sana_(chanteuse)
Sana_(haute-garonne)
Sana_(riviere)
Sana_(rivière)
Sana_Anarkulova
Sana_Ben_Achour
Sana_Bob
Sana_Bukas_pa_ang_Kahapon
Sana_Daoudi
Sana_Elsherbiny
Sana_Fakhar
Sana_Hassainia
Sana_Jarlagassova
Sana_Kassous
Sana_Khyadali
Sana_Mehaydli
Sana_Mersni
Sana_Minatozaki
Sana_Mouziane
Sana_Na_N'Hada
Sana_Nawaz
Sana_Saeed
Sana_Souissi
Sana_Takeda
Sanaa
Sanaa_Akroud
Sanaa_Alaoui
Sanaa_Altama
Sanaa_Atabrour
Sanaa_Benhama
Sanaa_El_Mahalli
Sanaa_Gamil
Sanaa_Hamri
Sanaa_Lathan
Sanaa_Shalan
Sanaag
Sanaaiella
Sanaaq
Sanaba
Sanaba_(departement)
Sanaba_(département)
Sanaba_Kaba
Sanabarès_de_Parthie
Sanabelle
Sanabil_Al-Aqsa_Charitable_Foundation
Sanabria
Sanac
Sanad
Sanad_Al_Warfali
Sanada_Jū_Yūshi_(jeu_vidéo)
Sanada_Masayuki
Sanada_Nobutsuna
Sanada_Nobuyuki
Sanada_Yukimura
Sanada_Yukimura_no_b≈?ryaku
Sanada_Yukitaka
Sanader
Sanadon
Sanadrian
Sanadroug_Ier
Sanae_Agalmam
Sanae_Baïza
Sanae_Jonouchi
Sanae_Jounouchi
Sanae_J≈?nouchi
Sanae_Kobayashi
Sanae_Mishima
Sanae_Nakasawa
Sanae_Takaichi
Sanae_Takasugi
Sanae_Yamamoto
Sanafir
Sanaga
Sanaga-Maritime
Sanaga-maritime
Sanagawa
Sanag≈?chi
Sanahin
Sanahin_(Lorri)
Sanahuja
Sanahujas
Sanai
Sanai_(Népal)
Sanai_Hachimoto
Sanai_Hashimoto
Sanair_Super_Speedway
Sanakadougou
Sanakht
Sanakuy
Sanal_Edamaruku
Sanam_Chaudhry
Sanam_Holding
Sanam_Khatabi
Sanam_Khatibi
Sanam_Luang
Sanam_Re
Sanam_holding
Sanama_Agoume
Sanan_Siouguirov
Sanan_Sjugirov
Sanana
Sanananda
Sananas
Sananda_Maitreya
Sanandadj
Sanandaj
Sanando
Sananduva
Sanang-Setchen
Sanankoro_Djitoumou
Sanankoroba
Sanantonabat
Sanaoubar_(Marrakech)
Sanapaná
Sanarate
Sanare
Sanarica
Sanary
Sanary-sur-Mer
Sanary-sur-mer
Sanary_sur_Mer_(Var)
Sanaré
Sanasar_Oganisyan
Sanat_KUMARA
Sanat_Kumara
Sanat_Naft
Sanatana_dharma
Sanath_Jayasuriya
Sanatoga_(Pennsylvanie)
Sanatorium
Sanatorium_(hôtel)
Sanatorium_Hof_Ten_Bos
Sanatorium_Hof_Ten_Bosch
Sanatorium_Lindenhof_de_Coswig
Sanatorium_Martel_de_Janville
Sanatorium_Prince_Charles
Sanatorium_Schloss_Tegel,_clinique_psychanalytique
Sanatorium_Tama_Zensh≈?en
Sanatorium_Under_the_Sign_of_the_Hourglass_:_a_tribute_to_Bruno_Schultz
Sanatorium_d'Aincourt
Sanatorium_d'Alsemberg
Sanatorium_d'Hyvinkää
Sanatorium_de_Borgoumont
Sanatorium_de_Béthanie
Sanatorium_de_Goriatchinsk
Sanatorium_de_Krafft-Ebing
Sanatorium_de_Lac-Édouard
Sanatorium_de_Nummela
Sanatorium_de_Paimio
Sanatorium_de_Takaharju
Sanatorium_de_Tizi_Ouzou
Sanatorium_de_Waverly_Hills
Sanatorium_de_paimio
Sanatorium_des_etudiants_de_France
Sanatorium_des_étudiants_de_France
Sanatorium_des_étudiants_de_france
Sanatorium_du_Vexin
Sanatorium_du_lac_Édouard
Sanatorium_d’Aincourt
Sanatorium_martel_de_janville
Sanatoriums
Sanatoriums_du_plateau_d'Assy
Sanatrocès_II_de_Parthie
Sanatrocès_Ier_de_Parthie
Sanatrouk_Ier
Sanatruk_II
Sanatruk_Ier
Sanaullah_Zehri
Sanavardo_Samtredia
Sanavus
Sanawan
Sanawbar_(Marrakech)
Sanay
Sanaya_Irani
Sanaya_irani
Sanayi
Sanayi_(Pendik)
Sanayi_(métro_d'Izmir)
Sanaï
Sanaüja
Sanba
Sanba-Peulh
Sanba_(Burkina_Faso)
Sanba_(instrument)
Sanballat
Sanballât_le_Horonite
Sanbantone
Sanbao
Sanbar
Sanbi
Sanbo_Kyodan
Sanborn
Sanborn_(Dakota_du_Nord)
Sanborn_(Iowa)
Sanborn_Hermanos
Sanborn_Tenney
Sanborns
Sanbornton
Sanbsin
Sanbsin-Peulh
Sanbutsu-ji
Sanb≈?-in
Sanb≈?_Ky≈?dan
Sancai
Sancai_Tuhui
Sancaktepe
Sancarlone
Sance
Sancedo
Sancellemoz
Sancergues
Sancerre
Sancerre_(AOC)
Sancerre_(homonymie)
Sancerre_(vin)
Sancerrois
Sancey
Sancey-le-Grand
Sancey-le-Long
Sancey-le-grand
Sancey-le-long
Sancha_Garcés_de_Pampelune
Sancha_LS
Sancha_d'Aragon
Sancha_de_Castille
Sancha_de_Castille_(morte_en_1208)
Sancha_de_Castille_(reine_d'Aragon)
Sancha_de_Castille_(reine_de_Navarre)
Sancha_de_León
Sancha_de_Navarre
Sanchai_Ratiwatana
Sancharram
Sanche
Sanche_(Amarante)
Sanche_Guillaume
Sanche_Guillaume_de_Gascogne
Sanche_II
Sanche_III
Sanche_III_Garcia_de_Gascogne
Sanche_III_Garcés
Sanche_III_de_Castille
Sanche_III_de_Navarre
Sanche_III_de_Pampelune
Sanche_II_(roi_de_Portugal)
Sanche_II_Sanche_de_Gascogne
Sanche_II_Sanche_de_Vasconie
Sanche_II_de_Castille
Sanche_II_de_Navarre
Sanche_II_de_Portugal
Sanche_II_du_Portugal
Sanche_II_le_Pieux
Sanche_IV
Sanche_IV_de_Castille
Sanche_IV_de_Navarre
Sanche_Ier
Sanche_Ier_(roi_de_Portugal)
Sanche_Ier_Loup_de_Gascogne
Sanche_Ier_Loup_de_Vasconie
Sanche_Ier_Ramirez
Sanche_Ier_d'Aragon
Sanche_Ier_de_Castille
Sanche_Ier_de_Leon
Sanche_Ier_de_León
Sanche_Ier_de_Majorque
Sanche_Ier_de_Navarre
Sanche_Ier_de_Pampelune
Sanche_Ier_de_Portugal
Sanche_Ier_le_Colonisateur
Sanche_Ramirez
Sanche_VII_de_Navarre
Sanche_VII_le_Fort
Sanche_VI_Guillaume_de_Gascogne
Sanche_VI_de_Navarre
Sanche_V_Guillaume_de_Gascogne
Sanche_V_d'Aragon
Sanche_V_de_Navarre
Sanche_V_de_Pampelune
Sanche_d'Aragon
Sanche_d'Aragon_(1250-1275)
Sanche_de_Castille
Sanche_de_Castille_(1342-1374)
Sanche_de_Gascogne
Sanche_de_Majorque
Sanche_de_Roussillon
Sanche_de_Uncastillo
Sanche_de_Viguera
Sanche_de_majorque
Sanche_ier_de_castille
Sanche_ier_de_león
Sanche_ier_de_navarre
Sanche_ier_de_portugal
Sanche_ii_de_castille
Sanche_ii_de_navarre
Sanche_ii_de_portugal
Sanche_iii_de_castille
Sanche_iii_de_navarre
Sanche_iv_de_castille
Sanche_iv_de_navarre
Sanche_vi_de_navarre
Sanche_vii_de_navarre
Sancheong
Sanches
Sanchet_D'Abrichecourt
Sanchet_d'Abrichecourt
Sancheville
Sanchey
Sanchez
Sanchez-Mira
Sanchez_(chanteur)
Sanchez_(reggae)
Sanchez_Emilson_Cribari
Sanchez_Pizjuan
Sanchez_Ramirez
Sanchez_Vara
Sanchez_Watt
Sanchez_de_Toca
Sanchezia
Sanchi
Sanchi_(homonymie)
Sanchi_Stupa_No.2
Sanchicorrota
Sanchidrián
Sanchinarro
Sanchis
Sanchis_Guarner
Sancho
Sancho_(planète)
Sancho_Abarca
Sancho_Alfónsez
Sancho_Gracia
Sancho_III
Sancho_III_El_Mayor_de_Navarra
Sancho_II_de_Portugal
Sancho_I_de_Portugal
Sancho_Ier_d'Aragon
Sancho_Jimeno_de_Orozco
Sancho_Little
Sancho_Lyttle
Sancho_Manuel_de_Vilhena
Sancho_Pacha
Sancho_Panza
Sancho_Pança
Sancho_Ramirez
Sancho_Ramírez
Sancho_d'Avila
Sancho_de_Echevarría
Sancho_de_Rota
Sancho_de_Tovar
Sancho_de_tovar
Sancho_le_Sage
Sanchong
Sanchoniathon
Sanchonuño
Sanchorreja
Sanchotello
Sanchuelo
Sanchuniathon
Sanchís
Sanchís_Guarner
Sanchón_de_la_Ribera
Sanchón_de_la_Sagrada
Sancia
Sancia_d'Aragon
Sancia_de_Majorque
Sancian
Sanciau
Sancidino_Silva
Sancie_Szymkowiak
Sancie_d'Aragon
Sancie_d'Aragon_(1186-1241)
Sancie_d'Aragon_(1186–1241)
Sancie_d'Aragon_(1478-1506)
Sancie_de_Provence
Sancie_de_provence
Sancir
Sanclerlândia
Sanco
Sancocho
Sancoins
Sancoki
Sancoki_et_Tritosor
Sancourt
Sancourt_(Eure)
Sancourt_(Nord)
Sancourt_(Somme)
Sancourt_British_Cemetery
Sancousy
Sancta_Camisia_de_Chartres
Sancta_Maria,_mater_Dei_(Mozart)
Sancta_Sanctorum
Sancta_Sedes
Sancta_Susanna
Sancta_sanctorum
Sanctacaris
Sanctacaris_uncata
Sancti-Spiritus
Sancti-Spiritus_(Badajoz)
Sancti-Spíritus
Sancti-Spíritus_(Castille-et-León)
Sancti-Spíritus_(Estrémadure)
Sancti-Spíritus_(Salamanque)
Sancti_Spiritu_(Argentine)
Sancti_Spiritu_(fort)
Sancti_Spiritus
Sancti_Spíritus
Sancti_Spíritus_(Cuba)
Sancti_Spíritus_(Province)
Sancti_Spíritus_Gallos
Sancti_hieronymi_ordo
Sanctification
Sanctification_du_Nom
Sanctification_du_Nom_de_Dieu
Sanctification_du_nom_de_Dieu
Sanctimony
Sanction
Sanction-réparation
Sanction_divine
Sanction_internationale
Sanction_penale_en_France
Sanction_pragmatique
Sanction_pragmatique_(1767)
Sanction_pénale
Sanction_pénale_en_France
Sanction_pénale_en_droit_français
Sanction_pénale_en_france
Sanction_royale
Sanction_scolaire
Sanction_économique
Sanctions
Sanctions_contre_Haïti
Sanctions_contre_l'Irak
Sanctions_contre_l'Iran
Sanctions_contre_l'Érythrée
Sanctions_contre_la_Biélorussie
Sanctions_contre_la_Corée_du_Nord
Sanctions_contre_la_Libye
Sanctions_contre_la_Russie
Sanctions_contre_la_Syrie
Sanctions_contre_la_Yougoslavie
Sanctions_contre_les_scientifiques_iraniens
Sanctions_financieres_americaines_contre_la_Coree_du_Nord
Sanctions_financières_américaines_contre_la_Corée_du_Nord
Sanctions_financières_américaines_contre_la_corée_du_nord
Sanctions_internationales_contre_la_Corée_du_Nord
Sanctions_pénales
Sanctions_pénales_de_l'époque_d'Edo_au_Japon
Sanctions_économiques
Sanctity
Sanctius
Sanctius_(homonymie)
Sanctius_(évêque_de_Tarentaise)
Sancto_Vinculo
Sancto_subito
Sancton
Sanctoral
Sanctoral_Catholique_romain
Sanctoral_catholique_romain
Sanctorius
Sanctorum
Sanctos_Van_Het_Gravenhof
Sanctuaire
Sanctuaire_(Angel)
Sanctuaire_(Angel_)
Sanctuaire_(La_Treizième_Dimension)
Sanctuaire_(Saint_Seiya)
Sanctuaire_(bande_dessinée)
Sanctuaire_(catholicisme)
Sanctuaire_(film)
Sanctuaire_(film,_1961)
Sanctuaire_(film,_1989)
Sanctuaire_(homonymie)
Sanctuaire_(rite_byzantin)
Sanctuaire_(roman)
Sanctuaire_Agoa
Sanctuaire_Al-Askari
Sanctuaire_Aoba
Sanctuaire_Aoi_Aso
Sanctuaire_Asakusa
Sanctuaire_Asama
Sanctuaire_Corkscrew_Swamp
Sanctuaire_Diocésain_de_Notre-Dame_de_Guadalupe
Sanctuaire_Fushimi_Inari
Sanctuaire_Gosha
Sanctuaire_Gosha-Suwa
Sanctuaire_Hachiman
Sanctuaire_Hachiman-gū
Sanctuaire_Hachiman_≈åmiya_(Hy≈?go)
Sanctuaire_Hie
Sanctuaire_Hikawa
Sanctuaire_Hikawa_(Kawagoe)
Sanctuaire_Himegamisha
Sanctuaire_Hirakiki
Sanctuaire_Hirota
Sanctuaire_Inari
Sanctuaire_Jean-Paul_II_de_Cracovie
Sanctuaire_Jingū
Sanctuaire_Kamosu
Sanctuaire_Kanda
Sanctuaire_Kasai
Sanctuaire_Kinpu_(Yoshino)
Sanctuaire_Koma
Sanctuaire_Kono
Sanctuaire_Kumano
Sanctuaire_Madonna_de_la_Bocciola
Sanctuaire_Madonna_del_Sangue
Sanctuaire_Madonna_del_Sasso_(Madonna_del_Sasso)
Sanctuaire_Madonna_di_San_Luca
Sanctuaire_Madonna_di_San_Luca_(Bologne)
Sanctuaire_Marial_d'Abidjan
Sanctuaire_Marie_Reine_de_la_Paix
Sanctuaire_Meiji
Sanctuaire_Miho
Sanctuaire_Minase
Sanctuaire_Myogi
Sanctuaire_Myо̄gi
Sanctuaire_Nakanotake
Sanctuaire_National_de_Notre-Dame_de_bon_secours
Sanctuaire_Niukansh≈?fu
Sanctuaire_Niutsuhime
Sanctuaire_Nossa_Senhora_Aparecida
Sanctuaire_Nostra_Signora_della_Brughiera
Sanctuaire_Nostra_Signora_della_Guardia
Sanctuaire_Nostra_Signora_della_Guardia_(Ceranesi)
Sanctuaire_Nostra_Signora_della_Guardia_(Tortona)
Sanctuaire_Nostra_Signora_delle_Grazie
Sanctuaire_Nostra_Signora_delle_Grazie_(Montegrazie)
Sanctuaire_Nostra_Signora_delle_Grazie_de_Montegrazie
Sanctuaire_Nostra_Signora_di_Montallegro
Sanctuaire_Notre-Dame-Du-Cap
Sanctuaire_Notre-Dame-d'Afrique_(Abidjan)
Sanctuaire_Notre-Dame-de-Guadalupe
Sanctuaire_Notre-Dame-de-Guadalupe_de_Mexico
Sanctuaire_Notre-Dame-de-Lorette,_Prague
Sanctuaire_Notre-Dame-de-Lorette_de_Prague
Sanctuaire_Notre-Dame-de-la-Désolation_de_Birkirkara
Sanctuaire_Notre-Dame-de-la-Désolation_à_Birkirkara
Sanctuaire_Notre-Dame-de-la-Garde
Sanctuaire_Notre-Dame-de-la-Garde_(Perloz)
Sanctuaire_Notre-Dame-de-la-Garde_(Tortone)
Sanctuaire_Notre-Dame-de-la-Garde_de_Perloz
Sanctuaire_Notre-Dame-de-la-Garde_de_Tortone
Sanctuaire_Notre-Dame-de-la-Salette_de_La_Rabatelière
Sanctuaire_Notre-Dame-des-Anges_de_Pignans
Sanctuaire_Notre-Dame-des-Carmes_(Bogota)
Sanctuaire_Notre-Dame-des-Carmes_de_Bogota
Sanctuaire_Notre-Dame-des-Neiges
Sanctuaire_Notre-Dame-du-Cap
Sanctuaire_Notre-Dame-du-Mont-Carmel_de_Bogota
Sanctuaire_Notre-Dame_d'Altötting
Sanctuaire_Notre-Dame_d'Aparecida
Sanctuaire_Notre-Dame_d'Ay_(Saint-Romain-d'Ay)
Sanctuaire_Notre-Dame_de_Banneux
Sanctuaire_Notre-Dame_de_Birkirkara
Sanctuaire_Notre-Dame_de_Dusenbach
Sanctuaire_Notre-Dame_de_La_Salette
Sanctuaire_Notre-Dame_de_Lourdes
Sanctuaire_Notre-Dame_de_Madhu
Sanctuaire_Notre-Dame_de_Mont-Roland
Sanctuaire_Notre-Dame_de_Mont-Roland_(Jouhe)
Sanctuaire_Notre-Dame_de_Myans
Sanctuaire_Notre-Dame_de_Peneda
Sanctuaire_Notre-Dame_de_Peyragude
Sanctuaire_Notre-Dame_de_Plout
Sanctuaire_Notre-Dame_de_Sameiro
Sanctuaire_Notre-Dame_de_Souesté
Sanctuaire_Notre-Dame_de_Walsingham
Sanctuaire_Notre-Dame_de_l'Osier
Sanctuaire_Notre-Dame_de_la_Splendeur
Sanctuaire_Notre-Dame_des_Martyrs
Sanctuaire_Notre-Dame_des_Miracles_(Saronno)
Sanctuaire_Notre-Dame_du_Bernet_en_Dému
Sanctuaire_Notre-Dame_du_Cap
Sanctuaire_Notre-Dame_du_Divin_Amour
Sanctuaire_Notre-Dame_du_Kasaï
Sanctuaire_Notre-Dame_du_Liban
Sanctuaire_Notre_Dame_de_Grâces
Sanctuaire_Notre_Dame_de_Myans
Sanctuaire_Nuestra_Señora_del_Carmen_(Bogota)
Sanctuaire_Otonashi
Sanctuaire_Pelagos
Sanctuaire_Redux
Sanctuaire_Reminded
Sanctuaire_Sada
Sanctuaire_Saint-André-de-Teixido
Sanctuaire_Saint-Antoine
Sanctuaire_Saint-Antoine_(Kochchikade)
Sanctuaire_Saint-Antoine_(Kotahena)
Sanctuaire_Saint-Antoine_de_Katchatheevu
Sanctuaire_Saint-Antoine_de_Kotahena
Sanctuaire_Saint-François-de-Paule
Sanctuaire_Saint-Jean-Paul-II_de_Cracovie
Sanctuaire_Saint-Joseph-de-Bon-Espoir
Sanctuaire_Saint-Joseph_de_Bon_Espoir
Sanctuaire_Saint-Jude_de_Jhansi
Sanctuaire_Saint-Roch_de_Montpellier
Sanctuaire_Saint_Gabriel_dell'Addolorata
Sanctuaire_Sainte-Anne-de-Beaupré
Sanctuaire_Sainte-Catherine-de-Sienne
Sanctuaire_Sainte-Marie-de-l'Assomption_de_Mosta
Sanctuaire_Sainte-Marie-de-l'Assomption_à_Mosta
Sanctuaire_Sainte-Marie-de-la-Croix
Sanctuaire_Sainte-Thérèse-de-l'Enfant-Jésus_de_Nice
Sanctuaire_Sainte_Anne_de_Vinadio
Sanctuaire_San_Mauro_Abate_(Bomba)
Sanctuaire_San_Michele_Arcangelo
Sanctuaire_Santa_Maria_dell'Impruneta
Sanctuaire_Seifa-utaki
Sanctuaire_Sumiyoshi
Sanctuaire_Suwa
Sanctuaire_Suwa_(Hamamatsu)
Sanctuaire_Tchimpounga
Sanctuaire_Tenman-gū
Sanctuaire_T≈?sh≈?g≈´
Sanctuaire_Ujigami
Sanctuaire_Yaegaki
Sanctuaire_Yasukuni
Sanctuaire_Yoshimizu
Sanctuaire_Yoshino_Mikumari
Sanctuaire_a_repit
Sanctuaire_ancestral
Sanctuaire_anglican_de_Notre-Dame_de_Walsingham
Sanctuaire_animalier_de_Karori
Sanctuaire_animalier_de_karori
Sanctuaire_baleinier_de_l'océan_Austral
Sanctuaire_baleinier_de_l'océan_Indien
Sanctuaire_catholique
Sanctuaire_celtique_de_Gournay-sur-Aronde
Sanctuaire_circulaire_de_Pömmelte
Sanctuaire_d'Akab
Sanctuaire_d'Anubis
Sanctuaire_d'Aparecida
Sanctuaire_d'Arantzazu
Sanctuaire_d'Aranzazu
Sanctuaire_d'Aristée_à_Olbia
Sanctuaire_d'Artemis_Orthia
Sanctuaire_d'Artémis_Brauronia
Sanctuaire_d'Artémis_Orthia
Sanctuaire_d'Artémis_à_Brauron
Sanctuaire_d'Asclépios_(Pergame)
Sanctuaire_d'Asclépios_et_théâtre_d'Épidaure
Sanctuaire_d'Erawan
Sanctuaire_d'Hercule_Curinus
Sanctuaire_d'Hercules_Magnus_Custos
Sanctuaire_d'Ise
Sanctuaire_d'Isis_et_de_Mater_Magna
Sanctuaire_d'Itsukushima
Sanctuaire_d'Olympie
Sanctuaire_d'Or
Sanctuaire_d'Oropa
Sanctuaire_d'Oropa_(Biella)
Sanctuaire_d'Urkiola
Sanctuaire_d'Éleusis
Sanctuaire_d'Épidaure
Sanctuaire_de_"_Kuno_Wildlife"
Sanctuaire_de_Baháʼu'lláh
Sanctuaire_de_Banchette
Sanctuaire_de_Beauvoir
Sanctuaire_de_Bom_Jesus_de_Matosinhos
Sanctuaire_de_Canòlich
Sanctuaire_de_Congonhas_do_Campo
Sanctuaire_de_Cunéy
Sanctuaire_de_Cura
Sanctuaire_de_Cybele
Sanctuaire_de_Cybèle
Sanctuaire_de_Delphes
Sanctuaire_de_Enoshima
Sanctuaire_de_Fatima_Ma'sumeh
Sanctuaire_de_Fatima_Masoumeh
Sanctuaire_de_Frauenberg
Sanctuaire_de_Fátima
Sanctuaire_de_Gibilmanna
Sanctuaire_de_Gietrzwałd
Sanctuaire_de_Govind_Pashu_Vihar
Sanctuaire_de_Jongmyo
Sanctuaire_de_Jublains
Sanctuaire_de_Jésus_Nazareno_de_Atotonilco
Sanctuaire_de_Kalwaria_Zebrzydowska
Sanctuaire_de_Kashima
Sanctuaire_de_Kibeho
Sanctuaire_de_Knock
Sanctuaire_de_Kumano
Sanctuaire_de_La_Salette_(La_Rabatelière)
Sanctuaire_de_Lanjak_Entimau
Sanctuaire_de_Las_Lajas
Sanctuaire_de_Lorette
Sanctuaire_de_Lourdes
Sanctuaire_de_Loyola
Sanctuaire_de_Macereto
Sanctuaire_de_Marie_Auxiliatrice
Sanctuaire_de_Mars_Mullo
Sanctuaire_de_Mi-son
Sanctuaire_de_Mi-sön
Sanctuaire_de_Minatogawa
Sanctuaire_de_Minerve
Sanctuaire_de_Monte_Gargano
Sanctuaire_de_Monteforte
Sanctuaire_de_Montenero
Sanctuaire_de_Mỹ_Sơn
Sanctuaire_de_Nossa_Senhora_da_Peneda
Sanctuaire_de_Nostra_Signora_della_Brughiera
Sanctuaire_de_Notre-Dame-d'Afrique_(Abidjan)
Sanctuaire_de_Notre-Dame-de-la-Paix_de_Bembèrèkè
Sanctuaire_de_Notre-Dame-des-Anges_de_Pignans
Sanctuaire_de_Notre-Dame-des-Grâces_de_Onuva
Sanctuaire_de_Notre-Dame-du-Lys
Sanctuaire_de_Notre-Dame_d'Altötting
Sanctuaire_de_Notre-Dame_de_Banneux
Sanctuaire_de_Notre-Dame_de_Beauraing
Sanctuaire_de_Notre-Dame_de_Bétharram
Sanctuaire_de_Notre-Dame_de_Fatima
Sanctuaire_de_Notre-Dame_de_Fátima
Sanctuaire_de_Notre-Dame_de_Garaison
Sanctuaire_de_Notre-Dame_de_Grâces
Sanctuaire_de_Notre-Dame_de_Knock
Sanctuaire_de_Notre-Dame_de_La_Salette
Sanctuaire_de_Notre-Dame_de_Lapa
Sanctuaire_de_Notre-Dame_de_Lourdes
Sanctuaire_de_Notre-Dame_de_Luján
Sanctuaire_de_Notre-Dame_de_Madhu
Sanctuaire_de_Notre-Dame_de_Mellieħa
Sanctuaire_de_Notre-Dame_de_Meritxell
Sanctuaire_de_Notre-Dame_de_Peneda
Sanctuaire_de_Notre-Dame_de_Souesté
Sanctuaire_de_Notre-Dame_de_Walsingham
Sanctuaire_de_Notre-Dame_de_la_Peña_de_Francia
Sanctuaire_de_Notre-Dame_de_la_Splendeur
Sanctuaire_de_Notre-Dame_des_Grâces_de_Onuva
Sanctuaire_de_Notre-Dame_des_Remèdes
Sanctuaire_de_Notre-Dame_des_Vernettes
Sanctuaire_de_Notre-Dame_du_Bout-du-Puy
Sanctuaire_de_Notre-Dame_du_Laus
Sanctuaire_de_Notre-Dame_du_Liban
Sanctuaire_de_Notre-Dame_du_Rocher_de_France
Sanctuaire_de_Notre-Dame_du_Rocher_de_la_France
Sanctuaire_de_Notre-Dame_du_Rosaire_de_Namyang
Sanctuaire_de_Notre-Dame_du_Rosaire_de_Pompéi
Sanctuaire_de_Notre-Dame_du_Rosaire_de_San_Nicolás
Sanctuaire_de_Notre-Dame_à_Mellieħa
Sanctuaire_de_Notre_Dame_de_la_Fontaine
Sanctuaire_de_Notre_Dame_de_la_Garde
Sanctuaire_de_Notre_Dame_de_la_Garde_(Ceranesi)
Sanctuaire_de_Notre_Dame_de_la_Garde_(Tortone)
Sanctuaire_de_Notre_Dame_des_Remèdes
Sanctuaire_de_Notre_Dame_du_Lys
Sanctuaire_de_Notre_Dame_du_Rosaire_de_Pompéi
Sanctuaire_de_Pellevoisin
Sanctuaire_de_Portonaccio
Sanctuaire_de_Ribemont-sur-Ancre
Sanctuaire_de_Rocamadour
Sanctuaire_de_Sainte-Anne-de-Beaupré
Sanctuaire_de_Sainte-Baume
Sanctuaire_de_Sainte-Lucie_et_du_Sacré-Cœur_de_Jésus
Sanctuaire_de_San_Mauro_Abate_(Bomba)
Sanctuaire_de_San_Migel_d'Aralar
Sanctuaire_de_Santo_Hermano_Pedro
Sanctuaire_de_Tancrémont
Sanctuaire_de_Thinissut
Sanctuaire_de_Torreciudad
Sanctuaire_de_Vicoforte
Sanctuaire_de_Voury
Sanctuaire_de_Yasukuni
Sanctuaire_de_cybèle
Sanctuaire_de_faune_de_Huay_Kha_Khaeng
Sanctuaire_de_faune_de_Manas
Sanctuaire_de_faune_de_Phu_Khieo
Sanctuaire_de_faune_de_Thung_Yai
Sanctuaire_de_faune_et_de_flore_"El_mono_Hernández"
Sanctuaire_de_faune_et_de_flore_El_Corchal_"El_mono_Hernández"
Sanctuaire_de_faune_et_de_flore_d'Iguaque
Sanctuaire_de_faune_et_de_flore_d'Orito_Indí-Andé
Sanctuaire_de_faune_et_de_flore_d'Otún_Quimbaya
Sanctuaire_de_faune_et_de_flore_de_Guanenta_Alto_Río_Fonce
Sanctuaire_de_faune_et_de_flore_de_Guanentá_Alto_Río_Fonce
Sanctuaire_de_faune_et_de_flore_de_Los_Colorados
Sanctuaire_de_faune_et_de_flore_de_Los_Flamencos
Sanctuaire_de_faune_et_de_flore_de_Malpelo
Sanctuaire_de_faune_et_de_flore_de_l'île_de_La_Corota
Sanctuaire_de_faune_et_de_flore_du_grand_marais_de_Santa_Marta
Sanctuaire_de_faune_sauvage_de_Banyang-Mbo
Sanctuaire_de_govind_pashu_vihar
Sanctuaire_de_jongmyo
Sanctuaire_de_l'Alverne
Sanctuaire_de_l'Enfant-Jésus
Sanctuaire_de_l'Enfant-Jésus_(Bruxelles)
Sanctuaire_de_l'Enfant-Jésus_(Forest)
Sanctuaire_de_l'archange_Saint_Michel
Sanctuaire_de_l'oryx_arabe
Sanctuaire_de_l'oryx_d'Arabie
Sanctuaire_de_la_Beata_Vergine_dei_Miracoli
Sanctuaire_de_la_Bienheureuse-Vierge-des-Grâces_de_Curtatone
Sanctuaire_de_la_Bienheureuse-Vierge-du-Saint-Rosaire
Sanctuaire_de_la_Bienveillante_Notre-Dame_du_Rosaire
Sanctuaire_de_la_Brugarola
Sanctuaire_de_la_Consolata
Sanctuaire_de_la_Fajouse
Sanctuaire_de_la_Fontaine
Sanctuaire_de_la_Fortuna_Primigenia
Sanctuaire_de_la_Madonna_de_la_Bocciola
Sanctuaire_de_la_Madonna_del_Sangue
Sanctuaire_de_la_Madonna_dell'Arco
Sanctuaire_de_la_Miséricorde-Divine_de_Cracovie
Sanctuaire_de_la_Miséricorde_Divine
Sanctuaire_de_la_Miséricorde_Divine_(Cracovie)
Sanctuaire_de_la_Miséricorde_Divine_de_Cracovie
Sanctuaire_de_la_Miséricorde_Divine_à_Cracovie
Sanctuaire_de_la_Miséricorde_Divine_à_Kraków
Sanctuaire_de_la_Novareia
Sanctuaire_de_la_Réparation_au_Sacré-Cœur_et_de_Padre_Pio
Sanctuaire_de_la_Sainte-Baume
Sanctuaire_de_la_Salette
Sanctuaire_de_la_Salette_(La_Rabatelière)
Sanctuaire_de_la_Virxe_da_Barca
Sanctuaire_de_la_bienheureuse_Vierge_du_Rosaire_de_Pompei
Sanctuaire_de_la_bienheureuse_Vierge_du_Saint-Rosaire
Sanctuaire_de_la_faune_sauvage_de_Pushpagiri
Sanctuaire_de_la_faune_sauvage_de_Talakaveri
Sanctuaire_de_la_vie_sauvage_de_Harar
Sanctuaire_de_la_vie_sauvage_de_Mount_Abu
Sanctuaire_de_la_vie_sauvage_de_Pangolakha
Sanctuaire_de_la_vie_sauvage_de_la_Cauvery
Sanctuaire_de_la_vie_sauvage_de_mount_abu
Sanctuaire_de_las_lajas
Sanctuaire_de_mi-sön
Sanctuaire_de_requins
Sanctuaire_de_sainte_Catherine_de_Sienne
Sanctuaire_de_vicoforte
Sanctuaire_de_vie_sauvage_de_Thung_Yai
Sanctuaire_della_Madonna_del_Divino_Amore
Sanctuaire_des_Grandes_Déesses
Sanctuaire_des_Grands_Dieux_de_Samothrace
Sanctuaire_des_Moglietti
Sanctuaire_des_ancêtres
Sanctuaire_des_chimpanzés_de_Bafoulabé
Sanctuaire_des_grands_dieux_de_samothrace
Sanctuaire_des_martyrs_canadiens
Sanctuaire_des_martyrs_canadiens_(Midland)
Sanctuaire_des_martyrs_coréens_de_Jeoldu-san
Sanctuaire_des_martyrs_de_Kaohsiung
Sanctuaire_des_singes_de_Drabo
Sanctuaire_des_éléphants_de_Babille
Sanctuaire_diocésain
Sanctuaire_diocésain_Notre-Dame-de-Guadalupe_de_Zamora_de_Hidalgo
Sanctuaire_du_Bom_Jesus_de_Matosinhos
Sanctuaire_du_Bon_Jésus_du_Mont
Sanctuaire_du_Cap-de-la-Madeleine
Sanctuaire_du_Cavallero
Sanctuaire_du_Christ-Roi_d'Almada
Sanctuaire_du_Christ_Roi
Sanctuaire_du_Laus
Sanctuaire_du_Livre
Sanctuaire_du_Martyr
Sanctuaire_du_Mazzucco
Sanctuaire_du_Sacro_Speco
Sanctuaire_du_Sacré-Cœur-de-Jésus_de_Viana_do_Castelo
Sanctuaire_du_Saint-Crucifix_(Boca)
Sanctuaire_du_Saint-Sacrement
Sanctuaire_du_Souvenir
Sanctuaire_d’Isis_et_de_Mater_Magna
Sanctuaire_faunique_Eagle_Nest
Sanctuaire_faunique_de_Fambong_Lho
Sanctuaire_faunique_de_Gajner
Sanctuaire_faunique_de_Govind_Pashu_Vihar
Sanctuaire_faunique_de_Hollongapar_Gibbon
Sanctuaire_faunique_de_Kuno
Sanctuaire_faunique_de_Lanjak-Entimau
Sanctuaire_faunique_de_Lum_Nam_Pai
Sanctuaire_faunique_de_Phu_Khieo
Sanctuaire_faunique_du_bassin_Cockscomb
Sanctuaire_federal_des_trois_Gaules
Sanctuaire_fédéral_des_Trois_Gaules
Sanctuaire_fédéral_des_trois_Gaules
Sanctuaire_fédéral_des_trois_gaules
Sanctuaire_gallo-romain_de_Bû
Sanctuaire_gallo-romain_de_Grand
Sanctuaire_gallo-romain_de_Vieille-Cour
Sanctuaire_gallo-romain_de_grand
Sanctuaire_gallo-romain_des_Pièces-Grandes
Sanctuaire_gallo-romain_du_Pont_des_Arches
Sanctuaire_grec
Sanctuaire_historique_Bosque_de_Pómac
Sanctuaire_héroïque_des_Touriès
Sanctuaire_international
Sanctuaire_ise
Sanctuaire_jingū
Sanctuaire_marial
Sanctuaire_marial_Notre-Dame-de-la-Paix_de_Bembèrèkè
Sanctuaire_marial_d'Abidjan
Sanctuaire_marial_de_Banneux
Sanctuaire_marial_de_Beauraing
Sanctuaire_marial_de_Betania
Sanctuaire_marial_de_Fátima
Sanctuaire_marial_de_Kibeho
Sanctuaire_marial_de_La_Salette
Sanctuaire_marial_de_Louda
Sanctuaire_marial_de_Lourdes
Sanctuaire_marial_de_Notre-Dame-de-Guadalupe
Sanctuaire_marial_de_Notre-Dame_de_Guadalupe
Sanctuaire_marial_de_Yagma
Sanctuaire_marial_de_Ziteil
Sanctuaire_marial_du_Laus
Sanctuaire_mariale_de_Yagma
Sanctuaire_marin
Sanctuaire_marin_de_la_baie_de_Vostok
Sanctuaire_marin_national_des_Channel_Islands
Sanctuaire_militaire_d'Asiago
Sanctuaire_national
Sanctuaire_national_Notre-Dame_d'Aparecida
Sanctuaire_national_Ta'_Pinu
Sanctuaire_national_Ta'_Pinu_de_Għarb
Sanctuaire_national_Ta'_Pinu_à_Għarb,
Sanctuaire_national_catholique_ukrainien_de_Saint-Jean-Baptiste
Sanctuaire_national_catholique_ukrainien_de_Saint-Jean-le-Baptiste
Sanctuaire_national_de_Los_Manglares_de_Tumbes
Sanctuaire_national_de_Notre-Dame_de_Bon_Secours
Sanctuaire_national_de_Notre-Dame_de_bon_secours
Sanctuaire_national_de_la_Petite_Fleur
Sanctuaire_national_des_Martyrs_Nord-Américains
Sanctuaire_national_des_martyrs_de_la_révolution
Sanctuaire_national_des_martyrs_révolutionnaires
Sanctuaire_national_du_Canada
Sanctuaire_national_notre-dame_d'aparecida
Sanctuaire_naturel_d'État_de_Stepnoi
Sanctuaire_nuragique_d'Abini
Sanctuaire_nuragique_de_Santa_Vittoria
Sanctuaire_orthodoxe_Saint-Serge
Sanctuaire_panhellenique
Sanctuaire_panhellénique
Sanctuaire_pour_oiseaux_Vaduvoor
Sanctuaire_royal_du_Santísimo_Cristo_de_La_Laguna
Sanctuaire_saint_Joseph_(Cotignac)
Sanctuaire_sauvage_de_Lanjak-Entimau
Sanctuaire_shinto
Sanctuaire_shintô
Sanctuaire_shint≈?
Sanctuaire_tenman-gū
Sanctuaire_à_répit
Sanctuaires
Sanctuaires_Asama
Sanctuaires_Hachiman
Sanctuaires_Inari
Sanctuaires_Jingū
Sanctuaires_Kumano
Sanctuaires_Notre-Dame_de_Lourdes
Sanctuaires_Sumiyoshi
Sanctuaires_Suwa
Sanctuaires_Tenman-gū
Sanctuaires_catholiques
Sanctuaires_de_Lourdes
Sanctuaires_de_vie_sauvage_de_l'Inde
Sanctuaires_des_Basiols
Sanctuaires_des_Pandas_Géants_de_Sichuan
Sanctuaires_des_pandas_geants_de_Sichuan
Sanctuaires_des_pandas_géants_de_Sichuan
Sanctuaires_des_pandas_géants_de_sichuan
Sanctuaires_des_pandas_géants_du_Sichuan
Sanctuaires_diocésains
Sanctuaires_du_grand_panda_du_Sichuan
Sanctuaires_et_temples_de_Nikko
Sanctuaires_et_temples_de_Nikk≈?
Sanctuaires_grecs
Sanctuaires_internationaux
Sanctuaires_nationaux
Sanctuaires_shinto
Sanctuary
Sanctuary:_The_EIS_Christmas_Concert_2002
Sanctuary_(Texas)
Sanctuary_(VF)
Sanctuary_(chanson_d'Iron_Maiden)
Sanctuary_(chanson_de_Nami_Tamaki)
Sanctuary_(film,_2009)
Sanctuary_(groupe)
Sanctuary_(groupe_de_musique)
Sanctuary_(manga)
Sanctuary_(religion)
Sanctuary_(single_de_Nami_Tamaki)
Sanctuary_(série_télévisée)
Sanctuary_(webserie)
Sanctuary_-_The_EIS_Christmas_2002_Concert
Sanctuary_-_The_EIS_Christmas_Concert_2002
Sanctuary_-_the_eis_christmas_concert_2002
Sanctuary_Cove
Sanctuary_Record
Sanctuary_Records
Sanctuary_Records_Group
Sanctuary_River_Cabin_No._31
Sanctuary_city
Sanctuary_records
Sanctum
Sanctum_(film)
Sanctum_(jeu_vidéo)
Sanctum_(manga)
Sanctus
Sanctus_(homonymie)
Sanctus_Franciscus
Sanctus_Germanus
Sanctus_Ignis
Sanctus_Real
Sanctus_Vincentius_in_Brixia,
Sanctus_d'Arevalo
Sanculotide
Sanculotides
Sanculottide
Sancus
Sancus_(mythologie)
Sancus_bilineatus
Sancy
Sancy-Artense_Communaute
Sancy-Artense_Communauté
Sancy-Saint-Julien
Sancy-artense_communauté
Sancy-les-Cheminots
Sancy-les-Meaux
Sancy-les-Provins
Sancy-les-cheminots
Sancy-les-meaux
Sancy-lès-Provins
Sancy-lès-provins
Sancy_(Aisne)
Sancy_(Meurthe-et-Moselle)
Sancy_(Seine-et-Marne)
Sancy_(diamant)
Sancy_(meurthe-et-moselle)
Sancygniów
Sancyite
Sancé
Sancé_(Burkina_Faso)
Sancé_(Kayao)
Sancé_(Saône-et-Loire)
Sancé_(Tikaré)
Sand
Sand..._George_en_mal_d'Aurore
SandForce
SandLand
Sand_&_Tchou
Sand_(Bas-Rhin)
Sand_(DC)
Sand_(Limpopo)
Sand_(Troms)
Sand_(Zala)
Sand_(chanson)
Sand_(comics)
Sand_(personnage)
Sand_Branch_(comté_de_Dallas,_Texas)
Sand_Castle
Sand_Cay
Sand_City
Sand_Corona
Sand_Creek
Sand_Creek_(Denver,_Colorado)
Sand_Creek_Massacre_National_Historic_Site
Sand_Dune_Arch
Sand_Dune_Arch_Trail
Sand_Dunes_State_Forest
Sand_Fork
Sand_Hill_Road
Sand_Hill_Township
Sand_Hills_(Nebraska)
Sand_In_My_Shoes
Sand_Island
Sand_Lake_National_Wildlife_Refuge
Sand_Land
Sand_Point
Sand_Point_Lake
Sand_Prairie_Township
Sand_Ridge_Township_(comté_de_Jackson,_Illinois)
Sand_Rock_(Alabama)
Sand_Serpent
Sand_Shark_:_les_dents_de_la_plage
Sand_Sharks_:_Les_Dents_de_la_plage
Sand_Sharks_:_les_dents_de_la_plage
Sand_Springs
Sand_Storm
Sand_Van_Roy
Sand_am_Main
Sand_in_My_Shoes
Sand_to_Snow_National_Monument
Sanda
Sanda_(Ecosse)
Sanda_(Japon)
Sanda_(art_martial)
Sanda_(sport_de_combat)
Sanda_(Écosse)
Sanda_Belgyan
Sanda_Bouba_Oumarou
Sanda_Dubravcic
Sanda_Dubravƒ?iƒá
Sanda_Joseph
Sanda_Matsuri
Sanda_Min_Hla
Sanda_Toma
Sanda_Toma_(aviron)
Sanda_Toma_(canoë-kayak)
Sanda_matsuri
Sandahl_Bergman
Sandai_s≈?ron
Sandaili
Sandailli
Sandaime_Sarutobi_(Naruto)
Sandak
Sandakada_pahana
Sandakan
Sandakan_N°_8
Sandakan_hachibanshokan_bohkyo
Sandaker
Sandal
Sandal_Magna
Sandala
Sandale
Sandale_pied_nu
Sandales
Sandales_ailées
Sandales_d'Hermès
Sandales_du_Christ
Sandales_du_christ
Sandales_épiscopales
Sandalette
Sandalia
Sandalj
Sandalodes
Sandalodes_bipenicillatus
Sandalodes_magnus
Sandalodes_nigrescens
Sandalolitha
Sandalolitha_boucheti
Sandalolitha_dentata
Sandalolitha_robusta
Sandalphon
Sandals_Resort
Sandals_South_Coast_FC
Sandals_South_Coast_Football_Club
Sandals_Whitehouse_FC
Sandals_Whitehouse_Football_Club
Sandalwood
Sandalwood_(cheval)
Sandalwood_Management
Sandamendi
Sandamu
Sandan-ky≈?
Sandanme
Sandanski
Sandanski_(homonymie)
Sandanski_(obchtina)
Sandaq
Sandar
Sandar_(Norvège)
Sandar_(géologie)
Sandara_Park
Sandarac
Sandaraque
Sandared
Sandarmokh
Sandarne
Sandarville
Sandaré
Sandau
Sandau_(Elbe)
Sandaucourt
Sandaun
Sandaune
Sandavágur
Sandawe
Sandawe_(langue)
Sandawe_(peuple)
Sandawé
Sanday
Sanday_(Hebrides_interieures)
Sanday_(Hébrides_intérieures)
Sanday_(Orcades)
Sanday_(hébrides_intérieures)
Sandaya
Sandaé
Sandbach
Sandbagger
Sandball
Sandbeach_Lake
Sandbeach_Lake_Trail
Sandberg
Sandberg_(Allemagne)
Sandberg_Père_et_Fils
Sandbergérite
Sandbien
Sandboard
Sandboarding
Sandbore_Caye
Sandborn
Sandbostel
Sandbox
Sandbox_(album)
Sandbox_(jeu_vidéo)
Sandbox_(réseau_social)
Sandbox_(securite_informatique)
Sandbox_(sécurité_informatique)
Sandby_borg
Sandcastle_Waterpark
Sandcrawler
Sandcrowler
Sandd
Sande
Sande_(Frise)
Sande_(Møre_og_Romsdal)
Sande_(Vestfold)
Sande_Zeig
Sandebuur
Sandecja_Nowy_Sącz
Sandeep
Sandeep_Kumar
Sandefiste
Sandefjord
Sandefjord_Fotball
Sandefjord_TIF
Sandeid
Sandeidfjorden
Sandek
Sandel
Sandelia
Sandelin
Sandelingen_Ambacht
Sandell
Sandemaniens
Sandemarka
Sanden
Sandeniah
Sandeq
Sandeq_Race
Sander
Sander_(poisson)
Sander_Armee
Sander_Armée
Sander_Baart
Sander_Berge
Sander_Bisseling
Sander_Boschker
Sander_Burger
Sander_Cohen
Sander_Coopman
Sander_Cordeel
Sander_De_Pestel
Sander_Dekker
Sander_Fernández
Sander_Fischer
Sander_Gillé
Sander_Groen
Sander_Helven
Sander_Jan_Klerk
Sander_Kaasjager
Sander_Keller
Sander_Kleinenberg
Sander_Levin
Sander_Loones
Sander_Oostlander
Sander_Pierron
Sander_Post
Sander_Pouri
Sander_Puri
Sander_Rang
Sander_Sagosen
Sander_Svendsen
Sander_Van_Doorn
Sander_Westerveld
Sander_canadensis
Sander_de_Wijn
Sander_lucioperca
Sander_marinus
Sander_van_Amsterdam
Sander_van_Doorn
Sander_van_Gessel
Sander_van_Meurs
Sander_van_de_Streek
Sander_van_der_Weide
Sander_vitreus
Sander_volgensis
Sanderlei_Claro_Parrela
Sanderlei_Parrela
Sanderling
Sandern_Cohen
Sandero
Sanders
Sanders-Hardmuth
Sanders_(nutrition_animale)
Sanders_Associates
Sandersdorf-Brehna
Sandershausen
Sandersiella
Sandersiella_acuminata
Sandersiella_bathyalis
Sandersiella_calmani
Sandersiella_kikuchii
Sanderson
Sanderson_(Texas)
Sanderson_Lam
Sandersonia
Sandersonia_aurantiaca
Sanderstead
Sandersville
Sandersville_(Géorgie)
Sandersville_(Mississippi)
Sandesa_Kavya
Sandesha_Kavya
Sandesneben
Sandettié
Sandettié_(Bateau-feu)
Sandettié_(bateau-feu)
Sandfell_í_Öræfum
Sandfirden
Sandfloeggi
Sandfly_(baie)
Sandfly_Island
Sandford
Sandford_(Devon)
Sandford_(Hampshire)
Sandford_(entreprise)
Sandford_(société)
Sandford_Fleming
Sandford_Flemming
Sandford_cyclecar
Sandgate
Sandgerdi
Sandgerði
Sandgren
Sandha_Bhasa
Sandhamn
Sandhamn_(Karlskrona)
Sandhamn_(Värmdö)
Sandhamn_(commune_de_Varmdo)
Sandhamn_(commune_de_Värmdö)
Sandhausen
Sandhem
Sandherr
Sandhi
Sandhi_en_indonésien
Sandhi_en_sanskrit
Sandhi_externe_entre_deux_mots_sanskrits
Sandhi_interne_dans_un_mot_sanskrit
Sandhi_tonal
Sandhikharaka
Sandhikharka
Sandhills
Sandhills_(Caroline)
Sandhills_(Nebraska)
Sandhja
Sandhog
Sandholmeklunnem
Sandholmen
Sandholmen_(Fedje)
Sandholmklubben
Sandhult
Sandhurst
Sandhurst_(Australie)
Sandhurst_(Berkshire)
Sandhya_bhasa
Sandi
Sandi_(homonymie)
Sandi_Lovrić
Sandi_Morris
Sandi_Papez
Sandi_Papež
Sandi_Patty
Sandi_Schultz
Sandi_Simcha_DuBowski
Sandi_Thom
Sandi_Toksvig
Sandi_Čebular
Sandia
Sandia_National_Laboratories
Sandia_National_Labs
Sandia_Peak_Tramway
Sandiaba
Sandiaba_Manjacque
Sandiacre
Sandian
Sandian_(métro_de_Wuhan)
Sandiara
Sandias
Sandici
Sandicle
Sandie_Clair
Sandie_Cochepain
Sandie_Jones
Sandie_Lister
Sandie_Masson
Sandie_Richards
Sandie_Rinaldo
Sandie_Shaw
Sandie_Toletti
Sandigliano
Sandile_Mthethwa
Sandile_Nxumalo
Sandile_Shezi
Sandilkh
Sandillon
Sandimisso
Sandin
Sandinisme
Sandinista
Sandinista!
Sandinista_(genre)
Sandinista_lanceolatum
Sandiniste
Sandinistes
Sandino
Sandino_(Cuba)
Sandino_(homonymie)
Sandino_Octobre
Sandip_Verma
Sandipan_Chanda
Sandis_Ozolins
Sandis_Ozolinsh
Sandis_Ozoliņs
Sandis_Ozoliņš
Sandis_Prūsis
Sandis_Valters
Sandisk
Sandister_Tei
Sanditon
Sandius
Sandiás
Sandié
Sandići
Sandja
Sandjak
Sandjak_(division)
Sandjak_d'Alacahisar
Sandjak_d'Alexandrette
Sandjak_d'Estergon
Sandjak_d'Eğri
Sandjak_d'Eğriboz
Sandjak_de_Baboça
Sandjak_de_Beçkerek
Sandjak_de_Bosnie
Sandjak_de_Buda
Sandjak_de_Deir_ez-Zor
Sandjak_de_Delvino
Sandjak_de_Gallipoli
Sandjak_de_Gaza
Sandjak_de_Hatvan
Sandjak_de_Jérusalem
Sandjak_de_Karassi
Sandjak_de_Karesi
Sandjak_de_Mohaç
Sandjak_de_Novi_Pazar
Sandjak_de_Novipazar
Sandjak_de_Saghala
Sandjak_de_Scutari
Sandjak_de_Segedin
Sandjak_de_Smederevo
Sandjak_de_Sofia
Sandjak_de_Suğla
Sandjak_de_Szeged
Sandjak_de_Sığla
Sandjak_de_Trikala
Sandjak_de_Zor
Sandjak_de_Çanad
Sandjo_Hanbalé
Sandl
Sandla
Sandland
Sandleheath
Sandler
Sandlin
Sandline_International
Sandling
Sandman
Sandman_(Gaiman)
Sandman_(Golden_Age)
Sandman_(Jim_Fullington)
Sandman_(Wesley_Dodds)
Sandman_(catcheur)
Sandman_Mystery_Theatre
Sandmänchenn-Aventure_dans_le_pays_des_rêves
Sandnes
Sandnes_(Nordland)
Sandnes_Garn
Sandnes_Ulf
Sandneshamn
Sandnessjoen
Sandnessjøen
Sandnæs
Sando
Sandoa
Sandoa_(territoire)
Sandogo
Sandogo_(Boussé)
Sandogo_(Ouagadougou)
Sandogo_(Sourgoubila)
Sandogo_(Toéghin)
Sandokai
Sandokan
Sandokan,_le_tigre_de_Bornéo
Sandokan,_le_tigre_de_la_Malaysie
Sandokan_(homonymie)
Sandokan_(série_animée,_1991)
Sandokan_(série_télévisée_d'animation)
Sandokan_-_Le_Tigre_de_Bornéo
Sandokan_alla_riscossa_(film)
Sandokanidae
Sandokoro
Sandoleyre
Sandoll
Sandolo
Sandolândia
Sandome_no_satsujin
Sandomierz
Sandomir
Sandon
Sandon_Stolle
Sandonie
Sandoná
Sandor
Sandor_Bardozi
Sandor_Clegane
Sandor_Csoori
Sandor_Csorgo
Sandor_Cziffer
Sandor_Fazekas
Sandor_Ferenczi
Sandor_Funtek
Sandor_Galimberti
Sandor_Garbai
Sandor_Hodosi
Sandor_Iharos
Sandor_Istvan
Sandor_Kepiro
Sandor_Kiss
Sandor_Kocsis
Sandor_Konya
Sandor_Korosi_Csoma
Sandor_Legrady
Sandor_Lorand
Sandor_Marai
Sandor_Matrai
Sandor_Márai
Sandor_Müller_Smich
Sandor_Pall
Sandor_Petofi
Sandor_Petöfi
Sandor_Petőfi
Sandor_Pinter
Sandor_Preisinger
Sandor_Puhl
Sandor_Rac
Sandor_Rado
Sandor_Rozsnyoi
Sandor_Rozsnyói
Sandor_Simo
Sandor_Simonyi
Sandor_Simonyi-Semadam
Sandor_Simonyi_Semadam
Sandor_Stern
Sandor_Szalontay
Sandor_Szondi
Sandor_Tar
Sandor_Totka
Sandor_Vegh
Sandor_Veres
Sandor_Veress
Sandor_Wekerle
Sandor_Weores
Sandor_Wladar
Sandor_Zambori
Sandor_Ziffer
Sandor_Zombori
Sandora
Sandora_(Burkina_Faso)
Sandoricum_koetjape
Sandougou
Sandougou-Soba
Sandouny
Sandouping
Sandouré
Sandouville
Sandoval
Sandoval_(Illinois)
Sandoval_Township
Sandoval_de_la_Reina
Sandovalina
Sandow
Sandow_(câble)
Sandow_(film)
Sandow_(film,_1894)
Sandoway
Sandown
Sandown_(New_Hampshire)
Sandown_International_Raceway
Sandown_Park
Sandown_Raceway
Sandows
Sandoy
Sandoy_(région)
Sandoyartunnilin
Sandoyra
Sandoz
Sandoz_(homonymie)
Sandoz_-_Fondation_de_Famille
Sandpiper_565
Sandpits_British_Cemetery
Sandpoint
Sandra
Sandra,_princesse_rebelle
Sandra-Helena_Ribeiro-Homo
Sandra-Jessica_Koban
Sandra_"Sandy"_Ecureuil
Sandra_(chanteuse)
Sandra_(film)
Sandra_(film,_1965)
Sandra_(logiciel)
Sandra_Ablamba_Johnson
Sandra_Adair
Sandra_Aguilar
Sandra_Alland
Sandra_Allen
Sandra_Amani
Sandra_Angelia
Sandra_Angelia_Hadisiswantoro
Sandra_Ann_Lauer
Sandra_Annenberg
Sandra_Annette_Bullock
Sandra_Antonio
Sandra_Arenas
Sandra_Arévalo
Sandra_Auffarth
Sandra_Azon
Sandra_Azón
Sandra_Barneda
Sandra_Barry
Sandra_Barwick
Sandra_Bastos
Sandra_Bekkari
Sandra_Bem
Sandra_Benes
Sandra_Bernhard
Sandra_Bertin
Sandra_Bessudo
Sandra_Beuvière
Sandra_Biedron
Sandra_Biernatek
Sandra_Blazic
Sandra_Blažić
Sandra_Bonnet
Sandra_Borderieux
Sandra_Boser
Sandra_Botha
Sandra_Boëlle
Sandra_Braz
Sandra_Braz_Bastos
Sandra_Bretones
Sandra_Bretonès
Sandra_Brewster
Sandra_Brondello
Sandra_Brown
Sandra_Bullock
Sandra_Cacic
Sandra_Calaputti
Sandra_Caldarone
Sandra_Cam
Sandra_Carolina_Luesse
Sandra_Carolina_Pavón
Sandra_Cassel
Sandra_Ceccarelli
Sandra_Cecchini
Sandra_Chambers
Sandra_Chase_:_Une_innocente_en_prison
Sandra_Chevrier
Sandra_Chick
Sandra_Church
Sandra_Ciesek
Sandra_Cisneros
Sandra_Citte
Sandra_Citté
Sandra_Collantes
Sandra_Colombo
Sandra_Corveloni
Sandra_Couture
Sandra_Cretu
Sandra_Crețu
Sandra_Cummings-Glover
Sandra_Day_O'Connor
Sandra_Day_O'connor
Sandra_Day_O’Connor
Sandra_Dee
Sandra_Denton
Sandra_Diaz
Sandra_Dijon
Sandra_Dijon-Gerardin
Sandra_Dijon-Gérardin
Sandra_Dimbour
Sandra_Dodet
Sandra_Douglas
Sandra_Dra
Sandra_Drabik
Sandra_Droucker
Sandra_Drouhet
Sandra_Drouker
Sandra_Dumaresq
Sandra_Díaz
Sandra_Díaz_(biologiste)
Sandra_Echeverria
Sandra_Echeverría
Sandra_Eleta
Sandra_Eriksson
Sandra_Escacena
Sandra_Escher
Sandra_Fabara
Sandra_Faber
Sandra_Farmand
Sandra_Farmer
Sandra_Farmer-Patrick
Sandra_Ferger
Sandra_Ferguson
Sandra_Forgues
Sandra_Freeman
Sandra_Frei
Sandra_Friedli
Sandra_G._Harding
Sandra_Gasparini
Sandra_Gasser
Sandra_Giles
Sandra_Gini
Sandra_Glover
Sandra_Goldbacher
Sandra_Golpe
Sandra_Gomis
Sandra_Good
Sandra_Gould
Sandra_Govinden
Sandra_Graf
Sandra_Guaita_Esteruelas
Sandra_H._Magnus
Sandra_Harding
Sandra_Hegedüs
Sandra_Hegedüs_Mulliez
Sandra_Hermida_Muñiz
Sandra_Hess
Sandra_Houben-Meessen
Sandra_Hueller
Sandra_Huller
Sandra_Hüller
Sandra_Izbasa
Sandra_Izbaza
Sandra_Izbaşa
Sandra_Izbașa
Sandra_Izsadore
Sandra_James
Sandra_Jayat
Sandra_Jenkins
Sandra_Julien
Sandra_Jullien
Sandra_Kalniete
Sandra_Keith
Sandra_Kim
Sandra_Kiriasis
Sandra_Kleinova
Sandra_Kleinová
Sandra_Klemenschits
Sandra_Klose
Sandra_Klösel
Sandra_Knapp
Sandra_Knight
Sandra_Kobanovitch
Sandra_Kociniewski
Sandra_Korol
Sandra_Kratz-Schumacher
Sandra_L._Baldauf
Sandra_Labastie
Sandra_Laoura
Sandra_Laugier
Sandra_Lavorel
Sandra_Lawson
Sandra_LeDréan
Sandra_Le_Couteur
Sandra_Le_Drean
Sandra_Le_Dréan
Sandra_Le_Poole
Sandra_Lee
Sandra_Lerner
Sandra_Levenez
Sandra_Linkeviciene
Sandra_Linkeviƒ?ienƒó
Sandra_Lister
Sandra_Locher_Benguerel
Sandra_Lou
Sandra_Louw
Sandra_Lovelace_Nicholas
Sandra_Lucbert
Sandra_Luesse
Sandra_Lynch
Sandra_M._Faber
Sandra_Mackey
Sandra_Magnus
Sandra_Majani
Sandra_Mandir
Sandra_Marsaud
Sandra_Mason
Sandra_Mattie
Sandra_Mayotte
Sandra_Mbuyi
Sandra_McCoy
Sandra_Melchin
Sandra_Milo
Sandra_Milovanoff
Sandra_Milowanoff
Sandra_Minnert
Sandra_Mo_&_Jan_Gregor
Sandra_Modiano
Sandra_Mondaini
Sandra_Moneo
Sandra_Moore_Faber
Sandra_Moreno
Sandra_Morgan
Sandra_Morin
Sandra_Moussempès
Sandra_Mulliez
Sandra_Myers
Sandra_Nacuk
Sandra_Naeslund
Sandra_Naranjo
Sandra_Nasic
