Saint_Jean_l'Évangéliste_(Francesco_Furini)
Saint_Jean_l'Évangéliste_(Le_Greco)
Saint_Jean_l'Évangéliste_et_Saint_Augustin
Saint_Jean_l'Évangéliste_et_saint_Augustin
Saint_Jean_l'Évangéliste_à_Patmos
Saint_Jean_l'Évangéliste_à_Patmos_(Bosch)
Saint_Jean_l'Évangéliste_à_Patmos_(Bosh)
Saint_Jean_le_Blanc
Saint_Jean_le_Vieux
Saint_Jean_les_Deux_Jumeaux
Saint_Jean_les_deux_Jumeaux
Saint_Jean_sur_Tourbe
Saint_Jean_à_Patmos_(Bosch)
Saint_Jean_à_Patmos_(Vélasquez)
Saint_Jeannet
Saint_Jerome_(Leonard_de_Vinci)
Saint_Jhn
Saint_Jo
Saint_Joachim
Saint_Joachimsthal
Saint_Joan
Saint_Joan_(film)
Saint_Joannice_le_Grand
Saint_Joaquim_du_Mas_Perer
Saint_Joaquina_Vedruna
Saint_Job
Saint_John
Saint_John's
Saint_John's_(Ile_de_Man)
Saint_John's_(homonymie)
Saint_John's_(Ãle_de_Man)
Saint_John's_(île_de_Man)
Saint_John's_Bay
Saint_John's_Island
Saint_John's_Red_Storm
Saint_John's_Seminary_(Massachusetts)
Saint_John's_University,_New_York
Saint_John's_University_(New_York)
Saint_John-Est
Saint_John-Fundy
Saint_John_(Antigua-et-Barbuda)
Saint_John_(Barbade)
Saint_John_(Dakota_du_Nord)
Saint_John_(Dominique)
Saint_John_(Indiana)
Saint_John_(Kansas)
Saint_John_(Nouveau-Brunswick)
Saint_John_(circonscription)
Saint_John_(circonscription_federale)
Saint_John_(circonscription_fédérale)
Saint_John_(circonscription_provinciale)
Saint_John_(Ãles_Vierges_amÃ©ricaines)
Saint_John_(Ãles_Vierges_des_Ã‰tats-Unis)
Saint_John_(îles_Vierges_des_États-Unis)
Saint_John_Ambulance
Saint_John_Centre_(circonscription_provinciale)
Saint_John_County_(circonscription_provinciale)
Saint_John_Harbour
Saint_John_Lancaster
Saint_John_Perse
Saint_John_Plantation
Saint_John_Plantation_(Maine)
Saint_John_Portland
Saint_John_River
Saint_John_Sea_Dogs
Saint_John_of_Las_Vegas
Saint_Johns
Saint_Johns_(Arizona)
Saint_Johns_(circonscription_électorale)
Saint_Johns_(fleuve)
Saint_Johnsbury
Saint_Johnstone
Saint_Johnstone_FC
Saint_Johnstone_Football_Club
Saint_John—Rothesay
Saint_John’s
Saint_Jory
Saint_Jory_de_Chalais
Saint_Josaphat
Saint_Josaphat_(Inde)
Saint_Josaphat_Koncevitch
Saint_Josaphat_Koncévitch
Saint_Joseph
Saint_Joseph's_College,_Hunters_Hill
Saint_Joseph's_College,_New_York
Saint_Joseph's_College_(New_York)
Saint_Joseph's_Football_Club
Saint_Joseph's_Hawks
Saint_Joseph's_Institution
Saint_Joseph's_University
Saint_Joseph_(Barbade)
Saint_Joseph_(Missouri)
Saint_Joseph_(Ribera)
Saint_Joseph_(Tennessee)
Saint_Joseph_Calasanz
Saint_Joseph_Marchand
Saint_Joseph_charpentier
Saint_Joseph_de_Cupertino
Saint_Joseph_de_Fakarava
Saint_Josse
Saint_Josémaria
Saint_Jouin_de_Marnes
Saint_Jovite
Saint_Jude
Saint_Judicael
Saint_Judicaël
Saint_Judoc
Saint_Judulus
Saint_Jules
Saint_Julien
Saint_Julien_de_Brioude
Saint_Julien_de_Magnant
Saint_Julien_de_l'Herms
Saint_Julien_du_Mans
Saint_Julien_en_Jarez
Saint_Julien_les_Martigues
Saint_Julien_sur_Cher
Saint_Junien
Saint_Just
Saint_Just_(album)
Saint_Just_(archevêque_de_Lyon)
Saint_Just_(groupe)
Saint_Just_Saint_Rambert
Saint_Just_d'Avray
Saint_Just_de_Bretenieres
Saint_Just_de_Bretenières
Saint_Just_et_Saint_Pasteur
Saint_Just_et_saint_Pasteur
Saint_Juste
Saint_Justin
Saint_Justin_le_Martyr
Saint_Justus
Saint_Juvenal_de_Narni
Saint_Juvin
Saint_Jérome_(Léonard_de_Vinci)
Saint_Jérémie
Saint_Jérôme
Saint_Jérôme,_sainte_Barbe_et_saint_Antoine_abbé
Saint_Jérôme_(Botticelli)
Saint_Jérôme_(Le_Greco)
Saint_Jérôme_(Léonard_de_Vinci)
Saint_Jérôme_dans_le_désert_(Mantegna)
Saint_Jérôme_dans_sa_cellule
Saint_Jérôme_dans_son_étude
Saint_Jérôme_dans_son_étude_(Antonello_de_Messine)
Saint_Jérôme_dans_son_étude_(Domenico_Ghirlandaio)
Saint_Jérôme_dans_son_étude_(Dürer)
Saint_Jérôme_dans_son_étude_(van_Eyck)
Saint_Jérôme_en_méditation
Saint_Jérôme_en_méditation_(Piero_di_Cosimo)
Saint_Jérôme_en_prière
Saint_Jérôme_en_prière_(Bosch)
Saint_Jérôme_en_pénitence
Saint_Jérôme_en_pénitence_(Titien,_1552)
Saint_Jérôme_en_pénitence_(Titien,_1575)
Saint_Jérôme_et_Sainte_Marie-Madeleine
Saint_Jérôme_et_le_donateur_Girolamo_Amadi
Saint_Jérôme_et_sainte_Marie-Madeleine
Saint_Jérôme_le_royal
Saint_Jérôme_lisant_avec_saint_Christophe_et_saint_Louis_de_Toulouse
Saint_Jérôme_pénitent
Saint_Jérôme_pénitent_(Dürer)
Saint_Jérôme_pénitent_(Georges_de_La_Tour)
Saint_Jérôme_pénitent_(La_Tour)
Saint_Jérôme_pénitent_(Lotto)
Saint_Jérôme_écrivant
Saint_Jérôme_écrivant_(1606)
Saint_Jérôme_écrivant_(1607)
Saint_Jérôme_écrivant_(Le_Caravage,_La_Valette)
Saint_Jérôme_écrivant_(Le_Caravage,_Rome)
Saint_Kea
Saint_Keith
Saint_Kenan_de_Damieag
Saint_Kentigern
Saint_Kevin
Saint_Kevin's_Way
Saint_Kieran
Saint_Kieran_de_Clonmacnoise
Saint_Kieran_de_Saighir
Saint_Kilda
Saint_Kilian
Saint_Kinède
Saint_Kirec
Saint_Kirecq
Saint_Kireg
Saint_Kitts
Saint_Kitts_and_Nevis
Saint_Kitts_and_Nevis_Defence_Force
Saint_Kitts_et_Nevis
Saint_Kizito
Saint_Kongar
Saint_Ké-Collédoc
Saint_Ladislas
Saint_Lambert
Saint_Lambert_de_Vence
Saint_Landelin
Saint_Landelin_(bière)
Saint_Landon
Saint_Landri
Saint_Landry
Saint_Langui
Saint_Languis
Saint_Lary
Saint_Lary_Soulan
Saint_Lasserian
Saint_Latuin
Saint_Laud
Saint_Laudulphe_d'Évreux
Saint_Laur
Saint_Laurent
Saint_Laurent,_Saint-Laurent_Imbert
Saint_Laurent_(Grenoble)
Saint_Laurent_(cépage)
Saint_Laurent_(film)
Saint_Laurent_(municipalité_rurale)
Saint_Laurent_Imbert
Saint_Laurent_Paris
Saint_Laurent_de_Cantorbery
Saint_Laurent_de_Cerdans
Saint_Laurent_de_Trèves
Saint_Laurent_de_la_côte
Saint_Laurent_devant_Valérien
Saint_Laurent_distribue_l'aumône
Saint_Laurent_du_Maroni
Saint_Laurent_du_Pont
Saint_Laurent_du_Var
Saint_Laurent_en_Beaumont
Saint_Laurent_reçoit_les_trésors_de_l'Église
Saint_Laurent_rive_gauche
Saint_Laurent_sur_Mer
Saint_Laurent_sur_Save
Saint_Laurent_sur_le_gril
Saint_Laurien
Saint_Lautein
Saint_Lawrence
Saint_Lawrence_(Pennsylvanie)
Saint_Lawrence_River
Saint_Lazare
Saint_Lazare_des_Arméniens
Saint_Lazarre_des_Arméniens
Saint_Leger
Saint_Leon_Luc
Saint_Leonce
Saint_Lesmes
Saint_Leu
Saint_Leu_d’Esserent
Saint_Leu_la_Forêt
Saint_Leudin
Saint_Lewis
Saint_Liberal
Saint_Libert
Saint_Liboire
Saint_Lifard
Saint_Lin
Saint_Livier
Saint_Lizier
Saint_Lié
Saint_Liévin
Saint_Lo
Saint_Lohan
Saint_Lohen
Saint_Loin_la_mauderne
Saint_Longin
Saint_Lothain
Saint_Lothaire
Saint_Louan
Saint_Loubouer
Saint_Louen
Saint_Louet
Saint_Louis
Saint_Louis,_roi_de_France,_et_un_page
Saint_Louis-Joseph_Wiaux
Saint_Louis-Marie_Grignion_de_Montfort
Saint_Louis_(El_Greco)
Saint_Louis_(Le_Goff)
Saint_Louis_(Michigan)
Saint_Louis_(Missouri)
Saint_Louis_(Seychelles)
Saint_Louis_(cours_à_Marseille)
Saint_Louis_(paquebot)
Saint_Louis_(rivière)
Saint_Louis_Art_Museum
Saint_Louis_Athletica
Saint_Louis_Bertrand
Saint_Louis_Billikens
Saint_Louis_Blandford
Saint_Louis_Bombers
Saint_Louis_Cardinals
Saint_Louis_FC
Saint_Louis_Football_Club
Saint_Louis_Gonzague
Saint_Louis_Hawks
Saint_Louis_Jimmy
Saint_Louis_Marie_Grignon_de_Montfort
Saint_Louis_MetroLink
Saint_Louis_Orione
Saint_Louis_Park
Saint_Louis_River
Saint_Louis_Science_Center
Saint_Louis_Sucre
Saint_Louis_Symphony_Orchestra
Saint_Louis_University
Saint_Louis_blues
Saint_Louis_d'Anjou
Saint_Louis_d'Antin
Saint_Louis_de_France
Saint_Louis_de_Gonzague
Saint_Louis_de_Toulouse
Saint_Louis_des_Français
Saint_Louis_du_Nord
Saint_Louis_et_Sainte_Zélie_Martin
Saint_Loup
Saint_Loup_de_Ferrières
Saint_Loup_de_Limoges
Saint_Louvent
Saint_Lu
Saint_Luan
Saint_Lubin
Saint_Luc
Saint_Luc_(Le_Greco)
Saint_Luc_dessinant_la_Vierge
Saint_Luc_peignant_la_Vierge
Saint_Luc_peignant_la_Vierge_(Giordano)
Saint_Luc_peignant_la_Vierge_(Maarten_van_Heemskerck)
Saint_Luc_peignant_la_Vierge_(Vasari)
Saint_Lucia
Saint_Lucien
Saint_Lucy
Saint_Lucy_(Barbade)
Saint_Ludan
Saint_Luke's_Tower
Saint_Lumine_de_Coutais
Saint_Lunaire
Saint_Lundi
Saint_Lupien
Saint_Lussorio
Saint_Léandre
Saint_Lébuin
Saint_Léger
Saint_Léger_de_Montbrun
Saint_Léger_des_Trotteurs
Saint_Léger_en_Charnie
Saint_Léobard
Saint_Léobon
Saint_Léon
Saint_Léon-Ignace_Mangin
Saint_Léon_IX
Saint_Léon_Luc
Saint_Léon_de_Carentan
Saint_Léon_le_Grand
Saint_Léonard
Saint_Léonard_de_Noblat
Saint_Léonce
Saint_Léopold
Saint_Léry
Saint_Lézin
Saint_Lô
Saint_Macaire
Saint_Macaire_de_Jérusalem
Saint_Maclou
Saint_Maclou_(enseigne)
Saint_Maclou_(entreprise)
Saint_Maclow
Saint_Maden
Saint_Maeoc
Saint_Magloire
Saint_Mahouarn
Saint_Maimboeuf
Saint_Maime
Saint_Mainboeuf
Saint_Maire
Saint_Malachie
Saint_Malo
Saint_Malo_(Louisiane)
Saint_Mamert
Saint_Mamet
Saint_Mammès
Saint_Mandrier
Saint_Mandé
Saint_Mang
Saint_Mansuy
Saint_Manteau
Saint_Manvieu
Saint_Manvieu_Bocage
Saint_Marc
Saint_Marc_(Mantegna)
Saint_Marc_(lessive)
Saint_Marc_en_majesté
Saint_Marc_l'Évangéliste
Saint_Marc_sauvant_l’esclave
Saint_Marc_sur_Mer
Saint_Marcan
Saint_Marcel
Saint_Marcel_évêque_de_Paris
Saint_Marcellin
Saint_Marcellin_Champagnat
Saint_Marcellin_d'Embrun
Saint_Marcouf
Saint_Marcoul
Saint_Marcoult
Saint_Mard
Saint_Margarets
Saint_Margarets_(Ãle-du-Prince-Ã‰douard)
Saint_Margrethen
Saint_Mari
Saint_Marien
Saint_Maries
Saint_Maries_(Idaho)
Saint_Marin
Saint_Marin_(homonymie)
Saint_Marinus
Saint_Marius
Saint_Mark's_Church
Saint_Maron
Saint_Marsus
Saint_Martial
Saint_Martin
Saint_Martin's_School_of_Art
Saint_Martin-des-Champs
Saint_Martin_(homonymie)
Saint_Martin_Belle_Roche
Saint_Martin_Luc_Huin
Saint_Martin_Rivière
Saint_Martin_de_Crau
Saint_Martin_de_Fontenay
Saint_Martin_de_France
Saint_Martin_de_Lavail
Saint_Martin_de_Lerm
Saint_Martin_de_Ré
Saint_Martin_de_Seignanx
Saint_Martin_de_Tours
Saint_Martin_de_Valgalgues
Saint_Martin_de_Vertou
Saint_Martin_de_l'If
Saint_Martin_des_Champs_(Yvelines)
Saint_Martin_des_Entrées
Saint_Martin_du_Canigou
Saint_Martin_du_Puy
Saint_Martin_du_Touch
Saint_Martin_et_le_Mendiant
Saint_Martin_et_le_Mendiant_(El_Greco)
Saint_Martin_et_le_Mendiant_(Le_Greco)
Saint_Martin_et_le_Mendiant_(van_Dyck)
Saint_Martin_jaune
Saint_Martin_la_Garenne
Saint_Martin_la_Pallu
Saint_Martin_le_Beau
Saint_Martiniano
Saint_Martinien
Saint_Martins_(Nouveau-Brunswick)
Saint_Mary
Saint_Mary's
Saint_Mary's_(Alaska)
Saint_Mary's_(Première_nation)
Saint_Mary's_(première_nation)
Saint_Mary's_24
Saint_Mary's_College
Saint_Mary's_College_of_California
Saint_Mary's_School_of_Yala
Saint_Mary's_Township_(Missouri)
Saint_Mary_(Nouveau-Brunswick)
Saint_Mary_Out_Liberty
Saint_Mary_Peak_Lookout
Saint_Mary_Ranger_Station
Saint_Mary_Reservoir
Saint_Mary_Visitor_Center
Saint_Mary_Visitor_Center,_Entrance_Station_and_Checking_Stations
Saint_Marys
Saint_Marys_(Géorgie)
Saint_Marys_(Nouveau-Brunswick)
Saint_Marys_(Pennsylvanie)
Saint_Marys_(Virginie-Occidentale)
Saint_Marys_(fleuve)
Saint_Marys_Bay
Saint_Marys_Point
Saint_Marys_Road
Saint_Marys_Township
Saint_Materne
Saint_Maternien
Saint_Mathias
Saint_Mathieu
Saint_Mathieu_(Michel-Ange)
Saint_Mathieu_et_l'Ange_(Rembrandt)
Saint_Mathurin
Saint_Matthews
Saint_Matthews_(Caroline_du_Sud)
Saint_Matthews_(Kentucky)
Saint_Matthias
Saint_Matthieu
Saint_Matthieu_(Michel-Ange)
Saint_Matthieu_et_l'Ange
Saint_Matthieu_et_l'Ange_(Guido_Reni)
Saint_Matthieu_et_l'Ange_(Rembrandt)
Saint_Matthieu_et_l'Ange_(Savoldo)
Saint_Matthieu_et_l'Ange_(homonymie)
Saint_Matthieu_et_l'ange
Saint_Maud
Saint_Maudet
Saint_Maudez
Saint_Maugan
Saint_Maur
Saint_Maur_(homonymie)
Saint_Maurant
Saint_Maure
Saint_Maurice
Saint_Maurice-ès-Allier
Saint_Maurice_(Seine-et-Oise)
Saint_Maurice_Pellevoisin_(metro_lillois)
Saint_Maurice_Pellevoisin_(métro_de_Lille)
Saint_Maurice_Pellevoisin_(métro_lillois)
Saint_Maurice_Transport_Company
Saint_Maurice_d'Agaune
Saint_Maurice_de_Beynost
Saint_Maurice_l'Exil
Saint_Maurice_sur_Eygues
Saint_Maurice_Étusson
Saint_Maurille
Saint_Mauxe
Saint_Maxime
Saint_Maxime_le_Confesseur
Saint_Maximilien
Saint_Maximilien_Kolbe
Saint_Maximilien_de_Theveste
Saint_Maximin
Saint_Maximin_de_Trèves
Saint_Maximus
Saint_Mayeul
Saint_Mayeux
Saint_Maëc
Saint_Maïeul
Saint_Medard
Saint_Meen
Saint_Meinrad
Saint_Melaine
Saint_Mellec
Saint_Mellon
Saint_Menas
Saint_Menehould
Saint_Menou
Saint_Menoux
Saint_Menulphe
Saint_Merd_la_Breuil
Saint_Merd_les_Oussines
Saint_Meriasek
Saint_Merry
Saint_Mesmin
Saint_Mesmin_l'ancien
Saint_Mesrop
Saint_Mic
Saint_Michael
Saint_Michael's_College
Saint_Michael's_Mount
Saint_Michael_(Barbade)
Saint_Michael_(Pennsylvanie)
Saint_Michaels_(Maryland)
Saint_Michaels_Township
Saint_Michel
Saint_Michel_Archange
Saint_Michel_United
Saint_Michel_United_Football_Club
Saint_Michel_archange
Saint_Michel_avait_un_coq
Saint_Michel_chef_chef
Saint_Michel_d'Ouenzé
Saint_Michel_de_Cuixà
Saint_Michel_de_Maurienne
Saint_Michel_de_Mayumo
Saint_Michel_de_Tchernigoff
Saint_Michel_de_Tchernigov
Saint_Michel_des_Saints
Saint_Michel_en_Grève
Saint_Michel_et_le_Dragon
Saint_Michel_et_le_Dragon_(Raphaël)
Saint_Michel_terrassant_le_démon
Saint_Mieux
Saint_Mihiel
Saint_Miliau
Saint_Milliau
Saint_Miniatus
Saint_Miog
Saint_Miquel_de_Forques
Saint_Mirin
Saint_Mirren
Saint_Mirren_Football_Club
Saint_Mitre
Saint_Modeste
Saint_Modeste_(de_Jérusalem)
Saint_Momble
Saint_Mommelin
Saint_Mommolin
Saint_Mondry
Saint_Monon
Saint_Mont_des_Alpes
Saint_Monulphe
Saint_Moritz
Saint_Mornrod
Saint_Mors
Saint_Mors_(Carpentras)
Saint_Motel
Saint_Mungo
Saint_Mungo_Cup
Saint_Méard
Saint_Méaugon
Saint_Médan
Saint_Médard
Saint_Médard_d'Eyrans
Saint_Médard_de_Noyon
Saint_Médard_en_Jalles
Saint_Médard_rugby_club
Saint_Médéric
Saint_Méen
Saint_Mégalomartyr_Isidore
Saint_Mégalomartyr_Panteleïmon
Saint_Mélaine
Saint_Mélar
Saint_Méloir
Saint_Ménas
Saint_Mérault
Saint_Mériadec
Saint_Méven
Saint_Même_les_Carrières
Saint_Môret
Saint_Nabor
Saint_Nabord_(homonymie)
Saint_Namphase
Saint_Napoléon
Saint_Narcisse
Saint_Narcisse_de_Jérusalem_(29_octobre)
Saint_Nazaire
Saint_Nazaire_(Gard)
Saint_Nazaire_(martyr)
Saint_Nazarius
Saint_Nectaire
Saint_Nectaire_d'Égine
Saint_Nectan
Saint_Nerin
Saint_Nic
Saint_Nicaise
Saint_Nicephore
Saint_Nicet_(alias_Saint_Nizier)
Saint_Nicholas
Saint_Nicholas_Avenue
Saint_Nicholas_Avenue_(Manhattan)
Saint_Nicodème
Saint_Nicodème_l'Hagiorite
Saint_Nicolas
Saint_Nicolas_(Waes)
Saint_Nicolas_(vapeur)
Saint_Nicolas_Pèlerin
Saint_Nicolas_arrêtant_le_bourreau
Saint_Nicolas_de_Bari
Saint_Nicolas_de_Bourgueil
Saint_Nicolas_de_Flüe
Saint_Nicolas_de_Myre
Saint_Nicolas_de_la_Grave
Saint_Nicolas_des_étudiants
Saint_Nicolas_du_Pélem
Saint_Nicolas_en_Forêt
Saint_Nicolas_le_Thaumaturge_(icône)
Saint_Nicéphore
Saint_Nikolai_du_Japon
Saint_Nil
Saint_Ninian
Saint_Nivard
Saint_Nizier
Saint_Niçaise
Saint_Nom_de_Marie
Saint_Nom_la_Bretèche
Saint_Nonna
Saint_Nonnus
Saint_Norbert
Saint_Norbert_de_Xanten
Saint_Noël_Chabanel
Saint_Néven
Saint_Néventer
Saint_Octave
Saint_Octavien
Saint_October
Saint_Odilon
Saint_Odon
Saint_Odulphe
Saint_Of_Me
Saint_Offange
Saint_Office
Saint_Olaf
Saint_Olav_II
Saint_Olivier
Saint_Olivier_Plunket
Saint_Olivier_d'Ancône
Saint_Ombilic
Saint_Omer
Saint_Omer_(Pas_de_Calais)
Saint_Omer_de_Blain
Saint_Onna
Saint_Onuphre
Saint_Onuphre_(l'anachorete)
Saint_Onuphre_(l'anachorète)
Saint_Onuphre_de_Tirnovo
Saint_Onésime
Saint_Optat
Saint_Oradoux_de_Chirouze
Saint_Ordre_de_l'Aube_Dorée
Saint_Ordre_de_l'Aube_dorée
Saint_Ordre_de_l'aube_doree
Saint_Ordre_de_l'aube_dorée
Saint_Orens_de_Gameville
Saint_Orens_d’Auch
Saint_Oreste
Saint_Ortaire
Saint_Osmond
Saint_Oswald
Saint_Otger
Saint_Ouen
Saint_Ouen_l'Aumone
Saint_Ouen_l'Aumône
Saint_Ouen_l’Aumône
Saint_Ourlou
Saint_Ours
Saint_Ours_de_Burano
Saint_Oury
Saint_Outrille
Saint_Owen
Saint_Oyand
Saint_Oyen
Saint_Oyn
Saint_Paban
Saint_Pabu
Saint_Pacôme
Saint_Padre_Pio
Saint_Pagne
Saint_Pair
Saint_Pal_de_Mons
Saint_Palais
Saint_Pamphile_de_Césarée
Saint_Pancrace
Saint_Pantaleon
Saint_Pantaléon
Saint_Pantaléon_de_Larche
Saint_Pantaléon_les_Vignes
Saint_Pantéleimon
Saint_Pardoux
Saint_Pardoux_de_Feix
Saint_Parfait
Saint_Paris_(Ohio)
Saint_Parres_aux_Tertres
Saint_Pascal
Saint_Pasteur
Saint_Patern
Saint_Patern_(évêque_de_Vannes)
Saint_Paterne
Saint_Paterne_(évêque_de_Vannes)
Saint_Paterne_-_Le_Chevain
Saint_Paterne_de_Montrond
Saint_Patient
Saint_Patient_de_Lyon
Saint_Patient_de_Metz
Saint_Patrice
Saint_Patrick
Saint_Patrick's_Day
Saint_Patron
Saint_Paul
Saint_Paul's_(Sainte-Hélène)
Saint_Paul's_Bay
Saint_Paul's_within_the_Walls
Saint_Paul-Serge
Saint_Paul_(Alaska)
Saint_Paul_(Giotto,_Assise)
Saint_Paul_(Indiana)
Saint_Paul_(Michel-Ange)
Saint_Paul_(Minnesota)
Saint_Paul_(Minnesota)_Police_Department
Saint_Paul_(Nebraska)
Saint_Paul_(Vélasquez)
Saint_Paul_(comté_de_Collin,_Texas)
Saint_Paul_Bay
Saint_Paul_Denn
Saint_Paul_Dong
Saint_Paul_L'Ermite
Saint_Paul_Miki
Saint_Paul_Sports_Rugby
Saint_Paul_Sunday
Saint_Paul_Tchen
Saint_Paul_de_Tarse
Saint_Paul_de_la_Plaine_(Saint-Denis)
Saint_Paul_l'apôtre
Saint_Paul_les_Dax
Saint_Paul_lès_Durance
Saint_Paulin
Saint_Paulin_de_Nole
Saint_Paulin_libérant_l'esclave
Saint_Pepsi
Saint_Pergad
Saint_Pergat
Saint_Pergobat
Saint_Perpet
Saint_Perpète
Saint_Perreux
Saint_Pete_Beach
Saint_Peter
Saint_Peter-Muenster
Saint_Peter_(Barbade)
Saint_Peter_(Illinois)
Saint_Peter_(Minnesota)
Saint_Peter_(Montserrat)
Saint_Peter_Port
Saint_Peter_and_Saint_Paul
Saint_Peters
Saint_Peters_(Missouri)
Saint_Petersbourg
Saint_Petersburg
Saint_Petersburg-Vyborg_railroad
Saint_Petersburg_(Pennsylvanie)
Saint_Petersburg_Bowl
Saint_Petersburg_Mathematical_Society
Saint_Petersburg_Stock_Exchange
Saint_Petroc
Saint_Petronius_(Michel-Ange)
Saint_Phal
Saint_Phalier
Saint_Phanourios
Saint_Philbert_de_Grand-Lieu
Saint_Philibert
Saint_Philibert_(évêque)
Saint_Philip
Saint_Philip_(Barbade)
Saint_Philippe
Saint_Philippe_Néri
Saint_Philémon
Saint_Phocas
Saint_Photin
Saint_Phébade
Saint_Piat
Saint_Pie
Saint_Pie_(Michel-Ange)
Saint_Pie_Ier
Saint_Pie_V
Saint_Pie_X
Saint_Pie_de_Pietrelcina
Saint_Pierre
Saint_Pierre-Julien_Eymard
Saint_Pierre-Roche
Saint_Pierre-aux-Liens
Saint_Pierre_(Assise)
Saint_Pierre_(Le_Greco)
Saint_Pierre_(Michel-Ange)
Saint_Pierre_Chanel
Saint_Pierre_Chrysologue
Saint_Pierre_Célestin
Saint_Pierre_Fourier
Saint_Pierre_Lafeuille
Saint_Pierre_Le_Jeune
Saint_Pierre_Nolasque
Saint_Pierre_and_Miquelon
Saint_Pierre_apôtre
Saint_Pierre_de_Caubel
Saint_Pierre_de_Chartreuse
Saint_Pierre_de_Mésage
Saint_Pierre_de_Plesguen
Saint_Pierre_de_Rome
Saint_Pierre_de_Tarentaise
Saint_Pierre_de_la_Réunion
Saint_Pierre_dels_Forcats
Saint_Pierre_des_Corps
Saint_Pierre_du_Jonquet
Saint_Pierre_en_prison_est_visité_par_saint_Paul
Saint_Pierre_et_Miquelon
Saint_Pierre_et_Saint_Paul_(Le_Greco)
Saint_Pierre_guérit_les_malades_avec_son_ombre
Saint_Pierre_le_Moutier
Saint_Pierre_le_Moûtier
Saint_Pierre_les_Nemours
Saint_Pierre_libéré_de_prison
Saint_Pierre_martyr
Saint_Piran
Saint_Pirmin
Saint_Placide
Saint_Placide_(homonymie)
Saint_Plechelm
Saint_Pol
Saint_Pol_Aurélien
Saint_Pol_de_Léon
Saint_Pol_sur_Ternoise
Saint_Polycarpe
Saint_Polycarpe_de_Smyrne
Saint_Ponce
Saint_Poncy
Saint_Pons
Saint_Poppon
Saint_Potentien
Saint_Potentinus
Saint_Pothin
Saint_Potit
Saint_Pourçain
Saint_Prepuce
Saint_Preux
Saint_Priest
Saint_Primel
Saint_Prince
Saint_Privat
Saint_Privat_en_Périgord
Saint_Prix
Saint_Prix_(Marne)
Saint_Prix_(Val_d'Oise)
Saint_Proclus_(Michel-Ange)
Saint_Procope
Saint_Procule
Saint_Procule_(Michel-Ange)
Saint_Proculus
Saint_Proculus_(Michel-Ange)
Saint_Prosper
Saint_Protais
Saint_Prudence
Saint_Prudent
Saint_Pryvé_Saint_Mesmin
Saint_Préjet
Saint_Prépuce
Saint_Prétextat
Saint_Publius
Saint_Pudens
Saint_Python
Saint_Pèlerin
Saint_Pé_de_Bigorre
Saint_Pée_sur_Nivelle
Saint_Pélage
Saint_Pépin
Saint_Péran
Saint_Pérec
Saint_Pérone_(Michel-Ange)
Saint_Pérégrin
Saint_Pétersbourg
Saint_Pétroc
Saint_Pétrone
Saint_Pétrone_(Michel-Ange)
Saint_Quadrat
Saint_Quay
Saint_Quay_Perros
Saint_Quenin
Saint_Quentin
Saint_Quentin_en_Yvelines
Saint_Quijeau
Saint_Quintien
Saint_Quirc
Saint_Quiricus
Saint_Quirin
Saint_Quirin_de_Neuss
Saint_Quodvultdeus
Saint_Racho_d'Autun
Saint_Ralph
Saint_Ralph_(film)
Saint_Ralph_Milner
Saint_Rambert
Saint_Rambert_d'Albon
Saint_Raoul
Saint_Raoul_de_Turenne
Saint_Raphael
Saint_Raphael-Geminiani
Saint_Raphael-Geminiani-Quinquina
Saint_Raphael-Gitane
Saint_Raphael-Helyet
Saint_Raphael-Helyett
Saint_Raphael-Helyett-Hutchinson
Saint_Raphaël
Saint_Raphaël-Hutchinson
Saint_Raphaël_Archange
Saint_Raphaël_Géminiani
Saint_Ratian
Saint_Raymond
Saint_Raymond_(musicien)
Saint_Regis
Saint_Regis_Mountain_Fire_Observation_Station
Saint_Regnobert
Saint_Regulus
Saint_Remacle
Saint_Remi
Saint_Remi_(évêque_de_Reims)
Saint_Remi_(évêque_de_Rouen)
Saint_Remy
Saint_Remy_la_Varenne
Saint_Remèze
Saint_Renan
Saint_Renaud
Saint_Rene
Saint_Rene_Goupil
Saint_Rene_d'Angers
Saint_Renobert
Saint_René
Saint_René_Goupil
Saint_René_d'Angers
Saint_Richard
Saint_Rieul
Saint_Rieul_de_Reims
Saint_Rieul_de_Senlis
Saint_Rigobert
Saint_Riok
Saint_Rioual
Saint_Riquier
Saint_Rivelin
Saint_Rivoal
Saint_Rivoaré
Saint_Riwall
Saint_Riware
Saint_Robert
Saint_Roch
Saint_Roch_intercède_auprès_de_la_Vierge_pour_la_guérison_des_pestiférés
Saint_Roch_intercédant_auprès_de_la_Vierge
Saint_Roch_intercédant_la_Vierge
Saint_Rogatien
Saint_Rogatien_de_Nantes
Saint_Roger
Saint_Roland
Saint_Romain
Saint_Romain_de_Condat
Saint_Romain_de_Jalionas
Saint_Romain_en_Gier
Saint_Roman
Saint_Romaric
Saint_Rombaut
Saint_Romolo
Saint_Romuald
Saint_Ronan
Saint_Rosaire
Saint_Rose_(Illinois)
Saint_Rose_Township_(comté_de_Clinton,_Illinois)
Saint_Rossore
Saint_Rouin
Saint_Ruelin
Saint_Ruf
Saint_Ruff
Saint_Rufin
Saint_Rufinien
Saint_Rupert
Saint_Rupert_de_Salzbourg
Saint_Ruricius
Saint_Rustique
Saint_Régent
Saint_Régis
Saint_Rémi
Saint_Rémy
Saint_Rémy_Isoré
Saint_Rémy_de_Provence
Saint_Rémy_sur_Bussy
Saint_Sabas
Saint_Sabin
Saint_Sacrement
Saint_Saens
Saint_Sahak
Saint_Salomon
Saint_Samson
Saint_Samuel
Saint_Sane
Saint_Sang
Saint_Sang_(relique)
Saint_Sané
Saint_Satur
Saint_Saturnin
Saint_Saturnin_de_Toulouse
Saint_Sauveur
Saint_Sauveur_de_Bergerac
Saint_Sauveur_en_Puisaye
Saint_Sava
Saint_Sava_II
Saint_Sava_National_College
Saint_Savin
Saint_Savinien
Saint_Savournin
Saint_Saëns
Saint_Seine
Saint_Seiya
Saint_Seiya,_épisode_G
Saint_Seiya:_Brave_Soldiers
Saint_Seiya:_Legend_of_Sanctuary
Saint_Seiya:_Les_Chevaliers_du_Zodiaque
Saint_Seiya:_Les_Chevaliers_du_Zodiaque_-_La_Bataille_du_Sanctuaire
Saint_Seiya:_Next_Dimension
Saint_Seiya:_Ougon_Densetsu
Saint_Seiya:_Saintia_Sho
Saint_Seiya:_Saintia_ShÅ?
Saint_Seiya:_Sanctuary_Battle
Saint_Seiya:_Soldier_Soul
Saint_Seiya:_Soldiers'_Soul
Saint_Seiya:_Soul_of_Gold
Saint_Seiya:_The_Lost_Canvas
Saint_Seiya:_The_Lost_Canvas_Chronicles
Saint_Seiya_(anime)
Saint_Seiya_(animé)
Saint_Seiya_(monde_imaginaire)
Saint_Seiya_(série_télévisée_d'animation)
Saint_Seiya_(univers_de_fiction)
Saint_Seiya_-_Le_temple_de_Lucifer
Saint_Seiya_-_Les_guerriers_d'Abel
Saint_Seiya_:_Hades
Saint_Seiya_:_Le_Sanctuaire
Saint_Seiya_:_Les_Chevaliers_du_Zodiaque
Saint_Seiya_:_Les_Chevaliers_du_Zodiaque_-_La_Bataille_du_Sanctuaire
Saint_Seiya_:_Les_Chevaliers_du_Zodiaque_-_Le_Sanctuaire
Saint_Seiya_:_Next_Dimension
Saint_Seiya_:_The_Lost_Canvas
Saint_Seiya_Episode_G
Saint_Seiya_G
Saint_Seiya_Hades_:_Elysion
Saint_Seiya_Hades_:_Inferno
Saint_Seiya_Hades_:_Le_Sanctuaire
Saint_Seiya_Hades_:_le_sanctuaire
Saint_Seiya_Lost_Canvas
Saint_Seiya_Next_Dimension
Saint_Seiya_Omega
Saint_Seiya_Senki
Saint_Seiya_Soul_of_Gold
Saint_Seiya_Tenkai-hen
Saint_Seiya_The_Lost_Canvas
Saint_Seiya_episode_G
Saint_Seiya_épisode_G
Saint_Selve
Saint_Senoch
Saint_Sepulcre
Saint_Serapion
Saint_Serapion_(Zurbaran)
Saint_Serenus
Saint_Serf
Saint_Serge
Saint_Sernin
Saint_Servais
Saint_Servan
Saint_Servin
Saint_Setni
Saint_Sever
Saint_Sever_(mort_v._407)
Saint_Sever_Calvados
Saint_Sevrin
Saint_Sezny
Saint_Sicaire
Saint_Sidoine
Saint_Siegfried
Saint_Sigebert
Saint_Sigisbert
Saint_Sigismond
Saint_Silouane_de_l'Athos
Saint_Silvain
Saint_Silvère
Saint_Simbert
Saint_Simeon
Saint_Simon
Saint_Simon_de_Rojas
Saint_Simplice
Saint_Simplicien
Saint_Siméon
Saint_Siméon_Stylite
Saint_Siméon_le_Stylite
Saint_Sinice
Saint_Sinner_(film)
Saint_Siviard
Saint_Sixte
Saint_Sixte_de_Reims
Saint_Siège
Saint_Sorlin_d'Arves
Saint_Sornin_Leulac
Saint_Souplet
Saint_Spire
Saint_Spiridion
Saint_Spiridon
Saint_Spyridon
Saint_Spère
Saint_Stamp
Saint_Stanislas
Saint_Stapin
Saint_Stephen
Saint_Stephen_(Paroisse)
Saint_Stéphane
Saint_Suaire
Saint_Suliac
Saint_Suliau
Saint_Sulpice
Saint_Sulpice-Sévère
Saint_Sulpice_de_Royan
Saint_Sulpice_le_Pieux
Saint_Sulpice_sur_Lèze
Saint_Sunniva
Saint_Suplice_de_Pommiers
Saint_Sword
Saint_Syagre
Saint_Sylvain
Saint_Sylvain_de_Gaza
Saint_Sylve
Saint_Sylvestre
Saint_Sylvestre-Cappel
Saint_Sylvestre_(album)
Saint_Symphorien_d’Ozon
Saint_Syméon
Saint_Syméon_le_Nouveau_Théologien
Saint_Synode
Saint_Sève
Saint_Sébastien
Saint_Sébastien_(Antonello_de_Messine)
Saint_Sébastien_(Botticelli)
Saint_Sébastien_(Espagne)
Saint_Sébastien_(Le_Bernin)
Saint_Sébastien_(Le_Pérugin,_Ermitage)
Saint_Sébastien_(Le_Pérugin,_Louvre)
Saint_Sébastien_(Le_Pérugin,_National_Museum)
Saint_Sébastien_(Le_Pérugin,_Nationalmuseum,_Stockholm)
Saint_Sébastien_(Louis-Alexandre_Bottée)
Saint_Sébastien_(Mantegna)
Saint_Sébastien_(Raphaël)
Saint_Sébastien_(Titien,_Ermitage)
Saint_Sébastien_(dessin_de_Vinci)
Saint_Sébastien_(homonymie)
Saint_Sébastien_Soigné_par_sainte_Irène
Saint_Sébastien_entre_les_saints_Roch_et_Pierre
Saint_Sébastien_et_Sainte_Apolline
Saint_Sébastien_et_sainte_Apolline
Saint_Sébastien_soigné_par_Irène
Saint_Sébastien_soigné_par_Irène_(Hendrick_ter_Brugghen)
Saint_Sébastien_soigné_par_sainte_Irène
Saint_Sénoch
Saint_Sépulchre
Saint_Sépulcre
Saint_Séraphim_de_Sarov
Saint_Sérapion
Saint_Sérapion_(Zurbarán)
Saint_Séverin
Saint_Séverin_de_Paris
Saint_Sévère
Saint_Tadec
Saint_Tancrède
Saint_Tanguy
Saint_Tarcisius
Saint_Tariec
Saint_Taurin
Saint_Teilo
Saint_Teliaw
Saint_Telo
Saint_Ternoc
Saint_Thaddée
Saint_Theodard
Saint_Theodore
Saint_Theodore_de_Marseille
Saint_Theresa's_Football_Club
Saint_Theresas_Football_Club
Saint_Therezien
Saint_Thernoc
Saint_Theudère
Saint_They
Saint_Thibaud
Saint_Thibault
Saint_Thibault_des_vignes
Saint_Thibaut
Saint_Thibaut_de_Provins
Saint_Thierry
Saint_Thivisiau
Saint_Thomas
Saint_Thomas-d'Aquin
Saint_Thomas_(Barbade)
Saint_Thomas_(Dakota_du_Nord)
Saint_Thomas_(La_Tour)
Saint_Thomas_(Ontario)
Saint_Thomas_(Velázquez)
Saint_Thomas_(Vélasquez)
Saint_Thomas_(Ãles_Vierges_amÃ©ricaines)
Saint_Thomas_(Ãles_Vierges_des_Ã‰tats-Unis)
Saint_Thomas_(îles_Vierges_des_États-Unis)
Saint_Thomas_Basket_Le_Havre
Saint_Thomas_Becket
Saint_Thomas_More
Saint_Thomas_d'Aquin
Saint_Thomas_de_Cantorbéry
Saint_Thomas_d’Aquin
Saint_Thomas_à_la_pique
Saint_Thorlak
Saint_Thuriau
Saint_Thuriau_(saint)
Saint_Thuribe
Saint_Thurien
Saint_Théarnec
Saint_Théleau
Saint_Thélio
Saint_Thélo
Saint_Thénénan
Saint_Théobald
Saint_Théodard
Saint_Théodard_de_Maastricht
Saint_Théodard_de_Narbonne
Saint_Théodore
Saint_Théodore_de_Marseille
Saint_Théodore_le_Grand_Ascète
Saint_Théodose
Saint_Théodule
Saint_Théoffrey
Saint_Théophile
Saint_Théophylacte
Saint_Timothée
Saint_Tite
Saint_Torpes
Saint_Torquat
Saint_Torquat_(homonymie)
Saint_Torè
Saint_Totnan
Saint_Treche
Saint_Tremeur
Saint_Trond
Saint_Tropez
Saint_Trophime
Saint_Trophime_d'Arles
Saint_Tryphon
Saint_Tryphon_de_Vyatka
Saint_Trèche
Saint_Trémeur
Saint_Tudec
Saint_Tudy
Saint_Tudy_(Saint)
Saint_Tudy_(navire)
Saint_Tugal
Saint_Tugdual
Saint_Tugen
Saint_Tujan
Saint_Turiau
Saint_Turibe
Saint_Tutuarn
Saint_Tysilio
Saint_Télesphore
Saint_Ténénan
Saint_Uguzon
Saint_Ulrich
Saint_Ultan
Saint_Ultan_de_Fosses
Saint_Uniac
Saint_Urbain
Saint_Urfol
Saint_Urfold
Saint_Uriel's_Episcopal_Church
Saint_Uriel_Archange
Saint_Urlo
Saint_Urloes
Saint_Urphoed
Saint_Ursin
Saint_Ursmer
Saint_Ursus
Saint_V
Saint_Vaast
Saint_Vaast_d'Arras
Saint_Vaast_la_Hougue
Saint_Valbert
Saint_Valentin
Saint_Valentin_de_Griselles
Saint_Valere
Saint_Valerien
Saint_Valier
Saint_Valère
Saint_Valérien
Saint_Vandrille
Saint_Vanne
Saint_Varlaam
Saint_Veit
Saint_Venceslas
Saint_Venec
Saint_Vennec
Saint_Vernier
Saint_Verny
Saint_Verre_Ier_de_Vienne
Saint_Viance
Saint_Viatique
Saint_Viatre
Saint_Victor
Saint_Victor_1er
Saint_Victor_III
Saint_Victor_Ier
Saint_Victor_la_Coste
Saint_Victrice
Saint_Vignen
Saint_Vigor
Saint_Vigor_le_Grand
Saint_Vincent
Saint_Vincent_Ferrier
Saint_Vincent_Land_So_Beautiful
Saint_Vincent_Puymaufrais
Saint_Vincent_Seminary
Saint_Vincent_and_the_Grenadines
Saint_Vincent_de_Barres
Saint_Vincent_de_Digne
Saint_Vincent_de_Kadlubek
Saint_Vincent_de_Lérins
Saint_Vincent_de_Paul
Saint_Vincent_de_Soignies
Saint_Vincent_de_Tyrosse
Saint_Vincent_et_Grenadines
Saint_Vincent_et_les_Grenadines
Saint_Vindicien
Saint_Vio
Saint_Virgile_de_Salzbourg
Saint_Vit
Saint_Vital
Saint_Vith
Saint_Vitus
Saint_Vivant
Saint_Vivien
Saint_Vivien_de_Médoc
Saint_Vladimir
Saint_Vladimir_le_Grand
Saint_Voile_de_Manoppello
Saint_Volusien
Saint_Vorles
Saint_Vougay
Saint_Vrain_Creek
Saint_Vulbas
Saint_Vulfran
Saint_Vulfric
Saint_Vulgan
Saint_Vénérand
Saint_Véran
Saint_Vít
Saint_Waast
Saint_Waast_La_Vallée
Saint_Walber
Saint_Walbert
Saint_Walker
Saint_Waltheof
Saint_Wandrille
Saint_Wasnon
Saint_Wenceslas
Saint_Wendelin
Saint_Willibald
Saint_Willibrord
Saint_Winoc
Saint_Winwaloe
Saint_Wiro
Saint_Witz
Saint_Wolfgang
Saint_Worle
Saint_Wulmar
Saint_Wulphroëdus
Saint_Ybars
Saint_Yben
Saint_Yon
Saint_Young_Men
Saint_Yrieix
Saint_Yrieix_la_Perche
Saint_Yves
Saint_Yves_entre_le_pauvre_et_le_riche_(Louannec)
Saint_Yvi
Saint_Zacharie
Saint_Zodiac
Saint_Zosime
Saint_Zotique
Saint_Zénobe
Saint_Zénobie
Saint_and_Sinner
Saint_andré_des_arts
Saint_ange_de_jérusalem
Saint_antonin_noble_val
Saint_aubin_la_salle
Saint_auxiliaire
Saint_barthelemy
Saint_bonnet_le_chateau
Saint_bonnet_le_château
Saint_breton
Saint_brevain_les_pin
Saint_brevin_l'ocean
Saint_bâtisseur
Saint_calais_du_désert
Saint_calice
Saint_camille_de_lellis
Saint_cantonnier
Saint_catholique
Saint_chaffre
Saint_chreme
Saint_christophe_vallon
Saint_chrétien
Saint_chrême
Saint_ciers_sur_gironde
Saint_clement_les_places
Saint_clément_sur_valsonne
Saint_confesseur
Saint_conrad_de_parzham
Saint_cricq
Saint_criq_cazeaux
Saint_croix_(nouveau-brunswick)
Saint_cucufa_(saint)
Saint_curé_d'Ars
Saint_cyr_la_riviere
Saint_cyr_la_rivière
Saint_cyr_sous_dourdan
Saint_cyriaque_de_malaga
Saint_de_glace
Saint_des_Saints
Saint_des_catacombes
Saint_des_saints
Saint_des_saints_(mormonisme)
Saint_donat_sur_l'herbasse
Saint_donatien_(évêque_de_reims)
Saint_donatien_de_nantes
Saint_dont_le_corps_est_visible_à_Paris
Saint_empereur_romain
Saint_empire_romain_germanique
Saint_escobille
Saint_etienne_(groupe)
Saint_etienne_de_tulmont
Saint_eustache_(martyr)
Saint_ex
Saint_exupery
Saint_exupéry
Saint_feu
Saint_forget
Saint_frère_André
Saint_genis_laval
Saint_genix_gateau
Saint_george's_(paroisse_des_bermudes)
Saint_george_(nouveau-brunswick)
Saint_george_et_le_dragon
Saint_georges_sur_meuse
Saint_germain_des_prés
Saint_germain_en_laye
Saint_germain_le_fouilloux
Saint_germain_lembron
Saint_germain_les_arpajon
Saint_germain_les_corbeil
Saint_germain_lès_corbeil
Saint_graal
Saint_gratien-sannois_handball
Saint_guérisseur
Saint_gélase_1er
Saint_gérard-de-la-vallée-des-lacs
Saint_habib
Saint_herblain
Saint_hilaire_de_riez
Saint_hilaire_de_rié
Saint_honore
Saint_honoré
Saint_hubert_chavenon
Saint_hugues_au_réfectoire_des_chartreux
Saint_jacques_de_compostele
Saint_jean_baptiste_(léonard_de_vinci)
Saint_jean_damascène_(cantate)
Saint_jean_de_beauregard
Saint_jean_de_luz
Saint_jean_du_gard
Saint_john's_(île_de_man)
Saint_john_(circonscription_fédérale)
Saint_john_perse
Saint_jorioz
Saint_joseph_du_Bessillon
Saint_julien_des_églantiers
Saint_just_(album)
Saint_just_(groupe)
Saint_just_de_bretenières
Saint_jérome_(léonard_de_vinci)
Saint_kitts_and_nevis_defense_force
Saint_laurent_(cépage)
Saint_laurent_blangy
Saint_laurent_de_brèvedent
Saint_lazarre
Saint_louis_(paquebot)
Saint_louis_blues
Saint_lyé
Saint_lévrier
Saint_malo_de_guersac
Saint_mandrier
Saint_marin
Saint_martin_de_brem
Saint_martin_don
Saint_martin_du_frene
Saint_martin_en_campagne
Saint_mary_(nouveau-brunswick)
Saint_marys_(nouveau-brunswick)
Saint_maurice_montcouronne
Saint_maurice_pellevoisin_(métro_lillois)
Saint_michel_sur_orge
Saint_mystère
Saint_nazaire_(martyr)
Saint_nicolas_de_brem
Saint_nizier_d'azergues
Saint_of_Me
Saint_of_me
Saint_onuphre_(l'anachorète)
Saint_onuphre_de_tirnovo
Saint_ordre_de_Cîteaux
Saint_ordre_de_l'aube_dorée
Saint_patron
Saint_paul_de_léon
Saint_paul_le_froid
Saint_philbert_de_grand_lieu
Saint_pierre_de_tarentaise
Saint_pierre_du_perray
Saint_pierre_le_potier
Saint_protecteur
Saint_quay
Saint_romain_le_puy
Saint_rome_de_tarn
Saint_sacerdoce
Saint_sacrement
Saint_sanctuaire
Saint_sandoux
Saint_sang_(relique)
Saint_secaire
Saint_seiya
Saint_seiya_épisode_g
Saint_seyia
Saint_siege
Saint_simon
Saint_sulpice_de_favières
Saint_sulpice_de_royan
Saint_sylvestre_cappel
Saint_symphorien
Saint_sécaire
Saint_thaumaturge
Saint_théodore_de_marseille
Saint_valbert_(abbé_de_Luxeuil)
Saint_valentin
Saint_valery_en_caux
Saint_vase
Saint_viatre
Saint_victor_de_buthon
Saint_vincent
Saint_vincent_de_digne
Saint_vitte
Saint_yrieix_la_perche
Saint_Æthelberht
Saint_Æthelred_Ier
Saint_Èloi
Saint_Édouard
Saint_Égide
Saint_Égrève
Saint_Éguiner
Saint_Éleuthère
Saint_Élie
Saint_Éliphe
Saint_Éloi
Saint_Élophe
Saint_Éloque
Saint_Émeric
Saint_Émile_(homonymie)
Saint_Émilien
Saint_Émilion
Saint_Émilion_(AOC)
Saint_Éphrem
Saint_Épiphane
Saint_Épiphane_de_Salamine
Saint_Épipode
Saint_Érasme
Saint_Éraste
Saint_Érembert
Saint_Éreptiole
Saint_Éric
Saint_Éterne_d'Évreux
Saint_Étienne
Saint_Étienne_Théodore_Cuenot
Saint_Étienne_Vallée_Française
Saint_Étienne_de_Chomeil
Saint_Étienne_de_Hongrie
Saint_Étienne_de_Saint_Geoirs
Saint_Étienne_de_Tinée
Saint_Étienne_le_Grand
Saint_Évariste
Saint_Évariste_(pape)
Saint_Évrard
Saint_Évroult
Saint_Óláfr
Saint_étienne
Sainte
Sainte-Adele
Sainte-Adresse
Sainte-Adèle
Sainte-Adèle_de_Terrebonne
Sainte-Agathe
Sainte-Agathe-d'Aliermont
Sainte-Agathe-de-Lotbiniere
Sainte-Agathe-de-Lotbinière
Sainte-Agathe-de-la-Grève
Sainte-Agathe-des-Monts
Sainte-Agathe-en-Donzy
Sainte-Agathe-la-Bouteresse
Sainte-Agathe_(Maine)
Sainte-Agathe_(Manitoba)
Sainte-Agathe_(Moselle)
Sainte-Agathe_(Pays-Bas)
Sainte-Agathe_(Puy-de-Dome)
Sainte-Agathe_(Puy-de-Dôme)
Sainte-Agathe_(Québec)
Sainte-Agnes
Sainte-Agnes_(Alpes-Maritimes)
Sainte-Agnes_(Isere)
Sainte-Agnes_(Jura)
Sainte-Agnès
Sainte-Agnès-en-Agone_(titre_cardinalice)
Sainte-Agnès-hors-les-Murs_(titre_cardinalice)
Sainte-Agnès-hors-les-murs_(titre_cardinalice)
Sainte-Agnès_(Alpes-Maritimes)
Sainte-Agnès_(Isère)
Sainte-Agnès_(Jura)
Sainte-Alauzie
Sainte-Aldegonde
Sainte-Alliance
Sainte-Alvere
Sainte-Alvère
Sainte-Alvère-Saint-Laurent-les-Bâtons
Sainte-Alvère-Saint-Laurent_Les_Bâtons
Sainte-Amaranthe
Sainte-Anastasie
Sainte-Anastasie-sur-Issole
Sainte-Anastasie_(Cantal)
Sainte-Anastasie_(Gard)
Sainte-Anastasie_(titre_cardinalice)
Sainte-Angele-de-Laval
Sainte-Angele-de-Merici
Sainte-Angele-de-Monnoir
Sainte-Angele-de-Premont
Sainte-Angèle
Sainte-Angèle-de-Laval
Sainte-Angèle-de-Monnoir
Sainte-Angèle-de-Mérici
Sainte-Angèle-de-Prémont
Sainte-Anne
Sainte-Anne,_hôpital_psychiatrique
Sainte-Anne-Saint-Priest
Sainte-Anne-d'Antremont
Sainte-Anne-d'Auray
Sainte-Anne-d'Entremont
Sainte-Anne-d'Estrablin
Sainte-Anne-de-Beaupre
Sainte-Anne-de-Beaupré
Sainte-Anne-de-Bellevue
Sainte-Anne-de-Campbon
Sainte-Anne-de-Chicoutimi
Sainte-Anne-de-Chicoutimi-Nord
Sainte-Anne-de-Kent
Sainte-Anne-de-Madawaska
Sainte-Anne-de-Prescott
Sainte-Anne-de-Roquemaure
Sainte-Anne-de-Sabrevois
Sainte-Anne-de-Sorel
Sainte-Anne-de-la-Perade
Sainte-Anne-de-la-Pocatiere
Sainte-Anne-de-la-Pocatière
Sainte-Anne-de-la-Pérade
Sainte-Anne-de-la-Rochelle
Sainte-Anne-de_Bellevue
Sainte-Anne-des-Lacs
Sainte-Anne-des-Lacs_(Quebec)
Sainte-Anne-des-Lacs_(Québec)
Sainte-Anne-des-Monts
Sainte-Anne-des-Pins
Sainte-Anne-des-Plaines
Sainte-Anne-des-chênes
Sainte-Anne-du-Bocage
Sainte-Anne-du-Lac
Sainte-Anne-du-Lac_(Les_Appalaches)
Sainte-Anne-du-Sault
Sainte-Anne-la-Condamine
Sainte-Anne-la-Palud
Sainte-Anne-sur-Brivet
Sainte-Anne-sur-Gervonde
Sainte-Anne-sur-Vilaine
Sainte-Anne-ter-Muyden
Sainte-Anne_(Doubs)
Sainte-Anne_(Gers)
Sainte-Anne_(Guadeloupe)
Sainte-Anne_(Jérusalem)
Sainte-Anne_(La_Reunion)
Sainte-Anne_(La_Réunion)
Sainte-Anne_(Le_Havre)
Sainte-Anne_(Loir-et-Cher)
Sainte-Anne_(Manitoba)
Sainte-Anne_(Marseille)
Sainte-Anne_(Martinique)
Sainte-Anne_(Montréal)
Sainte-Anne_(Nouveau-Brunswick)
Sainte-Anne_(Pyrénées_orientales)
Sainte-Anne_(Réunion)
Sainte-Anne_(ancienne_circonscription_fédérale)
Sainte-Anne_(chambre_de_rhétorique)
Sainte-Anne_(circonscription_provinciale)
Sainte-Anne_(métro_de_Rennes)
Sainte-Anne_(ville_du_Manitoba)
Sainte-Anne_Auguste_Louzier
Sainte-Anne_d'Auray
Sainte-Anne_de_Beaupré
Sainte-Anne_de_Bellevue
Sainte-Anne_de_Chicoutimi
Sainte-Anne_de_la_Butte-aux-Cailles
Sainte-Anne_d’Auray
Sainte-Apolline-de-Patton
Sainte-Araille
Sainte-Assise
Sainte-Aulaire
Sainte-Aulde
Sainte-Aurelie
Sainte-Aurence-Cazaux
Sainte-Aurélie
Sainte-Aurélie_(Les_Etchemins)
Sainte-Austreberthe
Sainte-Austreberthe_(Pas-de-Calais)
Sainte-Austreberthe_(Seine-Maritime)
Sainte-Balbine_(titre_cardinalice)
Sainte-Barbe
Sainte-Barbe-du-Tlelat
Sainte-Barbe-sur-Gaillon
Sainte-Barbe_(Moselle)
Sainte-Barbe_(Quebec)
Sainte-Barbe_(Québec)
Sainte-Barbe_(Terre-Neuve)
Sainte-Barbe_(Terre-Neuve-et-Labrador)
Sainte-Barbe_(Vosges)
Sainte-Barbe_(fête)
Sainte-Baume
Sainte-Bazeille
Sainte-Begge
Sainte-Bernadette
Sainte-Bernadette_(cotre)
Sainte-Beuve
Sainte-Beuve-aux-Champs
Sainte-Beuve-en-Riviere
Sainte-Beuve-en-Rivière
Sainte-Blandine
Sainte-Blandine_(Deux-Sevres)
Sainte-Blandine_(Deux-Sèvres)
Sainte-Blandine_(Isere)
Sainte-Blandine_(Isère)
Sainte-Blandine_(Quebec)
Sainte-Blandine_(Québec)
Sainte-Blandine_(quartier_de_Lyon)
Sainte-Bob
Sainte-Brigide
Sainte-Brigide-d'Iberville
Sainte-Brigitte
Sainte-Brigitte-de-Laval
Sainte-Brigitte-des-Saults
Sainte-Béatrix
Sainte-Béatrix_(Québec)
Sainte-Camelle
Sainte-Catherine
Sainte-Catherine-Capelle
Sainte-Catherine-Cappelle
Sainte-Catherine-de-Fierbois
Sainte-Catherine-de-Hatley
Sainte-Catherine-de-la-Jacques-Cartier
Sainte-Catherine-du-Fraisse
Sainte-Catherine-du-Fraisse_(Puy-de-Dôme)
Sainte-Catherine-les-Arras
Sainte-Catherine-lès-Arras
Sainte-Catherine_(Belgique)
Sainte-Catherine_(Courtrai)
Sainte-Catherine_(Montréal)
Sainte-Catherine_(Pas-de-Calais)
Sainte-Catherine_(Plounévézel)
Sainte-Catherine_(Puy-de-Dome)
Sainte-Catherine_(Puy-de-Dôme)
Sainte-Catherine_(Quebec)
Sainte-Catherine_(Québec)
Sainte-Catherine_(Rhone)
Sainte-Catherine_(Rhône)
Sainte-Catherine_(metro_de_Bruxelles)
Sainte-Catherine_(métro_de_Bruxelles)
Sainte-Catherine_de_Laval
Sainte-Catherines
Sainte-Cecile
Sainte-Cecile-d'Andorge
Sainte-Cecile-de-Levrard
Sainte-Cecile-de-Milton
Sainte-Cecile-de-Whitton
Sainte-Cecile-du-Cayrou
Sainte-Cecile-les-Vignes
Sainte-Cecile_(Belgique)
Sainte-Cecile_(Indre)
Sainte-Cecile_(Manche)
Sainte-Cecile_(Nouveau-Brunswick)
Sainte-Cecile_(Saone-et-Loire)
Sainte-Cecile_(Vendee)
Sainte-Ceinture
Sainte-Cene
Sainte-Ceronne-les-Mortagne
Sainte-Cerotte
Sainte-Chapelle
Sainte-Chapelle_(Aigueperse)
Sainte-Chapelle_(homonymie)
Sainte-Chapelle_d'Aigueperse
Sainte-Chapelle_de_Bourges
Sainte-Chapelle_de_Chambéry
Sainte-Chapelle_de_Champigny-sur-Veude
Sainte-Chapelle_de_Châteaudun
Sainte-Chapelle_de_Dijon
Sainte-Chapelle_de_Paris
Sainte-Chapelle_de_Riom
Sainte-Chapelle_de_Vic-le-Comte
Sainte-Chapelle_de_Vincennes
Sainte-Chapelle_du_Palais
Sainte-Christie
Sainte-Christie-d'Armagnac
Sainte-Christie_(homonymie)
Sainte-Christine
Sainte-Christine-d'Auvergne
Sainte-Christine_(Maine-et-Loire)
Sainte-Christine_(Puy-de-Dome)
Sainte-Christine_(Puy-de-Dôme)
Sainte-Christine_(Quebec)
Sainte-Christine_(Québec)
Sainte-Christine_(Vendée)
Sainte-Cirice
Sainte-Claire
Sainte-Claire-de-Colombourg
Sainte-Claire-de-Dorchester
Sainte-Claire_(homonymie)
Sainte-Claire_Deville
Sainte-Clothilde
Sainte-Clothilde-de-Horton
Sainte-Clotilde
Sainte-Clotilde-de-Beauce
Sainte-Clotilde-de-Chateauguay
Sainte-Clotilde-de-Châteauguay
Sainte-Clotilde-de-Horton
Sainte-Clotilde_(La_Reunion)
Sainte-Clotilde_(La_Réunion)
Sainte-Clotilde_(Québec)
Sainte-Clotilde_(Réunion)
Sainte-Colette
Sainte-Colline
Sainte-Colombe
Sainte-Colombe-de-Duras
Sainte-Colombe-de-Montauroux
Sainte-Colombe-de-Peyre
Sainte-Colombe-de-Villeneuve
Sainte-Colombe-de-la-Commanderie
Sainte-Colombe-de-la-Plume
Sainte-Colombe-des-Bois
Sainte-Colombe-en-Auxois
Sainte-Colombe-en-Bruilhois
Sainte-Colombe-la-Campagne
Sainte-Colombe-la-Commanderie
Sainte-Colombe-la-Petite
Sainte-Colombe-les-Vienne
Sainte-Colombe-lès-Vienne
Sainte-Colombe-pres-Vernon
Sainte-Colombe-près-Vernon
Sainte-Colombe-sur-Gand
Sainte-Colombe-sur-Guette
Sainte-Colombe-sur-Loing
Sainte-Colombe-sur-Risle
Sainte-Colombe-sur-Seine
Sainte-Colombe-sur-l'Hers
Sainte-Colombe_(Charente)
Sainte-Colombe_(Charente-Maritime)
Sainte-Colombe_(Cote-d'Or)
Sainte-Colombe_(Côte-d'Or)
Sainte-Colombe_(Dordogne)
Sainte-Colombe_(Doubs)
Sainte-Colombe_(Gironde)
Sainte-Colombe_(Hautes-Alpes)
Sainte-Colombe_(Ille-et-Vilaine)
Sainte-Colombe_(Indre)
Sainte-Colombe_(Landes)
Sainte-Colombe_(Lot)
Sainte-Colombe_(Manche)
Sainte-Colombe_(Nièvre)
Sainte-Colombe_(Orne)
Sainte-Colombe_(Pyrénées-Orientales)
Sainte-Colombe_(Rhône)
Sainte-Colombe_(Sarthe)
Sainte-Colombe_(Seine-Maritime)
Sainte-Colombe_(Seine-et-Marne)
Sainte-Colombe_(Yonne)
Sainte-Colombe_(musicien)
Sainte-Colome
Sainte-Consorce
Sainte-Consorce-et-Marcy-les-Loups
Sainte-Croix
Sainte-Croix-Bocage
Sainte-Croix-Grand-Tonne
Sainte-Croix-Hague
Sainte-Croix-Vallee-Francaise
Sainte-Croix-Vallée-Française
Sainte-Croix-Volvestre
Sainte-Croix-a-Lauze
Sainte-Croix-aux-Mines
Sainte-Croix-d'Angles
Sainte-Croix-de-Beaumont
Sainte-Croix-de-Caderle
Sainte-Croix-de-Jérusalem_(titre_cardinalice)
Sainte-Croix-de-Lotbiniere
Sainte-Croix-de-Lotbinière
Sainte-Croix-de-Mareuil
Sainte-Croix-de-Monestier
Sainte-Croix-de-Quintillargues
Sainte-Croix-de-Saint-Lô
Sainte-Croix-de-Verdon
Sainte-Croix-du-Mesnil-Gonfroy
Sainte-Croix-du-Mont
Sainte-Croix-du-Verdon
Sainte-Croix-en-Bresse
Sainte-Croix-en-Jarez
Sainte-Croix-en-Plaine
Sainte-Croix-et-Civert
Sainte-Croix-sur-Aizier
Sainte-Croix-sur-Buchy
Sainte-Croix-sur-Mer
Sainte-Croix-sur-Orne
Sainte-Croix-à-Lauze
Sainte-Croix_(Ain)
Sainte-Croix_(Aisne)
Sainte-Croix_(Aveyron)
Sainte-Croix_(Belgique)
Sainte-Croix_(Bruges)
Sainte-Croix_(Campet)
Sainte-Croix_(Carcarès)
Sainte-Croix_(Dordogne)
Sainte-Croix_(Drome)
Sainte-Croix_(Drôme)
Sainte-Croix_(Iles_Vierges_americaines)
Sainte-Croix_(Le_Mans)
Sainte-Croix_(Lot)
Sainte-Croix_(Maurice)
Sainte-Croix_(Nouveau-Brunswick)
Sainte-Croix_(Quebec)
Sainte-Croix_(Québec)
Sainte-Croix_(Sambâles)
Sainte-Croix_(Saone-et-Loire)
Sainte-Croix_(Sarthe)
Sainte-Croix_(Saône-et-Loire)
Sainte-Croix_(Tarn)
Sainte-Croix_(VD)
Sainte-Croix_(Vaud)
Sainte-Croix_(circonscription_provinciale)
Sainte-Croix_(congrégation)
Sainte-Croix_(ecrivain)
Sainte-Croix_(Ãles_Vierges_amÃ©ricaines)
Sainte-Croix_(Ãles_Vierges_des_Ã‰tats-Unis)
Sainte-Croix_(écrivain)
Sainte-Croix_(île_Maurice)
Sainte-Croix_(îles_Vierges_des_États-Unis)
Sainte-Croix_d'Aghtamar
Sainte-Croix_de_Bordeaux
Sainte-Croix_de_Neuilly
Sainte-Croix_de_Sourkhat
Sainte-Croix_de_la_Cossonière
Sainte-Croix_des_Neiges
Sainte-Cunégonde
Sainte-Cène
Sainte-Cécile
Sainte-Cécile-Les-Vignes
Sainte-Cécile-Plage
Sainte-Cécile-d'Andorge
Sainte-Cécile-de-Lévrard
Sainte-Cécile-de-Masham
Sainte-Cécile-de-Milton
Sainte-Cécile-de-Whitton
Sainte-Cécile-du-Bic
Sainte-Cécile-du-Cayrou
Sainte-Cécile-du-Trastevere_(titre_cardinalice)
Sainte-Cécile-les-Vignes
Sainte-Cécile-les-Vignes_(AOC)
Sainte-Cécile-les-Vignes_(Côtes-du-rhône_villages)
Sainte-Cécile_(Belgique)
Sainte-Cécile_(Indre)
Sainte-Cécile_(Manche)
Sainte-Cécile_(Nouveau-Brunswick)
Sainte-Cécile_(Sarthe)
Sainte-Cécile_(Saône-et-Loire)
Sainte-Cécile_(Toulouse)
Sainte-Cécile_(Vendée)
Sainte-Cécile_(eau_de_source)
Sainte-Cécile_(eau_minérale)
Sainte-Cécile_de_Masham
Sainte-Cécile_de_Solesmes
Sainte-Cécile_du_Trastevere
Sainte-Cécile_du_Trastévère
Sainte-Céronne
Sainte-Céronne-lès-Mortagne
Sainte-Cérotte
Sainte-Dode
Sainte-Dorothee_(AMT)
Sainte-Dorothee_(Quebec)
Sainte-Dorothée
Sainte-Dorothée,_Quebec
Sainte-Dorothée_(AMT)
Sainte-Dorothée_(Laval)
Sainte-Dorothée_(Quebec)
Sainte-Dorothée_(Québec)
Sainte-Dévote
Sainte-Eanne
Sainte-Edwidge-de-Clifton
Sainte-Elisabeth
Sainte-Elisabeth-de-Warwick
Sainte-Emelie-de-l'Energie
Sainte-Engrace
Sainte-Engrâce
Sainte-Engrâce_(homonymie)
Sainte-Enimie
Sainte-Etchmiadzin
Sainte-Eugenie-de-Villeneuve
Sainte-Eugienne
Sainte-Eugénie
Sainte-Eugénie-de-Villeneuve
Sainte-Eulalie
Sainte-Eulalie-d'Ans
Sainte-Eulalie-d'Eymet
Sainte-Eulalie-d'Olt
Sainte-Eulalie-de-Cernon
Sainte-Eulalie-en-Born
Sainte-Eulalie-en-Margeride
Sainte-Eulalie-en-Royans
Sainte-Eulalie_(Ardeche)
Sainte-Eulalie_(Ardèche)
Sainte-Eulalie_(Aude)
Sainte-Eulalie_(Cantal)
Sainte-Eulalie_(Corrèze)
Sainte-Eulalie_(Gard)
Sainte-Eulalie_(Gironde)
Sainte-Eulalie_(Lot)
Sainte-Eulalie_(Lozere)
Sainte-Eulalie_(Lozère)
Sainte-Eulalie_(Quebec)
Sainte-Eulalie_(Québec)
Sainte-Eulalie_(Tarn-et-Garonne)
Sainte-Euphemie
Sainte-Euphemie-sur-Ouveze
Sainte-Euphemie-sur-Riviere-du-Sud
Sainte-Euphemie_(Ain)
Sainte-Euphémie
Sainte-Euphémie-sur-Ouvèze
Sainte-Euphémie-sur-Rivière-du-Sud
Sainte-Euphémie_(Ain)
Sainte-Euphémie_(homonymie)
Sainte-Euphémie_01
Sainte-Eusoye
Sainte-Face
Sainte-Face_(Novgorod)
Sainte-Famille
Sainte-Famille-de-l'Ãle-d'OrlÃ©ans
Sainte-Famille_(Quebec)
Sainte-Famille_(Québec)
Sainte-Fauste
Sainte-Felicite
Sainte-Felicite_(L'Islet)
Sainte-Felicite_(Matane)
Sainte-Fereole
Sainte-Feyre
Sainte-Feyre-la-Montagne
Sainte-Feyre_(homonymie)
Sainte-Flaive
Sainte-Flaive-des-Loups
Sainte-Flanelle
Sainte-Flavie
Sainte-Flore
Sainte-Florence
Sainte-Florence-de-l'Oie
Sainte-Florence_(Gironde)
Sainte-Florence_(Quebec)
Sainte-Florence_(Québec)
Sainte-Florence_(Vendee)
Sainte-Florence_(Vendée)
Sainte-Florine
Sainte-Foi
Sainte-Foi_(Ariege)
Sainte-Foi_(Ariège)
Sainte-Fontaine
Sainte-Fortunade
Sainte-Foy
Sainte-Foy-Bordeaux
Sainte-Foy-Bordeaux_(AOC)
Sainte-Foy-Lès-Lyon
Sainte-Foy-Saint-Sulpice
Sainte-Foy-Sillery
Sainte-Foy-Sillery-Cap-Rouge
Sainte-Foy-Sillery_(Québec)
Sainte-Foy-Tarentaise
Sainte-Foy-d'Aigrefeuille
Sainte-Foy-de-Belves
Sainte-Foy-de-Belvès
Sainte-Foy-de-Longas
Sainte-Foy-de-Montgommery
Sainte-Foy-de-Peyrolieres
Sainte-Foy-de-Peyrolières
Sainte-Foy-des-Vignes
Sainte-Foy-l'Argentiere
Sainte-Foy-l'Argentière
Sainte-Foy-la-Grande
Sainte-Foy-la-Longue
Sainte-Foy-les-Lyon
Sainte-Foy-lès-Lyon
Sainte-Foy_(Charles_Louis_Pubereau,_dit)
Sainte-Foy_(Landes)
Sainte-Foy_(Loire)
Sainte-Foy_(Lot-et-Garonne)
Sainte-Foy_(Québec)
Sainte-Foy_(Saone-et-Loire)
Sainte-Foy_(Saône-et-Loire)
Sainte-Foy_(Seine-Maritime)
Sainte-Foy_(Vendee)
Sainte-Foy_(Vendée)
Sainte-Foy_(acteur)
Sainte-Foy_(chanteur)
Sainte-Foy_Lès-Lyon
Sainte-Foy_de_Conques
Sainte-Foy_la_Grande
Sainte-Foy–Sillery
Sainte-Foy–Sillery_(Québec)
Sainte-Foy–Sillery–Cap-Rouge
Sainte-Francoise
Sainte-Francoise_(Becancour)
Sainte-Francoise_(Les_Basques)
Sainte-Françoise
Sainte-Françoise-de-Lotbinière
Sainte-Françoise_(Bécancour)
Sainte-Françoise_(Les_Basques)
Sainte-Félicité
Sainte-Félicité-Ouest
Sainte-Félicité_(L'Islet)
Sainte-Félicité_(La_Matanie)
Sainte-Félicité_(Matane)
Sainte-Félicité_(toponyme)
Sainte-Féréole
Sainte-Gauburge
Sainte-Gauburge-Sainte-Colombe
Sainte-Gauburge-de-la-Coudre
Sainte-Gauburge_(Saint-Cyr-la-Rosière)
Sainte-Gauburge_(Sainte-Gauburge-Sainte-Colombe)
Sainte-Gayané
Sainte-Gemme
Sainte-Gemme-Martaillac
Sainte-Gemme-Moronval
Sainte-Gemme-des-Bruyères
Sainte-Gemme-en-Sancerrois
Sainte-Gemme-la-Plaine
Sainte-Gemme-le-Robert
Sainte-Gemme_(Charente-Maritime)
Sainte-Gemme_(Deux-Sevres)
Sainte-Gemme_(Deux-Sèvres)
Sainte-Gemme_(Gers)
Sainte-Gemme_(Gironde)
Sainte-Gemme_(Indre)
Sainte-Gemme_(Marne)
Sainte-Gemme_(Tarn)
Sainte-Gemmes
Sainte-Gemmes-d'Andigne
Sainte-Gemmes-d'Andigné
Sainte-Gemmes-le-Robert
Sainte-Gemmes-sur-Loire
Sainte-Genevieve
Sainte-Genevieve-de-Batiscan
Sainte-Genevieve-de-Berthier
Sainte-Genevieve-des-Bois
Sainte-Genevieve-des-Bois_(Essonne)
Sainte-Genevieve-des-Bois_(Loiret)
Sainte-Genevieve-les-Gasny
Sainte-Genevieve-sur-Argence
Sainte-Genevieve_(Aisne)
Sainte-Genevieve_(Manche)
Sainte-Genevieve_(Meurthe-et-Moselle)
Sainte-Genevieve_(Montreal)
Sainte-Genevieve_(Oise)
Sainte-Genevieve_(Seine-Maritime)
Sainte-Genevieve_Sports
Sainte-Geneviève
Sainte-Geneviève-de-Batiscan
Sainte-Geneviève-de-Berthier
Sainte-Geneviève-de-Pierrefonds
Sainte-Geneviève-des-Bois
Sainte-Geneviève-des-Bois_(Essonne)
Sainte-Geneviève-des-Bois_(Loiret)
Sainte-Geneviève-en-Bray
Sainte-Geneviève-en-Caux
Sainte-Geneviève-lès-Gasny
Sainte-Geneviève-sur-Argence
Sainte-Geneviève_(Aisne)
Sainte-Geneviève_(Auxerre)
Sainte-Geneviève_(Manche)
Sainte-Geneviève_(Meurthe-et-Moselle)
Sainte-Geneviève_(Missouri)
Sainte-Geneviève_(Montréal)
Sainte-Geneviève_(Oise)
Sainte-Geneviève_(Seine-Maritime)
Sainte-Geneviève_Sport
Sainte-Geneviève_Sports
Sainte-Geneviève_d'Ottawa
Sainte-Geneviève_de_Berthier
Sainte-Geneviève_de_Pierrefonds
Sainte-Germaine
Sainte-Germaine-Boule
Sainte-Germaine-Boulé
Sainte-Germaine-de-l'Anse-aux-Gascons
Sainte-Germaine-du-Lac-Etchemin
Sainte-Gertrude
Sainte-Gertrude-Manneville
Sainte-Gertrude_(Bécancour)
Sainte-Gertrude_(Seine-Maritime)
Sainte-Gertrude_(riviere)
Sainte-Gertrude_(rivière)
Sainte-Girbelle
Sainte-Gudule
Sainte-Hedwidge
Sainte-Helene
Sainte-Helene-Bondeville
Sainte-Helene-de-Bagot
Sainte-Helene-de-Mancebourg
Sainte-Helene-du-Lac
Sainte-Helene-sur-Isere
Sainte-Helene_(Gironde)
Sainte-Helene_(Lozere)
Sainte-Helene_(Morbihan)
Sainte-Helene_(Saone-et-Loire)
Sainte-Helene_(Vosges)
Sainte-Helene_(territoire)
Sainte-Henedine
Sainte-Hermandad
Sainte-Hermine
Sainte-Honorine
Sainte-Honorine-de-Chardonnette
Sainte-Honorine-de-Ducy
Sainte-Honorine-des-Pertes
Sainte-Honorine-du-Fay
Sainte-Honorine-la-Chardonne
Sainte-Honorine-la-Guillaume
Sainte-Honorine-la-Petite
Sainte-Hripsimé
Sainte-Hélène
Sainte-Hélène,_Ascension_et_Tristan_da_Cunha
Sainte-Hélène,_Ascension_et_Tristan_da_Cunha_aux_Jeux_du_Commonwealth
Sainte-Hélène-Bondeville
Sainte-Hélène-de-Bagot
Sainte-Hélène-de-Breakeyville
Sainte-Hélène-de-Chester
Sainte-Hélène-de-Kamouraska
Sainte-Hélène-de-Mancebourg
Sainte-Hélène-des-Millières
Sainte-Hélène-du-Lac
Sainte-Hélène-sur-Isère
Sainte-Hélène_(Gironde)
Sainte-Hélène_(Lozère)
Sainte-Hélène_(Morbihan)
Sainte-Hélène_(Québec)
Sainte-Hélène_(Saône-et-Loire)
Sainte-Hélène_(Seine-Maritime)
Sainte-Hélène_(Vosges)
Sainte-Hélène_(film)
Sainte-Hélène_(territoire)
Sainte-Hélène_(île)
Sainte-Hélène_aux_Jeux_du_Commonwealth
Sainte-Hélène_et_dépendances
Sainte-Hélène_et_ses_dépendances
Sainte-Hénédine
Sainte-Innocence
Sainte-Iphigénie
Sainte-Irene_(Constantinople)
Sainte-Irene_(Quebec)
Sainte-Irène
Sainte-Irène-de-Matapédia
Sainte-Irène_(Constantinople)
Sainte-Irène_(Québec)
Sainte-Jalle
Sainte-Jamme
Sainte-Jamme-sur-Sarthe
Sainte-Jeanne-d'Arc
Sainte-Jeanne-d'Arc-de-Matane
Sainte-Jeanne-d'Arc_(La_Mitis)
Sainte-Jeanne-d'Arc_(Maria-Chapdelaine)
Sainte-Jeanne-de-Clerval
Sainte-Jeanne-de-Pont-Rouge
Sainte-Jeanne_d'Arc_Poire-sur-Vie
Sainte-Jeanne_d'Arc_Poiré-sur-Vie
Sainte-Jeanne_de_Chantal
Sainte-Julie
Sainte-Julie-de-Verchères
Sainte-Julie_(Ain)
Sainte-Julie_(Quebec)
Sainte-Julie_(Québec)
Sainte-Julienne
Sainte-Juliette
Sainte-Juliette-sur-Viaur
Sainte-Jullite
Sainte-Justine
Sainte-Justine-de-Newton
Sainte-Justine_(Les_Etchemins)
Sainte-Justine_(Quebec)
Sainte-Justine_(Québec)
Sainte-Justine_(ville)
Sainte-Kitts
Sainte-Lance
Sainte-Laure
Sainte-Leocadie
Sainte-Lheurine
Sainte-Ligue
Sainte-Ligue_(1571)
Sainte-Ligue_(1684)
Sainte-Livière
Sainte-Livrade
Sainte-Livrade-sur-Lot
Sainte-Livrade_(Haute-Garonne)
Sainte-Livrade_XIII
Sainte-Lizaigne
Sainte-Louise
Sainte-Luce
Sainte-Luce-sur-Loire
Sainte-Luce_(Dordogne)
Sainte-Luce_(Isere)
Sainte-Luce_(Isère)
Sainte-Luce_(Martinique)
Sainte-Luce_(Quebec)
Sainte-Luce_(Québec)
Sainte-Lucie
Sainte-Lucie-de-Beauregard
Sainte-Lucie-de-Porto-Vecchio
Sainte-Lucie-de-Tallano
Sainte-Lucie-des-Laurentides
Sainte-Lucie_(Lozère)
Sainte-Lucie_(fete)
Sainte-Lucie_(fête)
Sainte-Lucie_(homonymie)
Sainte-Lucie_(pays)
Sainte-Lucie_(île)
Sainte-Lucie_aux_Jeux_du_Commonwealth
Sainte-Lucie_aux_Jeux_olympiques
Sainte-Lucie_aux_Jeux_olympiques_d'été_de_2004
Sainte-Lucie_aux_Jeux_olympiques_d'été_de_2008
Sainte-Lucie_aux_Jeux_olympiques_d'été_de_2012
Sainte-Lucie_aux_Jeux_olympiques_d'été_de_2016
Sainte-Lucie_aux_Jeux_olympiques_d'été_de_2020
Sainte-Lucie_aux_Jeux_olympiques_de_la_jeunesse_d'été_de_2018
Sainte-Lucie_aux_Jeux_olympiques_d’été_de_2008
Sainte-Lucie_aux_jeux_Olympiques_d’été_de_2008
Sainte-Lucie_en_Suède
Sainte-Lunaise
Sainte-Léocadie
Sainte-Madeleine
Sainte-Madeleine-de-la-Riviere-Madeleine
Sainte-Madeleine-de-la-Rivière-Madeleine
Sainte-Magnance
Sainte-Mangouste
Sainte-Marcelline-de-Kildare
Sainte-Marguerite
Sainte-Marguerite--Estérel
Sainte-Marguerite-Estérel
Sainte-Marguerite-Lafigere
Sainte-Marguerite-Lafigère
Sainte-Marguerite-Marie
Sainte-Marguerite-Marie_(Lac-Saint-Jean)
Sainte-Marguerite-Marie_Lac-St-Jean
Sainte-Marguerite-d'Elle
Sainte-Marguerite-de-Carrouges
Sainte-Marguerite-de-Viette
Sainte-Marguerite-de-l'Autel
Sainte-Marguerite-des-Loges
Sainte-Marguerite-du-Lac-Masson
Sainte-Marguerite-en-Ouche
Sainte-Marguerite-lès-Aumale
Sainte-Marguerite-sur-Duclair
Sainte-Marguerite-sur-Fauville
Sainte-Marguerite-sur-Mer
Sainte-Marguerite-sur-Mer_(Manche)
Sainte-Marguerite_(Haute-Loire)
Sainte-Marguerite_(La_Matapedia)
Sainte-Marguerite_(La_Matapédia)
Sainte-Marguerite_(Liege)
Sainte-Marguerite_(Liège)
Sainte-Marguerite_(Marseille)
Sainte-Marguerite_(Moselle)
Sainte-Marguerite_(Québec)
Sainte-Marguerite_(Saint-Laurent)
Sainte-Marguerite_(Vosges)
Sainte-Marguerite_(quartier_parisien)
Sainte-Marguerite_(île)
Sainte-Marguerite_-_Dromel
Sainte-Marguerite_-_Dromel_(métro_de_Marseille)
Sainte-Marguerite_Dromel_(métro_de_Marseille)
Sainte-Marguerite_Dromel_(métro_marseillais)
Sainte-Marguerite–Estérel
Sainte-Marguerite—Estérel
Sainte-Margueritte
Sainte-Marie
Sainte-Marie-Cappel
Sainte-Marie-Chevigny
Sainte-Marie-Kerque
Sainte-Marie-Lapanouze
Sainte-Marie-Latine
Sainte-Marie-Laumont
Sainte-Marie-Legugnon
Sainte-Marie-Madeleine
Sainte-Marie-Madeleine-en-la-Cité
Sainte-Marie-Majeure
Sainte-Marie-Outre-l'Eau
Sainte-Marie-Saint-Jacques
Sainte-Marie-Saint-Jacques_(circonscription_électorale_provinciale)
Sainte-Marie-Saint-Raphael
Sainte-Marie-Saint-Raphaël
Sainte-Marie-Salome
Sainte-Marie-Salomé
Sainte-Marie-Siche
Sainte-Marie-Siché
Sainte-Marie-a-Py
Sainte-Marie-au-Bois
Sainte-Marie-au-Bosc
Sainte-Marie-au-pays-des-Hurons
Sainte-Marie-aux-Anglais
Sainte-Marie-aux-Chenes
Sainte-Marie-aux-Chênes
Sainte-Marie-aux-Mines
Sainte-Marie-d'Alloix
Sainte-Marie-d'Alvey
Sainte-Marie-d'Attez
Sainte-Marie-d'Audouville
Sainte-Marie-de-Barousse
Sainte-Marie-de-Beauce
Sainte-Marie-de-Bickenholtz
Sainte-Marie-de-Blandford
Sainte-Marie-de-Campan
Sainte-Marie-de-Chignac
Sainte-Marie-de-Cuines
Sainte-Marie-de-Frugié
Sainte-Marie-de-Gosse
Sainte-Marie-de-Maurens
Sainte-Marie-de-Monceau
Sainte-Marie-de-Monnoir
Sainte-Marie-de-Ré
Sainte-Marie-de-Sayabec
Sainte-Marie-de-Vatimesnil
Sainte-Marie-de-Vaux
Sainte-Marie-de-Vergt
Sainte-Marie-de-la-Croix
Sainte-Marie-de-la-Croix_(Crema)
Sainte-Marie-des-Anges
Sainte-Marie-des-Champs
Sainte-Marie-des-Champs_(Eure)
Sainte-Marie-des-Chazes
Sainte-Marie-des-Fleurs
Sainte-Marie-des-Monts
Sainte-Marie-du-Bois
Sainte-Marie-du-Bois_(Manche)
Sainte-Marie-du-Bois_(Mayenne)
Sainte-Marie-du-Catel
Sainte-Marie-du-Câtel
Sainte-Marie-du-Câtel_(Guernesey)
Sainte-Marie-du-Lac
Sainte-Marie-du-Lac-Nuisement
Sainte-Marie-du-Menez-Hom
Sainte-Marie-du-Mont
Sainte-Marie-du-Mont_(Isere)
Sainte-Marie-du-Mont_(Isère)
Sainte-Marie-du-Mont_(Manche)
Sainte-Marie-du-Ménez-Hom
Sainte-Marie-du-Rosaire
Sainte-Marie-du-Sault
Sainte-Marie-du-Trastevere_(titre_cardinalice)
Sainte-Marie-en-Chanois
Sainte-Marie-en-Chaux
Sainte-Marie-et-Blaise
Sainte-Marie-la-Blanche
Sainte-Marie-la-Mer
Sainte-Marie-la-Neuve
Sainte-Marie-la-Robert
Sainte-Marie-sous-Bourcq
Sainte-Marie-sur-Mer
Sainte-Marie-sur-Ouche
Sainte-Marie-sur-Semois
Sainte-Marie-sur-Semois_(Étalle)
Sainte-Marie-sur-mer
Sainte-Marie-à-Py
Sainte-Marie_(Ardennes)
Sainte-Marie_(Cantal)
Sainte-Marie_(Charente)
Sainte-Marie_(Doubs)
Sainte-Marie_(Gers)
Sainte-Marie_(Guadeloupe)
Sainte-Marie_(Hautes-Alpes)
Sainte-Marie_(Hautes-Pyrenees)
Sainte-Marie_(Hautes-Pyrénées)
Sainte-Marie_(Ille-et-Vilaine)
Sainte-Marie_(Isle_Madame)
Sainte-Marie_(Jersey)
Sainte-Marie_(La_Reunion)
Sainte-Marie_(La_Réunion)
Sainte-Marie_(Lyon)
Sainte-Marie_(Madagascar)
Sainte-Marie_(Martinique)
Sainte-Marie_(Nievre)
Sainte-Marie_(Nièvre)
Sainte-Marie_(Nouveau-Brunswick)
Sainte-Marie_(Pyrenees-Orientales)
Sainte-Marie_(Pyrénées-Atlantiques)
Sainte-Marie_(Pyrénées-Orientales)
Sainte-Marie_(Quebec)
Sainte-Marie_(Québec)
Sainte-Marie_(Réunion)
Sainte-Marie_(ancienne_circonscription_fédérale)
Sainte-Marie_(circonscription_provinciale)
Sainte-Marie_(riviere)
Sainte-Marie_(rivière)
Sainte-Marie_(île)
Sainte-Marie_(île_fictive)
Sainte-Marie_-_Saint-Jacques
Sainte-Marie_Lyon
Sainte-Marie_Perrin
Sainte-Marie_aux_Marches
Sainte-Marie_d'Antony
Sainte-Marie_d'Aracœli_(titre_cardinalice)
Sainte-Marie_d'Arles-sur-Tech
Sainte-Marie_d'Auch
Sainte-Marie_de_Beauce
Sainte-Marie_de_Bulacain
Sainte-Marie_de_Corneilla-de-Conflent
Sainte-Marie_de_Gannentaha
Sainte-Marie_de_Jakarta
Sainte-Marie_de_Longues
Sainte-Marie_de_Madagascar
Sainte-Marie_de_Neuilly
Sainte-Marie_de_Sigena
Sainte-Marie_de_Stralsund
Sainte-Marie_des_Anges
Sainte-Marie_du_Câtel_(Guernesey)
Sainte-Marie_du_Ménez-Hom
Sainte-Marie_du_Peuple
Sainte-Marie_du_Peuple_(titre_cardinalice)
Sainte-Marie_du_Trastévère
Sainte-Marie_en_Champs
Sainte-Marie_en_champs
Sainte-Marie_sur_Ouche
Sainte-Marie–Saint-Jacques
Sainte-Marie–Saint-Raphaël
Sainte-Marie—Saint-Jacques
Sainte-Marie—Saint-Jacques_(circonscription_provinciale)
Sainte-Marine
Sainte-Marine_(Combrit)
Sainte-Marthe
Sainte-Marthe-du-Cap
Sainte-Marthe-sur-le-Lac
Sainte-Marthe_(Eure)
Sainte-Marthe_(Lot-et-Garonne)
Sainte-Marthe_(Marseille)
Sainte-Marthe_(Quebec)
Sainte-Marthe_(Québec)
Sainte-Martine
Sainte-Maure
Sainte-Maure-de-Peyriac
Sainte-Maure-de-Touraine
Sainte-Maure-de-Touraine_(fromage)
Sainte-Maure_(homonymie)
Sainte-Maure_de_Touraine
Sainte-Maure_de_Touraine_(fromage)
Sainte-Maxime
Sainte-Meille
Sainte-Melaine
Sainte-Melanie
Sainte-Meme
Sainte-Menehould
Sainte-Menéhould
Sainte-Mere
Sainte-Mere-Eglise
Sainte-Mesme
Sainte-Mondane
Sainte-Monique
Sainte-Monique-des-Saules
Sainte-Monique_(Lac-Saint-Jean-Est)
Sainte-Monique_(Nicolet-Yamaska)
Sainte-Montaine
Sainte-Monégonde
Sainte-Mère
Sainte-Mère-Église
Sainte-Mère-Église_(commune_déléguée)
Sainte-Mélaine
Sainte-Mélanie
Sainte-Ménehould
Sainte-Ménéhould
Sainte-Même
Sainte-Nathalene
Sainte-Nathalène
Sainte-Neomaye
Sainte-Néomaye
Sainte-Ode
Sainte-Odile
Sainte-Odile-sur-Rimouski
Sainte-Olive
Sainte-Olle_British_Cemetery
Sainte-Opportune
Sainte-Opportune-du-Bosc
Sainte-Opportune-la-Campagne
Sainte-Opportune-la-Mare
Sainte-Opportune_(Loire-Atlantique)
Sainte-Opportune_(homonymie)
Sainte-Orse
Sainte-Osmane
Sainte-Ouenne
Sainte-Pallaye
Sainte-Paule
Sainte-Paule_(Haute-Loire)
Sainte-Paule_(Quebec)
Sainte-Paule_(Québec)
Sainte-Paule_(Rhone)
Sainte-Paule_(Rhône)
Sainte-Pazanne
Sainte-Pelagie
Sainte-Perpetue
Sainte-Perpetue_(L'Islet)
Sainte-Perpetue_(Nicolet-Yamaska)
Sainte-Perpétue
Sainte-Perpétue_(L'Islet)
Sainte-Perpétue_(Nicolet-Yamaska)
Sainte-Petronille
Sainte-Pexine
Sainte-Pezenne
Sainte-Philomène
Sainte-Philomène-de-Châteauguay
Sainte-Philomène_de_Fortierville
Sainte-Pience
Sainte-Pole
Sainte-Praxede
Sainte-Praxède
Sainte-Praxède_(homonymie)
Sainte-Praxède_(titre_cardinalice)
Sainte-Preuve
Sainte-Pélagie
Sainte-Pétronille
Sainte-Pôle
Sainte-Radegonde
Sainte-Radegonde-de-Marconnay
Sainte-Radegonde-des-Noyers
Sainte-Radegonde-en-Touraine
Sainte-Radegonde_(Aveyron)
Sainte-Radegonde_(Charente)
Sainte-Radegonde_(Charente-Maritime)
Sainte-Radegonde_(Creuse)
Sainte-Radegonde_(Deux-Sevres)
Sainte-Radegonde_(Deux-Sèvres)
Sainte-Radegonde_(Dordogne)
Sainte-Radegonde_(Gers)
Sainte-Radegonde_(Gironde)
Sainte-Radegonde_(Lot-et-Garonne)
Sainte-Radegonde_(Saone-et-Loire)
Sainte-Radegonde_(Saône-et-Loire)
Sainte-Radegonde_(Somme)
Sainte-Radégonde
Sainte-Radégonde-des-Noyers
Sainte-Radégonde-la-Vineuse
Sainte-Radégonde_(Deux-Sèvres)
Sainte-Ramee
Sainte-Ramée
Sainte-Reine
Sainte-Reine-de-Bretagne
Sainte-Reine_(Haute-Saone)
Sainte-Reine_(Haute-Saône)
Sainte-Reine_(Savoie)
Sainte-Renfroie_de_Denain
Sainte-Rita
Sainte-Rosalie
Sainte-Rose
Sainte-Rose-de-Lima
Sainte-Rose-de-Prescott
Sainte-Rose-de-Watford
Sainte-Rose-du-Nord
Sainte-Rose_(AMT)
Sainte-Rose_(Guadeloupe)
Sainte-Rose_(La_Reunion)
Sainte-Rose_(La_Réunion)
Sainte-Rose_(Laval)
Sainte-Rose_(Nouveau-Brunswick)
Sainte-Rose_(Réunion)
Sainte-Rose_(circonscription_provinciale)
Sainte-Rose_(riviere)
Sainte-Rose_(rivière)
Sainte-Rose_du_Lac
Sainte-Ruffine
Sainte-Sabine
Sainte-Sabine-Born
Sainte-Sabine-sur-Longeve
Sainte-Sabine-sur-Longève
Sainte-Sabine_(Brome-Missisquoi)
Sainte-Sabine_(Cote-d'Or)
Sainte-Sabine_(Côte-d'Or)
Sainte-Sabine_(Dordogne)
Sainte-Sabine_(Les_Etchemins)
Sainte-Sabine_(église)
Sainte-Sabine_de_Rome
Sainte-Sabine_de_Rome_(titre_cardinalice)
Sainte-Savine
Sainte-Scholastique
Sainte-Scholastique_(Québec)
Sainte-Scolasse
Sainte-Scolasse-sur-Sarthe
Sainte-Segree
Sainte-Segrée
Sainte-Seraphine
Sainte-Seve
Sainte-Severe
Sainte-Severe-sur-Indre
Sainte-Sigolene
Sainte-Sigolène
Sainte-Solange
Sainte-Soline
Sainte-Sophie
Sainte-Sophie-d'Halifax
Sainte-Sophie-de-Levrard
Sainte-Sophie-de-Lévrard
Sainte-Sophie_(Constantinople)
Sainte-Sophie_(Harbin)
Sainte-Sophie_(Istanbul)
Sainte-Sophie_(Kiev)
Sainte-Sophie_(Londres)
Sainte-Sophie_(Los_Angeles)
Sainte-Sophie_(Novgorod)
Sainte-Sophie_(Quebec)
Sainte-Sophie_(Québec)
Sainte-Sophie_(Trébizonde)
Sainte-Sophie_de_Constantinople
Sainte-Souline
Sainte-Soulle
Sainte-Suzanne
Sainte-Suzanne-en-Bauptois
Sainte-Suzanne-et-Chammes
Sainte-Suzanne-sur-Vire
Sainte-Suzanne_(Ariege)
Sainte-Suzanne_(Ariège)
Sainte-Suzanne_(Doubs)
Sainte-Suzanne_(Haïti)
Sainte-Suzanne_(La_Reunion)
Sainte-Suzanne_(La_Réunion)
Sainte-Suzanne_(Mayenne)
Sainte-Suzanne_(Ozanne)
Sainte-Suzanne_(Pyrenees-Atlantiques)
Sainte-Suzanne_(Pyrénées-Atlantiques)
Sainte-Suzanne_(Réunion)
Sainte-Syre
Sainte-Sève
Sainte-Séraphine
Sainte-Sévère
Sainte-Sévère-sur-Indre
Sainte-Sévère_(Charente)
Sainte-Terre
Sainte-Thecle
Sainte-Therence
Sainte-Therese
Sainte-Therese-de-Gaspe
Sainte-Therese-de-la-Gatineau
Sainte-Therese_(AMT)
Sainte-Thorette
Sainte-Thècle
Sainte-Thérence
Sainte-Thérèse
Sainte-Thérèse-Demi-Lune
Sainte-Thérèse-de-Blainville
Sainte-Thérèse-de-Gaspé
Sainte-Thérèse-de-Lisieux_(Québec)
Sainte-Thérèse-de-la-Gatineau
Sainte-Thérèse_(AMT)
Sainte-Thérèse_(La_Réunion)
Sainte-Thérèse_(Québec)
Sainte-Thérèse_(homonymie)
Sainte-Trephine
Sainte-Trie
Sainte-Trinité
Sainte-Trinité-des-Monts_(titre_cardinalice)
Sainte-Tréphine
Sainte-Tulle
Sainte-Urielle
Sainte-Ursule
Sainte-Ursule_(Québec)
Sainte-Valiere
Sainte-Valière
Sainte-Vaubourg
Sainte-Vaubourg_(homonymie)
Sainte-Vehme
Sainte-Verge
Sainte-Vertu
Sainte-Victoire
Sainte-Victoire-de-Sorel
Sainte-Victoire_(album)
Sainte-Vierge
Sainte-Vinciane
Sainte-Vérone
Sainte-Walburge
Sainte-Walburge_(Liege)
Sainte-Walburge_(Liège)
Sainte-Waudru
Sainte-Waudru_(homonymie)
Sainte-adèle
Sainte-agathe
Sainte-agathe-d'aliermont
Sainte-agathe-de-lotbinière
Sainte-agathe-des-monts
Sainte-agathe-en-donzy
Sainte-agathe-la-bouteresse
Sainte-agathe_(puy-de-dôme)
Sainte-agnès
Sainte-agnès_(alpes-maritimes)
Sainte-agnès_(isère)
Sainte-agnès_(jura)
Sainte-alauzie
Sainte-alliance
Sainte-alvère
Sainte-anastasie
Sainte-anastasie-sur-issole
Sainte-anastasie_(cantal)
Sainte-anastasie_(gard)
Sainte-angèle-de-laval
Sainte-angèle-de-monnoir
Sainte-angèle-de-mérici
Sainte-angèle-de-prémont
Sainte-anne
Sainte-anne-de-beaupré
Sainte-anne-de-bellevue
Sainte-anne-de-la-pocatière
Sainte-anne-de-la-pérade
Sainte-anne-de-la-rochelle
Sainte-anne-de-madawaska
Sainte-anne-de-sabrevois
Sainte-anne-de-sorel
Sainte-anne-des-lacs_(québec)
Sainte-anne-des-monts
Sainte-anne-des-plaines
Sainte-anne-du-bocage
Sainte-anne-du-lac
Sainte-anne-du-sault
Sainte-anne-saint-priest
Sainte-anne-sur-brivet
Sainte-anne-sur-gervonde
Sainte-anne-sur-vilaine
Sainte-anne_(doubs)
Sainte-anne_(gers)
Sainte-anne_(guadeloupe)
Sainte-anne_(le_havre)
Sainte-anne_(loir-et-cher)
Sainte-anne_(marseille)
Sainte-anne_(martinique)
Sainte-anne_(nouveau-brunswick)
Sainte-anne_(réunion)
Sainte-apolline-de-patton
Sainte-araille
Sainte-aulde
Sainte-aurence-cazaux
Sainte-aurélie
Sainte-austreberthe
Sainte-austreberthe_(pas-de-calais)
Sainte-austreberthe_(seine-maritime)
Sainte-barbe
Sainte-barbe-sur-gaillon
Sainte-barbe_(moselle)
Sainte-barbe_(navire)
Sainte-barbe_(québec)
Sainte-barbe_(vosges)
Sainte-bazeille
Sainte-beuve-en-rivière
Sainte-blandine
Sainte-blandine_(deux-sèvres)
Sainte-blandine_(isère)
Sainte-blandine_(québec)
Sainte-brigide-d'iberville
Sainte-brigitte
Sainte-brigitte-de-laval
Sainte-brigitte-des-saults
Sainte-camelle
Sainte-catherine
Sainte-catherine-de-fierbois
Sainte-catherine-de-hatley
Sainte-catherine-de-la-jacques-cartier
Sainte-catherine-lès-arras
Sainte-catherine_(métro_de_bruxelles)
Sainte-catherine_(puy-de-dôme)
Sainte-catherine_(québec)
Sainte-catherine_(rhône)
Sainte-chapelle
Sainte-christie
Sainte-christie-d'armagnac
Sainte-christine
Sainte-christine-d'auvergne
Sainte-christine_(maine-et-loire)
Sainte-christine_(puy-de-dôme)
Sainte-christine_(québec)
Sainte-claire
Sainte-clotilde
Sainte-clotilde-de-beauce
Sainte-clotilde-de-châteauguay
Sainte-clotilde-de-horton
Sainte-clotilde_(réunion)
Sainte-colombe
Sainte-colombe-de-duras
Sainte-colombe-de-la-commanderie
Sainte-colombe-de-peyre
Sainte-colombe-de-villeneuve
Sainte-colombe-des-bois
Sainte-colombe-en-bruilhois
Sainte-colombe-la-commanderie
Sainte-colombe-lès-vienne
Sainte-colombe-près-vernon
Sainte-colombe-sur-gand
Sainte-colombe-sur-guette
Sainte-colombe-sur-l'hers
Sainte-colombe-sur-loing
Sainte-colombe-sur-seine
Sainte-colombe_(charente)
Sainte-colombe_(charente-maritime)
Sainte-colombe_(côte-d'or)
Sainte-colombe_(doubs)
Sainte-colombe_(gironde)
Sainte-colombe_(hautes-alpes)
Sainte-colombe_(ille-et-vilaine)
Sainte-colombe_(landes)
Sainte-colombe_(lot)
Sainte-colombe_(manche)
Sainte-colombe_(seine-maritime)
Sainte-colombe_(yonne)
Sainte-colome
Sainte-consorce
Sainte-consorce-et-marcy-les-loups
Sainte-croix
Sainte-croix-aux-mines
Sainte-croix-de-caderle
Sainte-croix-de-lotbinière
Sainte-croix-de-mareuil
Sainte-croix-de-quintillargues
Sainte-croix-du-mont
Sainte-croix-du-mont_(AOC)
Sainte-croix-du-verdon
Sainte-croix-en-jarez
Sainte-croix-en-plaine
Sainte-croix-grand-tonne
Sainte-croix-hague
Sainte-croix-sur-aizier
Sainte-croix-sur-buchy
Sainte-croix-sur-mer
Sainte-croix-sur-orne
Sainte-croix-vallée-française
Sainte-croix-volvestre
Sainte-croix-à-lauze
Sainte-croix_(ain)
Sainte-croix_(aisne)
Sainte-croix_(cépage)
Sainte-croix_(dordogne)
Sainte-croix_(drôme)
Sainte-croix_(lot)
Sainte-croix_(québec)
Sainte-croix_(saône-et-loire)
Sainte-croix_(tarn)
Sainte-croix_(vaud)
Sainte-croix_(écrivain)
Sainte-croix_(îles_vierges_américaines)
Sainte-cène
Sainte-cécile
Sainte-cécile-d'andorge
Sainte-cécile-de-lévrard
Sainte-cécile-de-milton
Sainte-cécile-de-whitton
Sainte-cécile-du-cayrou
Sainte-cécile-les-vignes
Sainte-cécile_(belgique)
Sainte-cécile_(côtes-du-rhône_villages)
Sainte-cécile_(indre)
Sainte-cécile_(manche)
Sainte-cécile_(saône-et-loire)
Sainte-cécile_(vendée)
Sainte-céronne-lès-mortagne
Sainte-cérotte
Sainte-dode
Sainte-dorothée_(amt)
Sainte-dorothée_(québec)
Sainte-eanne
Sainte-edwidge-de-clifton
Sainte-engrâce
Sainte-enimie
Sainte-eugénie-de-villeneuve
Sainte-eulalie
Sainte-eulalie-d'ans
Sainte-eulalie-d'eymet
Sainte-eulalie-d'olt
Sainte-eulalie-de-cernon
Sainte-eulalie-en-born
Sainte-eulalie-en-royans
Sainte-eulalie_(ardèche)
Sainte-eulalie_(aude)
Sainte-eulalie_(cantal)
Sainte-eulalie_(gironde)
Sainte-eulalie_(lozère)
Sainte-eulalie_(québec)
Sainte-euphémie
Sainte-euphémie-sur-ouvèze
Sainte-euphémie-sur-rivière-du-sud
Sainte-euphémie_(ain)
Sainte-eusoye
Sainte-famille_(québec)
Sainte-fauste
Sainte-feyre
Sainte-feyre-la-montagne
Sainte-flaive-des-loups
Sainte-flavie
Sainte-florence
Sainte-florence_(gironde)
Sainte-florence_(québec)
Sainte-florence_(vendée)
Sainte-florine
Sainte-foi_(ariège)
Sainte-fortunade
Sainte-foy
Sainte-foy-bordeaux
Sainte-foy-bordeaux_(AOC)
Sainte-foy-d'aigrefeuille
Sainte-foy-de-belvès
Sainte-foy-de-longas
Sainte-foy-de-montgommery
Sainte-foy-de-peyrolières
Sainte-foy-l'argentière
Sainte-foy-la-grande
Sainte-foy-la-longue
Sainte-foy-lès-lyon
Sainte-foy-saint-sulpice
Sainte-foy-tarentaise
Sainte-foy_(acteur)
Sainte-foy_(landes)
Sainte-foy_(saône-et-loire)
Sainte-foy_(seine-maritime)
Sainte-foy_(vendée)
Sainte-foy–sillery_(québec)
Sainte-françoise
Sainte-françoise_(bécancour)
Sainte-françoise_(les_basques)
Sainte-félicité
Sainte-félicité_(l'islet)
Sainte-félicité_(matane)
Sainte-féréole
Sainte-gauburge-sainte-colombe
Sainte-gemme
Sainte-gemme-en-sancerrois
Sainte-gemme-la-plaine
Sainte-gemme-martaillac
Sainte-gemme-moronval
Sainte-gemme_(charente-maritime)
Sainte-gemme_(deux-sèvres)
Sainte-gemme_(gers)
Sainte-gemme_(gironde)
Sainte-gemme_(indre)
Sainte-gemme_(marne)
Sainte-gemme_(tarn)
Sainte-gemmes
Sainte-gemmes-d'andigné
Sainte-gemmes-le-robert
Sainte-gemmes-sur-loire
Sainte-geneviève
Sainte-geneviève-de-batiscan
Sainte-geneviève-de-berthier
Sainte-geneviève-des-bois
Sainte-geneviève-des-bois_(essonne)
Sainte-geneviève-des-bois_(loiret)
Sainte-geneviève-lès-gasny
Sainte-geneviève-sur-argence
Sainte-geneviève_(aisne)
Sainte-geneviève_(manche)
Sainte-geneviève_(meurthe-et-moselle)
Sainte-geneviève_(montréal)
Sainte-geneviève_(oise)
Sainte-geneviève_(seine-maritime)
Sainte-geneviève_sports
Sainte-germaine-boulé
Sainte-gertrude-manneville
Sainte-gertrude_(rivière)
Sainte-hedwidge
Sainte-hermine
Sainte-honorine
Sainte-honorine-de-ducy
Sainte-honorine-des-pertes
Sainte-honorine-du-fay
Sainte-honorine-la-chardonne
Sainte-honorine-la-guillaume
Sainte-hélène
Sainte-hélène-bondeville
Sainte-hélène-de-bagot
Sainte-hélène-de-mancebourg
Sainte-hélène-du-lac
Sainte-hélène-sur-isère
Sainte-hélène_(gironde)
Sainte-hélène_(lozère)
Sainte-hélène_(morbihan)
Sainte-hélène_(saône-et-loire)
Sainte-hélène_(vosges)
Sainte-hénédine
Sainte-innocence
Sainte-irène_(constantinople)
Sainte-irène_(québec)
Sainte-jalle
Sainte-jamme-sur-sarthe
Sainte-jeanne-d'arc
Sainte-jeanne-d'arc_(la_mitis)
Sainte-jeanne-d'arc_(maria-chapdelaine)
Sainte-jeanne_d'arc_poiré-sur-vie
Sainte-julie
Sainte-julie_(ain)
Sainte-julie_(québec)
Sainte-julienne
Sainte-juliette
Sainte-juliette-sur-viaur
Sainte-jullite
Sainte-justine
Sainte-justine-de-newton
Sainte-justine_(québec)
Sainte-lance
Sainte-lheurine
Sainte-ligue
Sainte-livrade
Sainte-livrade-sur-lot
Sainte-livrade_(haute-garonne)
Sainte-lizaigne
Sainte-louise
Sainte-luce
Sainte-luce-sur-loire
Sainte-luce_(isère)
Sainte-luce_(martinique)
Sainte-luce_(québec)
Sainte-lucie
Sainte-lucie-de-beauregard
Sainte-lucie-de-tallano
Sainte-lucie-des-laurentides
Sainte-lucie_en_suède
Sainte-lunaise
Sainte-léocadie
Sainte-madeleine
Sainte-madeleine-de-la-rivière-madeleine
Sainte-magnance
Sainte-marcelline-de-kildare
Sainte-marguerite
Sainte-marguerite-d'elle
Sainte-marguerite-de-carrouges
Sainte-marguerite-de-l'autel
Sainte-marguerite-de-viette
Sainte-marguerite-des-loges
Sainte-marguerite-du-lac-masson
Sainte-marguerite-en-ouche
Sainte-marguerite-lafigère
Sainte-marguerite-sur-duclair
Sainte-marguerite-sur-fauville
Sainte-marguerite-sur-mer
Sainte-marguerite_(haute-loire)
Sainte-marguerite_(liège)
Sainte-marguerite_(marseille)
Sainte-marguerite_(quartier_parisien)
Sainte-marguerite_(saint-laurent)
Sainte-marguerite_(vosges)
Sainte-marie
Sainte-marie-au-bosc
Sainte-marie-aux-chênes
Sainte-marie-aux-mines
Sainte-marie-cappel
Sainte-marie-chevigny
Sainte-marie-d'alloix
Sainte-marie-d'alvey
Sainte-marie-de-blandford
Sainte-marie-de-chignac
Sainte-marie-de-cuines
Sainte-marie-de-gosse
Sainte-marie-de-ré
Sainte-marie-de-vatimesnil
Sainte-marie-de-vaux
Sainte-marie-des-champs
Sainte-marie-du-bois
Sainte-marie-du-bois_(manche)
Sainte-marie-du-bois_(mayenne)
Sainte-marie-du-câtel
Sainte-marie-du-lac
Sainte-marie-du-lac-nuisement
Sainte-marie-du-mont
Sainte-marie-du-mont_(isère)
Sainte-marie-du-mont_(manche)
Sainte-marie-en-chanois
Sainte-marie-en-chaux
Sainte-marie-kerque
Sainte-marie-la-blanche
Sainte-marie-la-blanche_(IGP)
Sainte-marie-la-robert
Sainte-marie-lapanouze
Sainte-marie-laumont
Sainte-marie-legugnon
Sainte-marie-madeleine
Sainte-marie-outre-l'eau
Sainte-marie-saint-raphaël
Sainte-marie-salomé
Sainte-marie-siché
Sainte-marie-sur-mer
Sainte-marie-sur-ouche
Sainte-marie-sur-semois
Sainte-marie-à-py
Sainte-marie_(ardennes)
Sainte-marie_(cantal)
Sainte-marie_(doubs)
Sainte-marie_(gers)
Sainte-marie_(hautes-alpes)
Sainte-marie_(hautes-pyrénées)
Sainte-marie_(ille-et-vilaine)
Sainte-marie_(jersey)
Sainte-marie_(martinique)
Sainte-marie_(nièvre)
Sainte-marie_(pyrénées-orientales)
Sainte-marie_(québec)
Sainte-marie_(rivière)
Sainte-marie_(réunion)
Sainte-marie—saint-jacques
Sainte-marthe
Sainte-marthe-sur-le-lac
Sainte-marthe_(eure)
Sainte-marthe_(lot-et-garonne)
Sainte-marthe_(marseille)
Sainte-marthe_(québec)
Sainte-martine
Sainte-maure
Sainte-maure-de-peyriac
Sainte-maure-de-touraine
Sainte-maure-de-touraine_(fromage)
Sainte-maure_de_Touraine
Sainte-maure_de_touraine
Sainte-maxime
Sainte-menehould
Sainte-mesme
Sainte-mondane
Sainte-monique
Sainte-monique_(lac-saint-jean-est)
Sainte-monique_(nicolet-yamaska)
Sainte-montaine
Sainte-mère
Sainte-mère-église
Sainte-mélanie
Sainte-même
Sainte-nathalène
Sainte-néomaye
Sainte-ode
Sainte-olive
Sainte-opportune
Sainte-opportune-du-bosc
Sainte-opportune-la-mare
Sainte-orse
Sainte-osmane
Sainte-ouenne
Sainte-pallaye
Sainte-paule
Sainte-paule_(québec)
Sainte-paule_(rhône)
Sainte-pazanne
Sainte-perpétue
Sainte-perpétue_(l'islet)
Sainte-perpétue_(nicolet-yamaska)
Sainte-pexine
Sainte-pience
Sainte-praxède
Sainte-preuve
Sainte-pulchérie
Sainte-pélagie
Sainte-pétronille
Sainte-pôle
Sainte-radegonde
Sainte-radegonde-en-touraine
Sainte-radegonde_(aveyron)
Sainte-radegonde_(charente-maritime)
Sainte-radegonde_(deux-sèvres)
Sainte-radegonde_(dordogne)
Sainte-radegonde_(gers)
Sainte-radegonde_(gironde)
Sainte-radegonde_(saône-et-loire)
Sainte-radégonde
Sainte-radégonde-des-noyers
Sainte-ramée
Sainte-reine
Sainte-reine-de-bretagne
Sainte-reine_(haute-saône)
Sainte-reine_(savoie)
Sainte-rita
Sainte-rosalie
Sainte-rose
Sainte-rose-de-watford
Sainte-rose-du-nord
Sainte-rose_(amt)
Sainte-rose_(guadeloupe)
Sainte-rose_(laval)
Sainte-rose_(nouveau-brunswick)
Sainte-rose_(rivière)
Sainte-rose_(réunion)
Sainte-ruffine
Sainte-sabine
Sainte-sabine-born
Sainte-sabine-sur-longève
Sainte-sabine_(brome-missisquoi)
Sainte-sabine_(côte-d'or)
Sainte-sabine_(les_etchemins)
Sainte-savine
Sainte-scolasse-sur-sarthe
Sainte-segrée
Sainte-sigolène
Sainte-solange
Sainte-soline
Sainte-sophie
Sainte-sophie-d'halifax
Sainte-sophie-de-lévrard
Sainte-sophie_(québec)
Sainte-soule
Sainte-souline
Sainte-soulle
Sainte-suzanne
Sainte-suzanne-sur-vire
Sainte-suzanne_(ariège)
Sainte-suzanne_(doubs)
Sainte-suzanne_(mayenne)
