Miss_You
Miss_You_(chanson)
Miss_You_(chanson_de_Louis_Tomlinson)
Miss_You_(chanson_de_Yuna_Ito)
Miss_You_(chanson_des_Rolling_Stones)
Miss_You_/_Hohoemi_no_Saku_Basho
Miss_You_Already
Miss_You_Much
Miss_Yougoslavie
Miss_Your_Body
Miss_Yu
Miss_Yvonne
Miss_Zambie
Miss_Zimbabwe
Miss_Zombie
Miss_catastrophe
Miss_catastrophe_(film,_1938)
Miss_daisy_et_son_chauffeur
Miss_des_îles_Cook
Miss_détective_:_la_mémoire_envolée
Miss_earth
Miss_et_Mister_Grande_Région
Miss_et_Mister_Suisse_romande
Miss_france
Miss_france_1935
Miss_france_1940
Miss_helium
Miss_international
Miss_mama
Miss_manton_est_folle
Miss_marple_(série_télévisée)
Miss_marple_au_club_du_mardi
Miss_monde
Miss_o'gynie_et_les_hommes_fleurs
Miss_populaire
Miss_république_tchèque
Miss_shumway_jette_un_sort
Miss_terre
Miss_univers
Miss_univers_2019
Miss_universe
Miss_world
Miss_you_(chanson_de_Louis_Tomlinson)
Miss_Écosse
Miss_Édith
Miss_Égypte
Miss_Élégance
Miss_Équateur
Miss_États-Unis
Miss_États-Unis_2012
Miss_Éthiopie
Miss_Île-de-France
Miss_Île_de_France
Miss_Îles_Caïmans
Miss_Îles_Mariannes_du_Nord
Miss_Îles_Turks-et-Caïcos
Miss_Îles_Turques-et-Caïques
Miss_Îles_Vierges_américaines
Miss_Îles_Vierges_britanniques
Miss_Îles_Vierges_des_États-Unis
Miss_îles_Cook
Miss_îles_Vierges_américaines
Miss_îles_Vierges_des_États-Unis
Missa
Missa_(EP)
Missa_Alleluja
Missa_Brevis
Missa_Brevis_(Musgrave)
Missa_Brevis_n°_3_(Mozart)
Missa_Bruxellensis
Missa_Caput
Missa_Catholica
Missa_Cellensis_in_honorem_Beatissimae_Virginis_Mariae
Missa_Christi_resurgentis
Missa_Defunctorum
Missa_Gallica
Missa_Hercules_Dux_Ferrarie
Missa_Hercules_Dux_Ferrarie_(Josquin_des_Prés)
Missa_Hébié
Missa_Johnouchi
Missa_Luba
Missa_Mi-mi
Missa_Papae_Marcelli
Missa_Salisburgensis
Missa_Sancti_Henrici
Missa_Solemnis
Missa_Solemnis_(Beethoven)
Missa_brevis
Missa_brevis_(Pärt)
Missa_brevis_de_Pärt
Missa_brevis_no_1_de_Mozart
Missa_brevis_no_2_de_Mozart
Missa_brevis_no_3_de_Mozart
Missa_brevis_no_4_de_Mozart
Missa_brevis_no_5_de_Mozart
Missa_brevis_no_6_de_Mozart
Missa_brevis_no_7_de_Mozart
Missa_brevis_no_8_de_Mozart
Missa_brevis_no_9_de_Mozart
Missa_brevis_n°_1_de_Mozart
Missa_brevis_n°_2_de_Mozart
Missa_brevis_n°_3_de_Mozart
Missa_brevis_n°_4_de_Mozart
Missa_brevis_n°_5_de_Mozart
Missa_brevis_n°_6_de_Mozart
Missa_brevis_n°_7_de_Mozart
Missa_brevis_n°_8_de_Mozart
Missa_brevis_n°_9_de_Mozart
Missa_dialogata
Missa_ex_B
Missa_in_Angustiis
Missa_in_Contrapuncto
Missa_in_tempore_belli
Missa_pro_Defunctis
Missa_pro_Defunctis_(Gossec)
Missa_pro_defunctis
Missa_pro_defunctis_per_octo_vocibus
Missa_pro_defunctis_per_octo_vocibus_(Cavalli)
Missa_pro_defuncto_Archiepiscopo_Sigismondo
Missa_sine_nomine
Missa_solemnis
Missa_solemnis_(Beethoven)
Missa_solemnis_(Bruckner)
Missa_syllabica
Missa_syllabica_(Pärt)
Missael_Espinoza
Missaglia
Missak_Baghboudarian
Missak_Manouchian
Missakongo
Missal
Missale_Gothicum
Missale_Romanum
Missamana
Missandei
Missane
Missanello
Missas_Pantazopoulos
Missbegotten_Missionary
Misse
Missecle
Missegre
Missel
Missel_Romain
Missel_de_1962
Missel_de_1969
Missel_de_Bobbio
Missel_de_Jean_Rolin
Missel_de_Jean_XXIII
Missel_de_Mathias_Corvin
Missel_de_Matthias_Corvin
Missel_de_Paul_II
Missel_de_Paul_VI
Missel_de_Sherborne
Missel_de_Stammheim
Missel_de_Stowe
Missel_de_Thomas_James
Missel_de_saint_Pie_V
Missel_gallican
Missel_romain
Misselberg
Missellele
Misselwarden
Missen-Wilhams
Misserghin
Missery
Misses
Missharvey
Missi
Missi_Dominici
Missi_Kathumba
Missi_Pyle
Missi_dominici
Missia
Missiaen
Missie
Missiessy
Missika
Missila
Missile
Missile_(autopropulsé)
Missile_Agni
Missile_Air-Air
Missile_Air-Sol
Missile_Anti-Satellite
Missile_Antichar
Missile_Antichar_SS_11
Missile_Antinavire
Missile_BVR
Missile_Bulava
Missile_Buran
Missile_Burevestnik_9M730
Missile_Command
Missile_Command_3D
Missile_Defense
Missile_Defense_Agency
Missile_Defense_Alarm_System
Missile_Discorde
Missile_Enzian
Missile_Exocet
Missile_FC
Missile_Football_Club
Missile_Hades
Missile_Hadès
Missile_Hawk
Missile_Innovation
Missile_Jupiter
Missile_Khoramshahr
Missile_M-4
Missile_M-51
Missile_M1
Missile_M2
Missile_M20
Missile_M4
Missile_M45
Missile_M5
Missile_M51
Missile_MILAN
Missile_MMP
Missile_Mer-Sol
Missile_Mica
Missile_Milan
Missile_Pluton
Missile_Polaris
Missile_Prithvi
Missile_Redstone
Missile_Roland
Missile_S2
Missile_S3
Missile_Scud
Missile_Sol-Sol
Missile_Standard
Missile_Stinger
Missile_Trident
Missile_V-MAX
Missile_V1
Missile_air-air
Missile_air-mer
Missile_air-sol
Missile_air-sol_moyenne_portée_amélioré
Missile_anti-aérien
Missile_anti-balistique
Missile_anti-navire
Missile_anti-navires
Missile_anti-radar
Missile_anti-satellite
Missile_anti-sous-marin
Missile_anti_sous-marin
Missile_antiaérien
Missile_antibalistique
Missile_antichar
Missile_antichar_SS_11
Missile_antichar_ss_11
Missile_antimissile
Missile_antinavire
Missile_antisatellite
Missile_aérobalistique
Missile_balistique
Missile_balistique_intercontinental
Missile_balistique_tactique
Missile_balistique_à_courte_portée
Missile_balistique_à_moyenne_portée
Missile_balistique_à_portée_intermédiaire
Missile_de_Croisière_Naval_(MdCN)
Missile_de_croisiere
Missile_de_croisière
Missile_de_croisière_Buran
Missile_de_croisière_naval
Missile_de_lutte_anti-sous-marine
Missile_defense
Missile_defense_agency
Missile_impossible
Missile_mer-air
Missile_mer-mer
Missile_mer-sol
Missile_mer-sol-balistique-stratégique
Missile_mer-sol_balistique_stratégique
Missile_milan
Missile_moyenne_portée
Missile_nucléaire
Missile_patriote
Missile_postal
Missile_sol-air
Missile_sol-mer
Missile_sol-sol
Missile_surface-air
Missile_surface-surface
Missile_tomahawk
Missile_à_changement_de_milieu
Missile_à_tête_chercheuse
Missiles
Missiles_Agni
Missiles_Air-Air
Missiles_Air-Sol
Missiles_Balistiques_Nord-Coréens
Missiles_Cubains
Missiles_Hawk
Missiles_Mer-Mer
Missiles_Mer-Sol
Missiles_Prithvi
Missiles_R
Missiles_SS11
Missiles_Sol-Air
Missiles_Trident
Missiles_V2
Missiles_air_sol
Missiles_anti-char
Missiles_anti-navire
Missiles_anti-sous-marins
Missiles_antichars
Missiles_balistiques
Missiles_balistiques_intercontinentaux
Missiles_balistiques_nord-coreens
Missiles_balistiques_nord-coréens
Missiles_de_croisière
Missiles_mer-sol
Missiles_mer-sol_balistiques_stratégiques
Missiles_sol-air
Missiles_sol-sol
Missiles_à_changement_de_milieu
Missillac
Missing
Missing,_portés_disparus
Missing...Presumed_Having_a_Good_Time
Missing..._presumed_having_a_good_time
Missing:_Germany
Missing:_New_York
Missing:_disparus_sans_laisser_de_trace
MissingNo
MissingNo.
Missing_(Canadian_TV_series)
Missing_(chanson)
Missing_(film,_1982)
Missing_(film,_2008)
Missing_(série_télévisée)
Missing_:_Au_cœur_du_complot
Missing_:_Disparus_Sans_Laisser_De_Trace
Missing_:_Disparus_Sans_Laisser_de_Traces
Missing_:_Disparus_sans_laisser_de_trace
Missing_:_New_York
Missing_:_au_coeur_du_complot
Missing_:_disparus_sans_laisser_de_trace
Missing_Children_Switzerland
Missing_Disparus_sans_laisser_de_trace
Missing_In_Action
Missing_Man_Formation
Missing_Maps
Missing_Number
Missing_Persons
Missing_Persons_(série_télévisée)
Missing_Persons_(série_télévisée,_1993)
Missing_Pieces
Missing_Pieces_–_The_Puzzle_B-Sides
Missing_Songs
Missing_You
Missing_You_(chanson_de_John_Waite)
Missing_You_(chanson_des_Black_Eyed_Peas)
Missing_You_(série_télévisée)
Missing_You_~Time_To_Love~
Missing_in_Action
Missing_in_Action_(jeu_vidéo,_1998)
Missing_in_America
Missing_man_formation
Missing_white_woman_syndrome
Missing_you
Missingo
Missinguid
Missinguiléo
Missio
Missio_(groupe)
Missio_canonica
Missiologie
Missiologue
Mission
Mission,_Calgary
Mission,_Colombie-Britannique
Mission-G
Mission-Tové
Mission:_Impossible
Mission:_Impossible_(film)
Mission:_Impossible_-_Operation_Surma
Mission:_Impossible_-_Protocole_Fantôme
Mission:_Impossible_-_Protocole_fantôme
Mission:_Impossible_2
Mission:_Impossible_3
Mission:_Impossible_7
Mission:_Impossible_II
Mission:_Impossible_III
Mission:_Impossible_–_Operation_Surma
Mission:_Impossible_–_Rogue_Nation
Mission:_Magic!
Mission:_Planète_Rouge
Mission:_Planète_rouge
Mission:_Space
Mission:_Yozakura_Family
MissionForce:_CyberStorm
Mission_(Calgary)
Mission_(Colombie-Britannique)
Mission_(Dakota_du_Sud)
Mission_(Eddings)
Mission_(Kansas)
Mission_(Kombo-Abedimo)
Mission_(Suisse)
Mission_(Texas)
Mission_(album)
Mission_(bande_originale)
Mission_(budget)
Mission_(christianisme)
Mission_(colombie-britannique)
Mission_(edifice_religieux)
Mission_(film)
Mission_(paroissiale)
Mission_(province)
Mission_(Édifice_religieux)
Mission_(édifice_religieux)
Mission_21
Mission_633
Mission_66
Mission_95C
Mission_:_Impossible
Mission_:_Impossible_(film)
Mission_:_Impossible_2
Mission_:_Impossible_3
Mission_:_Impossible_II
Mission_:_Impossible_III
Mission_:_Invisible
Mission_:_Invisible_!
Mission_:_Los_Angeles
Mission_:_Noël
Mission_:_Planete_rouge
Mission_:_Planète_Rouge
Mission_:_Planète_rouge
Mission_:_SPACE
Mission_:_Space
Mission_:_Terre
Mission_:_impossible,_protocole_fantôme
Mission_:_impossible_2
Mission_:_impossible_3
Mission_:_planète_rouge
Mission_:_space
Mission_Accomplie
Mission_Alamo
Mission_Alcatraz
Mission_Alcatraz_2
Mission_Almost_Impossible_Done_(M.A.I.D))
Mission_Alpha
Mission_Antarctique
Mission_Antarctique_(film,_2007)
Mission_Antares
Mission_Apocalypse
Mission_Apollo
Mission_Apollo_11,_les_premiers_pas_sur_la_Lune
Mission_Archéologique_Française_De_Saqqarah
Mission_Archéologique_Française_À_Saqqarah
Mission_Archéologique_Italienne_En_Égypte
Mission_Artistique_Française
Mission_Atalanta
Mission_Bartolone-Winock
Mission_Basilic
Mission_Bassin_Minier
Mission_Bassin_minier
Mission_Bay
Mission_Bay_(Nouvelle-Zélande)
Mission_Bay_(San_Diego)
Mission_Bay_(San_Francisco)
Mission_Beach
Mission_Bell
Mission_Bend
Mission_Bergamote
Mission_Berliet-Ténéré
Mission_Berthelot
Mission_Bethléem_Immensee
Mission_Biologique_de_Galice
Mission_Bretonne
Mission_Camp
Mission_Casse-Cou
Mission_Cassini-Huygens
Mission_Chaldéenne_en_France
Mission_Church
Mission_Citronelle
Mission_Cluster
Mission_Cléopâtre
Mission_Concepcion
Mission_Concepción
Mission_Congo-Nil
Mission_Conjointe_Des_Nations_Unies_Et_De_L'Union_Africaine_Au_Darfour
Mission_Control
Mission_Control_(OS_X)
Mission_Control_Center
Mission_Control_Texas
Mission_Corymbe
Mission_D'administration_Intérimaire_Des_Nations_Unies_Au_Kosovo
Mission_D'aide_À_La_Médiation_Internationale_Pour_Les_Familles
Mission_D'appui_Des_Nations_Unies_Au_Timor_Oriental
Mission_D'assistance_Des_Nations_Unies_En_Afghanistan
Mission_D'information_Parlementaire_Sur_Le_Rwanda
Mission_D'observation_Des_Nations_Unies_Au_Yémen
Mission_D'observation_Des_Nations_Unies_En_Géorgie
Mission_D'observation_Des_Nations_Unies_En_Irak_Et_Au_Koweit
Mission_D'étude_Sur_La_Spoliation_Des_Juifs_De_France
Mission_D'évaluation_Et_De_Contrôle
Mission_Dakar-Djibouti
Mission_De_France
Mission_De_Joliette
Mission_De_L'Organisation_Des_Nations_Unies_En_République_Démocratique_Du_Congo
Mission_De_L'Union_Africaine_Au_Soudan
Mission_De_Sorel-Tracy
Mission_Delta
Mission_Des_Nations_Unies_Au_Libéria
Mission_Des_Nations_Unies_Au_Népal
Mission_Des_Nations_Unies_Au_Soudan
Mission_Des_Nations_Unies_En_Haïti
Mission_Des_Nations_Unies_En_Sierra_Leone
Mission_Des_Nations_Unies_En_Éthiopie_Et_En_Érythrée
Mission_Des_Nations_Unies_Pour_L'assistance_Au_Rwanda
Mission_Des_Nations_Unies_Pour_L'organisation_D'un_Référendum_Au_Sahara_Occidental
Mission_Des_Nations_Unies_Pour_La_Stabilisation_En_Haïti
Mission_District
Mission_District_(San_Francisco)
Mission_Dixie
Mission_Dolores
Mission_Dolores_Park
Mission_Dracula
Mission_Earth
Mission_Enfoirés
Mission_Etalab
Mission_Extension_Vehicle
Mission_Florimont
Mission_Force_One
Mission_Foureau-Lamy
Mission_Française_du_Patrimoine_et_des_Cultures_Alimentaires
Mission_G
Mission_Gaia
Mission_Gemini
Mission_Gentil
Mission_Guépards
Mission_Générale_d'Insertion
Mission_Handicap
Mission_Hill
Mission_Hill_(Boston)
Mission_Hill_(Dakota_du_Sud)
Mission_Hill_(série_télévisée)
Mission_Hills
Mission_Hills_(Kansas)
Mission_Hills_(Los_Angeles)
Mission_Hourst
Mission_House
Mission_House_(Île_Mackinac)
Mission_House_(Îles_Caïmans)
Mission_House_(îles_Caïmans)
Mission_Hoyos
Mission_Héliographique
Mission_Héraclès
Mission_Impossible
Mission_Impossible_(jeu_vidéo,_1979)
Mission_Impossible_(série_télévisée)
Mission_Impossible_2
Mission_Impossible_4
Mission_Impossible_6
Mission_Impossible_:_Rogue_Nation
Mission_Impossible_III
Mission_Impossible_Theme
Mission_Inn
Mission_Interalliée_de_Contrôle_des_Usines_et_des_Mines
Mission_Interministérielle_De_L'effet_De_Serre
Mission_Interministérielle_De_Lutte_Contre_La_Drogue_Et_La_Toxicomanie
Mission_Interministérielle_De_Vigilance_Et_De_Lutte_Contre_Les_Dérives_Sectaires
Mission_Interministérielle_de_l’information_scientifique_et_technique
Mission_Interministérielle_sur_les_Mutations_Économiques
Mission_Intégrée_Des_Nations_Unies_Au_Timor-Leste
Mission_Intérimaire_des_Nations_unies_au_Kosovo
Mission_Iwakura
Mission_Jarring
Mission_Jeanne_d'Arc
Mission_Joalland-Meynier
Mission_Joffre_en_Extrême_Orient
Mission_Jésuite
Mission_Jésuite_Du_Paraguay
Mission_Jésuite_En_Chine
Mission_Kashmir
Mission_Kemmerer
Mission_Kepler
Mission_Kim_Possible
Mission_Laïque_Française
Mission_Lescure
Mission_Locale_D'insertion
Mission_Mac_All
Mission_Magic
Mission_Malebo
Mission_Malleson
Mission_Marchand
Mission_Mars
Mission_Mars_Exploration_Rover
Mission_Marshall
Mission_Martin
Mission_Mercury
Mission_Milano
Mission_Militaire_Française_au_Japon
Mission_Millenium
Mission_Millenium_:_Le_Masque_de_Chac
Mission_Millenium_:_Le_masque_de_Chac
Mission_Neptune
Mission_New_Worlds
Mission_Nuestro_Señora_del_Espíritu_Santo_de_Zúñiga
Mission_Odyssey
Mission_Of_Burma
Mission_Ogooué_Congo
Mission_Old_Brewery
Mission_Opérationnelle_Transfrontalière
Mission_Ou_Démission_De_La_Suisse
Mission_Ouvrière
Mission_Ouvrière_saints_Pierre-et-Paul
Mission_Paléoanthropologique_Franco-Tchadienne
Mission_Paradis
Mission_Parkway
Mission_Particulière
Mission_Pays_basque
Mission_Permanente_de_Djibouti_auprès_des_Nations-Unies
Mission_Permanente_de_Djibouti_auprès_des_Nations_unies
Mission_Pirates
Mission_Pirattak
Mission_Planck
Mission_President
Mission_President:_Geopolitical_Simulator
Mission_President_:_Geopolitical_Simulator
Mission_Préparatoire_Des_Nations_Unies_Au_Cambodge
Mission_Président_:_Geo-Political_Simulator
Mission_Président_:_Geo_Political_Simulator
Mission_Père_Noël
Mission_Père_Noël_(film)
Mission_Pôle_Nord_Pôle_Sud
Mission_Racine
Mission_Radeau_des_Cimes
Mission_Radowitz
Mission_Ramakrishna
Mission_Resolute_Support
Mission_Resolute_support
Mission_Revival_Style_architecture
Mission_Rosetta
Mission_Russe_de_Jérusalem
Mission_Saint-Alexandre_de_Jérusalem
Mission_Saint-Benjamin_de_Jérusalem
Mission_Saint-Bernard_(Grouard)
Mission_Saint-François-Xavier
Mission_Saint-François-d'Assise
Mission_Saint-Ignace
Mission_Saint-Joseph
Mission_Saint-Serge_de_Jérusalem
Mission_Sainte-Marie
Mission_Sainte-Marie_de_Sugar_Creek
Mission_San_Antonio_de_Valero
Mission_San_Carlos_Borromeo
Mission_San_Diego_De_Alcalá
Mission_San_Diego_de_Alcala
Mission_San_Diego_de_Alcalá
Mission_San_Francisco_Solano
Mission_San_Francisco_de_Asís
Mission_San_Francisco_de_la_Espada
Mission_San_Francisco_de_los_Tejas
Mission_San_José
Mission_San_Juan_Capistrano
Mission_San_Juan_Capistrano_(Texas)
Mission_San_Luis_Rey_de_Francia
Mission_San_Pedro_y_San_Pablo_del_Tubutama
Mission_San_Rafael_Arcangel
Mission_San_Rafael_Arcángel
Mission_San_Xavier_Del_Bac
Mission_San_Xavier_del_Bac
Mission_Santa_Barbara
Mission_Santa_Cruz
Mission_Santa_Elena
Mission_Sherman
Mission_Shoup
Mission_Space_Adventures_Crew_Dragon
Mission_Specialist
Mission_Spéciale_au_Pays_de_la_Lune
Mission_St-Louis-de-Gonzague
Mission_Stardust
Mission_Stellaire
Mission_Stéphane_Bern
Mission_Sui_Iuris_des_Îles_Turques-et-Caïques
Mission_T.S.
Mission_Terminée
Mission_Terre
Mission_Tizard
Mission_To_Mars
Mission_Top_Secret
Mission_Township_(Illinois)
Mission_Tranin-Duverne
Mission_Truptil
Mission_Valley
Mission_Vao
Mission_Viejo
Mission_Viejo_Nadadores
Mission_Viviani_Joffre
Mission_Voulet-Chanoine
Mission_Woods
Mission_X
Mission_Yanagi
Mission_Yonathan
Mission_Yéti
Mission_Zelnik
Mission_Zéro
Mission_a_Tanger
Mission_accomplie
Mission_apostolique
Mission_archeologique_francaise_a_Saqqarah
Mission_archeologique_francaise_de_Saqqarah
Mission_archéologique_franco-américaine_de_Doura-Europos
Mission_archéologique_franco-américaine_de_Doura_Europos
Mission_archéologique_française_de_Chabwa
Mission_archéologique_française_de_Saqqarah
Mission_archéologique_française_de_Saqqâra
Mission_archéologique_française_de_Shabwa
Mission_archéologique_française_de_saqqarah
Mission_archéologique_française_du_Bubasteion
Mission_archéologique_française_à_Saqqarah
Mission_archéologique_française_à_saqqarah
Mission_archéologique_italienne_en_Égypte
Mission_archéologique_italienne_en_égypte
Mission_artistique_francaise
Mission_artistique_française
Mission_aux_Pays-Bas
Mission_aux_commémorations_nationales
Mission_bretonne
Mission_britannique_à_Lhassa
Mission_bâloise
Mission_canadienne_en_Afghanistan
Mission_casse-cou
Mission_catholique_Tchad
Mission_catholique_de_Loango
Mission_chaldéenne_en_France
Mission_chinoise_à_Lhassa
Mission_chrétienne
Mission_chrétienne_internationale_Élim
Mission_chrétienne_pour_les_aveugles
Mission_civile_d'observation_de_l'Union_européenne_dans_les_Balkans
Mission_civilisatrice
Mission_concepcion
Mission_conjointe_des_Nations_Unies_et_de_l'Union_africaine_au_Darfour
Mission_conjointe_des_Nations_unies_et_de_l'Union_africaine_au_Darfour
Mission_conjointe_des_Nations_unies_et_de_l’Union_africaine_au_Darfour
Mission_conjointe_des_nations_unies_et_de_l'union_africaine_au_darfour
Mission_culturelle_française_au_Liban
Mission_d'Observation_de_l'ONU_au_Yémen_(MONUY)
Mission_d'Observation_des_Nations_Unies_en_Géorgie
Mission_d'administration_interimaire_des_Nations_Unies_au_Kosovo
Mission_d'administration_intérimaire_des_Nations_Unies_au_Kosovo
Mission_d'administration_intérimaire_des_Nations_unies_au_Kosovo
Mission_d'administration_intérimaire_des_nations_unies_au_kosovo
Mission_d'aide_a_la_mediation_internationale_pour_les_familles
Mission_d'aide_à_la_médiation_internationale_pour_les_familles
Mission_d'appui_des_Nations_unies_au_Timor_oriental
Mission_d'appui_des_Nations_unies_en_Libye
Mission_d'appui_des_nations_unies_au_timor_oriental
Mission_d'assistance_de_l'Union_européenne_pour_une_gestion_intégrée_des_frontières_en_Libye
Mission_d'assistance_des_Nations_unies_en_Afghanistan
Mission_d'assistance_des_nations_unies_en_afghanistan
Mission_d'entreprise
Mission_d'etude_sur_la_spoliation_des_Juifs_de_France
Mission_d'evaluation_et_de_controle
Mission_d'exploration_du_Mékong_(1866-1868)
Mission_d'exploration_du_Mékong_et_du_haut_Song-koï
Mission_d'information_parlementaire
Mission_d'information_parlementaire_sur_le_Rwanda
Mission_d'information_parlementaire_sur_le_rwanda
Mission_d'inspection_des_juridictions_administratives
Mission_d'intérêt_général
Mission_d'observateurs_des_Nations_Unies_en_Irak_et_au_Kuwait_-_MONUIK
Mission_d'observateurs_des_Nations_unies_en_Irak_et_au_Kuwait_-_MONUIK
Mission_d'observation_de_l'ONU_au_Yémen
Mission_d'observation_de_l'ONU_en_Ouganda_et_au_Rwanda
Mission_d'observation_de_l'Union_européenne
Mission_d'observation_de_l'Union_européenne_en_Géorgie
Mission_d'observation_des_Nations_Unies_au_Tadjikistan
Mission_d'observation_des_Nations_Unies_à_Bougainville
Mission_d'observation_des_Nations_unies_au_Liberia
Mission_d'observation_des_Nations_unies_au_Salvador
Mission_d'observation_des_Nations_unies_au_Tadjikistan
Mission_d'observation_des_Nations_unies_au_Yemen
Mission_d'observation_des_Nations_unies_au_Yémen
Mission_d'observation_des_Nations_unies_en_Angola
Mission_d'observation_des_Nations_unies_en_El_Salvador
Mission_d'observation_des_Nations_unies_en_Georgie
Mission_d'observation_des_Nations_unies_en_Géorgie
Mission_d'observation_des_Nations_unies_en_Irak_et_au_Koweit
Mission_d'observation_des_Nations_unies_en_Irak_et_au_Koweït
Mission_d'observation_des_Nations_unies_en_Ouganda_et_au_Rwanda
Mission_d'observation_des_Nations_unies_à_Bougainville
Mission_d'observation_des_Nations_unies_à_Prevlaka
Mission_d'observation_des_nations_unies_au_yémen
Mission_d'observation_des_nations_unies_en_géorgie
Mission_d'observation_des_nations_unies_en_irak_et_au_koweit
Mission_d'observation_en_Yougoslavie
Mission_d'observation_militaire_Équateur_–_Pérou
Mission_d'une_entreprise
Mission_d'éducation_chinoise
Mission_d'étude_sur_la_spoliation_des_Juifs_de_France
Mission_d'étude_sur_la_spoliation_des_biens_des_Juifs_de_France
Mission_d'étude_sur_la_spoliation_des_juifs_de_france
Mission_d'évaluation_des_politiques_publiques
Mission_d'évaluation_et_de_contrôle
Mission_dakar-djibouti
Mission_dangereuse
Mission_dangereuse_au_Kurdistan
Mission_de_Amr_bin_Umayyah_al-Damri
Mission_de_Bâle
Mission_de_France
Mission_de_Guajara-Mirim
Mission_de_Guajará-Mirim
Mission_de_Hollande
Mission_de_Joliette
Mission_de_Police_européenne_en_Afghanistan
Mission_de_Saint-Jean
Mission_de_Saint-Joseph
Mission_de_San_Antonio_de_Valero
Mission_de_Santa_Barbara
Mission_de_Sorel-Tracy
Mission_de_bons_offices
Mission_de_conseil_aux_forces_de_sécurité_intérieure_ukrainiennes
Mission_de_consolidation_de_la_paix_en_Centrafrique
Mission_de_démonstration_SpaceX_n°_2
Mission_de_formation_de_l'OTAN_en_Afghanistan
Mission_de_formation_de_l'Union_européenne
Mission_de_formation_de_l'Union_européenne_au_Mali
Mission_de_formation_de_l'Union_européenne_en_République_centrafricaine
Mission_de_formation_de_l'Union_européenne_en_Somalie
Mission_de_france
Mission_de_joliette
Mission_de_l'Ange_Gardien
Mission_de_l'Esprit-Saint
Mission_de_l'Esprit_Saint
Mission_de_l'Immaculée
Mission_de_l'Immaculée_Conception
Mission_de_l'Inde_à_Lhassa
Mission_de_l'ONU_en_Irak
Mission_de_l'ONU_en_Iraq
Mission_de_l'ONU_pour_la_stabilisation_en_République_démocratique_du_Congo
Mission_de_l'Organisation_des_Nations-Unies_en_République_Démocratique_du_Congo
Mission_de_l'Organisation_des_Nations_unies_en_Republique_democratique_du_Congo
Mission_de_l'Organisation_des_Nations_unies_en_République_démocratique_du_Congo
Mission_de_l'Organisation_des_Nations_unies_en_république_démocratique_du_Congo
Mission_de_l'Organisation_des_Nations_unies_pour_la_Stabilisation_de_la_République_démocratique_du_Congo
Mission_de_l'Union_africaine_au_Soudan
Mission_de_l'Union_africaine_en_Somalie
Mission_de_l'Union_européenne_d'assistance_au_poste_frontière_de_Rafah
Mission_de_l'Union_européenne_d'assistance_à_la_frontière
Mission_de_l'Union_européenne_d'assistance_à_la_frontière_entre_la_Moldavie_et_l'Ukraine
Mission_de_l'Union_européenne_d'assistance_à_la_police_en_Albanie
Mission_de_l'onu_en_iraq
Mission_de_l'organisation_des_nations_unies_en_république_démocratique_du_congo
Mission_de_l'union_africaine_au_soudan
Mission_de_la_Montagne
Mission_de_la_mer
Mission_de_la_mémoire_de_l'esclavage,_des_traites_et_de_leurs_abolitions
Mission_de_lutte_contre_le_décrochage_scolaire
Mission_de_l’Immaculée
Mission_de_mesure_des_précipitations_tropicales
Mission_de_nuit_sur_la_France
Mission_de_police_de_l'Union_européenne_en_Afghanistan
Mission_de_renforcement_des_capacités
Mission_de_retour_d'échantillon
Mission_de_retour_d'échantillons
Mission_de_retour_d'échantillons_martiens
Mission_de_service_public
Mission_de_sorel-tracy
Mission_de_soutien_aux_capacités_de_sécurité_intérieure_maliennes
Mission_de_soutien_aux_capacités_maritimes_en_Somalie
Mission_de_soutien_à_la_police_dans_les_territoires_palestiniens
Mission_de_supervision_des_Nations_unies_en_Syrie
Mission_de_vérification_des_Nations_unies_en_Angola_I
Mission_de_vérification_des_Nations_unies_en_Angola_II
Mission_de_vérification_des_Nations_unies_en_Angola_III
Mission_des_Nations_Unies_en_République_centrafricaine_et_au_Tchad
Mission_des_Nations_Unies_pour_l'assistance_au_Rwanda
Mission_des_Nations_Unies_pour_l'organisation_d'un_référendum_au_Sahara_occidental_-_MINURSO_(Opération_Python)
Mission_des_Nations_unies_au_Liberia
Mission_des_Nations_unies_au_Libéria
Mission_des_Nations_unies_au_Nepal
Mission_des_Nations_unies_au_Népal
Mission_des_Nations_unies_au_Soudan
Mission_des_Nations_unies_au_Soudan_du_Sud
Mission_des_Nations_unies_en_Ethiopie_et_en_Erythree
Mission_des_Nations_unies_en_Haiti
Mission_des_Nations_unies_en_Haïti
Mission_des_Nations_unies_en_Irak
Mission_des_Nations_unies_en_République_centrafricaine_et_au_Tchad
Mission_des_Nations_unies_en_Sierra_Leone
Mission_des_Nations_unies_en_Éthiopie_et_en_Érythrée
Mission_des_Nations_unies_pour_l'appui_à_la_Justice_en_Haïti
Mission_des_Nations_unies_pour_l'appui_à_la_justice_en_Haïti
Mission_des_Nations_unies_pour_l'assistance_au_Rwanda
Mission_des_Nations_unies_pour_l'organisation_d'un_referendum_au_Sahara_occidental
Mission_des_Nations_unies_pour_l'organisation_d'un_référendum_au_Sahara_occidental
Mission_des_Nations_unies_pour_l'organisation_d'un_référendum_au_Sahara_occidental_-_MINURSO_(Opération_Python)
Mission_des_Nations_unies_pour_la_stabilisation_en_Centrafrique
Mission_des_Nations_unies_pour_la_stabilisation_en_Haiti
Mission_des_Nations_unies_pour_la_stabilisation_en_Haïti
Mission_des_Nations_unis_pour_l'appui_à_la_Justice_en_Haïti
Mission_des_fonctionnaires_internationaux
Mission_des_nations_unies_au_libéria
Mission_des_nations_unies_au_népal
Mission_des_nations_unies_au_soudan
Mission_des_nations_unies_en_haïti
Mission_des_nations_unies_en_sierra_leone
Mission_des_nations_unies_en_éthiopie_et_en_érythrée
Mission_des_nations_unies_pour_l'assistance_au_rwanda
Mission_des_nations_unies_pour_l'organisation_d'un_référendum_au_sahara_occidental
Mission_des_nations_unies_pour_la_stabilisation_en_haïti
Mission_des_services_pénitentiaires_de_l'outre-mer
Mission_diplomatique
Mission_du_Lac-des-Deux-Montagnes
Mission_du_Plein_Évangile_-_La_Porte_Ouverte_Chrétienne
Mission_du_mécénat
Mission_d’assistance_des_Nations_unies_en_Afghanistan
Mission_d’observation_des_Nations_unies_en_Angola
Mission_economique
Mission_electronics
Mission_en_mer_Ionienne
Mission_espagnole_de_Californie
Mission_etudiante_catholique_de_France
Mission_française_des_fouilles_de_Tanis
Mission_française_du_patrimoine_et_des_cultures_alimentaires
Mission_gravité
Mission_grégorienne
Mission_guépards
Mission_générale_d'insertion
Mission_générale_d’insertion
Mission_habitée_vers_Mars
Mission_habitée_vers_Mars_(Russie)
Mission_habitée_vers_un_astéroïde
Mission_heliographique
Mission_héliographique
Mission_impossible
Mission_impossible,_20_ans_après
Mission_impossible_(Buck_Danny)
Mission_impossible_(film)
Mission_impossible_(films)
Mission_impossible_(jeu_vidéo,_1990)
Mission_impossible_(jeu_vidéo,_1998)
Mission_impossible_(jeu_vidéo,_2000)
Mission_impossible_(série_de_films)
Mission_impossible_(série_télévisée)
Mission_impossible_(univers_de_fiction)
Mission_impossible_2
Mission_impossible_20_ans_après
Mission_impossible_3
Mission_impossible_4
Mission_impossible_5
Mission_impossible_6
Mission_impossible_7
Mission_impossible_:_Fallout
Mission_impossible_:_Ghost_Protocol
Mission_impossible_:_Opération_Surma
Mission_impossible_:_Protocole_Fantôme
Mission_impossible_:_Protocole_fantôme
Mission_impossible_:_Rogue_Nation
Mission_impossible_:_liste_des_épisodes
Mission_integree_des_Nations_unies_au_Timor-Leste
Mission_interalliée_de_contrôle_des_usines_et_des_mines
Mission_interalliée_en_Pologne
Mission_interministerielle_de_l'effet_de_serre
Mission_interministerielle_de_lutte_contre_la_drogue_et_la_toxicomanie
Mission_interministerielle_de_vigilance_et_de_lutte_contre_les_derives_sectaires
Mission_interministérielle_Recherche_et_Enseignement_supérieur
Mission_interministérielle_d'aménagement_touristique_du_littoral_du_Languedoc-Roussillon
Mission_interministérielle_de_l'effet_de_serre
Mission_interministérielle_de_lutte_contre_la_drogue_et_la_toxicomanie
Mission_interministérielle_de_lutte_contre_les_drogues_et_les_conduites_addictives
Mission_interministérielle_de_lutte_contre_les_sectes
Mission_interministérielle_de_l’effet_de_serre
Mission_interministérielle_de_l’information_scientifique_et_technique
Mission_interministérielle_de_vigilance_et_de_lutte_contre_les_dérives_sectaires
Mission_interministérielle_pour_la_lutte_contre_les_sectes
Mission_internationale_de_soutien_au_Mali
Mission_internationale_de_soutien_au_Mali_sous_conduite_africaine
Mission_internationale_de_soutien_à_la_Centrafrique_sous_conduite_africaine
Mission_interservice_de_l'eau
Mission_interservice_de_l'eau_et_de_la_nature
Mission_interstellaire
Mission_intégrée_des_Nations_unies_au_Timor-Leste
Mission_intégrée_des_nations_unies_au_timor-leste
Mission_intérimaire_des_Nations_Unies_au_Kosovo
Mission_intérimaire_des_Nations_unies_au_Kosovo
Mission_invisible
Mission_jesuite
Mission_jesuite_du_Paraguay
Mission_jesuite_en_Chine
Mission_jésuite
Mission_jésuite_Saint-Eugène_auprès_des_indiens_Kootenai
Mission_jésuite_Saint-Joseph_de_Council_Bluffs
Mission_jésuite_Saint-Michael_des_Pend'Oreilles
Mission_jésuite_Saint-Paul_de_Willamette
Mission_jésuite_Sainte-Marie_de_Bitter_Root
Mission_jésuite_au_Congo
Mission_jésuite_au_Tibet
Mission_jésuite_aux_États-Unis
Mission_jésuite_d'Éthiopie
Mission_jésuite_de_Bolivie
Mission_jésuite_de_Kickapoo
Mission_jésuite_de_Madagascar
Mission_jésuite_de_Moghol
Mission_jésuite_des_Guaranis
Mission_jésuite_du_Madurai
Mission_jésuite_du_Maduré
Mission_jésuite_du_Paraguay
Mission_jésuite_du_Pérou
Mission_jésuite_du_Sacré-Cœur_auprès_des_Cœurs_d'Alène
Mission_jésuite_du_paraguay
Mission_jésuite_en_Chine
Mission_jésuite_en_chine
Mission_laïque_française
Mission_locale
Mission_locale_d'insertion
Mission_locale_d'insertion_(France)
Mission_lunaire
Mission_lunaire_des_Émirats
Mission_martienne_chinoise
Mission_martienne_des_Émirats
Mission_militaire_britannique_en_Pologne
Mission_militaire_française_au_Japon
Mission_militaire_française_au_Japon_(1867-1868)
Mission_militaire_française_au_Japon_(1872-1880)
Mission_militaire_française_au_Japon_(1872–1880)
Mission_militaire_française_au_Japon_(1884-1889)
Mission_militaire_française_au_Japon_(1918-1919)
Mission_militaire_française_de_liaison
Mission_militaire_française_en_Grèce
Mission_militaire_française_en_Grèce_(1884-1887)
Mission_militaire_française_en_Grèce_(1884–1887)
Mission_militaire_française_en_Grèce_(1911-1914)
Mission_militaire_française_en_Pologne
Mission_mondiale_de_BMS
Mission_mormone
Mission_multidimensionnelle_intégrée_des_Nations_Unies_pour_la_stabilisation_au_Mali
Mission_multidimensionnelle_intégrée_des_Nations_unies_pour_la_stabilisation_au_Mali
Mission_multidimensionnelle_intégrée_des_Nations_unies_pour_la_stabilisation_en_Centrafrique
Mission_nationale_de_contrôle_et_d'audit
Mission_nationale_pour_la_sauvegarde_du_patrimoine_scientifique_et_technique_contemporain
Mission_nationale_pour_les_manuscrits
Mission_navale
Mission_navale_française_en_Grèce_(1884-1890)
Mission_odyssey
Mission_odysée
Mission_of_Burma
Mission_of_burma
Mission_operationnelle_transfrontaliere
Mission_opérationnelle_transfrontalière
Mission_orthodoxe_russe_de_Jérusalem
Mission_ou_Demission_de_la_Suisse
Mission_ou_Démission_de_la_Suisse
Mission_ou_démission_de_la_suisse
Mission_outre-mer
Mission_ouvrière
Mission_ouvrière_Saints-Pierre-et-Paul
Mission_paléoanthropologique_franco-tchadienne
Mission_paroissiale
Mission_particulière
Mission_patrimoine
Mission_permanente_d'inspection_des_juridictions_administratives
Mission_permanente_de_Djibouti_auprès_des_Nations_unies
Mission_permanente_de_la_France_auprès_des_Nations_unies
Mission_permanente_de_lutte_contre_la_toxicomanie
Mission_permanente_du_Mexique_en_Serbie
Mission_photo_de_la_DATAR
Mission_photographique_de_la_DATAR
Mission_phénix
Mission_pirates
Mission_pirates:_Le_trésor_perdu_de_Fiji
Mission_pirates_:_Le_trésor_perdu_de_Fiji
Mission_polaire
Mission_politique_des_Nations_unies_au_Népal
Mission_populaire_évangélique
Mission_pour_Thulé
Mission_preparatoire_des_Nations_unies_au_Cambodge
Mission_presbytérienne_américaine
Mission_president_:_geopolitical_simulator
Mission_protestante_de_Bâle
Mission_préparatoire_des_Nations_Unies_au_Cambodge_-_MIPRENUC
Mission_préparatoire_des_Nations_unies_au_Cambodge
Mission_préparatoire_des_Nations_unies_au_Cambodge_-_MIPRENUC
Mission_préparatoire_des_nations_unies_au_cambodge
Mission_prévention_et_sécurité_routière_dans_les_armées
Mission_périlleuse
Mission_rapaces
Mission_rhénane
Mission_rhénane_de_Okahandja
Mission_russe_de_Jérusalem
Mission_régionale_d'assistance_aux_Îles_Salomon
Mission_régionale_d’assistance_aux_Îles_Salomon
Mission_sacrée
Mission_san_diego_de_alcalá
Mission_san_xavier_del_bac
Mission_sanglante
Mission_sans_retour
Mission_sauvetages
Mission_scientifique_franco-soviétique_Saliout_7
Mission_scientifique_française_du_cap_Horn_(1882-1883)
Mission_secours
Mission_secrète
Mission_secrète_(film)
Mission_secrète_(film,_1950)
Mission_secrète_Pearl_Harbour
Mission_spatiale
Mission_spatiale_franco-soviétique_Saliout_7
Mission_spatiale_habitée_vers_Mars
Mission_spéciale
Mission_spéciale..._Lady_Chaplin
Mission_spéciale_(Buck_Danny)
Mission_spéciale_(Tif_et_Tondu)
Mission_spéciale_au_2e_bureau
Mission_spéciale_au_2ème_bureau
Mission_spéciale_au_deuxième_bureau
Mission_spéciale_au_pays_de_la_Lune
Mission_spéciale_à_Caracas
Mission_stellaire
Mission_sui_juris
Mission_sui_juris_d'Afghanistan
Mission_sui_juris_de_Funafuti
Mission_sui_juris_de_Sainte-Hélène,_Ascension_et_Tristan_da_Cunha
Mission_sui_juris_des_Tokelau
Mission_sui_juris_des_Îles_Turques-et-Caïques
Mission_sui_juris_des_îles_Caïmans
Mission_sui_juris_des_îles_Turks-et-Caïcos
Mission_sui_juris_des_îles_Turques_et_Caïques
Mission_sui_juris_du_Tadjikistan
Mission_sui_juris_du_Turkménistan
Mission_suicidaire
Mission_suicide
Mission_suicide_(épisode_de_Battlestar_Galactica)
Mission_sur_Mars
Mission_sur_l'avenir_des_institutions
Mission_survie
Mission_terminee
Mission_terminée
Mission_to_Mars
Mission_to_Mars_(attraction)
Mission_to_Mars_(film)
Mission_to_Mars_(parcs_Disney)
Mission_to_Moscow
Mission_to_mars
Mission_to_mars_(attraction)
Mission_to_the_Unknown
Mission_top_secret
Mission_trésor
Mission_ultra-secrète
Mission_vers_l'enfer
Mission_vers_la_vallée_perdue
Mission_voulet-chanoine
Mission_zero
Mission_zéro
Mission_À_Tanger
Mission_Économique
Mission_Équitation
Mission_Équitation_(jeu_vidéo)
Mission_Équitation_:_Sur_la_piste_des_Appaloosas
Mission_Équitation_:_À_la_recherche_du_cheval_d'or
Mission_Équitation_online_:_Mon_Club_sur_internet
Mission_Étudiante_Catholique_De_France
Mission_Évangélique_Baptiste_du_Sud_d'Haïti
Mission_Évangélique_des_Tziganes_de_France_-_Vie_et_Lumière
Mission_Évasion
Mission_à_Alger
Mission_à_Byzance
Mission_à_Kaboul._La_relation_de_sir_Alexander_Burnes
Mission_à_Kaboul._La_relation_de_sir_Alexander_Burnes_(1836-1838)
Mission_à_Moscou
Mission_à_Saïgon
Mission_à_Singapour
Mission_à_Tanger
Mission_à_l'Intérieur_de_la_Chine
Mission_à_l'intérieur_de_la_Chine
Mission_à_tanger
Mission_économique
Mission_économique_de_Port-Louis
Mission_étudiante_catholique_de_France
Mission_étudiante_catholique_de_france
Mission_évangélique_baptiste_du_Sud_d'Haïti
Mission_évangélique_des_Tziganes_de_France
Mission_évangélique_des_Tziganes_de_France_(Vie_et_Lumière)
Mission_évasion
Missionaire
Missionaire_de_l'Église_de_Jésus-Christ_des_Saints_des_Derniers_Jours
Missionaria_Protectiva
Missionaries_in_Darkest_Africa
Missionary_Man
Missionary_Man_(chanson)
Missionnaire
Missionnaire_(chretien)
Missionnaire_(chrétien)
Missionnaire_Impossible
Missionnaire_Mormon
Missionnaire_chrétien
Missionnaire_du_Sacré-Cœur_de_Jésus
Missionnaire_impossible
Missionnaire_mormon
Missionnaires
Missionnaires_Comboniens_Du_Sacré-Cœur
Missionnaires_De_La_Charité
Missionnaires_De_La_Consolata
Missionnaires_De_La_Sainte-Famille
Missionnaires_De_Mariannhill
Missionnaires_De_Mill_Hill
Missionnaires_De_Notre-Dame_De_La_Salette
Missionnaires_Du_Précieux-Sang
Missionnaires_Du_Sacré-Cœur_De_Jésus
Missionnaires_Identès
Missionnaires_Montfortains
Missionnaires_clarisses_du_saint_Sacrement
Missionnaires_comboniens_du_Coeur_de_Jésus
Missionnaires_comboniens_du_Cœur_de_Jésus
Missionnaires_comboniens_du_Sacre-Coeur
Missionnaires_comboniens_du_Sacre-Cœur
Missionnaires_comboniens_du_Sacré-Coeur
Missionnaires_comboniens_du_Sacré-Cœur
Missionnaires_comboniens_du_sacré-cœur
Missionnaires_d'Action_paroissiale
Missionnaires_d'Afrique
Missionnaires_d'Amérique_de_Glenmary
Missionnaires_de_La_Plaine
Missionnaires_de_Mariannhill
Missionnaires_de_Marie_Immaculée_et_de_Sainte_Catherine_de_Sienne
Missionnaires_de_Maryknoll
Missionnaires_de_Mill-Hill
Missionnaires_de_Mill_Hill
Missionnaires_de_Notre-Dame_de_la_Salette
Missionnaires_de_Saint-Charles
Missionnaires_de_Saint_Charles_Borromée
Missionnaires_de_Saint_François_de_Sales
Missionnaires_de_Scheut
Missionnaires_de_l'Esprit_Saint
Missionnaires_de_l'Immaculée_Conception
Missionnaires_de_la_Charite
Missionnaires_de_la_Charité
Missionnaires_de_la_Consolata
Missionnaires_de_la_Divine_Rédemption
Missionnaires_de_la_Nativité_de_Marie
Missionnaires_de_la_Plaine
Missionnaires_de_la_Sainte-Famille
Missionnaires_de_la_charité
Missionnaires_de_la_consolata
Missionnaires_de_la_sainte-famille
Missionnaires_de_mariannhill
Missionnaires_de_mill_hill
Missionnaires_de_notre-dame_de_la_salette
Missionnaires_de_saint_Joseph
Missionnaires_des_Sacrés_Cœurs_de_Jésus_et_de_Marie
Missionnaires_des_Sacrés_Cœurs_de_Jésus_et_de_Marie_(Majorque)
Missionnaires_du_Precieux-Sang
Missionnaires_du_Précieux-Sang
Missionnaires_du_Précieux_Sang
Missionnaires_du_Sacre-Coeur_de_Jesus
Missionnaires_du_Sacre-Cœur_de_Jesus
Missionnaires_du_Sacré-Cœur
Missionnaires_du_Sacré-Cœur_d'Issoudun
Missionnaires_du_Sacré-Cœur_de_Jésus
Missionnaires_du_précieux-sang
Missionnaires_du_sacré-cœur_de_jésus
Missionnaires_eucharistiques_de_Nazareth
Missionnaires_franciscaines
Missionnaires_mormons
Missionnaires_oblats_de_Marie_immaculée
Missionnaires_serviteurs_des_pauvres
Missions
Missions_(série_télévisée)
Missions_Apollo
Missions_Catholiques_De_1622_À_La_Fin_Du_XVIIIe_Siècle
Missions_De_Petersberg
Missions_Espagnoles_De_Californie
Missions_Etrangeres_de_Paris
Missions_Etrangères_De_Paris
Missions_Etrangères_de_Paris
Missions_Gradis
Missions_Joseon_au_Japon
Missions_Joseon_au_royaume_de_Ryūkyū
Missions_Joseon_en_Chine_impériale
Missions_Jésuites_De_Bolivie
Missions_Kimono
Missions_Prédateurs
Missions_Yanagi
Missions_catholiques
Missions_catholiques_au_XIXe_et_au_XXe_siècle
Missions_catholiques_au_XIXe_et_au_XXe_siècles
Missions_catholiques_au_xixe_et_au_xxe_siècles
Missions_catholiques_aux_XIXe_et_XXe_siècles
Missions_catholiques_aux_XVIe_et_XVIIe_siècles
Missions_catholiques_aux_xvie_et_xviie_siècles
Missions_catholiques_de_1622_a_la_fin_du_XVIIIe_siecle
Missions_catholiques_de_1622_à_la_fin_du_XVIIIe_siècle
Missions_catholiques_de_1622_à_la_fin_du_xviiie_siècle
Missions_d'enquête_au_Tibet
Missions_d'enquête_au_Tibet_(1979-1985)
Missions_d'enseignement,_de_recherche,_de_référence_et_d'innovation
Missions_d'intérêt_général_et_d'aide_à_la_contractualisation
Missions_d'évaluation_et_de_contrôle
Missions_de_Petersberg
Missions_de_Ryūkyū_dans_la_Corée_des_Joseon
Missions_de_Ryūkyū_en_Chine_impériale
Missions_de_Ryūkyū_à_Edo
Missions_de_San_Antonio
Missions_de_la_Chine_impériale_au_royaume_de_Ryūkyū
Missions_de_petersberg
Missions_de_retour_d'échantillon
Missions_diplomatiques_Iraniennes
Missions_diplomatiques_en_Serbie
Missions_espagnoles_de_Californie
Missions_espagnoles_de_californie
Missions_et_programmes
Missions_etrangeres_de_Paris
Missions_etrangères_de_paris
Missions_franciscaines_de_San_Antonio
Missions_franciscaines_de_la_Sierra_Gorda
Missions_habitées_entre_2011_et_2020
Missions_japonaises_dans_la_Chine_des_Ming
Missions_japonaises_dans_la_Chine_des_Sui
Missions_japonaises_dans_la_Chine_des_Tang
Missions_japonaises_dans_la_Chine_impériale
Missions_japonaises_dans_la_Corée_des_Joseon
Missions_japonaises_dans_la_Corée_des_Silla
Missions_japonaises_dans_le_royaume_de_Baekje
Missions_japonaises_en_Chine_impériale
Missions_jesuites_de_Bolivie
Missions_jésuites
Missions_jésuites_de_Bolivie
Missions_jésuites_de_bolivie
Missions_jésuites_des_Chiquitos
Missions_jésuites_des_Guaranis
Missions_jésuites_en_Nouvelle-France
Missions_locales_pour_l'insertion_professionnelle_et_sociale_des_jeunes
Missions_militaires_allemandes_dans_l'Empire_ottoman
Missions_militaires_de_liaison
Missions_néerlandaises_à_Edo
Missions_pallottines_du_Cameroun
Missions_régaliennes
Missions_spatiales
Missions_spéciales
Missions_Étrangères_De_Paris
Missions_Étrangères_de_Paris
Missions_étrangères
Missions_étrangères_de_Paris
Missions_étrangères_de_Paris_(revue)
Missions_étrangères_de_Scarboro
Missions_étrangères_de_paris
Missionsärztliches_Institut_Würzburg
Mission—Coquitlam
Mission—Matsqui—Fraser_Canyon
Mission—Port_Moody
Missira
Missira_(Kindia)
Missira_(Labé)
Missirah
Missirah_(Toubacouta)
Missirah_Sirimana
Missiriac
Missirikoro
Missiroli
Missisicabi
Missisquoi
Missisquoi-Est_(district_électoral)
Missisquoi_(Bas-Canada)
Missisquoi_(ancienne_circonscription_fédérale)
Missisquoi_(circonscription_provinciale)
Missisquoi_(district_électoral)
Missisquoi_(district_électoral_du_Canada-Uni)
Mississagi
Mississagi_River
Mississagués
Mississauga
Mississauga-Centre
Mississauga-Centre_(circonscription_provinciale)
Mississauga-Erindale
Mississauga-Est
Mississauga-Est—Cooksville
Mississauga-Est—Cooksville_(circonscription_provinciale)
Mississauga-Nord
Mississauga-Ouest
Mississauga-Streetsville
Mississauga-Sud
Mississauga-Sud_(circonscription_provinciale)
Mississauga_(Ontario)
Mississauga_(accident_ferroviaire_de_1979)
Mississauga_(ancienne_circonscription_fédérale)
Mississauga_(homonymie)
Mississauga_IceDogs
Mississauga_Regiment
Mississaugas
Mississauga—Brampton-Sud
Mississauga—Brampton-Sud_(circonscription_provinciale)
Mississauga—Erin_Mills
Mississauga—Erin_Mills_(circonscription_provinciale)
Mississauga—Erindale
Mississauga—Erindale_(circonscription_provinciale)
Mississauga—Lakeshore
Mississauga—Lakeshore_(circonscription_provinciale)
Mississauga—Malton
Mississauga—Malton_(circonscription_provinciale)
Mississauga—Streetsville
Mississauga—Streetsville_(circonscription_provinciale)
Mississinewa
Mississinewa_River
Mississipi
Mississipi_(film,_1935)
Mississipi_(État)
Mississipi_John_Hurt
Mississipi_State_University
Mississipi_Test_Facility
Mississipi_burning
Mississipi_john_hurt
Mississippi
Mississippi's_Giant_House_Party
Mississippi-Express
Mississippi:_The_Album
Mississippi_(Etat)
Mississippi_(chanson)
Mississippi_(chanson_de_Bob_Dylan)
Mississippi_(film,_1935)
Mississippi_(fleuve)
Mississippi_(jeu)
Mississippi_(État)
Mississippi_(état)
Mississippi_Burning
Mississippi_Central_Railroad
Mississippi_Civil_Rights_Museum
Mississippi_College
Mississippi_Delta
Mississippi_Fred_McDowell
Mississippi_Freedom_Democratic_Party
Mississippi_Goddam
Mississippi_Grind
Mississippi_Hare
Mississippi_House_of_Representatives
Mississippi_John_Hurt
Mississippi_Masala
Mississippi_Mills
Mississippi_Mud
Mississippi_National_River_and_Recreation_Area
Mississippi_Nights
Mississippi_Queen
Mississippi_Queen_(jeu)
Mississippi_River_Commission
Mississippi_School_for_the_Deaf
Mississippi_Sheiks
Mississippi_Sports_Hall_of_Fame
Mississippi_State_Bulldogs
Mississippi_State_Penitentiary
Mississippi_State_Prison
Mississippi_State_Senate
Mississippi_State_Sovereignty_Commission
Mississippi_State_University
Mississippi_Township
Mississippi_Township_(Missouri)
Mississippi_Township_(comté_de_Jersey,_Illinois)
Mississippi_Valley_Division
Mississippi_Valley_State_Delta_Devils
Mississippi_Valley_State_University
Mississippi_Veterans_Memorial_Stadium
Mississippi_burning
Mississippi_durant_la_guerre_de_Sécession
Mississippi_mud_pie
Mississippi_sheiks
Mississippien
Missié_GG
Misso
Misso_(Misso)
Misso_(Rõuge)
Misso_(bourg)
Misso_(commune)
Missoffe
Missolonghi
Misson
Misson_(homonymie)
Missong
Missongue
Missoni
Missonnaires_de_Notre-Dame_de_la_Salette
Missori
Missori_(métro_de_Milan)
Missorium
Missorium_De_Théodose
Missorium_de_Theodose
Missorium_de_Théodose
Missorium_de_théodose
Missoula
Missoula_(Montana)
Missoula_Art_Museum
Missoula_Independent
Missoula_Osprey
Missoum_Sbih
Missoumé
Missour
Missouri
Missouri-Illinois_Railroad
Missouri-Kansas-Texas_Railroad
Missouri_(Etat)
Missouri_(rivière)
Missouri_(État)
Missouri_(état)
Missouri_Bootheel
Missouri_Botanical_Garden
Missouri_Breaks
Missouri_City
Missouri_City_(Missouri)
Missouri_City_(Texas)
Missouri_Fox_Trotter
Missouri_Fur_Company
Missouri_General_Assembly
Missouri_Key
Missouri_Mountain
Missouri_National_Recreational_River
Missouri_Pacific_Railroad
Missouri_River
Missouri_River_Township
Missouri_School_of_Journalism
Missouri_State_Capitol
Missouri_State_Guard
Missouri_Tigers
Missouri_Township
Missouri_Township_(Missouri)
Missouri_Township_(comté_de_Boone,_Missouri)
Missouri_Township_(comté_de_Brown,_Illinois)
Missouri_Valley
Missouri_Valley_Conference
Missouri_Valley_Football_Conference
Missouri_and_North_Arkansas_Railroad
Missouri_durant_la_guerre_de_Sécession
Missouri_fox_trotter
Missouris
Misstress_Barbara
Missua
Missulena
Missulena_bradleyi
Missulena_dipsaca
Missulena_faulderi
Missulena_granulosa
Missulena_harewoodi
Missulena_hoggi
Missulena_insignis
Missulena_langlandsi
Missulena_leniae
Missulena_mainae
Missulena_melissae
Missulena_occatoria
Missulena_pinguipes
Missulena_pruinosa
Missulena_reflexa
Missulena_rubriceps
Missulena_rutraspina
Missulena_torbayensis
Missulena_tussulena
Missundaztood
Missus
Missus_dominicus
Missy
Missy-Aux-Bois
Missy-Lès-Pierrepont
Missy-Sur-Aisne
Missy-aux-Bois
Missy-aux-bois
Missy-les-Pierrepont
Missy-lès-Pierrepont
Missy-lès-pierrepont
Missy-sur-Aisne
Missy-sur-aisne
Missy_"Misdemeanor"_Elliott
Missy_(Calvados)
Missy_(Doctor_Who)
Missy_(Vaud)
Missy_(actrice)
Missy_(actrice_porno)
Missy_(actrice_pornographique)
Missy_(film)
Missy_BK
Missy_Elliot
Missy_Elliott
Missy_Francis
Missy_Franklin
Missy_Giove
Missy_Higgins
Missy_Mazzoli
Missy_Monroe
Missy_Peregrym
Missy_Schwen-Ryan
Missy_Stone
Missy_elliot
Missão_Abreviada
Missão_Velha
Missèbo
Missècle
Missègre
Missé
Misséni
Mist
Mist_(artiste_graffiti)
Mist_Over_Dream_Lake
Mist_Trail
Mist_Walker
Mist_of_Avalon
Mista
Mista'arvim
Mista_Snake
Mistahi-maskwa
Mistahimaskwa
Mistahimasqua
Mistail
Mistake
Mistake_(rivière)
Mistaken_Identity
Mistaken_Identity_(album_de_Delta_Goodrem)
Mistaken_Identity_(album_de_Kim_Carnes)
Mistaouac
Mistar
Mistaria
Mistaria_jaundea
Mistaria_keniana
Mistaria_lawrencei
Mistaria_leucopyga
Mistaria_leucopyga_niangarensis
Mistaria_longimamillata
Mistaria_moschiensis
Mistaria_mossambica
Mistaria_nyassana
Mistaria_teteana
Mistaria_zuluana
Mistassini
Miste
Mistel
Mistelbach
Mistelbach_(Basse-Autriche)
Mistelbach_(Bavière)
Mistelbach_(Haute-Franconie)
Mistelbach_(Oberfranken)
Mistelbach_an_der_Zaya
Mistelgau
Misteli
Mistelle
Mister-Auto
Mister-T
MisterFly
MisterJDay
MisterMenuiserie
MisterWives
Mister_100
Mister_880
Mister_AZ_201
Mister_Ajikko
Mister_Autriche
Mister_Babadook
Mister_Bean
Mister_Big
Mister_Big_(film,_1943)
Mister_Big_(personnage)
Mister_Bill
Mister_Bison
Mister_Blaaz
Mister_Blueberry
Mister_Bob
Mister_Bones
Mister_Brown
Mister_Buddwing
Mister_Chat
Mister_Children
Mister_Cool
Mister_Davier
Mister_Dynamit_-_Morgen_küßt_euch_der_Tod
Mister_Dynamit_–_Morgen_küßt_Euch_der_Tod
Mister_Dynamite
Mister_Ed
Mister_Europa
Mister_Fantastic
Mister_Fear
Mister_Felicità
Mister_Flow
Mister_Fly
Mister_France
Mister_Freedom
Mister_Freeze
Mister_Frost
Mister_G
Mister_G.
Mister_Gaffes
Mister_Gang
Mister_Gay_Europe
Mister_Gay_Monde
Mister_Global
Mister_Gun
Mister_H
Mister_Hang
Mister_Ho
Mister_Hyde
Mister_Hyde_(Marvel_Comics)
Mister_Hyde_(chanson)
Mister_Hyde_(comics)
Mister_Hô
Mister_Iks
Mister_International
Mister_International_2006
Mister_International_2007
Mister_International_2008
Mister_International_2009
Mister_International_2010
Mister_International_2011
Mister_Johnson
Mister_Kingstreet's_War
Mister_L
Mister_Leather_France
Mister_Lincoln
Mister_Lonely
Mister_Lucky
Mister_MV
Mister_Magoo
Mister_Magoo_(série_télévisée_d'animation)
Mister_Majestic
Mister_Majestyk
Mister_Mercedes
Mister_Minit
Mister_Miracle
Mister_Mocky_Présente
Mister_Mocky_présente
Mister_Mocky_présente..._d'après_les_nouvelles_d'Alfred_Hitchcock
Mister_Mom
Mister_Monday_Night
Mister_Monde
Mister_Monde_1996
Mister_Monde_1998
Mister_Monde_2000
Mister_Monde_2003
Mister_Monde_2007
Mister_Monde_2010
Mister_Monde_2012
Mister_Monde_2013
Mister_Mosquito
Mister_Music_Man
Mister_Mystère
Mister_National
Mister_Natural
Mister_Negative
Mister_No
Mister_O
Mister_Olympia
Mister_Popo
Mister_President
Mister_Roberts
Mister_Roberts_(pièce_de_théâtre)
Mister_Rogers'_Neighborhood
Mister_Rose
Mister_Satan
Mister_Scarface
Mister_Showman
Mister_Sinister
Mister_Sinistre
Mister_Sterling
Mister_Suisse
Mister_T
Mister_T.
Mister_T._(serie_televisee)
Mister_T._(serie_televisee_d'animation)
Mister_T._(série_télévisée)
Mister_T._(série_télévisée_d'animation)
Mister_Trick
Mister_Turquie
Mister_Twist
Mister_Univers
Mister_Universe
Mister_Universo
Mister_V
Mister_V.
Mister_Wong
Mister_World
Mister_World_2010
Mister_X
Mister_X_(bande_dessinée)
Mister_X_(jeu)
Mister_You
Mister_Yummy
Mister_gaffes
Mister_good_deal
Mister_olympia
Mister_super_Clear
Mister_t._(série_télévisée)
Mister_t._(série_télévisée_d'animation)
Mister_you
Misterb&b
Misterbianco
Mistergooddeal
Misteri_d'Elx
Misterio_de_Elche
Misterios_(métro_de_Mexico)
Misterioso
Mistermv
Mistero_buffo
Mistertemp'_group
Misteur_Valaire
Misthoorn_(Schokland)
Misthophorie
Misthos
Misti
Misti_(Maupassant)
Misti_(homonymie)
Misti_(illustrateur)
Misti_Dawn
Misti_Stone
Mistic_Software
Misticanza
Mistico
Mistico_II
Mistie_Bass
Mistie_Bass-Mims
Mistie_Mims
Mistie_Williams
Mistie_Williams-Bass
Mistigri
Mistigri_(chanteuse)
Mistigri_(film)
Mistigri_(groupe)
Mistigri_Torture
Mistigri_torture
Mistiltein
Mistinguett
Mistinguett,_reine_des_années_folles
Mistinguett_(bière)
Mistinguett_détective
Mistinguett_détective_2
Mistinguett_détective_II
Mistissini
Mistissini_(municipalité_de_village_cri)
Mistissini_(terre_reservee_cri)
Mistissini_(terre_réservée_cri)
Mistissini_(terre_réservée_crie)
Mistivoï
Mistler
Mistletoe
Mistmare
Misto_Esporte_Clube
Mistook
Mistophorie
Mistorf
Mistouk
Mistouk_(roman)
Mistra
Mistrade
Mistral
Mistral_(Grenoble)
Mistral_(L9013)
Mistral_(Plus_belle_la_vie)
Mistral_(ULM)
Mistral_(cinéma)
Mistral_(cratère)
Mistral_(detendeur_de_plongee)
Mistral_(détendeur_de_plongée)
Mistral_(logiciel)
Mistral_(missile)
Mistral_(paquebot)
Mistral_(plus_belle_la_vie)
Mistral_(police_d'écriture)
Mistral_(torpilleur)
Mistral_(train)
Mistral_(vent)
Mistral_1969
Mistral_69
Mistral_Air
Mistral_Express
Mistral_Express_(ferry)
Mistral_Højris
Mistral_JC_Avignon
Mistral_Office_Tower
Mistral_One_Design
Mistral_Trains_Models
Mistral_du_Coussoul
Mistral_gagnant
Mistral_gagnant_(album)
Mistral_gagnant_(chanson)
Mistral_gagnant_(confiserie)
Mistralazhdarcho
Mistralie
Mistrals
Mistras
Mistrató
Mistreated
Mistress
Mistress_America
Mistress_Barbara
Mistress_Branican
Mistress_For_Christmas
Mistress_Frankenstein
Mistress_Kembra
Mistress_of_the_Robes
Mistresses
Mistresses_(Série_Américaine)
Mistresses_(série_télévisée)
Mistresses_(série_télévisée,_2008)
Mistresses_(série_télévisée,_2012)
Mistresses_(série_télévisée,_2013)
Mistresses_(série_télévisée_américaine)
Mistresses_(États-Unis)
Mistretta
Mistrial
Mistrigri_(carte_à_jouer)
Mistrovice
Mistrzewice
Mistrzowice
Mistsubishi_UFJ
Mistsubishi_UFJ_FG
Mistura
Mistura_(genre)
Mistura_perplexa
Misturasotoma
Misturasotoma_brucealla
Mistwalker
Misty
Misty's_Secret
Misty1
Misty_(Saint_Seiya)
Misty_(chanson)
Misty_(comics)
Misty_(rivière)
Misty_(satellite)
Misty_Copeland
Misty_Fjords_National_Monument
Misty_Grey
Misty_Hyman
Misty_In_Roots
Misty_Jean
Misty_Knight
Misty_Lady
Misty_Lee
Misty_May
Misty_May-Treanor
Misty_Mountain_Hop
Misty_Mundae
Misty_Mundae:_Addicted_to_Lust
Misty_Mundae:_Erotic_Raider
Misty_Mundae:_School_for_Lust
Misty_Oldland
Misty_Rain
Misty_Rowe
Misty_Stone
Misty_Upham
Misty_Williams
Misty_in_Roots
Misty_in_roots
Misty_of_Chincoteague
Mistére_du_Viel_Testament
Mistérios_de_Lisboa
Mistów
Mistřice
Misu
Misu_Popp
Misu_Sotar?
Misua
Misumena
Misumena_Vatia
Misumena_albiceris
Misumena_alluaudi
Misumena_americana
Misumena_braminica
Misumena_buettikeri
Misumena_decorata
Misumena_hilaris
Misumena_lactea
Misumena_modesta
Misumena_oblonga
Misumena_personata
Misumena_tristania
Misumena_vatia
Misumena_vatia_occidentalis
Misumena_xanthogaster
Misumena_xinjiangensis
Misumenoides
Misumenoides_deccanes
Misumenoides_matinikus
Misumenoides_pabilogus
Misumenoides_quetzaltocatl
Misumenoides_shulli
Misumenops
Misumenops_buehleri
Misumenops_cavatus
Misumenops_facundus
Misumenops_forcipata
Misumenops_hongkong
Misumenops_hubeiensis
Misumenops_rapaensis
Misumenops_revillagigedoensis
Misumenops_sjostedti
Misumenops_xiushanensis
Misumessus
Misumessus_blackwalli
Misumessus_echinatus
Misumessus_oblongus
Misumène
Misumènes
Misunderstanding
Misunderstood
Misunderstood_(chanson)
Misunderstood_(chanson_de_Bon_Jovi)
Misunderstood_(chanson_de_Dream_Theater)
Misurata
Misurato
Misurici
Misurići
Misurya
Misuse_Of_Drugs_Act_1971
Misuse_of_Drugs_Act_1971
Misuse_of_drugs_act_1971
Misuzu_Kaneko
Misuzulu_Sinqobile_kaZwelithini
Misuzulu_Zulu
Misvær
Miswak
Misy
Misy-Sur-Yonne
Misy-sur-Yonne
Misy-sur-yonne
Misyar
Misys
Miszewko-Stefany
Miszewko_Garwackie
Miszewko_Strzałkowskie
Miszewo_B
Miszewo_Murowane
Miszewo_Wielkie
Miszkieniki_Małe
Miszkieniki_Wielkie
Miszkowice
Miszla
Miszory
Misztótfalusi_Kis_Miklós
Misène
Misère
Misère_(Chanson)
Misère_(chanson)
Misère_(homonymie)
Misère_(plante)
Misère_Au_Borinage
Misère_De_La_Prospérité
Misère_Tricolore
Misère_au_Borinage
Misère_au_borinage
Misère_de_la_Philosophie
Misère_de_la_philosophie
Misère_de_la_prospérité
Misère_de_la_prospérité_:_La_religion_marchande_et_ses_ennemis
Misère_du_monde
Misère_en_France
Misère_et_Noblesse
Misère_et_Noblesse_(film)
Misère_et_noblesse
Misère_humaine
Misère_ouvrière
Misère_sexuelle
Misère_tricolore
Misérabilisme
Misérable
Misérable_(gâteau)
Misérable_Miracle
Misérable_Missionnaire
Misérable_miracle
Miséricorde
Miséricorde_(album)
Miséricorde_(arme)
Miséricorde_(bonté)
Miséricorde_(homonymie)
Miséricorde_(islam)
Miséricorde_(stalle)
Miséricorde_(série_télévisée)
Miséricorde_Divine
Miséricorde_céleste
Miséricorde_de_Dieu
Miséricorde_de_Jésus-Christ
Miséricorde_divine
Miséricorde_divine_(christianisme)
Miséricorde_divine_(peinture)
Miséricorde_du_Christ
Miséricorde_du_Seigneur
Miséricorde_du_ciel
Miséricordieux
Misérieux
Mis?iće
Mit'hat_Frashëri
Mit-Rahineh
Mit_Brenender_Sorge
Mit_Brennender_Sorge
Mit_Fried_und_Freud
Mit_Fried_und_Freud_(Buxtehude)
Mit_Fried_und_Freud_ich_fahr_dahin
Mit_Fried_und_Freud_ich_fahr_dahin_(BWV_125)
Mit_Halfa
Mit_Himbeergeist_geht_alles_besser
Mit_Lutz_und_Liebe
Mit_Rahineh
Mit_besten_Empfehlungen
Mit_brennender_Sorge
Mit_brennender_sorge
Mita
Mita_(Inca)
Mita_(Tokyo)
Mita_(métro_de_Tokyo)
Mita_Bungaku
Mita_Hachiman-jinja
Mita_Medici
Mitacq
Mitacs
Mitad_del_Mundo
Mitad_del_mundo
Mitage
Mitage_(urbanisme)
Mitage_périurbain
Mitaine
Mitaines
Mitaka
Mitake
Mitake-juku
Mitake_(Nagano)
Mitaki-dera
Mital
Mitalee_Jagtap_Varadkar
Mitami-jinja
Mitane
Mitani
Mitanni
Mitant
Mitanty
Mitar
Mitar_Mrkela
Mitar_Novakovic
Mitar_Novaković
Mitar_Pekovic
Mitar_Peković
Mitar_Subotić
Mitar_Tzourits
Mitarashi-dango
Mitarashi_dango
Mitard
Mitare
Mitare_(paroisse_civile)
Mitate
Mitathal
Mitau
Mitau_(homonymie)
Mitaud
Mitch
Mitch_Albom
Mitch_Allan
Mitch_Altman
Mitch_Anderson
Mitch_Apau
Mitch_Atkins
Mitch_Booth
Mitch_Bouyer
Mitch_Buchannon
Mitch_Creek
Mitch_Crews
Mitch_Cullin
Mitch_Daniels
Mitch_Drummond
Mitch_Easter
Mitch_Epstein
Mitch_Evans
Mitch_Fadden
Mitch_Fritz
Mitch_Ganzak
Mitch_Garber
Mitch_Garver
Mitch_Gaylord
Mitch_Gerads
Mitch_Grassi
Mitch_Green
Mitch_Hancox
Mitch_Haniger
Mitch_Hardy
Mitch_Harris
Mitch_Harris_(guitariste)
Mitch_Harry
Mitch_Hedberg
Mitch_Hewer
Mitch_Hurwitz
Mitch_Kapor
Mitch_Keller
Mitch_Kupchak
Mitch_Lamoureux
Mitch_Landrieu
Mitch_Larkin
Mitch_Lees
Mitch_Leigh
Mitch_Lucker
Mitch_Maier
Mitch_Margo
Mitch_Marner
Mitch_McConnell
Mitch_McGary
Mitch_Miller
Mitch_Mitch
Mitch_Mitchell
Mitch_Moreland
Mitch_Morgan
Mitch_Morris
Mitch_Murray
Mitch_Nichols
Mitch_Pileggi
Mitch_Potter
Mitch_Richmond
Mitch_Ryan
Mitch_Ryder
Mitch_Silver
Mitch_Stetter
Mitch_Talbot
Mitch_Trubisky
Mitch_Vogel
Mitch_Wahl
Mitch_Webster
Mitch_Williams
Mitch_Winehouse
Mitchak
Mitcham
Mitcham_Common
Mitcham_and_Morden
Mitcham_and_Morden_(circonscription_britannique)
Mitchel
Mitchel_Air_Force_Base
Mitchel_Bakker
Mitchel_Brown
Mitchel_Field
Mitchel_McLaughlin
Mitchel_Musso
Mitchel_Resnick
Mitchel_Schotman
Mitchel_Troy
Mitcheldean
Mitchell
Mitchell's_Plain
Mitchell_(Dakota_du_Sud)
Mitchell_(Indiana)
Mitchell_(Iowa)
Mitchell_(Ontario)
Mitchell_(Oregon)
Mitchell_(album)
Mitchell_(dakota_du_sud)
Mitchell_(système_d'arcade)
Mitchell_Anderson
Mitchell_Aubusson
Mitchell_Baker
Mitchell_Bard
Mitchell_Boggs
Mitchell_Camera
Mitchell_Cooper
Mitchell_Corn_Palace
Mitchell_Corporation
Mitchell_County
Mitchell_Dijks
Mitchell_Docker
Mitchell_Donald
Mitchell_Drummond
Mitchell_Duke
Mitchell_Dunshea
Mitchell_Feigenbaum
Mitchell_Frederick_Hepburn
Mitchell_Freeway
Mitchell_Gaylord
Mitchell_Hardy
Mitchell_Heights
Mitchell_Hepburn
Mitchell_Highway
Mitchell_Hope
Mitchell_Hurwitz
Mitchell_Ivey
Mitchell_Johnson
Mitchell_Kowal
Mitchell_Kriegman
Mitchell_Kummen
Mitchell_Langerak
Mitchell_Larkin
Mitchell_Leisen
Mitchell_Lewis
Mitchell_Lichtenstein
Mitchell_Lovelock-Fay
Mitchell_Mann
Mitchell_Marner
Mitchell_Moses
Mitchell_Mulhern
Mitchell_Parish
Mitchell_Park_Conservatory
Mitchell_Park_Horticultural_Conservatory
Mitchell_Pearce
Mitchell_Piqué
Mitchell_Plateau
Mitchell_River
Mitchell_River_(Australie-Occidentale)
Mitchell_River_(Queensland)
Mitchell_River_(Victoria)
Mitchell_Robinson
Mitchell_Rozanski
Mitchell_Ryan
Mitchell_Schwartz
Mitchell_Sharp
Mitchell_Silk
Mitchell_Sparrow
Mitchell_Thomas_Rozanski
Mitchell_Township_(comté_de_Mitchell,_Iowa)
Mitchell_Trubisky
Mitchell_U-2_Superwing
Mitchell_Watt
Mitchell_Watt_(basket-ball)
Mitchell_Weiser
Mitchell_Wiggins
Mitchell_William_Sharp
Mitchell_Zuckoff
Mitchell_te_Vrede
Mitchell_van_Bergen
Mitchella
Mitchella_(insecte)
Mitchella_(plante)
Mitchella_rampant
Mitchella_repens
Mitchelle_rampante
Mitchells_&_Butlers
Mitchells_Plain
Mitchellville
Mitchellville_(Iowa)
Mitchellville_(Tennessee)
Mitchellville_(album)
Mitchelstown
Mitchelton-BikeExchange
Mitchelton-Scott
Mitchelton_Bay_Classic
Mitchelton_Scott
Mitchie_Torres
Mitchif
Mitchimi
Mitchinamecus
Mitcho
Mitchourine
Mitchourine_(film)
Mitchourinisme
Mitchourinsk
Mitchourinskoïe
Mitchum
Mite
Mite_Cikarski
Mite_Des_Vêtements
Mite_Kremnitz
Mite_alimentaire
Mite_de_la_farine
Mite_de_pierre
Mite_des_cactus
Mite_des_fourrures
Mite_des_vetements
Mite_des_vêtements
Mite_rouge
Mitech_Żywiec
Mitel
Mitel_Networks
Mitella
Mitella_caulescens
Mitella_diphylla
Mitella_nuda
Miterrand
Mites
Mites_de_farine
Mitf
Mitford
Mitgard
Mitgjorn
Mitha_Tiwana
Mithamain
Mithankot
Mithapukur
Mithaq_Kazimi
Mithat_Bayrak
Mithat_Demirel
Mithat_Pacha
Mithat_Pasha
Mithaïkos
Mitheithel
Mithi
Mithila
Mithilakshar
Mithion
Mithlond
Mithly
Mithologie_bantoue
Mithologie_grecque
Mitholz
Mithoplastoides_naraensis
Mithqal
Mithra
Mithra_Castors_Braine
Mithra_Jazz_à_Liège
Mithra_Jin
Mithra_Pharmaceuticals
Mithracidae
Mithraeum
Mithraeum_(Doura_Europos)
Mithraeum_(San_Clemente)
Mithraeum_(Sarrebourg)
Mithraeum_de_Doura_Europos
Mithraeum_de_Haouarte
Mithraeum_de_San_Clemente
Mithraeum_de_Sarrebourg
Mithraeum_du_Circus_Maximus
Mithraisme
Mithrandir
Mithranès
Mithras
Mithras_dubius
Mithras_flavidus
Mithras_paradoxus
Mithras_undulatus
Mithrax
Mithraïsme
Mithrellas
Mithriacisme
Mithridate
Mithridate_(Racine)
Mithridate_(Réseau)
Mithridate_Chrestos
Mithridate_Chrèstos
Mithridate_II
Mithridate_III_de_Commagène
Mithridate_III_de_Parthie
Mithridate_III_du_Pont
Mithridate_II_De_Parthie
Mithridate_II_de_Cios
Mithridate_II_de_Cius
Mithridate_II_de_Commagène
Mithridate_II_de_Parthie
Mithridate_II_du_Bosphore
Mithridate_II_du_Pont
Mithridate_IV
Mithridate_IV_de_Parthie
Mithridate_IV_du_Pont
Mithridate_Ier_De_Parthie
Mithridate_Ier_de_Commagène
Mithridate_Ier_de_Parthie
Mithridate_Ier_du_Pont
Mithridate_V
Mithridate_VI
Mithridate_VII
Mithridate_VI_Eupator
Mithridate_V_du_Pont
Mithridate_d'Armenie
Mithridate_d'Arménie
Mithridate_de_Cius
Mithridate_de_Pergame
Mithridate_ier_de_parthie
Mithridate_ii_de_parthie
Mithridatisation
Mithridatisme
Mithril
Mithril_Hall
Mithrim
Mithrobarzanès
Mithrobarzanès_(général)
Mithrobazane_de_Sophène
Mithrodia
Mithrodia_clavigera
Mithrodia_victoriae
Mithrodiidae
Mithrénès
Mithukaram
Mithun_Chakraborty
Mithun_Manhas
Mithécos
Miti
Miti_(homonymie)
Miti_/Mer
Miti_Corona
Miti_haari
Miti_hue
Mitiarjuk_Attasi_Nappaaluk
Mitiaro
Mitiaro_(circonscription)
Mitic
Mitica_Pricop
Miticide
Mitică_Pricop
Mitidja
Mitieridougou
Mitigation
Mitigation_climatique
Mitigation_de_DDoS
Mitigation_de_la_vulnérabilité_spectre
Mitigeur
Mitigeur_thermostatique
Mitihue
Mitiku_Belachew
Mitimae
Mitimatilik
Mitino
Mitino_(métro_de_Moscou)
Mitis
Mitis_Iudex_Dominus_Iesus
Mititaigimimene_Young_Vivian
Mititei
Mititiho_Apata
Mitiéridougou
Mitić
Mitja_Borkert
Mitja_Dragsic
Mitja_Dragsi?
Mitja_Dragši?
Mitja_Drinovec
Mitja_Gasparini
Mitja_Kosovelj
Mitja_Kunc
Mitja_Mahoric
Mitja_Mahori?
Mitja_Mežnar
Mitja_Milavec
Mitja_Mörec
Mitja_Nikolić
Mitja_Oranic
Mitja_Orani?
Mitja_Petkovsek
Mitja_Petkovšek
Mitja_Ribicic
Mitja_Ribi?i?
Mitja_Robar
Mitja_Sivic
Mitja_Sotlar
Mitja_Tusek
Mitja_Tušek
Mitja_Valencic
Mitja_Valen?i?
Mitja_Zastrow
Mitja_Šivic
Mitjet
Mitjet_2L
Mitjet_Offroad
Mitjili_Napurrula
Mitki
Mitko_Grablev
Mitko_Todorov
Mitko_Trendafilov
Mitko_Tsenov
Mitl_Valdez
Mitl_Valdéz
Mitl_Valdéz_Salazar
Mitla
Mitlodi
Mitlödi
Mitma
Mitmita
Mitnagdim
Mitnaged
Mitnick
Mito
MitoMania._Storie_ritrovate_di_uomini_ed_eroi
MitoNEET
Mito_(Hunter_X_Hunter)
Mito_(Hunter_×_Hunter)
Mito_(revue)
Mito_HollyHock
Mito_Hollyhock
Mito_Isaka
Mito_Kaid?
Mito_Loeffler
Mito_Uzumaki
Mitobates
Mitobatinae
Mitobatoides
Mitobatula
Mitobatula_castanea
Mitobatulina
Mitochondrial
Mitochondriale
Mitochondriaux
Mitochondrie
Mitochondries
Mitogaku
Mitogene
Mitogoniella
Mitogène
Mitologia_traco-dacă
Mitomycine_C
Miton
Miton_(homonymie)
Miton_fiennes
Mitonnade
Mitontic
Mitooma_(district)
Mitoperna
Mitopernoides
Mitopernoides_variabilis
Mitophagie
Mitophis
Mitophis_asbolepis
Mitophis_calypso
Mitophis_leptipileptus
Mitophis_pyrites
Mitopiella
Mitopiella_cinctipes
Mitoplinthus
Mitoplinthus_caliginosus
Mitopus
Mitopus_biceps
Mitoraj
Mitoscelis
Mitoscelis_aculeata
Mitose
Mitosome
Mitospore
Mitosporique
Mitostoma
Mitotane
Mitotique
Mitouflet
Mitoura
Mitoura_barryi
Mitoura_gryneus
Mitoxantrone
Mitoyen
Mitoyennete
Mitoyenneté
Mitoyo
Mitoyo_Kawate
Mitr_Chaibancha
Mitr_Phol
Mitra
Mitra-Varuna
Mitra-Varuna_en-couple
Mitra-Varuṇa
Mitra-Varuṇa_en-couple
Mitra-et-Varuna
Mitra-et-Varuṇa
Mitra_(genre)
Mitra_(mythologie)
Mitra_(prénom)
Mitra_15
Mitra_Cardinalis
Mitra_Eremitarum
Mitra_Farahani
Mitra_Hajjar
Mitra_Hejazipour
Mitra_Kukar
Mitra_Kukar_F.C.
Mitra_Kukar_Football_Club
Mitra_Kutai_Football_Club
Mitra_Kutai_Kartanegara_Football_Club
Mitra_Mitra
Mitra_Papalis
Mitra_Strictica
Mitra_cardinalis
Mitra_eremitarum
Mitra_et_Varuna
Mitra_et_Varuṇa
Mitra_mitra
Mitra_papalis
Mitra_regina
Mitra_stictica
Mitra_strictica
Mitracarpus
Mitracarpus_hirtus
Mitracarpus_villosus
Mitrachintsi
Mitrager
Mitrager_noordami
Mitragliere_(destroyer)
Mitragomphus
Mitragomphus_ganzanus
Mitragyna
Mitragyna_Speciosa
Mitragyna_ciliata
Mitragyna_inermis
Mitragyna_ledermannii
Mitragyna_speciosa
Mitragyna_stipulosa
Mitrailette_M1A1
Mitraileuse_lourde_Vickers
Mitraillage
Mitraillage_au_sol
Mitraille
Mitraille_(artillerie)
Mitraillette
Mitraillette_(cuisine)
Mitraillette_(plat)
Mitraillette_(recette)
Mitraillette_Kelly
Mitraillette_Thompson
Mitraillette_belge
Mitraillette_à_caviar
Mitrailleur_Christophe_de_Montigny
Mitrailleur_de_queue
Mitrailleuse
Mitrailleuse_Arisaka_Type_92
Mitrailleuse_Autonome
Mitrailleuse_Browning_1917
Mitrailleuse_Browning_1919
Mitrailleuse_Browning_M2
Mitrailleuse_Colt-Browning_1895
Mitrailleuse_Darne
Mitrailleuse_Darne_mle_1933
Mitrailleuse_Gatling
Mitrailleuse_Hotchkiss_13,2_mm
Mitrailleuse_Hotchkiss_de_13,2_mm_modèle_1929
Mitrailleuse_Hotchkiss_de_13,2_mm_modèle_1930
Mitrailleuse_Hotchkiss_de_13,2mm_modèle_1930
Mitrailleuse_Hotchkiss_modèle_1914
Mitrailleuse_Kalachnikov
Mitrailleuse_Kord
Mitrailleuse_L7
Mitrailleuse_Lourde_Vickers
Mitrailleuse_MG34
Mitrailleuse_MG_15
Mitrailleuse_Maxim
Mitrailleuse_Maxim_russe_PM1910
Mitrailleuse_Montigny
Mitrailleuse_NSV
Mitrailleuse_Nordenfeldt
Mitrailleuse_PKM
Mitrailleuse_Reffye
Mitrailleuse_Reibel
Mitrailleuse_ShKAS
Mitrailleuse_Type_1
Mitrailleuse_Type_2
Mitrailleuse_Type_96
Mitrailleuse_Type_99
Mitrailleuse_Vickers
Mitrailleuse_Zastava_M86
Mitrailleuse_autonome
Mitrailleuse_browning_1919
Mitrailleuse_browning_1919_A4
Mitrailleuse_de_12,7_mm_Vickers
Mitrailleuse_fixe
Mitrailleuse_lourde
Mitrailleuse_lourde_Type_54
Mitrailleuse_lourde_Vickers
Mitrailleuse_lourde_vickers
Mitrailleuse_légère
Mitrailleuse_légère_Type_11
Mitrailleuse_légère_Type_96
Mitrailleuse_légère_Type_99
Mitrailleuse_polyvalente
Mitrailleuse_polyvalente_C6
Mitrailleuse_type_2
Mitrailleuses
Mitrailleuses_Darne
Mitrailleuses_Maxim
Mitrailleuses_Reibel
Mitrailleuses_anti-aériennes_M_60
Mitrailleuses_légères
Mitralite
Mitrani
Mitrany
Mitrasacme
Mitrastemonaceae
Mitrastémonacée
Mitrastémonacées
Mitrata
Mitravaruna
Mitravaruṇa
Mitre
Mitre_(cheminée)
Mitre_(couteau)
Mitre_(homonymie)
Mitre_(tradition_byzantine)
Mitre_10_Cup
Mitre_Corporation
Mitre_Gastinel
Mitre_Peak
Mitre_Peak_(Nouvelle-Zélande)
Mitre_Sports_International
Mitre_d'Aix
Mitre_d'infamie
Mitre_de_l'Évêque
Mitrea
Mitrelle
Mitrelle_nue
Mitrelle_à_deux_feuilles
Mitrephanes
Mitrephanes_olivaceus
Mitrephanes_phaeocercus
Mitrephora_grandiflora
Mitrephorus_ochraceiventris
Mitrephorus_phaeocercus
Mitreski
Mitric
Mitridae
Mitridate
Mitridate,_Re_di_Ponto
Mitridate,_re_di_Ponto
Mitridate,_re_di_ponto
Mitridate_Eupatore
Mitriostigma
Mitriostigma_axillare
Mitriostigma_barteri
Mitriostigma_greenwayi
Mitriostigma_monocaule
Mitriostigma_usambarense
Mitro
Mitro_Repo
Mitrobryum_koelzii
Mitrofan_Belaïev
Mitrofan_Bogaïevski
Mitrofan_Nedelin
Mitrofan_Nejentsev
Mitrofan_Petrovitch_Bogaievsky
Mitrofan_Petrovitch_Bogajèwski
Mitrofan_Petrovitch_Bogaïevsky
Mitrofane_Nedeline
Mitrokhin_Archive
Mitrolysis
Mitromorphidae
Mitron
Mitropa
Mitropa_Cup
Mitropa_Cup_(automobile)
Mitropa_Cup_(jeu_d'échecs)
Mitropa_Cup_2007
Mitropa_Cup_2007_(jeu_d'echecs)
Mitropa_Cup_2007_(jeu_d'échecs)
Mitropa_Cup_2007_(échecs)
Mitropa_Cup_2008
Mitropa_Cup_2008_(jeu_d'échecs)
Mitropa_Rally_Cup
Mitropa_Rally_Cup_(automobile)
Mitropa_cup_2007_(jeu_d'échecs)
Mitrophane_(Ossiak)
Mitrophora
Mitrophora_semilibera
Mitrophyllum
Mitrospingus
Mitrospingus_cassinii
Mitrospingus_oleagineus
Mitrova
Mitrovac
Mitrovac_(Bajina_Basta)
Mitrovac_(Bajina_Bašta)
Mitrovac_(Čeminac)
Mitrovdan
Mitrovica
Mitrovici
Mitrovici_(Doboj)
Mitrovici_(Stanari)
Mitrovici_(Zavidovici)
Mitrovicë
Mitrović
Mitrovići
Mitrovići_(Doboj)
Mitrovići_(Podgorica)
Mitrovići_(Stanari)
Mitrovići_(Zavidovići)
Mitrovo_brdo
Mitroy_Krsti
Mitrula_paludosa
Mitrule
Mitrule_irrégulière
Mitry
Mitry-Mory
Mitry-mory
Mitry_(Seine-et-Marne)
Mitry_Mory
Mitrópoli_(Héraklion)
Mitsamihouli
Mitsamiouli
Mitschdorf
Mitscherlich
Mitscherlichia
Mitscherlichia_albococcinea
Mitscherlichia_grahamiana
Mitscherlichite
Mitselwier
Mitshopo
Mitsinjo
Mitsiwa
Mitski
Mitso_Asen
Mitsogo
Mitsos_Dimitriou
Mitsotákis
Mitsou
Mitsou_(1919)
Mitsou_(Tom_et_Jerry)
Mitsou_(film)
Mitsou_Gélinas
Mitsou_Naslednikov
Mitsou_Ronat
Mitsou_ou_Comment_l'esprit_vient_aux_filles
Mitsoudje
Mitsoudjé
Mitsouko
Mitsouko_(actrice)
Mitsouko_(homonymie)
Mitspah
Mitsu_Dan
Mitsu_Tanaka
Mitsu_no_Aji_~_A_Taste_Of_Honey_~
Mitsuaki_Iwag?
Mitsuaki_Kojima
Mitsuaki_Takami
Mitsubischi
Mitsubishi
Mitsubishi-Jartazi
Mitsubishi_1MF
Mitsubishi_1MF1
Mitsubishi_3000_GT
Mitsubishi_3000_gt
Mitsubishi_A5M
Mitsubishi_A6M
Mitsubishi_A6M2
Mitsubishi_A6M_Zero
Mitsubishi_A7M
Mitsubishi_AAM-3
Mitsubishi_ASX
Mitsubishi_ASX_-_Peugeot_4008_-_Citroen_C4_aircross
Mitsubishi_ASX_-_Peugeot_4008_-_Citroën_C4_Aircross
Mitsubishi_ATD-X
Mitsubishi_Aircraft_Corporation
Mitsubishi_Airtrek
Mitsubishi_B1M
Mitsubishi_B2M
Mitsubishi_B2M1
Mitsubishi_B5M
Mitsubishi_Bank
Mitsubishi_Canter
Mitsubishi_Carisma
Mitsubishi_Carisma_GT
Mitsubishi_Challenger
Mitsubishi_Chariot
Mitsubishi_Chemical
Mitsubishi_Chemical_Holdings
Mitsubishi_Colt
Mitsubishi_Corporation
Mitsubishi_Corporation_Building
Mitsubishi_Delica
Mitsubishi_Delica_D5
Mitsubishi_Dynaboars
Mitsubishi_Eclipse
Mitsubishi_Eclipse_Cross
Mitsubishi_Electric
Mitsubishi_Electric_Corporation
Mitsubishi_Endeavour
Mitsubishi_Estate
Mitsubishi_Estate_Co.
Mitsubishi_Expo
Mitsubishi_F-1
Mitsubishi_F-15J_Eagle
Mitsubishi_F-2
Mitsubishi_F1M
Mitsubishi_Financial_Group
Mitsubishi_Fuso
Mitsubishi_Fuso_Canter
Mitsubishi_Fuso_Fighter
Mitsubishi_Fuso_Super_Great
Mitsubishi_Fuso_Truck_and_Bus_Corporation
Mitsubishi_G3M
Mitsubishi_G3M2
Mitsubishi_G4M
Mitsubishi_G4M_Betty
Mitsubishi_GTO
Mitsubishi_GTO/3000GT
Mitsubishi_Galant
Mitsubishi_Galant_VR-4
Mitsubishi_Gas_Chemical_Company
Mitsubishi_Grandis
Mitsubishi_H-60
Mitsubishi_Heavy_Industries
Mitsubishi_Heavy_Industries_Building
Mitsubishi_J2M
Mitsubishi_J2M_Raiden
Mitsubishi_J8M
Mitsubishi_Jeep
Mitsubishi_Jyuko_Yokohama_Building
Mitsubishi_K3M
Mitsubishi_Kasei
Mitsubishi_Ki-1
Mitsubishi_Ki-15
Mitsubishi_Ki-2
Mitsubishi_Ki-20
Mitsubishi_Ki-202
Mitsubishi_Ki-21
Mitsubishi_Ki-30
Mitsubishi_Ki-46
Mitsubishi_Ki-51
Mitsubishi_Ki-57
Mitsubishi_Ki-67
Mitsubishi_Ki-83
Mitsubishi_Kinsei
Mitsubishi_L200
Mitsubishi_Lancer
Mitsubishi_Lancer_Evo
Mitsubishi_Lancer_Evo_6
Mitsubishi_Lancer_Evo_IX
Mitsubishi_Lancer_Evolution
Mitsubishi_Lancer_Evolution_II
Mitsubishi_Lancer_Evolution_III
Mitsubishi_Lancer_Evolution_IX
Mitsubishi_Lancer_Evolution_VI
Mitsubishi_Lancer_Evolution_VIII
Mitsubishi_Lancer_Evolution_X
Mitsubishi_Lancer_WRC
Mitsubishi_MH_2000
Mitsubishi_MRJ
Mitsubishi_MU-2
Mitsubishi_MU-300_Diamond
Mitsubishi_Mirage
Mitsubishi_Montero
Mitsubishi_Montero_iO
Mitsubishi_Motor
Mitsubishi_Motors
Mitsubishi_Motors_Corporation
Mitsubishi_Nimbus
Mitsubishi_Oil
Mitsubishi_Outlander
Mitsubishi_Outlander_-_Citroën_C-Crosser_-_Peugeot_4007
Mitsubishi_PX_33
Mitsubishi_Pajero
Mitsubishi_Pajero_Mini
Mitsubishi_Pajero_Pinin
Mitsubishi_Pajero_Sport
Mitsubishi_Pajero_TR4
Mitsubishi_Pajero_iO
Mitsubishi_Precis
Mitsubishi_RVR
Mitsubishi_Raider
Mitsubishi_Sagamihara_Dynaboars
Mitsubishi_Savrin
Mitsubishi_Shogun_Pinin
Mitsubishi_SpaceJet
Mitsubishi_Space_Runner
Mitsubishi_Space_Star
Mitsubishi_Space_Star_(citadine)
Mitsubishi_Space_Star_(homonymie)
Mitsubishi_Space_Wagon
Mitsubishi_Starion
Mitsubishi_T-2
Mitsubishi_Tokyo_Financial_Group
Mitsubishi_Toppo
Mitsubishi_Town_Box
Mitsubishi_Tredia
Mitsubishi_Triton
Mitsubishi_UFJ
Mitsubishi_UFJ_Financial_Group
Mitsubishi_UFJ_Trust_and_Banking_Corporation
Mitsubishi_X-2
Mitsubishi_Zuisei
Mitsubishi_eK
Mitsubishi_f-1
Mitsubishi_f-2
Mitsubishi_galant_vr-4
Mitsubishi_galant_vr4
Mitsubishi_grandis
Mitsubishi_i
Mitsubishi_i_MiEV
Mitsubishi_i_MiEV_-_Peugeot_iOn_-_Citroën_C-ZERO
Mitsubishi_i_MiEV_-_Peugeot_iOn_-_Citroën_C-Zéro
Mitsubishi_ki-15
Mitsubishi_ki-2
Mitsubishi_ki-21
Mitsubishi_ki-46
Mitsubishi_ki-51
Mitsubishi_rally-raid
Mitsubishi_rallye-raid
Mitsubishi_space_star
Mitsubishi_starion
Mitsubishi_t-2
Mitsuboshi
Mitsue
Mitsue_(Nara)
Mitsugi_Kishida
Mitsugi_Saotome
Mitsugu_Chiyonofuji
Mitsugu_Nomura
Mitsugu_Saotome
Mitsugu_Ōnishi
Mitsuharu_Inoue
Mitsuharu_Kaneko
Mitsuharu_Matsuyama
Mitsuharu_Misawa
Mitsuhide_Akechi
Mitsuhide_Iwaki
Mitsuhiko_Imamori
Mitsuhirato
Mitsuhiro_Abiko
Mitsuhiro_Hidaka
Mitsuhiro_Mihara
Mitsuhiro_Momota
Mitsuhiro_Toda
Mitsuhiro_Yanagida
Mitsuhisa_Taguchi
Mitsuhishi_Kotono
Mitsui
Mitsui_&_Co
Mitsui_&_Co.
Mitsui_Aika
Mitsui_Chemicals
Mitsui_Fudosan
Mitsui_O.S.K._Lines
Mitsui_O.S.K._Lines,_Ltd.
Mitsui_Rail_Capital
Mitsui_Rail_Capital_Europe
Mitsui_Sumitomo_Bank_Office_Building
Mitsui_Sumitomo_Insurance
Mitsui_Sumitomo_Insurance_Group
Mitsui_Takatoshi
Mitsui_Trust_Financial_Group
Mitsuishi_Kotono
Mitsukaido
Mitsukaid?
Mitsukaké
Mitsuke
Mitsuke-jima
Mitsuke-juku
Mitsuke_(Niigata)
Mitsuki_(Naruto)
Mitsuki_Saiga
Mitsuki_Saito
Mitsuki_saiga
Mitsuko_Aoyama
Mitsuko_Baisho
Mitsuko_Baish?
Mitsuko_Horie
Mitsuko_Kusabue
Mitsuko_Mito
Mitsuko_Miura
Mitsuko_Mori
Mitsuko_Shiga
Mitsuko_Shirai
Mitsuko_Soma
Mitsuko_Sôma
Mitsuko_Uchida
Mitsuko_Yoshikawa
Mitsukoshi
Mitsukoshimae_(métro_de_Tokyo)
Mitsukuri_Rinsh?
Mitsukurina
Mitsukurina_Owstoni
Mitsukurina_owstoni
Mitsukurinidae
Mitsumasa_Anno
Mitsumasa_Kido
Mitsumasa_Kido_(Saint_Seiya)
Mitsumasa_Saito
Mitsumasa_Saitô
Mitsumasa_Sait?
Mitsumasa_Yonai
Mitsume_ga_t?ru
Mitsume_ga_t?ru_(jeu_vidéo)
Mitsumi
Mitsumi_Shimizu
Mitsunari_Ishida
Mitsunari_Musaka
Mitsunobu_Tosa
Mitsunori_Fujiguchi
Mitsunori_Yabuta
Mitsunori_Yoshida
Mitsuo_Aida
Mitsuo_Ezaki
Mitsuo_Fuchida
Mitsuo_Hama
Mitsuo_Ikeda
Mitsuo_Iso
Mitsuo_Kagawa
Mitsuo_Kamata
Mitsuo_Kato
Mitsuo_Maeda
Mitsuo_Matayoshi
Mitsuo_Matsunaga
Mitsuo_Maéda
Mitsuo_Miura
Mitsuo_Nakamura
Mitsuo_Ogasawara
Mitsuo_Senda
Mitsuo_Terada
Mitsuo_Tsukahara
Mitsuo_Watanabe
Mitsuo_Yanagimachi
Mitsuoka
Mitsuoka_Galue
Mitsuoka_Himiko
Mitsuoka_Orochi
Mitsuoka_Viewt
Mitsuru_Adachi
Mitsuru_Chiyotanda
Mitsuru_Hattori
Mitsuru_Hirata
Mitsuru_Hiruta
Mitsuru_Igarashi
Mitsuru_Kaneko
Mitsuru_Kiruta
Mitsuru_Kohno
Mitsuru_Komaeda
Mitsuru_K?no
Mitsuru_Matsui
Mitsuru_Nagata
Mitsuru_Numai
Mitsuru_Numaï
Mitsuru_Sano
Mitsuru_Sato
Mitsuru_Sat?
Mitsuru_Ushijima
Mitsuru_Yoshida
Mitsuru_adachi
Mitsurugi
Mitsusuke_Harada
Mitsutaka_Hachisuka
Mitsutar?_Fuku
Mitsuteru_Ueshiba
Mitsuteru_Watanabe
Mitsuteru_Yokoyama
Mitsutomo_Tokugawa
Mitsutoshi_Shimabukuro
Mitsutoshi_Tsushima
Mitsutoshi_Watada
Mitsuya_Nagai
Mitsuyasu_Maeno
Mitsuye
Mitsuyo_Kakuta
Mitsuyo_Maeda
Mitsuyo_Maéda
Mitsuyo_Seo
Mitsuyori_Tada
Mitsuyuki_Yoshihiro
Mitsva
Mitsvah
Mitt_Rommey
Mitt_Romney
Mitt_i_ett_äventyr
Mitt_liv_som_hund
Mitta_Mitta
Mitta_Mitta_(rivière)
Mittag
Mittag-Leffler
Mittageisen
Mittageisen_(chanson)
Mittageisen_(groupe)
Mittaghorn
Mittagong
Mittagskogel
Mittagskogel_(Pitztal)
Mittagspause
Mittainville
Mittainvilliers
Mittainvilliers-Vérigny
Mittal
Mittal_Steel
Mittal_Steel_Company
Mittalmar
Mittani
Mittarfeqarfiit
Mittarfik_Nuuk
Mittasena
Mittau
Mittau_(homonymie)
Mittaw
Mittbanan
Mitte
Mitte-Nord
Mitte-Nord_(Francfort-sur-le-Main)
Mitte-West
Mitte-West_(Francfort-sur-le-Main)
Mitte_(Berlin)
Mitte_(Sarrebruck)
Mitte_(Wiesbaden)
Mittei
Mittelafrika
Mittelallalin
Mittelangeln
Mittelbach-Hengstbach
Mittelbach_(Deux-Ponts)
Mittelberg
Mittelbergheim
Mittelbiberach
Mittelbronn
Mittelbrunn
Mitteldeutsche_Kampfbahn
Mitteldeutschen_Basketball_Clubs
Mitteldeutscher_BC
Mitteldeutscher_Basketball_Club
Mitteldeutscher_Rundfunk
Mitteleschenbach
Mitteleuropa
Mittelfischbach
Mittelfranken
Mittelgipfel
Mittelhausbergen
Mittelhausen
Mittelheim
Mittelherwigsdorf
Mittelhessen-Arena
Mittelhof
Mittelhorn
Mittelkurz
Mittelland
Mittellandkanal
Mittelmeerdivision
Mittelneufnach
Mittelnkirchen
Mittelplate
Mittelpöllnitz
Mittelrainkopf
Mittelreidenbach
Mittelrhein-Museum
Mittelschaeffolsheim
Mittelschmerz
Mittelschæffolsheim
Mittelsinn
Mittelstenahe
Mittelstetten
Mittelstrimmig
Mittelsömmern
Mittelwerk
Mittelwihr
Mittenaar
Mittenpunkt
Mittenthal_Film_Company
Mittenwald
Mittenwalde
Mittenwalde_(Uckermark)
Mitterand
Mitterandie
Mitterbach_am_Erlaufsee
Mitterberg
Mitterberg-Sankt_Martin
Mitterdorf_an_der_Raab
Mitterdorf_im_Mürztal
Mitterer
Mitterer_Wolfgang
Mitterfels
Mitterhaarbach
Mitterie_(métro_de_Lille)
Mitterie_(métro_de_Lille_Métropole)
Mitterkaiser
Mitterkirchen_im_Machland
Mitterlabill
Mittermaier
Mitternacht
Mitternacht,_WAB_80
Mitternachtsliebe
Mitterndorf_an_der_Fischa
Mitterrand
Mitterrand,_les_autres_jours
Mitterrand_(homonymie)
Mitterrand_et_Kohl_main_dans_la_main
Mitterrand_et_les_40_voleurs
Mitterrand_intime
Mitterrand_s'en_va
Mitterrand_à_Vichy
Mitterrandisme
Mittersheim
Mittersill
Mitterskirchen
Mitterteich
Mittgart
Mittlach
Mittler_&_Sohn
Mittler_Gärstenhorn
Mittlere_Brücke
Mittlere_Hintereisspitze
Mittlere_Marzellspitze
Mittlere_Rheinbrücke
Mittlere_Ödkarspitze
Mittnabotåget
Mittois
Mitton
Mittrevikholmen
Mittweida
Mittweidaer_BC_1896
Mitty
Mitty_Goldin
Mittéi
Mittéï
Mitu
Mitu_(homonymie)
Mitu_mitu
Mitu_salvini
Mitu_tomentosa
Mitu_tomentosum
Mitu_tuberosa
Mitu_tuberosum
Mitua
Mituku
Mituliodon
Mituliodon_tarantulinus
Mitumba
Miturga
Miturga_agelenina
Miturga_albopunctata
Miturga_annulipes
Miturga_australiensis
Miturga_catograpta
Miturga_fagei
Miturga_ferina
Miturga_gilva
Miturga_impedita
Miturga_lineata
Miturga_maculata
Miturga_necator
