Quadrangle_(géodésie)
Quadrangle_(homonymie)
Quadrangle_(planétologie)
Quadrangle_(tableau)
Quadrangle_Ishtar_Terra
Quadrangle_complet
Quadrangle_d'Aeolis
Quadrangle_d'Agnesi
Quadrangle_d'Aino_Planitia
Quadrangle_d'Alpha_Regio
Quadrangle_d'Amazonis
Quadrangle_d'Amenthes
Quadrangle_d'Arabia
Quadrangle_d'Arcadia
Quadrangle_d'Argyre
Quadrangle_d'Artemis_Chasma
Quadrangle_d'Atalanta_Planitia
Quadrangle_d'Atla_Regio
Quadrangle_d'Elysium
Quadrangle_d'Eminescu
Quadrangle_d'Eridania
Quadrangle_d'Hecate_Chasma
Quadrangle_d'Helen_Planitia
Quadrangle_d'Hellas
Quadrangle_d'Henie
Quadrangle_d'Hestia_Rupes
Quadrangle_d'Hokusai
Quadrangle_d'Hurston
Quadrangle_d'Iapygia
Quadrangle_d'Imdr_Regio
Quadrangle_d'Isabella
Quadrangle_d'Ishtar_Terra
Quadrangle_d'Ismenius_Lacus
Quadrangle_d'Ix_Chel_Chasma
Quadrangle_d'Ovda_Regio
Quadrangle_d'Oxia_Palus
Quadrangle_d'Ulfrun_Regio
Quadrangle_de_Barrymore
Quadrangle_de_Bell_Regio
Quadrangle_de_Bellona_Fossae
Quadrangle_de_Bereghinya_Planitia
Quadrangle_de_Beta_Regio
Quadrangle_de_Carson
Quadrangle_de_Casius
Quadrangle_de_Cebrenia
Quadrangle_de_Coprates
Quadrangle_de_Debussy
Quadrangle_de_Derain
Quadrangle_de_Devana_Chasma
Quadrangle_de_Diacria
Quadrangle_de_Diana_Chasma
Quadrangle_de_Fortuna_Tessera
Quadrangle_de_Fredegonde
Quadrangle_de_Galindo
Quadrangle_de_Ganiki_Planitia
Quadrangle_de_Godiva
Quadrangle_de_Greenaway
Quadrangle_de_Guinevere_Planitia
Quadrangle_de_Juno_Chasma
Quadrangle_de_Kaiwan_Fluctus
Quadrangle_de_Kawelu_Planitia
Quadrangle_de_Kuiper
Quadrangle_de_Lachesis_Tessera
Quadrangle_de_Lada_Terra
Quadrangle_de_Lakshmi_Planum
Quadrangle_de_Lavinia_Planitia
Quadrangle_de_Lunae_Palus
Quadrangle_de_Mahuea_Tholus
Quadrangle_de_Mare_Acidalium
Quadrangle_de_Mare_Australe
Quadrangle_de_Mare_Boreum
Quadrangle_de_Mare_Thyrrhenum
Quadrangle_de_Mare_Tyrrhenum
Quadrangle_de_Margaritifer_Sinus
Quadrangle_de_Mead
Quadrangle_de_Memnonia
Quadrangle_de_Meskhent_Tessera
Quadrangle_de_Metis_Mons
Quadrangle_de_Metis_Regio
Quadrangle_de_Mylitta_Fluctus
Quadrangle_de_Navka_Planitia
Quadrangle_de_Nemesis_Tesserae
Quadrangle_de_Nepthys_Mons
Quadrangle_de_Neruda
Quadrangle_de_Niobe_Planitia
Quadrangle_de_Noachis
Quadrangle_de_Pandrosos_Dorsa
Quadrangle_de_Phaethontis
Quadrangle_de_Phoebe_Regio
Quadrangle_de_Phoenicis_Lacus
Quadrangle_de_Raditladi
Quadrangle_de_Rusalka_Planitia
Quadrangle_de_Sappho_Patera
Quadrangle_de_Scarpellini
Quadrangle_de_Sedna_Planitia
Quadrangle_de_Shimti_Tessera
Quadrangle_de_Sif_Mons
Quadrangle_de_Sinus_Sabaeus
Quadrangle_de_Snegurochka_Planitia
Quadrangle_de_Stanton
Quadrangle_de_Syrtis_Major
Quadrangle_de_Taussig
Quadrangle_de_Tellus_Tessera
Quadrangle_de_Tharsis
Quadrangle_de_Thaumasia
Quadrangle_de_Themis_Regio
Quadrangle_de_Thetis_Regio
Quadrangle_de_Vellamo_Planitia
Quadrangle_de_Vénus
Quadrangle_de_la_Lune
Quadrangle_de_la_plaine_d'Atalante
Quadrangle_de_la_plaine_de_Snégurochka
Quadrangle_de_la_tessère_de_Fortuna
Quadrangle_des_Pandrosos_Dorsa
Quadrangle_du_mont_Métis
Quadrangle_d’Agnesi
Quadrangle_d’Alpha_Regio
Quadrangle_d’Atla_Regio
Quadrangle_d’Hecate_Chasma
Quadrangle_d’Helen_Planitia
Quadrangle_d’Hestia_Rupes
Quadrangle_d’Hurston
Quadrangle_d’Imdr_Regio
Quadrangle_d’Isabella
Quadrangle_d’Ix_Chel_Chasma
Quadrangle_d’Ovda_Regio
Quadrangle_d’Ulfrun_Regio
Quadrangle_inscriptible
Quadrangle_orthocentrique
Quadrangles
Quadrangles_de_Ganymède
Quadrangles_de_Io
Quadrangles_de_Mars
Quadrangles_de_Mercure
Quadrangles_de_Vénus
Quadrangles_de_la_Lune
Quadrangulaire
Quadrangulaire_(politique)
Quadrans
Quadrans_Vetus
Quadrant
Quadrant_(Star_Trek)
Quadrant_(Star_trek)
Quadrant_(constellation)
Quadrant_(instrument)
Quadrant_(mathématiques)
Quadrant_Alpha
Quadrant_Alpha_(Star_Trek)
Quadrant_Beta_(Star_Trek)
Quadrant_Delta
Quadrant_Delta_(Star_Trek)
Quadrant_Gamma
Quadrant_Gamma_(Star_Trek)
Quadrant_Solaire
Quadrant_abdominal
Quadrant_astronomique
Quadrant_beta
Quadrant_d'observation
Quadrant_de_navigation
Quadrant_géométrique
Quadrant_horaire
Quadrant_politique
Quadrantide
Quadrantides
Quadrants
Quadrants_(maison_d'édition)
Quadrants_(éditeur)
Quadrants_abdominaux
Quadrants_horaires
Quadrapassel
Quadraphonie
Quadraplégie
Quadraplégique
Quadraplégiques
Quadras
Quadraspidiotus_perniciosus
Quadrasynth
Quadrat
Quadrat_(hiéroglyphe)
Quadrat_(hiéroglyphe_égyptien)
Quadrat_(homonymie)
Quadrat_d'Athenes
Quadrat_d'Athènes
Quadrata
Quadratestadt
Quadratfrei
Quadratin
Quadratique
Quadratojugal
Quadratrice_d'Hippias
Quadratura
Quadrature
Quadrature_(astronomie)
Quadrature_(maison_d'édition)
Quadrature_(mathematiques)
Quadrature_(mathématiques)
Quadrature_(revue)
Quadrature_amplitude_modulation
Quadrature_de_Gauss
Quadrature_de_la_parabole
Quadrature_du_Net
Quadrature_du_carre
Quadrature_du_carré
Quadrature_du_cercle
Quadrature_du_cercle_de_Tarski
Quadrature_du_net
Quadrature_phase-shift_keying
Quadrazais
Quadrefiore
Quadrel
Quadrelle
Quadri
Quadri-impulsion
Quadri-moment
Quadri-vecteur
Quadri_(Italie)
Quadri_(ville)
Quadri_Akinade_Aruna
Quadri_Aruna
Quadriceps
Quadriceps_crural
Quadrichrome
Quadrichromie
Quadricoordonné
Quadricoptère
Quadrics
Quadricuspidie
Quadricuspidie_valvulaire_aortique
Quadricycle
Quadricycle_lourd_à_moteur
Quadricycle_léger_à_moteur
Quadridimensionnelle
Quadriel
Quadriennale
Quadriennale_de_Prague
Quadriennale_de_Prague,_la
Quadriennale_de_Rome
Quadriennale_de_prague
Quadriennalediroma.org
Quadriennat_de_Louis-Napoléon_Bonaparte
Quadrifoglio_Alfa_Romeo
Quadrifoglio_Verde
Quadrifolium
Quadriga
Quadrige
Quadrige_(collection)
Quadrigramme
Quadrigyridae
Quadrigyrinae
Quadrilateral_Cowboy
Quadrilatere_complet
Quadrilatère
Quadrilatère_(mathématiques_élémentaires)
Quadrilatère_Richelieu
Quadrilatère_circonscriptible
Quadrilatère_complet
Quadrilatère_convexe
Quadrilatère_coopératif
Quadrilatère_d'or
Quadrilatère_de_Bourgery
Quadrilatère_de_Chicago-Lambeth
Quadrilatère_de_Crucuno
Quadrilatère_de_Desroche
Quadrilatère_de_Lambert
Quadrilatère_du_Manio
Quadrilatère_du_Red_Light_de_Montréal
Quadrilatère_ferrifère
Quadrilatère_inscriptible
Quadrillage
Quadrille
Quadrille_(ballet)
Quadrille_(danse)
Quadrille_(dressage)
Quadrille_(film)
Quadrille_(film,_1938)
Quadrille_(film,_1997)
Quadrille_(pièce)
Quadrille_(pièce_de_théâtre)
Quadrille_créole
Quadrille_d'amour
Quadrille_d'amour_(film,_1935)
Quadrille_d'amour_(film,_1946)
Quadrille_d'amour_(film,_1956)
Quadrille_des_baïonnettes
Quadrilliard
Quadrillion
Quadrilobe
Quadrilobe_(revue)
Quadrilogie
Quadrimaran
Quadrimestre
Quadrimoment
Quadrinôme_cube_parfait
Quadripartite_orthodoxe
Quadriparésie
Quadriphonie
Quadriphtongue
Quadriplégie
Quadriplégique
Quadriplégiques
Quadripode_impérial
Quadripoint
Quadripole
Quadripède
Quadripèdes
Quadripôle
Quadrique
Quadrique_(géométrie_projective)
Quadrique_affine
Quadrique_projective
Quadriques
Quadriques_rationnelles
Quadriques_rationnelles_non-bicirculaires
Quadrirotor
Quadrirotor_FPV
Quadrirotors
Quadrirème
Quadriréacteur
Quadriscalaire
Quadriuium
Quadrium
Quadrivecteur
Quadrivecteur_impulsion-energie
Quadrivecteur_impulsion-énergie
Quadrivecteur_potentiel
Quadrivecteur_énergie-impulsion
Quadrivitesse
Quadrivium
Quadro_350D
Quadro_4
Quadroni_di_San_Carlo
Quadroni_di_san_carlo
Quadrophenia
Quadrophenia_(album)
Quadrophenia_(chanson)
Quadrophenia_(film)
Quadrula
Quadrula_fragosa
Quadrumane
Quadrumanie
Quadrupede
Quadruple-Alliance
Quadruple-Alliance_(1673)
Quadruple-Alliance_(1718)
Quadruple-Alliance_(1815)
Quadruple-Alliance_de_1673
Quadruple-Alliance_de_1718
Quadruple-Alliance_de_1815
Quadruple-alliance
Quadruple-double
Quadruple_Alliance
Quadruple_Aveyronnais
Quadruple_croche
Quadruple_disque_de_platine
Quadruple_double
Quadruple_liaison
Quadruple_play
Quadruplet
Quadruplet_de_nombres_premiers
Quadruplet_premier
Quadruplex
Quadruplex_de_Francis_Marion_Stokes
Quadruplex_de_francis_marion_stokes
Quadruplice
Quadrupole
Quadruppani
Quadrupède
Quadrupèdes
Quadrupéde
Quadrupédie
Quadrupôle
Quadrupôle_magnétique
Quadrupôle_électrostatique
Quads
Quads!_de_John_Callahan
Quadtree
Quae
Quae_Ad_Nos
Quaedmechelen
Quaedypre
Quaerendo
Quaero
Quaesitor
Quaesitosaurus
Quaesitosaurus_orientalis
Quaesto_sacri_palatii
Quaestor_sacri_palatii
Quaestura_exercitus
Quaetmechelen
Quagga
Quagga_(logiciel)
Quaglia
Quaglio
Quagliuzzo
Quagma
Quah_Zheng_Wen
Quahog
Quahog_nordique
Quai
Quai10
Quai_(homonymie)
Quai_10
Quai_21
Quai_54
Quai_9_3/4
Quai_9_¾
Quai_Achille-Lignon
Quai_Achille_Lignon
Quai_Aimé-Césaire
Quai_Alpha
Quai_Amiral-Riboty
Quai_Anatole-France
Quai_Anatole_France
Quai_André-Citroën
Quai_André-Lassagne
Quai_André-Morice
Quai_André-Rhuys
Quai_André_Citroën
Quai_André_Lassagne
Quai_Arloing
Quai_Augagneur
Quai_Aulagnier
Quai_Banning
Quai_Benjamin_Franklin
Quai_Bignon
Quai_Billy
Quai_Blanqui
Quai_Bonaparte
Quai_Brancas
Quai_Branly
Quai_Castellane_(Lyon)
Quai_Cavelier-de-la-Salle
Quai_Ceineray
Quai_Charles-Pasqua
Quai_Charles-Sénard
Quai_Charles-X
Quai_Charles-de-Gaulle
Quai_Charles_Sénard
Quai_Charles_de_Gaulle
Quai_Chauveau
Quai_Choiseul
Quai_Churchill
Quai_Claude-Bernard
Quai_Claude-le-Lorrain
Quai_Claude-le-Lorrain_(Nancy)
Quai_Claude_Bernard
Quai_Commandant-Charcot
Quai_Conti
Quai_Dauphin_(Lyon)
Quai_De_Dion-Bouton
Quai_De_Dion-Bouton_(Puteaux)
Quai_Debilly
Quai_Desaix
Quai_Desaix_(Strasbourg)
Quai_Emile-Zola
Quai_Emile_Zola
Quai_Ernest-Renaud
Quai_Ferdinand-Favre
Quai_Ferdinand-de-Lesseps
Quai_Fernand-Crouan
Quai_Flesselles
Quai_Francois-Mauriac
Quai_François-Mauriac
Quai_François-Mitterrand
Quai_François-Mitterrand_(Nantes)
Quai_François-Mitterrand_(Paris)
Quai_François_Mauriac
Quai_François_Timmermans
Quai_Fulchiron
Quai_Gallieni
Quai_Gallieni_(Suresnes)
Quai_Gaston-Boulet
Quai_Gloesener
Quai_Godefroid_Kurth
Quai_Henri-Barbusse
Quai_Henri-IV
Quai_Hoche
Quai_Jacques-Anquetil
Quai_Jacques-Chirac
Quai_Jaÿr
Quai_Jean-Jaurès
Quai_Jean-Moulin
Quai_Jean-Moulin_(Rouen)
Quai_Jean-de-Béthencourt
Quai_Jean_Jaurès
Quai_Jean_Moulin
Quai_Joinville_(Lyon)
Quai_Jules-Courmont
Quai_Jules_Courmont
Quai_Kellermann
Quai_Kennedy
Quai_King_Edward
Quai_Kléber
Quai_Kotelnitcheski
Quai_Koutouzov
Quai_Le_Pelletier
Quai_Lezay-Marnésia
Quai_Lonsdale
Quai_Louis-Blériot
Quai_Louis-XVIII
Quai_Lucien-Lombard
Quai_Léon-Blum
Quai_Magellan
Quai_Malakoff
Quai_Malaquais
Quai_Marcel-Boyer
Quai_Marcel-Dassault
Quai_Marcellis
Quai_Marquis-d'Aiguillon
Quai_Maréchal-Joffre
Quai_Maréchal-Joffre_(Lyon)
Quai_Maréchal_Joffre
Quai_Masaryk
Quai_Mativa
Quai_Moncousu
Quai_Morland
Quai_Napoléon
Quai_Notre-Dame
Quai_Notre-Dame_(film)
Quai_Orban
Quai_Ouest
Quai_Panhard-et-Levassor
Quai_Panhard_et_Levassor
Quai_Paul-Vautrin
Quai_Paul_Van_Hoegaerden
Quai_Paul_van_Hoegaerden
Quai_Pelletier
Quai_Pierre-Corneille
Quai_Pierre-Scise
Quai_Pierre-Scize
Quai_Pierre_Scize
Quai_Pouchkine
Quai_President-Wilson
Quai_Président-Wilson
Quai_Rambaud
Quai_Richard-Waddington
Quai_Robespierre
Quai_Romain-Rolland
Quai_Romain_Rolland
Quai_Roosevelt
Quai_Saint-André
Quai_Saint-Antoine
Quai_Saint-Benoit_(Lyon)
Quai_Saint-Bernard
Quai_Saint-Clair_(Lyon)
Quai_Saint-Exupéry
Quai_Saint-Jean
Quai_Saint-Louis
Quai_Saint-Léonard
Quai_Saint-Michel
Quai_Saint-Pierre
Quai_Saint-Pierre_(Cannes)
Quai_Saint-Pierre_(Toulouse)
Quai_Saint-Sever
Quai_Saint-Vincent
Quai_Saint_Jean
Quai_Saint_Vincent
Quai_Sainte-Attale
Quai_Sainte-Barbe
Quai_Sainte-Catherine
Quai_Sainte-Catherine_(Honfleur)
Quai_Sainte-Catherine_(Nancy)
Quai_Sainte-Marie-des-Chaînes
Quai_Sainte-Sophie
Quai_Schoepflin
Quai_Sud_Télévisions
Quai_Sur-Meuse
Quai_Tilsitt
Quai_Timmermans
Quai_Turckheim
Quai_Turenne
Quai_Van_Beneden
Quai_Vauban
Quai_Vercour
Quai_Victor-Augagneur
Quai_Victor_Augagneur
Quai_Voltaire
Quai_Voltaire_(édition)
Quai_Wilson
Quai_anatole-france
Quai_au_Sable
Quai_aux_Fleurs
Quai_aux_Herbes
Quai_aux_bestiaux_de_Pantin
Quai_aux_herbes
Quai_aux_sphinx
Quai_central
Quai_d'Alençon
Quai_d'Algérie
Quai_d'Anjou
Quai_d'Asnières
Quai_d'Austerlitz
Quai_d'Auteuil
Quai_d'Avroy
Quai_d'Elbeuf
Quai_d'Halincourt
Quai_d'Issy
Quai_d'Issy-les-Moulineaux
Quai_d'Ivry
Quai_d'Ivry-Masséna
Quai_d'Orléans
Quai_d'Orléans_(Lyon)
Quai_d'Orsay
Quai_d'Orsay_(Paris)
Quai_d'Orsay_(bande_dessinée)
Quai_d'Orsay_(film)
Quai_d'Orsay_(homonymie)
Quai_de_Bercy
Quai_de_Bethune
Quai_de_Billy
Quai_de_Boisguilbert
Quai_de_Bondy
Quai_de_Bourbon
Quai_de_Bourgneuf_(Lyon)
Quai_de_Béthune
Quai_de_Caraquet
Quai_de_Clichy
Quai_de_Conti
Quai_de_Coronmeuse
Quai_de_France
Quai_de_Gaulle_(Liège)
Quai_de_Gesvres
Quai_de_Grenelle
Quai_de_Grenelle_(Paris)
Quai_de_Javel
Quai_de_Jemmapes
Quai_de_Longdoz
Quai_de_Maastricht
Quai_de_Maestricht
Quai_de_Metz
Quai_de_Montebello
Quai_de_Neufville_(Lyon)
Quai_de_New-York
Quai_de_Newbury
Quai_de_Paris
Quai_de_Paris_(Rouen)
Quai_de_Paris_(Strasbourg)
Quai_de_Passy
Quai_de_Richebourg
Quai_de_Rome
Quai_de_Rouen-Quevilly
Quai_de_Saint-Ouen
Quai_de_Saint-Paul_(Lyon)
Quai_de_Saône_(Lyon)
Quai_de_Seine
Quai_de_Seine_(Saint-Ouen-sur-Seine)
Quai_de_Serbie
Quai_de_Serbie_(Lyon)
Quai_de_Tounis
Quai_de_Tournis
Quai_de_Tourville
Quai_de_Valmy
Quai_de_Valongo
Quai_de_Versailles
Quai_de_Wallonie
Quai_de_Wigan
Quai_de_Willebroeck
Quai_de_Willebroek
Quai_de_béthune
Quai_de_gare
Quai_de_grenelle
Quai_de_l'Abattoir
Quai_de_l'Aisne
Quai_de_l'Allier
Quai_de_l'Archevêché
Quai_de_l'Archevêché_(Lyon)
Quai_de_l'Horloge
Quai_de_l'Horloge_(Paris)
Quai_de_l'Horloge_du_Palais
Quai_de_l'Hôpital
Quai_de_l'Hôpital_(Lyon)
Quai_de_l'Hôtel-De-Ville
Quai_de_l'Hôtel-de-Ville
Quai_de_l'Hôtel_de_Ville
Quai_de_l'Oise
Quai_de_l'Ourcq
Quai_de_l'Ourthe
Quai_de_l'Université
Quai_de_l'horloge_(paris)
Quai_de_l'École
Quai_de_la_Baleine_(Lyon)
Quai_de_la_Bataille
Quai_de_la_Bataille-de-Stalingrad
Quai_de_la_Bataille_(Nancy)
Quai_de_la_Bibliothèque_(Lyon)
Quai_de_la_Bourse
Quai_de_la_Boverie
Quai_de_la_Bruche
Quai_de_la_Charente
Quai_de_la_Cité
Quai_de_la_Corse
Quai_de_la_Daurade
Quai_de_la_Douane_(Lyon)
Quai_de_la_Dérivation
Quai_de_la_Ferraille
Quai_de_la_Fosse
Quai_de_la_Fosse_(Nantes)
Quai_de_la_Fraternité
Quai_de_la_Gare
Quai_de_la_Gare_(métro_de_Paris)
Quai_de_la_Garonne
Quai_de_la_Gironde
Quai_de_la_Goffe
Quai_de_la_Grève
Quai_de_la_Guillotière
Quai_de_la_Loire
Quai_de_la_Main_d'Or
Quai_de_la_Main_d’or
Quai_de_la_Marine
Quai_de_la_Marine_(Île_Saint-Denis)
Quai_de_la_Marne
Quai_de_la_Megisserie_(Paris)
Quai_de_la_Motte-Rouge
Quai_de_la_Mégisserie
Quai_de_la_Mégisserie_(Paris)
Quai_de_la_Petite-France
Quai_de_la_Peyrollerie
Quai_de_la_Platière
Quai_de_la_Platière_(Lyon)
Quai_de_la_Poissonnerie
Quai_de_la_Presqu'île-Rollet
Quai_de_la_Pêcherie
Quai_de_la_Rapée
Quai_de_la_Rapée_(métro_de_Paris)
Quai_de_la_Ribuée
Quai_de_la_Résurrection
Quai_de_la_Saunerie
Quai_de_la_Seine
Quai_de_la_Sinn
Quai_de_la_Tournelle
Quai_de_la_Vieille-Vallée-de-Misère
Quai_de_la_Vitriolerie
Quai_de_la_fosse
Quai_de_la_mégisserie_(paris)
Quai_de_l’Amiral-Riboty
Quai_de_l’Archevêché
Quai_de_l’Horloge
Quai_de_l’Hôtel-de-Ville
Quai_de_l’Oise
Quai_de_lՃcole
Quai_des_Alpes
Quai_des_Anglais
Quai_des_Antilles
Quai_des_Ardennes
Quai_des_Augustins
Quai_des_Augustins_(Lyon)
Quai_des_Balcons
Quai_des_Bateliers
Quai_des_Belges
Quai_des_Belges_(Marseille)
Quai_des_Belges_(Strasbourg)
Quai_des_Bulles
Quai_des_Chartrons
Quai_des_Célestins
Quai_des_Célestins_(Lyon)
Quai_des_Célestins_(Paris)
Quai_des_Etats-Unis
Quai_des_Grands-Augustins
Quai_des_Morfondus
Quai_des_Orfevres
Quai_des_Orfèvres
Quai_des_Orfèvres_(film)
Quai_des_Orfèvres_(homonymie)
Quai_des_Régates
Quai_des_Savoirs
Quai_des_Tanneurs
Quai_des_Théatins
Quai_des_Tuileries
Quai_des_Usines
Quai_des_Vennes
Quai_des_Zattere
Quai_des_blondes
Quai_des_brumes
Quai_des_brunes
Quai_des_bulles
Quai_des_illusions
Quai_des_marques
Quai_des_orfèvres
Quai_des_États-Unis
Quai_des_Étroits
Quai_des_états-unis
Quai_du_Barbou
Quai_du_Colonel-Morland
Quai_du_Condroz
Quai_du_Cours-la-Reine
Quai_du_Dauphin
Quai_du_Docteur-Dervaux
Quai_du_Docteur-Dervaux_(Asnières-sur-Seine)
Quai_du_Docteur-Gailleton
Quai_du_Général-Sarrail
Quai_du_Havre
Quai_du_Lot
Quai_du_Louvre
Quai_du_Mail
Quai_du_Marché-Neuf
Quai_du_Marché-Neuf-Maurice-Grimaud
Quai_du_Maréchal-Joffre_(Courbevoie)
Quai_du_Midi
Quai_du_Mont-Blanc
Quai_du_Moulin-de-Cage
Quai_du_Moulin_de_Cage
Quai_du_Palais
Quai_du_Point-du-Jour
Quai_du_Point-du-Jour_(Paris)
Quai_du_Point_du_Jour
Quai_du_Prince-Impérial
Quai_du_Prince_Impérial_(Lyon)
Quai_du_Pré-aux-Loups
Quai_du_Président-Carnot
Quai_du_Président-Paul-Doumer
Quai_du_Président-Paul-Doumer_(Courbevoie)
Quai_du_Président-Roosevelt
Quai_du_Puits-de-Sel
Quai_du_Rhône_(Lyon)
Quai_du_Roi_Albert
Quai_du_Wault
Quai_du_Wault_(Lille)
Quai_du_Woerthel
Quai_du_point_du_jour
Quai_du_polar
Quai_d’Anjou
Quai_d’Austerlitz
Quai_d’Auteuil
Quai_d’Orléans
Quai_d’Orsay
Quai_françois-mauriac
Quai_inférieur_de_la_Volga
Quai_latéral
Quai_numéro_treize
Quai_numéro_un
Quai_n°1
Quai_n°_1
Quai_saint-Clair_(Lyon)
Quai_supérieur_de_la_Volga
Quai_van_Beneden
Quai_van_Hoegaerden
Quai_Édouard_Van_Beneden
Quai_Édouard_van_Beneden
Quai_Émile-Duchemin
Quai_Émile-Zola
Quai_Émile_Zola
Quaich
Quaid
Quaid-i-Azam_University
Quaidabad
Quail
Quail_Commander
Quail_Hollow_Championship
Quail_Mountain
Quail_Ridge
Quailyne_Jebiwott_Kiprop
Quais_d'Ivry
Quais_de_Bordeaux
Quais_de_Genève
Quais_de_Liège
Quais_de_Lyon
Quais_de_Nantes
Quais_des_Zattere
Quais_du_Polar
Quais_du_polar
Quais_latéraux
Quaix-en-Chartreuse
Quaix-en-chartreuse
Quaix_en_Chartreuse
Quake
Quake-like
Quake3
QuakeC
QuakeCon
QuakeNet
QuakeWorld
Quake_(homonymie)
Quake_(série_de_jeux_vidéo)
Quake_2
Quake_2_Engine
Quake_2_engine
Quake_3
Quake_3:_Arena
Quake_3_Arena
Quake_3_arena
Quake_3_engine
Quake_4
Quake_64
Quake_Champions
Quake_II
Quake_II:_Ground_Zero
Quake_III
Quake_III:_Arena
Quake_III:_Revolution
Quake_III:_Team_Arena
Quake_III_Arena
Quake_III_engine
Quake_II_Engine
Quake_II_engine
Quake_IV
Quake_Like
Quake_Live
Quake_Mission_Pack_2:_Disolution_Of_Eternity
Quake_Mission_Pack_No._2:_Dissolution_of_Eternity
Quake_Wars
Quake_engine
Quake_like
Quakecon
Quakelive
Quakenbrück
Quaker
Quaker_(céréales)
Quaker_(entreprise)
Quaker_(homonymie)
Quaker_(marque)
Quaker_City
Quaker_Gun
Quaker_Oats
Quaker_Oats_Company
Quaker_Peace_and_Service
Quaker_Peace_and_Social_Witness
Quaker_State_400
Quaker_State_400_(Atlanta)
Quaker_State_400_(Kentucky)
Quaker_United_Nations_Office
Quaker_gun
Quaker_peace_and_social_witness
Quakerisme
Quakers
Quakers_de_Penn
Quakers_de_Philadelphie
Quakers_de_Saskatoon
Quakertown
Quala
Qualb_allouz
Qualche_stupido_"ti_amo"
Qualcomm
Qualcomm_Snapdragon
Qualcomm_Stadium
Qualcosa_di_biondo
Qualcuno_ha_tradito
Quale
Qualea
Qualea_albiflora
Qualea_calantha
Qualea_impexa
Qualea_rosea
Qualia
Qualiano
Qualibat
Qualibou
Qualicert
Qualicum_Beach
Qualifelec
Qualification
Qualification_Coupe_du_Monde_FIBA_2014
Qualification_au_Championnat_d'Europe_de_basket-ball_2009
Qualification_au_Championnat_d'Europe_de_basket-ball_2013
Qualification_au_Championnat_d'Europe_de_basket-ball_2015
Qualification_au_Championnat_d'Europe_de_basket-ball_2017
Qualification_au_Championnat_d'Europe_de_basket-ball_2021
Qualification_au_Championnat_d'Europe_de_basket-ball_2022
Qualification_au_Championnat_d'Europe_de_basket-ball_féminin_2013
Qualification_au_Championnat_d'Europe_féminin_de_basket-ball_2013
Qualification_au_championnat_d'Europe_de_basket-ball_2009
Qualification_au_championnat_d'Europe_de_basket-ball_2013
Qualification_au_championnat_d'Europe_de_basket-ball_2015
Qualification_au_championnat_d'Europe_de_basket-ball_2017
Qualification_au_championnat_d'Europe_de_basket-ball_2021
Qualification_au_championnat_d'Europe_de_basket-ball_féminin_2013
Qualification_au_championnat_d'Europe_de_basket-ball_féminin_2015
Qualification_aux_épreuves_de_tennis_de_table_aux_Jeux_olympiques_d'été_de_2012
Qualification_de_contraintes
Qualification_de_gymnastique_artistique_femmes_aux_Jeux_olympiques_de_2008
Qualification_de_gymnastique_artistique_hommes_aux_Jeux_olympiques_d'été_de_2008
Qualification_de_gymnastique_artistique_hommes_aux_Jeux_olympiques_de_2008
Qualification_de_la_zone_Europe_à_la_Coupe_du_monde_féminine_de_hockey_sur_gazon_2022
Qualification_de_la_zone_Europe_à_la_Coupe_du_monde_masculine_de_hockey_sur_gazon_2023
Qualification_de_materiel
Qualification_de_matériel
Qualification_de_type
Qualification_de_vol_aux_instruments
Qualification_des_épreuves_de_cyclisme_aux_Jeux_européens_de_2015
Qualification_des_épreuves_de_tennis_de_table_aux_Jeux_olympiques_d'été_de_2012
Qualification_honorifique
Qualification_juridique
Qualification_messieurs_Roland_Garros_2015
Qualification_militaire_de_base
Qualification_pour_la_Coupe_du_Monde_1998_Zone_Amerique_du_Sud
Qualification_pour_la_Coupe_du_Monde_1998_Zone_Amérique_du_Sud
Qualification_pour_la_Coupe_du_Monde_2006_Zone_Amérique_du_Sud
Qualification_pour_la_Coupe_du_Monde_2010_Zone_Amérique_du_Sud
Qualification_pour_la_Coupe_du_Monde_de_football_1998
Qualification_pour_la_Coupe_du_monde_1998_:_zone_Amérique_du_Sud
Qualification_pour_la_Coupe_du_monde_1998_Zone_Amérique_du_Sud
Qualification_pour_la_Division_IIB_du_Championnat_du_monde_de_hockey_sur_glace_féminin_2016
Qualification_pour_la_Division_IIB_du_Championnat_du_monde_de_hockey_sur_glace_féminin_2017
Qualification_pour_la_Division_IIB_du_Championnat_du_monde_de_hockey_sur_glace_féminin_2018
Qualification_pour_la_Division_IIB_du_Championnat_du_monde_de_hockey_sur_glace_féminin_2019
Qualification_pour_la_Division_IIB_du_Championnat_du_monde_féminin_de_hockey_sur_glace_2016
Qualification_pour_la_Division_IIB_du_Championnat_du_monde_féminin_de_hockey_sur_glace_2017
Qualification_pour_la_Division_IIB_du_Championnat_du_monde_féminin_de_hockey_sur_glace_2018
Qualification_pour_la_Division_IIB_du_Championnat_du_monde_féminin_de_hockey_sur_glace_2019
Qualification_pour_la_Division_III_du_Championnat_du_monde_de_hockey_sur_glace_2018
Qualification_pour_la_Division_III_du_Championnat_du_monde_de_hockey_sur_glace_2019
Qualification_pour_la_Division_III_du_Championnat_du_monde_junior_de_hockey_sur_glace_2018
Qualification_pour_la_coupe_du_monde_1998_zone_amérique_du_sud
Qualification_pour_les_épreuves_de_tennis_de_table_aux_Jeux_olympiques_d'été_de_2016
Qualification_professionnelle
Qualification_pénale
Qualification_à_la_Coupe_d'Afrique_des_Nations_de_football_1984
Qualification_à_la_Coupe_d'Afrique_des_Nations_de_football_1988
Qualification_à_la_Coupe_d'Afrique_des_Nations_de_football_1990
Qualification_à_la_Coupe_d'Afrique_des_nations_de_football_1984
Qualification_à_la_Coupe_d'Afrique_des_nations_de_football_1988
Qualification_à_la_Coupe_d'Afrique_des_nations_de_football_1990
Qualifications_CAN_2012
Qualifications_Coupe_du_Monde_2010-Groupe_1_UEFA
Qualifications_Coupe_du_Monde_2010-Groupe_2_UEFA
Qualifications_a_la_Coupe_d'Afrique_des_Nations_de_football_1970
Qualifications_a_la_Coupe_d'Afrique_des_Nations_de_football_1972
Qualifications_a_la_Coupe_d'Afrique_des_Nations_de_football_1974
Qualifications_a_la_Coupe_d'Afrique_des_Nations_de_football_1976
Qualifications_a_la_Coupe_d'Afrique_des_Nations_de_football_1980
Qualifications_a_la_Coupe_d'Afrique_des_nations_de_football_1965
Qualifications_a_la_Coupe_d'Afrique_des_nations_de_football_1968
Qualifications_a_la_Coupe_d'Afrique_des_nations_de_football_1978
Qualifications_a_la_Coupe_d'Afrique_des_nations_de_football_2004
Qualifications_a_la_Coupe_d'Afrique_des_nations_de_football_2008
Qualifications_au_Championnat_d'Afrique_des_nations_de_football_2009
Qualifications_au_Championnat_d'Afrique_des_nations_de_football_2018
Qualifications_au_Championnat_d'Afrique_des_nations_de_football_2020
Qualifications_au_Championnat_d'Europe_de_basket-ball_féminin_2015
Qualifications_au_Championnat_d'Europe_de_basket-ball_féminin_2017
Qualifications_au_Championnat_d'Europe_féminin_de_basket-ball_2015
Qualifications_au_Championnat_d'Europe_féminin_de_basket-ball_2017
Qualifications_au_championnat_d'Europe_de_basket-ball_féminin_2015
Qualifications_au_championnat_d'Europe_de_basket-ball_féminin_2017
Qualifications_au_championnat_d'Europe_de_basket-ball_féminin_2019
Qualifications_au_championnat_d'Europe_féminin_de_basket-ball_2019
Qualifications_au_championnat_d'Europe_féminin_de_basket-ball_2021
Qualifications_aux_épreuves_de_boxe_aux_Jeux_olympiques_d'été_de_2020
Qualifications_aux_épreuves_de_tennis_de_table_aux_Jeux_olympiques_d'été_de_2012
Qualifications_aux_épreuves_de_tennis_de_table_aux_Jeux_olympiques_d'été_de_2016
Qualifications_aux_épreuves_de_tennis_de_table_aux_Jeux_olympiques_d'été_de_2020
Qualifications_aux_épreuves_de_tir_à_l'arc_aux_Jeux_olympiques_d'été_de_2020
Qualifications_championnat_d'Europe_de_basket-ball_2009
Qualifications_de_gymnastique_artistique_hommes_aux_Jeux_olympiques_d'été_de_2008
Qualifications_de_l'AFC_Challenge_Cup_2008
Qualifications_de_l'AFC_Challenge_Cup_2010
Qualifications_de_la_Coupe_du_monde_de_cricket_2023
Qualifications_de_la_Coupe_du_monde_de_football
Qualifications_de_la_coupe_d'Afrique_des_nations_des_moins_de_17_ans_2019
Qualifications_de_la_zone_Afrique_du_tournoi_masculin_de_hockey_sur_gazon_aux_Jeux_olympiques_d'été_de_2020
Qualifications_de_la_zone_Afrique_pour_la_Coupe_du_monde_de_rugby_à_XV_2003
Qualifications_de_la_zone_Afrique_pour_la_Coupe_du_monde_de_rugby_à_XV_2007
Qualifications_de_la_zone_Afrique_pour_la_Coupe_du_monde_de_rugby_à_XV_2011
Qualifications_de_la_zone_Afrique_pour_la_Coupe_du_monde_de_rugby_à_XV_2015
Qualifications_de_la_zone_Afrique_pour_la_Coupe_du_monde_de_rugby_à_XV_2019
Qualifications_de_la_zone_Afrique_pour_la_Coupe_du_monde_de_rugby_à_XV_2023
Qualifications_de_la_zone_Afrique_pour_la_coupe_du_monde_de_rugby_à_XV_2003
Qualifications_de_la_zone_Afrique_pour_la_coupe_du_monde_de_rugby_à_XV_2007
Qualifications_de_la_zone_Afrique_pour_la_coupe_du_monde_de_rugby_à_XV_2011
Qualifications_de_la_zone_Amériques_pour_la_Coupe_du_monde_de_rugby_à_XV_2003
Qualifications_de_la_zone_Amériques_pour_la_Coupe_du_monde_de_rugby_à_XV_2007
Qualifications_de_la_zone_Amériques_pour_la_Coupe_du_monde_de_rugby_à_XV_2011
Qualifications_de_la_zone_Amériques_pour_la_Coupe_du_monde_de_rugby_à_XV_2015
Qualifications_de_la_zone_Amériques_pour_la_Coupe_du_monde_de_rugby_à_XV_2019
Qualifications_de_la_zone_Amériques_pour_la_Coupe_du_monde_de_rugby_à_XV_2023
Qualifications_de_la_zone_Amériques_pour_la_coupe_du_monde_de_rugby_à_XV_2003
Qualifications_de_la_zone_Amériques_pour_la_coupe_du_monde_de_rugby_à_XV_2007
Qualifications_de_la_zone_Amériques_pour_la_coupe_du_monde_de_rugby_à_XV_2011
Qualifications_de_la_zone_Asie_pour_la_Coupe_du_monde_de_rugby_à_XV_2003
Qualifications_de_la_zone_Asie_pour_la_Coupe_du_monde_de_rugby_à_XV_2007
Qualifications_de_la_zone_Asie_pour_la_Coupe_du_monde_de_rugby_à_XV_2011
Qualifications_de_la_zone_Asie_pour_la_Coupe_du_monde_de_rugby_à_XV_2015
Qualifications_de_la_zone_Asie_pour_la_Coupe_du_monde_de_rugby_à_XV_2019
Qualifications_de_la_zone_Asie_pour_la_Coupe_du_monde_de_rugby_à_XV_2023
Qualifications_de_la_zone_Asie_pour_la_coupe_du_monde_de_rugby_à_XV_2003
Qualifications_de_la_zone_Asie_pour_la_coupe_du_monde_de_rugby_à_XV_2007
Qualifications_de_la_zone_Asie_pour_la_coupe_du_monde_de_rugby_à_XV_2011
Qualifications_de_la_zone_Europe_pour_la_Coupe_du_monde_de_rugby_à_XV_1995
Qualifications_de_la_zone_Europe_pour_la_Coupe_du_monde_de_rugby_à_XV_1999
Qualifications_de_la_zone_Europe_pour_la_Coupe_du_monde_de_rugby_à_XV_2003
Qualifications_de_la_zone_Europe_pour_la_Coupe_du_monde_de_rugby_à_XV_2007
Qualifications_de_la_zone_Europe_pour_la_Coupe_du_monde_de_rugby_à_XV_2011
Qualifications_de_la_zone_Europe_pour_la_Coupe_du_monde_de_rugby_à_XV_2015
Qualifications_de_la_zone_Europe_pour_la_Coupe_du_monde_de_rugby_à_XV_2019
Qualifications_de_la_zone_Europe_pour_la_coupe_du_monde_de_rugby_à_XV_1995
Qualifications_de_la_zone_Europe_pour_la_coupe_du_monde_de_rugby_à_XV_1999
Qualifications_de_la_zone_Europe_pour_la_coupe_du_monde_de_rugby_à_XV_2003
Qualifications_de_la_zone_Europe_pour_la_coupe_du_monde_de_rugby_à_XV_2007
Qualifications_de_la_zone_Europe_pour_la_coupe_du_monde_de_rugby_à_XV_2011
Qualifications_de_la_zone_Europe_pour_la_coupe_du_monde_de_rugby_à_XV_2015
Qualifications_de_la_zone_Océanie_pour_la_Coupe_du_monde_de_rugby_à_XV_1999
Qualifications_de_la_zone_Océanie_pour_la_Coupe_du_monde_de_rugby_à_XV_2003
Qualifications_de_la_zone_Océanie_pour_la_Coupe_du_monde_de_rugby_à_XV_2007
Qualifications_de_la_zone_Océanie_pour_la_Coupe_du_monde_de_rugby_à_XV_2011
Qualifications_de_la_zone_Océanie_pour_la_Coupe_du_monde_de_rugby_à_XV_2015
Qualifications_de_la_zone_Océanie_pour_la_Coupe_du_monde_de_rugby_à_XV_2019
Qualifications_de_la_zone_Océanie_pour_la_Coupe_du_monde_de_rugby_à_XV_2023
Qualifications_de_la_zone_Océanie_pour_la_coupe_du_monde_de_rugby_à_XV_1999
Qualifications_de_la_zone_Océanie_pour_la_coupe_du_monde_de_rugby_à_XV_2003
Qualifications_de_la_zone_Océanie_pour_la_coupe_du_monde_de_rugby_à_XV_2007
Qualifications_de_la_zone_Océanie_pour_la_coupe_du_monde_de_rugby_à_XV_2011
Qualifications_des_épreuves_cyclistes_aux_Jeux_olympiques_d'été_de_2012
Qualifications_des_épreuves_d'aviron_aux_Jeux_olympiques_d'été_de_2012
Qualifications_des_épreuves_d'aviron_aux_Jeux_olympiques_d'été_de_2016
Qualifications_des_épreuves_d'aviron_aux_Jeux_olympiques_d'été_de_2020
Qualifications_des_épreuves_d'escrime_aux_Jeux_européens_de_2015
Qualifications_des_épreuves_d'escrime_aux_Jeux_olympiques_d'été_de_2012
Qualifications_des_épreuves_d'escrime_aux_Jeux_olympiques_d'été_de_2016
Qualifications_des_épreuves_d'escrime_aux_Jeux_olympiques_d'été_de_2020
Qualifications_des_épreuves_d'haltérophilie_aux_Jeux_olympiques_d'été_de_2012
Qualifications_des_épreuves_d'haltérophilie_aux_Jeux_olympiques_d'été_de_2016
Qualifications_des_épreuves_d'équitation_aux_Jeux_olympiques_d'été_de_2012
Qualifications_des_épreuves_d'équitation_aux_Jeux_olympiques_d'été_de_2016
Qualifications_des_épreuves_de_Judo_aux_Jeux_olympiques_d'été_de_2012
Qualifications_des_épreuves_de_badminton_aux_Jeux_européens_de_2015
Qualifications_des_épreuves_de_badminton_aux_Jeux_olympiques_d'été_de_2012
Qualifications_des_épreuves_de_badminton_aux_Jeux_olympiques_d'été_de_2016
Qualifications_des_épreuves_de_badminton_aux_Jeux_olympiques_d'été_de_2020
Qualifications_des_épreuves_de_baseball_aux_Jeux_olympiques_d'été_de_2020
Qualifications_des_épreuves_de_boxe_aux_Jeux_européens_de_2015
Qualifications_des_épreuves_de_boxe_aux_Jeux_olympiques_d'été_de_2012
Qualifications_des_épreuves_de_boxe_aux_Jeux_olympiques_d'été_de_2016
Qualifications_des_épreuves_de_canoë-kayak_aux_Jeux_européens_de_2015
Qualifications_des_épreuves_de_canoë-kayak_aux_Jeux_olympiques_d'été_de_2012
Qualifications_des_épreuves_de_canoë-kayak_aux_Jeux_olympiques_d'été_de_2016
Qualifications_des_épreuves_de_cyclisme_aux_Jeux_européens_de_2015
Qualifications_des_épreuves_de_cyclisme_aux_Jeux_olympiques_d'été_de_2012
Qualifications_des_épreuves_de_cyclisme_aux_Jeux_olympiques_d'été_de_2016
Qualifications_des_épreuves_de_cyclisme_aux_Jeux_olympiques_d'été_de_2020
Qualifications_des_épreuves_de_gymnastique_aux_Jeux_européens_de_2015
Qualifications_des_épreuves_de_gymnastique_aux_Jeux_olympiques_d'été_de_2012
Qualifications_des_épreuves_de_judo_aux_Jeux_olympiques_d'été_de_2012
Qualifications_des_épreuves_de_judo_aux_Jeux_olympiques_d'été_de_2016
Qualifications_des_épreuves_de_karaté_aux_Jeux_européens_de_2015
Qualifications_des_épreuves_de_lutte_aux_Jeux_olympiques_d'été_de_2012
Qualifications_des_épreuves_de_lutte_aux_Jeux_olympiques_d'été_de_2016
Qualifications_des_épreuves_de_natation_aux_Jeux_olympiques_d'été_de_2012
Qualifications_des_épreuves_de_natation_synchronisée_aux_Jeux_olympiques_d'été_de_2020
Qualifications_des_épreuves_de_pentathlon_moderne_aux_Jeux_olympiques_d'été_de_2016
Qualifications_des_épreuves_de_pentathlon_moderne_aux_Jeux_olympiques_d'été_de_2020
Qualifications_des_épreuves_de_sambo_aux_Jeux_européens_de_2015
Qualifications_des_épreuves_de_skateboard_aux_Jeux_olympiques_d'été_de_2020
Qualifications_des_épreuves_de_taekwondo_aux_Jeux_européens_de_2015
Qualifications_des_épreuves_de_tennis_de_table_aux_Jeux_européens_de_2015
Qualifications_des_épreuves_de_tir_aux_Jeux_européens_de_2015
Qualifications_des_épreuves_de_tir_à_l'arc_aux_Jeux_olympiques_d'été_de_2012
Qualifications_des_épreuves_de_tir_à_l'arc_aux_Jeux_olympiques_d'été_de_2016
Qualifications_des_épreuves_de_triathlon_aux_Jeux_olympiques_d'été_de_2020
Qualifications_des_épreuves_de_volley-ball_aux_Jeux_européens_de_2015
Qualifications_des_épreuves_féminines_de_boxe_aux_Jeux_olympiques_d'été_de_2012
Qualifications_des_épreuves_masculines_de_boxe_aux_Jeux_olympiques_d'été_de_2012
Qualifications_du_Challenge_d'Europe_féminin_de_hockey_sur_gazon_2023
Qualifications_du_Challenge_d'Europe_masculin_de_hockey_sur_gazon_2023
Qualifications_du_Championnat_d'Afrique_des_nations_de_football_2020
Qualifications_du_Championnat_d'Europe_de_handball_féminin_2014
Qualifications_du_Championnat_d'Europe_de_volley-ball_féminin_2009
Qualifications_du_Championnat_d'Europe_de_volley-ball_féminin_2011
Qualifications_du_Championnat_d'Europe_de_volley-ball_féminin_2013
Qualifications_du_Championnat_d'Europe_de_volley-ball_féminin_2015
Qualifications_du_Championnat_d'Europe_de_volley-ball_masculin_2009
Qualifications_du_Championnat_d'Europe_de_volley-ball_masculin_2011
Qualifications_du_Championnat_d'Europe_de_volley-ball_masculin_2013
Qualifications_du_Championnat_d'Europe_de_volley-ball_masculin_2015
Qualifications_du_Championnat_d'Europe_féminin_de_volley-ball_2009
Qualifications_du_Championnat_d'Europe_féminin_de_volley-ball_2011
Qualifications_du_Championnat_d'Europe_féminin_de_volley-ball_2013
Qualifications_du_Championnat_d'Europe_féminin_de_volley-ball_2015
Qualifications_du_Championnat_d'Europe_masculin_de_volley-ball_2009
Qualifications_du_Championnat_d'Europe_masculin_de_volley-ball_2011
Qualifications_du_Championnat_d'Europe_masculin_de_volley-ball_2013
Qualifications_du_Championnat_d'Europe_masculin_de_volley-ball_2015
Qualifications_du_Championnat_d'Europe_masculin_de_volley-ball_2017
Qualifications_du_Championnat_du_monde_de_handball_masculin_2009
Qualifications_du_Championnat_du_monde_masculin_de_handball_2009
Qualifications_du_championnat_d'Europe_de_handball_féminin_2014
Qualifications_du_championnat_d'Europe_de_volley-ball_féminin_2009
Qualifications_du_championnat_d'Europe_de_volley-ball_féminin_2011
Qualifications_du_championnat_d'Europe_de_volley-ball_féminin_2013
Qualifications_du_championnat_d'Europe_de_volley-ball_féminin_2015
Qualifications_du_championnat_d'Europe_de_volley-ball_masculin_2009
Qualifications_du_championnat_d'Europe_de_volley-ball_masculin_2011
Qualifications_du_championnat_d'Europe_de_volley-ball_masculin_2013
Qualifications_du_championnat_d'Europe_de_volley-ball_masculin_2015
Qualifications_du_championnat_du_monde_de_volley-ball_féminin_2010
Qualifications_du_championnat_du_monde_de_volley-ball_féminin_2014
Qualifications_du_championnat_du_monde_de_volley-ball_masculin_2010
Qualifications_du_championnat_du_monde_de_volley-ball_masculin_2014
Qualifications_du_championnat_du_monde_de_volley-ball_masculin_2018
Qualifications_du_championnat_du_monde_de_volley-ball_masculin_2018_(CEV)
Qualifications_du_championnat_du_monde_féminin_de_volley-ball_2010
Qualifications_du_championnat_du_monde_féminin_de_volley-ball_2014
Qualifications_du_championnat_du_monde_masculin_de_volley-ball_2010
Qualifications_du_championnat_du_monde_masculin_de_volley-ball_2014
Qualifications_du_championnat_du_monde_masculin_de_volley-ball_2018
Qualifications_du_tournoi_féminin_de_basket-ball_à_trois_aux_Jeux_olympiques_d'été_de_2020
Qualifications_du_tournoi_féminin_de_beach-volley_aux_Jeux_olympiques_d'été_de_2012
Qualifications_du_tournoi_féminin_de_handball_aux_Jeux_olympiques_d'été_de_2008
Qualifications_du_tournoi_féminin_de_handball_aux_Jeux_olympiques_d'été_de_2012
Qualifications_du_tournoi_féminin_de_handball_aux_Jeux_olympiques_d'été_de_2016
Qualifications_du_tournoi_féminin_de_handball_aux_Jeux_olympiques_d'été_de_2020
Qualifications_du_tournoi_féminin_de_rugby_à_sept_aux_Jeux_olympiques_d'été_de_2016
Qualifications_du_tournoi_féminin_de_water-polo_aux_Jeux_olympiques_d'été_de_2012
Qualifications_du_tournoi_masculin_de_basket-ball_à_trois_aux_Jeux_olympiques_d'été_de_2020
Qualifications_du_tournoi_masculin_de_beach-volley_aux_Jeux_olympiques_d'été_de_2012
Qualifications_du_tournoi_masculin_de_handball_aux_Jeux_olympiques_d'été_de_1972
Qualifications_du_tournoi_masculin_de_handball_aux_Jeux_olympiques_d'été_de_2008
Qualifications_du_tournoi_masculin_de_handball_aux_Jeux_olympiques_d'été_de_2012
Qualifications_du_tournoi_masculin_de_handball_aux_Jeux_olympiques_d'été_de_2016
Qualifications_du_tournoi_masculin_de_handball_aux_Jeux_olympiques_d'été_de_2020
Qualifications_du_tournoi_masculin_de_hockey_sur_gazon_aux_Jeux_olympiques_d'été_de_2020
Qualifications_du_tournoi_masculin_de_rugby_à_sept_aux_Jeux_olympiques_d'été_de_2016
Qualifications_du_tournoi_masculin_de_rugby_à_sept_aux_Jeux_olympiques_d'été_de_2020
Qualifications_du_tournoi_masculin_de_water-polo_aux_Jeux_olympiques_d'été_de_2012
Qualifications_européennes_du_championnat_du_monde_de_volley-ball_masculin_2018
Qualifications_européennes_du_championnat_du_monde_masculin_de_volley-ball_2018
Qualifications_européennes_pour_la_Coupe_du_monde_féminine_T20_2021_de_l'ICC
Qualifications_nobles_sous_l'Ancien_Régime_(France)
Qualifications_nord-americaines_pour_la_Coupe_du_monde_de_football_des_moins_de_20_ans_2007
Qualifications_nord-américaines_pour_la_Coupe_du_monde_de_football_des_moins_de_20_ans_2007
Qualifications_nord-américaines_pour_la_coupe_du_monde_de_football_des_moins_de_20_ans_2007
Qualifications_play-off_Asie/Pacifique_pour_la_Coupe_du_monde_de_rugby_à_XV_2023
Qualifications_pour_la_Coupe_du_Monde_2010_Zone_Afrique
Qualifications_pour_la_Coupe_du_Monde_2010_Zone_Afrique_-_Groupe_1
Qualifications_pour_la_Coupe_du_Monde_2010_Zone_Afrique_/_CAN_2010
Qualifications_pour_la_Coupe_du_Monde_2010_Zone_Amerique_du_Sud
Qualifications_pour_la_Coupe_du_Monde_2010_Zone_Amérique_du_Sud
Qualifications_pour_la_Coupe_du_monde_2010_Zone_Amérique_du_Sud
Qualifications_pour_la_Coupe_du_monde_de_beach_soccer_2007
Qualifications_pour_la_Coupe_du_monde_de_football_de_2006
Qualifications_pour_la_Coupe_du_monde_de_football_de_2010
Qualifications_pour_la_Coupe_du_monde_de_football_de_plage_de_2007
Qualifications_pour_la_Coupe_du_monde_de_futsal_de_1992
Qualifications_pour_la_Coupe_du_monde_de_futsal_de_1996
Qualifications_pour_la_Coupe_du_monde_de_futsal_de_2000
Qualifications_pour_la_Coupe_du_monde_de_futsal_de_2004
Qualifications_pour_la_Coupe_du_monde_de_futsal_de_2020
Qualifications_pour_la_Coupe_du_monde_de_futsal_de_2020_:_zone_Europe
Qualifications_pour_la_Coupe_du_monde_de_futsal_de_2021
Qualifications_pour_la_Coupe_du_monde_de_futsal_de_2021_:_zone_Europe
Qualifications_pour_la_Coupe_du_monde_de_rugby_a_XV_de_1999
Qualifications_pour_la_Coupe_du_monde_de_rugby_a_XV_de_2003
Qualifications_pour_la_Coupe_du_monde_de_rugby_à_XIII_de_2008
Qualifications_pour_la_Coupe_du_monde_de_rugby_à_XV_1991
Qualifications_pour_la_Coupe_du_monde_de_rugby_à_XV_1995
Qualifications_pour_la_Coupe_du_monde_de_rugby_à_XV_1999
Qualifications_pour_la_Coupe_du_monde_de_rugby_à_XV_2003
Qualifications_pour_la_Coupe_du_monde_de_rugby_à_XV_2007
Qualifications_pour_la_Coupe_du_monde_de_rugby_à_XV_2011
Qualifications_pour_la_Coupe_du_monde_de_rugby_à_XV_2015
Qualifications_pour_la_Coupe_du_monde_de_rugby_à_XV_2019
Qualifications_pour_la_Coupe_du_monde_de_rugby_à_XV_2023
Qualifications_pour_la_Coupe_du_monde_de_rugby_à_XV_de_1999
Qualifications_pour_la_Coupe_du_monde_de_rugby_à_XV_de_2003
Qualifications_pour_la_Coupe_du_monde_de_rugby_à_XV_de_2007
Qualifications_pour_la_Coupe_du_monde_de_rugby_à_XV_de_2011
Qualifications_pour_la_Coupe_du_monde_de_rugby_à_XV_féminin_2014
Qualifications_pour_la_Coupe_du_monde_de_rugby_à_XV_féminin_2017
Qualifications_pour_la_Coupe_du_monde_de_rugby_à_sept_2013
Qualifications_pour_la_Coupe_du_monde_de_rugby_à_sept_2018
Qualifications_pour_la_Coupe_du_monde_féminine_de_rugby_à_XV_2014
Qualifications_pour_la_Coupe_du_monde_féminine_de_rugby_à_XV_2017
Qualifications_pour_la_Coupe_du_monde_rugby_à_XV_de_2003
Qualifications_pour_la_coupe_du_monde_de_football_de_2010
Qualifications_pour_la_coupe_du_monde_de_football_de_plage_de_2007
Qualifications_pour_la_coupe_du_monde_de_hockey_sur_gazon_2010
Qualifications_pour_la_coupe_du_monde_de_rugby_à_XIII_2013
Qualifications_pour_la_coupe_du_monde_de_rugby_à_XIII_2017
Qualifications_pour_la_coupe_du_monde_de_rugby_à_XIII_2021
Qualifications_pour_la_coupe_du_monde_de_rugby_à_XV_1991
Qualifications_pour_la_coupe_du_monde_de_rugby_à_XV_1995
Qualifications_pour_la_coupe_du_monde_de_rugby_à_XV_1999
Qualifications_pour_la_coupe_du_monde_de_rugby_à_XV_2003
Qualifications_pour_la_coupe_du_monde_de_rugby_à_XV_2003_:_Zone_Afrique
Qualifications_pour_la_coupe_du_monde_de_rugby_à_XV_2007
Qualifications_pour_la_coupe_du_monde_de_rugby_à_XV_2011
Qualifications_pour_la_coupe_du_monde_de_rugby_à_XV_2015
Qualifications_pour_la_coupe_du_monde_de_rugby_à_sept_2013
Qualifications_pour_la_coupe_du_monde_de_rugby_à_xv_de_1999
Qualifications_pour_la_coupe_du_monde_de_rugby_à_xv_de_2003
Qualifications_pour_le_Championnat_d'Europe_de_baseball_2012
Qualifications_pour_le_Championnat_d'Europe_de_basket-ball_2009
Qualifications_pour_le_Championnat_d'Europe_de_futsal_2022
Qualifications_pour_le_Championnat_d'Europe_de_water-polo_masculin_2006
Qualifications_pour_le_Championnat_d'Europe_de_water-polo_masculin_2018
Qualifications_pour_le_Championnat_d'Europe_masculin_de_water-polo_2006
Qualifications_pour_le_Championnat_d'Europe_masculin_de_water-polo_2018
Qualifications_pour_le_Championnat_du_monde_de_basket-ball_masculin_2010
Qualifications_pour_le_championnat_d'Europe_de_basket-ball_2009
Qualifications_pour_le_tournoi_féminin_de_beach-volley_aux_Jeux_olympiques_d'été_de_2012
Qualifications_pour_le_tournoi_féminin_de_beach-volley_aux_Jeux_olympiques_d'été_de_2012/Classement_mondial
Qualifications_pour_le_tournoi_féminin_de_beach_volley_aux_Jeux_olympiques_d'été_de_2012/Classement_mondial
Qualifications_pour_le_tournoi_féminin_de_volley-ball_(indoor)_aux_Jeux_olympiques_d'été_de_2012
Qualifications_pour_le_tournoi_féminin_de_volley-ball_(indoor)_aux_Jeux_olympiques_d'été_de_2012/Afrique
Qualifications_pour_le_tournoi_féminin_de_volley-ball_(indoor)_aux_Jeux_olympiques_d'été_de_2012/Amérique_du_Nord
Qualifications_pour_le_tournoi_féminin_de_volley-ball_(indoor)_aux_Jeux_olympiques_d'été_de_2012/Amérique_du_Sud
Qualifications_pour_le_tournoi_féminin_de_volley-ball_(indoor)_aux_Jeux_olympiques_d'été_de_2012/Asie
Qualifications_pour_le_tournoi_féminin_de_volley-ball_(indoor)_aux_Jeux_olympiques_d'été_de_2012/Europe
Qualifications_pour_le_tournoi_féminin_de_volley-ball_(indoor)_aux_Jeux_olympiques_d'été_de_2012/International
Qualifications_pour_le_tournoi_féminin_de_volley-ball_aux_Jeux_olympiques_d'été_de_2012/Afrique
Qualifications_pour_le_tournoi_masculin_de_beach-volley_aux_Jeux_olympiques_d'été_de_2012
Qualifications_pour_le_tournoi_masculin_de_beach-volley_aux_Jeux_olympiques_d'été_de_2012/Classement_mondial
Qualifications_pour_le_tournoi_masculin_de_beach_volley_aux_Jeux_olympiques_d'été_de_2012
Qualifications_pour_le_tournoi_masculin_de_beach_volley_aux_Jeux_olympiques_d'été_de_2012/Classement_mondial
Qualifications_pour_le_tournoi_masculin_de_volley-ball_(indoor)_aux_Jeux_olympiques_d'été_de_2012
Qualifications_pour_le_tournoi_masculin_de_volley-ball_(indoor)_aux_Jeux_olympiques_d'été_de_2012/Afrique
Qualifications_pour_le_tournoi_masculin_de_volley-ball_(indoor)_aux_Jeux_olympiques_d'été_de_2012/Amérique_du_Nord
Qualifications_pour_le_tournoi_masculin_de_volley-ball_(indoor)_aux_Jeux_olympiques_d'été_de_2012/Amérique_du_Sud
Qualifications_pour_le_tournoi_masculin_de_volley-ball_(indoor)_aux_Jeux_olympiques_d'été_de_2012/Asie
Qualifications_pour_le_tournoi_masculin_de_volley-ball_(indoor)_aux_Jeux_olympiques_d'été_de_2012/Europe
Qualifications_pour_le_tournoi_masculin_de_volley-ball_(indoor)_aux_Jeux_olympiques_d'été_de_2012/International
Qualifications_pour_le_tournoi_masculin_de_volley-ball_aux_Jeux_olympiques_d'été_de_2012/Afrique
Qualifications_pour_le_tournoi_masculin_de_volley-ball_aux_Jeux_olympiques_d'été_de_2012/Amérique_du_Nord
Qualifications_pour_le_tournoi_masculin_de_volley-ball_aux_Jeux_olympiques_d'été_de_2012/Amérique_du_Sud
Qualifications_pour_le_tournoi_masculin_de_volley-ball_aux_Jeux_olympiques_d'été_de_2012/Europe
Qualifications_pour_le_tournoi_masculin_de_volley-ball_aux_Jeux_olympiques_d'été_de_2012/International
Qualifications_pour_les_épreuves_d'aviron_aux_Jeux_olympiques_d'été_de_2016
Qualifications_pour_les_épreuves_de_cyclisme_aux_Jeux_olympiques_d'été_de_2012
Qualifications_pour_les_épreuves_de_cyclisme_aux_Jeux_olympiques_d'été_de_2016
Qualifications_à_la_Coupe_caribéenne_des_nations_2014
Qualifications_à_la_Coupe_d'Afrique_des_Nations_de_football_1970
Qualifications_à_la_Coupe_d'Afrique_des_Nations_de_football_1972
Qualifications_à_la_Coupe_d'Afrique_des_Nations_de_football_1974
Qualifications_à_la_Coupe_d'Afrique_des_Nations_de_football_1976
Qualifications_à_la_Coupe_d'Afrique_des_Nations_de_football_1980
Qualifications_à_la_Coupe_d'Afrique_des_Nations_de_football_1996
Qualifications_à_la_Coupe_d'Afrique_des_Nations_de_football_1998
Qualifications_à_la_Coupe_d'Afrique_des_Nations_de_football_2000
Qualifications_à_la_Coupe_d'Afrique_des_Nations_de_football_2004
Qualifications_à_la_Coupe_d'Afrique_des_nations_de_football_1962
Qualifications_à_la_Coupe_d'Afrique_des_nations_de_football_1963
Qualifications_à_la_Coupe_d'Afrique_des_nations_de_football_1965
Qualifications_à_la_Coupe_d'Afrique_des_nations_de_football_1968
Qualifications_à_la_Coupe_d'Afrique_des_nations_de_football_1970
Qualifications_à_la_Coupe_d'Afrique_des_nations_de_football_1972
Qualifications_à_la_Coupe_d'Afrique_des_nations_de_football_1974
Qualifications_à_la_Coupe_d'Afrique_des_nations_de_football_1976
Qualifications_à_la_Coupe_d'Afrique_des_nations_de_football_1978
Qualifications_à_la_Coupe_d'Afrique_des_nations_de_football_1980
Qualifications_à_la_Coupe_d'Afrique_des_nations_de_football_1982
Qualifications_à_la_Coupe_d'Afrique_des_nations_de_football_1984
Qualifications_à_la_Coupe_d'Afrique_des_nations_de_football_1986
Qualifications_à_la_Coupe_d'Afrique_des_nations_de_football_1988
Qualifications_à_la_Coupe_d'Afrique_des_nations_de_football_1990
Qualifications_à_la_Coupe_d'Afrique_des_nations_de_football_1992
Qualifications_à_la_Coupe_d'Afrique_des_nations_de_football_1994
Qualifications_à_la_Coupe_d'Afrique_des_nations_de_football_1996
Qualifications_à_la_Coupe_d'Afrique_des_nations_de_football_1998
Qualifications_à_la_Coupe_d'Afrique_des_nations_de_football_2000
Qualifications_à_la_Coupe_d'Afrique_des_nations_de_football_2002
Qualifications_à_la_Coupe_d'Afrique_des_nations_de_football_2004
Qualifications_à_la_Coupe_d'Afrique_des_nations_de_football_2008
Qualifications_à_la_Coupe_d'Afrique_des_nations_de_football_2012
Qualifications_à_la_Coupe_d'Afrique_des_nations_de_football_2012,_groupe_A
Qualifications_à_la_Coupe_d'Afrique_des_nations_de_football_2012,_groupe_B
Qualifications_à_la_Coupe_d'Afrique_des_nations_de_football_2012,_groupe_C
Qualifications_à_la_Coupe_d'Afrique_des_nations_de_football_2012,_groupe_D
Qualifications_à_la_Coupe_d'Afrique_des_nations_de_football_2012,_groupe_E
Qualifications_à_la_Coupe_d'Afrique_des_nations_de_football_2012,_groupe_F
Qualifications_à_la_Coupe_d'Afrique_des_nations_de_football_2012,_groupe_G
Qualifications_à_la_Coupe_d'Afrique_des_nations_de_football_2012,_groupe_H
Qualifications_à_la_Coupe_d'Afrique_des_nations_de_football_2012,_groupe_I
Qualifications_à_la_Coupe_d'Afrique_des_nations_de_football_2012,_groupe_J
Qualifications_à_la_Coupe_d'Afrique_des_nations_de_football_2012,_groupe_K
Qualifications_à_la_Coupe_d'Afrique_des_nations_de_football_2013
Qualifications_à_la_Coupe_d'Afrique_des_nations_de_football_2015
Qualifications_à_la_Coupe_d'Afrique_des_nations_de_football_2015,_groupe_B
Qualifications_à_la_Coupe_d'Afrique_des_nations_de_football_2017
Qualifications_à_la_Coupe_d'Afrique_des_nations_de_football_2017,_groupe_B
Qualifications_à_la_Coupe_d'Afrique_des_nations_de_football_2017,_groupe_F
Qualifications_à_la_Coupe_d'Afrique_des_nations_de_football_2017,_groupe_J
Qualifications_à_la_Coupe_d'Afrique_des_nations_de_football_2019
Qualifications_à_la_Coupe_d'Afrique_des_nations_de_football_2019,_groupe_A
Qualifications_à_la_Coupe_d'Afrique_des_nations_de_football_2019,_groupe_B
Qualifications_à_la_Coupe_d'Afrique_des_nations_de_football_2019,_groupe_C
Qualifications_à_la_Coupe_d'Afrique_des_nations_de_football_2019,_groupe_D
Qualifications_à_la_Coupe_d'Afrique_des_nations_de_football_2019,_groupe_E
Qualifications_à_la_Coupe_d'Afrique_des_nations_de_football_2019,_groupe_F
Qualifications_à_la_Coupe_d'Afrique_des_nations_de_football_2019,_groupe_G
Qualifications_à_la_Coupe_d'Afrique_des_nations_de_football_2019,_groupe_H
Qualifications_à_la_Coupe_d'Afrique_des_nations_de_football_2019,_groupe_I
Qualifications_à_la_Coupe_d'Afrique_des_nations_de_football_2019,_groupe_J
Qualifications_à_la_Coupe_d'Afrique_des_nations_de_football_2019,_groupe_K
Qualifications_à_la_Coupe_d'Afrique_des_nations_de_football_2019,_groupe_L
Qualifications_à_la_Coupe_d'Afrique_des_nations_de_football_2021
Qualifications_à_la_Coupe_d'Afrique_des_nations_de_football_2022
Qualifications_à_la_Coupe_d'Afrique_des_nations_féminine_de_football_2018
Qualifications_à_la_Coupe_d'Afrique_des_nations_féminine_de_football_2020
Qualifications_à_la_Coupe_d'Afrique_des_nations_féminine_de_football_2022
Qualifications_à_la_Coupe_d'Europe_de_baseball_A_2014
Qualifications_à_la_coupe_d'afrique_des_nations_de_football_1965
Qualifications_à_la_coupe_d'afrique_des_nations_de_football_1968
Qualifications_à_la_coupe_d'afrique_des_nations_de_football_1970
Qualifications_à_la_coupe_d'afrique_des_nations_de_football_1972
Qualifications_à_la_coupe_d'afrique_des_nations_de_football_1974
Qualifications_à_la_coupe_d'afrique_des_nations_de_football_1976
Qualifications_à_la_coupe_d'afrique_des_nations_de_football_1978
Qualifications_à_la_coupe_d'afrique_des_nations_de_football_1980
Qualifications_à_la_coupe_d'afrique_des_nations_de_football_2004
Qualifications_à_la_coupe_d'afrique_des_nations_de_football_2008
Qualifying_Industrial_Zone
Qualigaz
Qualiméditerranée
Qualimétrie
Qualipac_Aurillac_(ex_Auriplast)
Qualis_artifex_pereo
Qualisol
Qualista
Qualitatif
Qualitative
Qualite
Qualite_de_l'air_au_travail
Qualite_de_l'eau
Qualite_de_reception_en_television_terrestre
Qualite_de_vie
Qualite_des_donnees
Qualite_des_microbilles_de_verre_pour_marquages_routiers
Qualite_des_systemes_informatiques
Qualite_du_miroir_d'un_telescope
Qualite_environnementale
Qualite_metrologique_des_appareils_de_mesure
Qualite_pour_agir
Qualite_sanitaire_de_la_nourriture
Qualite_totale
Qualiticien
Quality
Quality_(Talib_Kweli_album)
Quality_(album_de_Talib_Kweli)
Quality_(talib_kweli_album)
Quality_Adjusted_Life_Year
Quality_Cafe
Quality_Cafe_(club_de_jazz)
Quality_Cafe_(restaurant)
Quality_Comics
Quality_Control
Quality_Control_(album_de_Jurassic_5)
Quality_Control_Music
Quality_Distributors
Quality_Street
Quality_Street_(album)
Quality_Street_(confiserie)
Quality_Street_(film,_1927)
Quality_of_experience
Qualité
Qualité,_hygiène,_sécurité,_environnement
Qualité,_sécurité,_environnement
Qualité-Sécurité-Environnement
Qualité-prix
Qualité-sécurité-environnement
Qualité_(homonymie)
Qualité_(philosophie)
Qualité_(échecs)
Qualité_Motel
Qualité_Tourisme
Qualité_d'Expérience
Qualité_d'expérience
Qualité_de_Service
Qualité_de_l'air
Qualité_de_l'air_au_travail
Qualité_de_l'air_intérieur
Qualité_de_l'ajustement
Qualité_de_l'eau
Qualité_de_l'information
Qualité_de_la_science_française
Qualité_de_la_vie
Qualité_de_l’air_intérieur
Qualité_de_réception_en_télévision_terrestre
Qualité_de_service
Qualité_de_vie
Qualité_de_vie_au_travail
Qualité_des_données
Qualité_des_eaux
Qualité_des_eaux_de_baignade
Qualité_des_logiciels
Qualité_des_microbilles_de_verre_pour_marquage_routier
Qualité_des_microbilles_de_verre_pour_marquages_routiers
Qualité_des_miroirs_(astronomie)
Qualité_des_mirroirs_(astronomie)
Qualité_des_sols
Qualité_des_systèmes_informatiques
Qualité_du_miroir_d'un_télescope
Qualité_du_sperme
Qualité_en_entreprise
Qualité_environnementale
Qualité_fournisseur
Qualité_française
Qualité_logicielle
Qualité_métrologique_d'un_appareil_de_mesure
Qualité_métrologique_des_appareils_de_mesure
Qualité_nutritionnelle
Qualité_optique
Qualité_perceptuelle_d'images
Qualité_perçue
Qualité_physicochimique
Qualité_pour_agir
Qualité_sanitaire_de_l'air_intérieur
Qualité_sanitaire_de_la_nourriture
Qualité_totale
Qualité_à_agir
Qualités
Qualités_d'un_logiciel
Qualités_de_matériau_disponibles
Qualship21
Qualship_21
Qualtingers_Wien
Qualtrics
Qualunquismo
Quam_oblationem
Quamba
Quamoclit_cardinal
Quamoclit_×multifida
Quamoclit_×sloteri
Quamrul_Hassan
Quamtana
Quamtana_molimo
Quan
Quan-Zhi_Ye
Quan_(rappeur)
Quan_Am
Quan_Chi
Quan_Cosby
Quan_Hongchan
Quan_H?
Quan_The_Am
Quan_The_Am_Bo_Tat
Quan_Zhi_Gao_Shou
Quan_h?
Quan_qi_do
Quan_Âm_de_Sơn_Trà
Quanah
Quanah,_Acme_and_Pacific_Railway
Quanah_Parker
Quanan_Wang
Quanat
Quand,_comment_et_avec_qui_?
Quand_Alice_rencontre_Alice
Quand_Angèle_fut_seule
Quand_Biron_voulut_danser
Quand_Chuck_rencontre_Larry
Quand_Dieu_ricane
Quand_Dieu_ricane_(nouvelle)
Quand_Harriet_découpe_Charlie
Quand_Harriet_découpe_Charlie_!
Quand_Harry_rencontre_Sally
Quand_Harry_rencontre_Sally...
Quand_Hitler_s'empara_du_lapin_rose
Quand_Hitler_s'empara_du_lapin_rose_(film)
Quand_Joseph_revient
Quand_Justin_rencontre_Kelly
Quand_Madelon...
Quand_Nous_nous_réveillerons_d'entre_les_morts_(Ibsen)
Quand_Nous_étions_révolutionnaires
Quand_Satana_emploigne_le_colt
Quand_Satana_empoigne_le_colt
Quand_Sisyphe_se_révolte
Quand_Spike_s'en_mêle
Quand_Takagi_me_taquine
Quand_Ulysse_revient_à_Trieste
Quand_Vient_la_Peur
Quand_angèle_fut_seule
Quand_arrive_septembre
Quand_c'est?
Quand_c'est_?
Quand_c'est_bon_?..._Il_n'y_a_pas_meilleur_!
Quand_c'est_bon_?…_Il_n'y_a_pas_meilleur_!
Quand_c'est_parti,_c'est_parti
Quand_dire,_c'est_faire
Quand_elle_était_gentille
Quand_est-ce_qu'on_arrête_?
Quand_explose_la_dernière_grenade
Quand_faut_y_aller,_faut_y_aller
Quand_flambait_le_bocage
Quand_fleurit_la_fougère
Quand_gronde_la_colère
Quand_harry_rencontre_sally
Quand_il_faut_y_aller,_il_faut_y_aller
Quand_il_pète_il_troue_son_slip
Quand_ils_sont_venus_chercher
Quand_ils_sont_venus_chercher...
Quand_j'aurai_80...
Quand_j'aurai_80…
Quand_j'avais_5_ans_je_m'ai_tué
Quand_j'avais_cinq_ans_je_m'ai_tue
Quand_j'avais_cinq_ans_je_m'ai_tué
Quand_j'avais_cinq_ans_je_m'ai_tué_(film)
Quand_j'etais_chanteur
Quand_j'serai_K.O.
Quand_j'srai_grand
Quand_j'étais_capitaine
Quand_j'étais_chanteur
Quand_j'étais_chanteur_(album)
Quand_j'étais_chanteur_(chanson)
Quand_j'étais_chanteur_(film)
Quand_j'étais_chanteur_(homonymie)
Quand_j'étais_mort
Quand_j'étais_vieux
Quand_j'étais_vieux_(Simenon)
Quand_je_deviendrai_un_géant
Quand_je_n'aime_plus_je_m'en_vais
Quand_je_ne_chante_pas
Quand_je_pense_que_Beethoven_est_mort_alors_que_tant_de_crétins_vivent
Quand_je_serai_K.O.
Quand_je_serai_grande_je_te_tuerai
Quand_je_serai_jeune
Quand_je_serai_mort_et_livide
Quand_je_serai_parti..._vous_vivrez_encore
Quand_je_serai_petit
Quand_je_serai_star
Quand_je_t'aime_(chanson)
Quand_je_te_rêve
Quand_je_vois_le_soleil
Quand_je_vois_tes_yeux
Quand_jouons-nous_la_comédie_?
Quand_j’avais_cinq_ans_je_m’ai_tué
Quand_jՎtais_chanteur
Quand_jՎtais_mort
Quand_l'Italie_n'etait_pas_un_pays_pauvre
Quand_l'Italie_n'était_pas_un_pays_pauvre
Quand_l'amour_appelle
Quand_l'amour_manœuvre
Quand_l'amour_ne_suffit_plus_:_L'Histoire_de_Lois_Wilson
Quand_l'amour_s'emmêle
Quand_l'amour_se_creuse_un_trou
Quand_l'auto-virus_met_cap_au_nord
Quand_l'embryon_part_braconner
Quand_l'esprit_vient_aux_femmes
Quand_l'heure_de_la_vengeance_sonnera
Quand_l'histoire_fait_dates
Quand_l'inspecteur_s'emmêle
Quand_l'italie_n'était_pas_un_pays_pauvre
Quand_l'ombre_se_détache_du_sol
Quand_l'ouragan_s'apaise
Quand_l'Éternité
Quand_l'éternité...
Quand_la_Chine_s'éveillera…_le_monde_tremblera
Quand_la_Panthère_rose_s'emmêle
Quand_la_Terre_hurla
Quand_la_Terre_s'entrouvrira
Quand_la_beauté_fait_mal
Quand_la_bouteille_est_vide
Quand_la_chair_est_faible
Quand_la_chair_succombe
Quand_la_chair_succombe_(film,_1927)
Quand_la_chair_succombe_(film,_1962)
Quand_la_colère_éclate
Quand_la_femme_est_Roi
Quand_la_femme_s'en_mele
Quand_la_femme_s'en_mêle
Quand_la_flotte_atterrit
Quand_la_guerre_a_commencé
Quand_la_guerre_sera_loin
Quand_la_marabunta_gronde
Quand_la_mer_monte
Quand_la_mer_monte...
Quand_la_mer_monte…
Quand_la_mer_se_retire
Quand_la_musique_du_village_joue
Quand_la_musique_est_bonne
Quand_la_nuit_tombe
Quand_la_nuit_tombe_(album)
Quand_la_nuit_tombe_(version_Maureen_Birnbaum)
Quand_la_panthère_rose_s'emmêle
Quand_la_panthère_rose_s'en_mèle
Quand_la_poudre_parle
Quand_la_rivière_devient_noire
Quand_la_terre_s'entrouvrira
Quand_la_vie_est_Rose
Quand_la_vie_vous_donne_des_citrons,_faites_de_la_citronnade
Quand_la_ville_dort
Quand_la_ville_dort_(film)
Quand_la_ville_dort_(roman)
Quand_la_ville_s'éveille
Quand_la_ville_s'éveille_(film)
Quand_le_Diable_s'en_mêle
Quand_le_Japon_s'ouvrit_au_monde
Quand_le_Japon_s'ouvrit_au_monde_:_sur_les_traces_d'Émile_Guimet
Quand_le_Japon_s'ouvrit_au_monde_:_Émile_Guimet_et_les_arts_d'Asie
Quand_le_Japon_s’ouvrit_au_monde
Quand_le_clairon_sonnera
Quand_le_coeur_attend…
Quand_le_cœur_attend…
Quand_le_cœur_chante
Quand_le_danger_rôde
Quand_le_diable_s'en_mêle
Quand_le_dormeur_s'éveillera
Quand_le_film_est_triste
Quand_le_jour_viendra
Quand_le_lion_a_faim
Quand_le_marabunta_gronde
Quand_le_masque_tombe
Quand_le_monde_était_jeune
Quand_le_rideau_se_leve
Quand_le_rideau_se_lève
Quand_le_rideau_tombe
Quand_le_serpent_avait_mille_pattes_et_autres_histoires_farabuleuses
Quand_le_soleil_dit_bonjour_aux_montagnes
Quand_le_soleil_était_chaud
Quand_le_temps_travaillait_pour_nous
Quand_le_vin_est_tiré
Quand_les_Jetson_rencontrent_les_Pierrafeu
Quand_les_Maures_régnaient_en_Europe
Quand_les_aigles_attaquent
Quand_les_arbres_étaient_grands
Quand_les_attitudes_deviennent_forme
Quand_les_chiens_sont_lâchés
Quand_les_colts_fument..._on_l'appelle_Cimetière
Quand_les_colts_fument...on_l'appelle_Cimetière
Quand_les_cons_sont_braves
Quand_les_dinosaures_dominaient_le_monde
Quand_les_elfes_danseront
Quand_les_femmes_avaient_une_queue
Quand_les_femmes_ont_pris_la_colère
Quand_les_femmes_perdirent_leur_queue
Quand_les_femmes_s'en_mêlent
Quand_les_feuilles_tombent
Quand_les_feuilles_tomberont
Quand_les_filles_se_déchaînent
Quand_les_hommes_vivront_d'amour
Quand_les_hommes_vivront_d'amour_(album)
Quand_les_jumelles_s'emmêlent
Quand_les_méchants_sont_des_stars_chez_Disney
Quand_les_poules_auront_des_dents
Quand_les_poules_rentrent_au_bercail
Quand_les_profs_s'envolent
Quand_les_sirenes_se_taisent
Quand_les_sirènes_se_taisent
Quand_les_tambours_s'arrêteront
Quand_les_tenebres_viendront
Quand_les_ténèbres_viendront
Quand_les_ténèbres_viendront_(nouvelle)
Quand_les_étoiles_rencontrent_la_mer
Quand_les_étoiles_étaient_rouges
Quand_l’amour_manœuvre
Quand_l’embryon_part_braconner
Quand_m'aimera-t-on
Quand_m'aimera-t-on_?
Quand_ma_vie_bascule
Quand_minuit_sonnera
Quand_mourut_Jonathan
Quand_même_!
Quand_naîtra_le_jour
Quand_nos_Aïeux_brisèrent_leurs_entraves
Quand_notre_monde_est_devenu_chrétien
Quand_notre_monde_est_devenu_chrétien_(312-394)
Quand_notre_monde_est_devenu_chrétien_(312_-_394)
Quand_nous_nous_reverrons...
Quand_nous_nous_réveillerons_d'entre_le_morts
Quand_nous_nous_réveillerons_d'entre_les_morts
Quand_nous_nous_réveillerons_d'entre_les_morts_(Ibsen)
Quand_nous_serons_a_la_Manouan
Quand_nous_serons_à_la_Manouan
Quand_nous_serons_à_la_manouan
Quand_nous_étions_deux
Quand_nous_étions_petits_enfants
Quand_nous_étions_révolutionnaires
Quand_nous_étions_sorcières
Quand_on_a_17_ans
Quand_on_a_dix-sept_ans
Quand_on_a_vingt_ans
Quand_on_aime_on_a_toujours_vingt_ans
Quand_on_arrive_en_ville
Quand_on_crie_au_loup
Quand_on_est_belle
Quand_on_est_deux
Quand_on_est_ensemble
Quand_on_n'a_que_l'amour
Quand_on_n'a_que_l'amour_(album)
Quand_on_n'a_que_l'amour_(chanson)
Quand_on_n’a_plus_rien_à_perdre
Quand_on_prie_la_bonne_étoile
Quand_on_refuse_on_dit_non
Quand_on_revient_d'ailleurs
Quand_on_se_promène_au_bord_de_l'eau
Quand_on_sera_grand
Quand_papa_reviendra
Quand_papa_était_femme_de_ménage
Quand_parle_la_poudre
Quand_passent_les_cigognes
Quand_passent_les_faisans
Quand_pousse_le_bitume
Quand_prime_le_spirituel
Quand_quatre_font_la_même_chose
Quand_refleuriront_les_lilas_blancs
Quand_revient_la_nuit
Quand_se_lève_la_lune
Quand_siffle_la_dernière_balle
Quand_sifflent_les_Serpents
Quand_sifflent_les_serpents
Quand_sonnera_midi
Quand_sort_la_recluse
Quand_sort_la_recluse_(téléfilm)
Quand_souffle_le_vent
Quand_souffle_le_vent_(film)
Quand_souffle_le_vent_du_nord
Quand_te_maries-tu_?
Quand_te_tues-tu
Quand_te_tues-tu?
Quand_te_tues-tu_?
Quand_te_tues-tu_?_(film,_1931)
Quand_tombe_la_nuit
Quand_tombent_les_masques
Quand_tu_chantes
Quand_tu_descendras_du_ciel
Quand_tu_disais_Valéry
Quand_tu_liras_cette_lettre
Quand_tu_me_reviendras
Quand_tu_me_souris
Quand_tu_nous_tiens
Quand_tu_nous_tiens,_amour
Quand_tu_reviendras
Quand_tu_seras_debloque,_fais-moi_signe!
Quand_tu_seras_débloqué,_fais-moi_signe
Quand_tu_seras_débloqué,_fais-moi_signe!
Quand_tu_seras_débloqué,_fais-moi_signe_!
Quand_tu_serres_mon_corps
Quand_tu_t'en_iras
Quand_un_ange_passe
Quand_un_fils_nous_est_donné
Quand_un_homme_se_souvient
Quand_un_roi_perd_la_France
Quand_un_soldat
Quand_une_femme_monte_l'escalier
Quand_viendra-t-elle_?
Quand_viendra_l'aurore
Quand_vient_l'amour
Quand_vient_l'hiver
Quand_vient_la_fin_de_l'été
Quand_vient_la_nuit
Quand_vient_la_nuit_(X-Files)
Quand_vient_la_nuit_(film)
Quand_vient_la_peur
Quand_vient_la_peur...
Quand_vient_le_froid
Quand_vous_lirez_ce_livre
Quand_à_Tokyo_un_papillon_bat_des_ailes
Quandary_Peak
Quandela
Quando,_Quando,_Quando
Quando,_quando,_quando
Quando_Alice_ruppe_lo_specchio
Quando_Quando_Quando
Quando_as_Luzes_das_Marquises_se_Apagam
Quando_la_coppia_scoppia
Quando_le_donne_si_chiamavano_madonne
Quando_m'innamoro
Quando_me'n_vo
Quando_me'n_vo'
Quando_me_n'vo
Quando_men_vo
Quando_m’innamoro
Quando_nasce_un_nuovo_amore
Quando_o_Carnaval_Chegar
Quando_quando_quando
Quando_sei_nato_non_puoi_più_nasconderti
Quandong
Quandt
Quanera_Hayes
Quanesha_Burks
Quanfa
Quang-Tchéou-Wan
Quang-Tri
Quang_Binh
Quang_Dũng
Quang_Liem_Le
Quang_Nam
Quang_Nam_Da_Nang
Quang_Ngai
Quang_Ninh
Quang_Trach
Quang_Tri
Quang_Tri-Dà_Nang
Quang_Trung
Quangang
Quango
Quanitra_Hollingsworth
Quanitta_Underwood
Quanjiao
Quannan
Quannum_Spectrum
Quanoun
Quanrong
Quansah
Quanshan
Quant
QuantZ
Quanta
Quanta+
Quanta_Computer
Quanta_Computers
Quanta_Cura
Quanta_Cura_(Pie_IX)
Quanta_Magazine
Quanta_Plus
Quanta_computer
Quanta_cura
Quanta_cura_(Pie_IX)
Quanta_magazine
Quanta_plus
Quantalys
Quantas
Quante_volte..._quella_notte
Quantez
Quantez_Robertson
QuantiFERON
Quantic
QuanticPotentialMeasurement
Quantic_(entreprise)
Quantic_(société)
Quantic_Dream
Quantic_Potential_Measurement
Quantico
Quantico_(série_télévisée)
Quantieme_perpetuel
Quantiferon
Quantificateur
Quantificateur_(grammaire)
Quantificateur_(logique)
Quantificateur_existentiel
Quantificateur_existentiel_unique
Quantificateur_universel
Quantificateurs_existentiels
Quantification
Quantification_(geometrique)
Quantification_(géométrique)
Quantification_(physique)
Quantification_(signal)
Quantification_canonique
Quantification_de_Landau
Quantification_du_flux
Quantification_existentielle
Quantification_géométrique
Quantification_semi-classique
Quantification_universelle
Quantification_vectorielle
Quantifications_canoniques
Quantified_Self
Quantified_self
Quantifier
Quantile
Quantilly
Quantin
Quantique
Quantique_(formulaire)
Quantiques
Quantitatif
Quantitative
Quantitative_Easing
Quantitative_Economics
Quantitative_Trait_Locus
Quantitative_easing
Quantitative_risk_assesment
Quantitative_structure-activity_relationship
Quantite
Quantite_(phonetique)
Quantite_de_matiere
Quantite_de_mouvement
Quantite_estimee
Quantite_syllabique
Quantite_vocalique
Quantities,_Units_and_Symbols_in_Physical_Chemistry
Quantité
Quantité_(phonétique)
Quantité_Suffisante_Pour
Quantité_catalytique
Quantité_chimique
Quantité_conjuguée
Quantité_conservée
Quantité_consonantique
Quantité_d'accélération
Quantité_de_chaleur
Quantité_de_lumière
Quantité_de_matière
Quantité_de_mouvement
Quantité_de_mouvement_de_Planck
Quantité_estimée
Quantité_maximale_théorique_d'eau_effectivement_disponible
Quantité_physique
Quantité_stœchiométrique
Quantité_suffisante
Quantité_suffisante_pour
Quantité_syllabique
Quantité_vocalique
Quantité_équivalente_toxique
Quantités_massives_des_données
Quantième
Quantième_perpétuel
Quanto_t'amo
Quanto_è_bello_lu_murire_acciso
Quantock_Hills
Quantrill
Quantrill_(Les_Tuniques_bleues)
Quantrill_(bande_dessinée)
Quantum
Quantum(James_Bond)
Quantum::Superpositions
Quantum_(James_Bond)
Quantum_(homonymie)
Quantum_(roman)
Quantum_2
Quantum_Air
Quantum_Apocalypse
Quantum_Blue
Quantum_Break
Quantum_Cascade_Laser
Quantum_Conundrum
Quantum_Corp
Quantum_Corporation
Quantum_Experiments_at_Space_Scale
Quantum_Fighter
Quantum_GIS
Quantum_Jump
Quantum_Leap
Quantum_Quality_Productions
Quantum_Redshift
Quantum_Rose
Quantum_Satis
Quantum_Theory
Quantum_and_Woody
Quantum_apocalypse
Quantum_break
Quantum_classic
Quantum_d'action
Quantum_d'action_de_Planck
Quantum_d'énergie
Quantum_de_flux_magnétique
Quantum_dot
Quantum_d’action
Quantum_foam
Quantum_mutatus_ab_illo_!
Quantum_of_Solace
Quantum_of_Solace_(bande_originale)
Quantum_of_Solace_(film,_2008)
Quantum_of_Solace_the_game
Quantum_of_the_Seas
Quantum_of_the_Seas_(navire)
Quantum_on_the_Bay
Quantum_satis
Quantum_simulator
Quantuminsert
Quantya
Quantz
Quanxing_Building_B
Quanzhen
Quanzhen_Dao
Quanzhi
Quanzhi_Ye
Quanzhou
Quanzhou_(homonymie)
Quaoar
Quaoar_(mythologie)
Quaoar_I
Quaoar_I_Weywot
Quapaw
Quapaw_(langue)
Quapaws
Quaq_quao
Quaqtaq
Quaqtaq_(Québec)
Quaqtaq_(homonymie)
Quaqtaq_(terre_reservee_inuit)
Quaqtaq_(terre_réservée_inuit)
Quaqtaq_(terre_réservée_inuite)
Quar
Quarab
Quarai
Quaranjavirus
Quaranjavirus_Quaranfil
Quaranta
Quarantaine
Quarantaine-le-roi
Quarantaine_(Stargate)
Quarantaine_(Stargate_Atlantis)
Quarantaine_(comics)
Quarantaine_(film)
Quarantaine_(homonymie)
Quarantaine_(informatique)
Quarantaine_de_2020_en_Espagne
Quarantaine_de_2020_en_France
Quarantaine_de_2020_en_Italie
Quarantaine_en_2020_en_Italie
Quarantaine_galactique
Quarante
Quarante-Heures
Quarante-cinq
Quarante-cinq_Papas
Quarante-cinq_papas
Quarante-cinq_tours_grande_plage
Quarante-deux
Quarante-deuxième_rue
Quarante-et-un
Quarante-huit
Quarante-huit_Heures_d'amour
Quarante-huit_Heures_par_jour
Quarante-huit_heures_d'amour
Quarante-huitard
Quarante-huitième_district_congressionnel_de_Californie
Quarante-neuf
Quarante-quatre
Quarante-sept
Quarante-sept_r?nin
Quarante-six
Quarante-trois
Quarante_(Herault)
Quarante_(Hérault)
Quarante_(homonymie)
Quarante_H.P
Quarante_Hadiths_de_Ruhollah_Khomeini
Quarante_Heures
Quarante_Tableaux
Quarante_Tueurs
Quarante_carats
Quarante_carats_(film)
Quarante_cinq_tours
Quarante_degrés_à_l'ombre
Quarante_et_un
Quarante_franc_Louis_XVIII
Quarante_francs_Charles_X
Quarante_fusils_manquent_à_l'appel
Quarante_huit_heures_par_jour
Quarante_martyrs
Quarante_martyrs_d'Angleterre_et_de_Galles
Quarante_martyrs_d'angleterre_et_de_galles
Quarante_martyrs_de_Sebaste
Quarante_martyrs_de_Sébaste
Quarante_martyrs_de_Sébaste_(icône)
Quarante_martyrs_de_sébaste
Quarante_martyrs_du_Brésil
Quarante_tueurs
Quaranti
Quarantie
Quarantieme_des_Gaules
Quarantiemes_rugissants
Quarantina_bianca_genovese
Quarantina_prugnona
Quarantine
Quarantine_Blues
Quarantine_Speech
Quarantita
Quarantième
Quarantième_des_Gaules
Quarantième_des_gaules
Quarantièmes_rugissants
Quarantoli
Quaraouiyine
Quararibea_cordata
Quararibea_velutina
Quararibea_yunckeri
Quarashi
Quaraí
Quaraïte
Quarebbe
Quaregna
Quaregnon
Quaremont
Quarengui
Quarentinha
Quareo
Quaresma
Quaresma_(film)
Quaresmeaux
Quargnasca
Quargnento
Quariates
Quaristice
Quaristice.Quadrange.ep.ae
Quark
Quark,_Strangeness_and_Charm
Quark-nova
QuarkXPress
QuarkXpress
Quark_(Star_Trek)
Quark_(Star_Trek,_personnage)
Quark_(entreprise)
Quark_(fromage)
Quark_(homonymie)
Quark_(particule)
Quark_Inc.
Quark_b
Quark_bas
Quark_beau
Quark_beauty
Quark_beauté
Quark_bottom
Quark_c
Quark_charm
Quark_charme
Quark_charmed
Quark_charmé
Quark_d
Quark_down
Quark_haut
Quark_lourd
Quark_léger
Quark_s
Quark_strange
Quark_t
Quark_top
Quark_truth
Quark_u
Quark_up
Quark_vérité
Quark_étrange
Quarkkeulchen
Quarkkäulchen
Quarkonia
Quarkonium
Quarks
Quarks_légers_et_quarks_lourds
Quarkslab
Quarkus
Quarna_Sopra
Quarna_Sotto
Quarnaro
Quarnbek
Quarnstedt
Quarona
Quarouble
Quarraisha_Abdool_Karim
Quarraisha_Karim
Quarrata
Quarre-les-Tombes
Quarrel
Quarren
Quarreux
Quarrier's_Village
Quarriereur
Quarry
Quarry_(Terre-Neuve-et-Labrador)
Quarry_Bank_Mill
Quarry_Bay_(MTR)
Quarry_Bay_(métro_de_Hong_Kong)
Quarry_Township_(comté_de_Jersey,_Illinois)
Quarry_Visitor_Center
Quarry_men
Quarrymen
Quarryville_(Pennsylvanie)
Quarré
Quarré-les-Tombes
Quarré-les-tombes
Quarshie
Quart
Quart-Maroilles
Quart-Monde
Quart-arrière
Quart-de-Commanderie
Quart-de-cercle
Quart-de-ton
Quart-maroilles
Quart-monde
Quart_(Andorre)
Quart_(Catalogne)
Quart_(Espagne)
Quart_(Italie)
Quart_(bouteille)
Quart_(marine)
Quart_(récipient)
Quart_(unite)
Quart_(unité)
Quart_Livre
Quart_arrière
Quart_d'angle_(marine)
Quart_d'heure_académique
Quart_d'heure_de_célébrité
Quart_d'heure_de_gloire
Quart_de_Poblet
Quart_de_cercle
Quart_de_cercle_mobile
Quart_de_franc_Charles_X
Quart_de_franc_Louis_XVIII
Quart_de_les_Valls
Quart_de_livre_avec_fromage
Quart_de_pixel
Quart_de_poblet
Quart_de_pouce
Quart_de_ton
Quart_de_vie
Quart_de_virage_Nord-Ouest
Quart_de_virage_nord-ouest
Quart_denier
Quart_livre
Quart_monde
Quarta
Quarta_Hostilia
Quartage
Quartanier
Quartanier_(sanglier)
Quartannier
Quartaut
Quarte
Quarte_(escrime)
Quarte_(musique)
Quarte_(orgue)
Quarte_diminuée
Quartefeuille
Quarteira
Quartel_Geral
Quartel_Jaime_Mota
Quartell
Quarten
Quartenier
Quartenoud
Quarter
Quarter-horse
Quarter-pipe
Quarter_(pièce_américaine)
Quarter_Eagle
Quarter_Horse
Quarter_Inch_Cartridge
Quarter_Moon_in_a_Ten_Cent_Town
Quarter_Video_Graphics_Array
Quarter_du_District_de_Columbia_et_des_territoires_des_États-Unis
Quarter_eagle
Quarter_horse
Quarter_pixel
Quarter_pony
Quarterback
Quarterback_(Quart-arrière)
Quarterback_(bande_dessinée)
Quarterdeck
Quarterflash
Quartering_Act
Quarterly_Journal
Quarterly_Journal_of_Economics
Quarterly_Journal_of_Political_Science
Quarterly_Journal_of_the_Royal_Meteorological_Society
Quarterly_Review
Quarterly_of_Film,_Radio,_and_Television
Quarterly_of_Film,_Radio_and_Television
Quartermac
Quartermaster_Corps_(United_States_Army)
Quartermaster_Department
Quartermaster_General
Quartermaster_general
Quarternary
Quarteron
Quarterpast
Quarterstick_Records
Quartes
Quartet
Quartet_(Herbie_Hancock)
Quartet_(Reich)
Quartet_(album)
Quartet_(album_d'Herbie_Hancock)
Quartet_(album_d'Ultravox)
Quartet_(album_de_Herbie_Hancock)
Quartet_(film)
Quartet_(film,_1948)
Quartet_(film,_1981)
Quartet_(film,_2012)
Quartet_(informatique)
Quartet_d'Anscombe
Quartet_de_Dave_Brubeck
Quartet_du_dialogue_national
Quartet_du_dialogue_national_(Tunisie)
Quartet_du_dialogue_national_tunisien
Quartet_pour_le_Moyen-Orient
Quartet_pour_le_moyen-orient
Quarteto_1111
Quarteto_Novo
Quarteto_em_Cy
Quartett
Quartette
Quartette_Komitas
Quartette_de_Robert
Quartette_vocal_de_Paris
Quartetto_Cetra
Quartetto_Italiano
Quartetto_di_Cremona
Quartettsatz
Quartettsatz_(Franz_Schubert)
Quarth
Quartidi
Quartier
Quartier-Français
Quartier-Maître_Anquetil
Quartier-Morin
Quartier-d'Orléans
Quartier-general
Quartier-général
Quartier-général_de_la_Défense_nationale
Quartier-général_du_Führer
Quartier-général_du_corps_de_réaction_rapide
Quartier-général_impérial
Quartier-général_impérial_souterrain_de_Matsushiro
Quartier-maitre
Quartier-maitre_général
Quartier-maître
Quartier-maître_chef
Quartier-maître_de_deuxième_classe
Quartier-maître_de_première_classe
Quartier-maître_général
Quartier-maître_général_de_l'United_States_Army
Quartier-maître_général_de_l'armée_des_États-Unis
Quartier_(Budapest)
Quartier_(Turquie)
Quartier_(militaire)
Quartier_(subdivision)
Quartier_(ville)
Quartier_4-2
Quartier_4-3
Quartier_4-5
Quartier_4-6
Quartier_5-1
Quartier_5-2
Quartier_5-4
Quartier_Ahuntsic
Quartier_Albert
Quartier_Albert_1er_(Vannes)
Quartier_Albert_Ier
Quartier_Albert_Ier_(Vannes)
Quartier_Alliés-Alpins
Quartier_Alésia
Quartier_Amédée_Saint-Germain_(Bordeaux)
Quartier_Amérique
Quartier_Anatole_France-Danton
Quartier_Arnaud-Bernard
Quartier_Arnaud-Bernard_(Toulouse)
Quartier_Arnaud_Bernard
Quartier_Auteuil
Quartier_Avignon_Est
Quartier_Avignon_Nord
Quartier_Avignon_Ouest
Quartier_Barbâtre_-_Saint-Remi_-_Verrerie
Quartier_Barbâtre_-_Saint_Remi_-_Verrerie
Quartier_Bayard_(Toulouse)
Quartier_Beauvoisine
Quartier_Bel-Air
Quartier_Belcourt
Quartier_Belfort
Quartier_Belfort_(Toulouse)
Quartier_Bellefontaine
Quartier_Bellevue
Quartier_Bellevue_-_Chantenay_-_Sainte-Anne
Quartier_Benoît
Quartier_Bois_d'Amour_-_Porte_de_Paris_-_Courlancy
Quartier_Bollee
Quartier_Bollée
Quartier_Bollée-Sainte-Croix
Quartier_Bollée-Sainte-Croix_(Le_Mans)
Quartier_Bonaparte
Quartier_Bonaventure
Quartier_Bonne-Nouvelle
Quartier_Bonne_Nouvelle
Quartier_Boudonville_-_Scarpone_-_Libération
Quartier_Bourg-l'Évesque_-_la_Touche_-_Moulin_du_Comte
Quartier_Bourg-l'Évêque-Moulin_du_Comte
Quartier_Bourg-l'Évêque_-_la_Touche_-_Moulin_du_Comte
Quartier_Bourg_l'Evêque
Quartier_Bourroches_-_Port_du_canal_-_Valendons_-_Montagne_Saint-Anne
Quartier_Bourse_-_Esplanade_-_Krutenau
Quartier_Bourse_-_Esplanade_-_Krutenau_(Strasbourg)
Quartier_Breakeyville_de_Levis
Quartier_Breakeyville_de_Lévis
Quartier_Breil_-_Barberie
Quartier_Brugmann
Quartier_Bréquigny
Quartier_Béguinage-Dixmude
Quartier_Béguinage_-_Dixmude
Quartier_Californie
Quartier_Cap-Rouge_de_Québec
Quartier_Capitole
Quartier_Carabacel
Quartier_Carnot
Quartier_Carnot-Marceau
Quartier_Caucriauville
Quartier_Centre
Quartier_Centre_(Avignon)
Quartier_Centre_(Rennes)
Quartier_Centre_(Strasbourg)
Quartier_Centre_-_Gare_(Strasbourg)
Quartier_Centre_-_République_(Strasbourg)
Quartier_Cernay_Jamin_-_Epinettes_-_Jean_Jaurès
Quartier_Cernay_Jamin_-_Epinettes_-_Jean_Jaurès_à_Reims
Quartier_Cernay_Jamin_-_Jean_Jaurès_-_Épinettes
Quartier_Cernay_Jamin_-_Jean_Jaurès_-_Épinettes_à_Reims
Quartier_Championnet
Quartier_Chapelle-Charbon
Quartier_Charny_de_Levis
Quartier_Charny_de_Lévis
Quartier_Chemin_Vert_-_Europe
Quartier_Chemin_Vert_-_Europe_de_Reims
Quartier_Chemin_Vert_-_Europe_à_Reims
Quartier_Chevreul-Parc
Quartier_Chinois
Quartier_Chinois_de_Montréal
Quartier_Churchill
Quartier_Châtelain
Quartier_Châtelain-Bailli
Quartier_Châtillons
Quartier_Clairmarais_-_Charles_Arnould
Quartier_Claude_Decaen
Quartier_Clause-Bois_Badeau
Quartier_Cleunay-Arsenal-Redon
Quartier_Cleunay_-_Arsenal-Redon
Quartier_Clémenceau
Quartier_Colonel_Dio
Quartier_Compans-Caffarelli
Quartier_Compans-Caffarelli_(Toulouse)
Quartier_Concordia
Quartier_Conseil_des_XV
Quartier_Conseil_des_XV_(Strasbourg)
Quartier_Conseil_des_XV_-_Rotterdam_(Strasbourg)
Quartier_Coppedè
Quartier_Croix-Daurade
Quartier_Croix-Rouge_-_Hauts_de_Murigny
Quartier_Croix-Rouge_–_Croix_du_Sud
Quartier_Croix-Rouge_–_Hauts_de_Murigny
Quartier_Croix_de_Pierre
Quartier_Croix_de_Pierre_-_Rouen
Quartier_Cronenbourg_-_Hautepierre_-_Poteries_-_Hohberg
Quartier_Cronenbourg_-_Hautepierre_-_Poteries_-_Hohberg_(Strasbourg)
Quartier_Croulebarbe
Quartier_Côte-des-Neiges
Quartier_DIX30
Quartier_Dailly
Quartier_Dansaert
Quartier_De_Wand
Quartier_Dervallières_-_Zola
Quartier_Des_Châtels
Quartier_Diamant
Quartier_Didon
Quartier_Dix30
Quartier_Dollemard
Quartier_Doulon_-_Bottière
Quartier_Drouot
Quartier_Duberger--Les_Saules_(Quebec)
Quartier_Duberger--Les_Saules_(Québec)
Quartier_Dubois-Thainville
Quartier_Dudweiler
Quartier_Dupuy
Quartier_Dupuy_(Toulouse)
Quartier_Embellie_Mairie
Quartier_Esquirol_(Toulouse)
Quartier_Est_(Avignon)
Quartier_Eugène
Quartier_Europe_-_Nordfeld_-_Nouveau-Bassin
Quartier_Europe_-_Nouveau-Bassin
Quartier_Europe_de_Tours
Quartier_Fond'Roy
Quartier_Fond’Roy
Quartier_Fontaine-Lestang
Quartier_Fontaine_d'Ouche-Faubourg_Raines-Larrey-Motte_Giron
Quartier_Fontgiève
Quartier_Fort_Jaco
Quartier_Francisco-Ferrer_-_Vern_-_Poterie
Quartier_Francisco_Ferrer-Landry-Poterie
Quartier_Francisco_Ferrer_-_Landry_-_Poterie
Quartier_Français
Quartier_Frébault
Quartier_Gaillon
Quartier_Galliere
Quartier_Gallière
Quartier_Gare_(Perpignan)
Quartier_Gare_-_Kléber
Quartier_Gare_-_Kléber_(Strasbourg)
Quartier_Gare_Jouvenet
Quartier_Gare_Nord
Quartier_Gare_Sud
Quartier_Gaucheret
Quartier_Giraudeau
Quartier_Gothique
Quartier_Goupil
Quartier_Grammont
Quartier_Grammont_de_Tours
Quartier_Grandes-Carrières
Quartier_Grand’Mare
Quartier_Grésilles
Quartier_Général
Quartier_Général-Frère
Quartier_Général-Sabatier
Quartier_Général_de_la_Defense_Intelligence_Agency
Quartier_Général_de_la_NASA
Quartier_Général_de_la_Police_de_Toronto
Quartier_Général_du_Corps_de_Réaction_Rapide_-_France
Quartier_Halberg
Quartier_Harmonie
Quartier_Hastings
Quartier_Hastings_(Caen)
Quartier_Haussonville_-_Les_Nations
Quartier_Hauts-Pavés_-_Saint-Félix
Quartier_Helmet
Quartier_Heyvaert
Quartier_Hopital-Le_Pré
Quartier_Huart-Hamoir
Quartier_Huart_Hamoir
Quartier_Hôpital-Chasse_Royale
Quartier_III_(Turku)
Quartier_II_(Turku)
Quartier_INSEE
Quartier_IV_(Turku)
Quartier_IX_(Turku)
Quartier_I_(Turku)
Quartier_Interdit
Quartier_International_de_Montréal
Quartier_Jean-Jaurès
Quartier_Jean_Jaures
Quartier_Jean_Jaurès
Quartier_Jeanne_d'Arc-Longs-Champs-Beaulieu
Quartier_Jeanne_d'Arc_-_Longs-Champs_-_Atalante_Beaulieu
Quartier_Jeanne_d’Arc-Longs-Champs-Atalante
Quartier_Jeanne_d’Arc-Longs-Champs-Beaulieu
Quartier_Koenigshoffen_-_Montagne_Verte_-_Elsau
Quartier_Koenigshoffen_-_Montagne_Verte_-_Elsau_(Strasbourg)
Quartier_Kpébié
Quartier_La_Horie
Quartier_La_Neuvillette_-_Trois-Fontaines
Quartier_La_Réal
Quartier_La_Réal_(Perpignan)
Quartier_Lac-Saint-Charles
Quartier_Lac-Saint-Charles_(Quebec)
Quartier_Lac-Saint-Charles_(Québec)
Quartier_Lacan
Quartier_Lafleche
Quartier_Laflèche
Quartier_Lairet
Quartier_Lamartine
Quartier_Laon_-_Neufchâtel_-_Orgeval_à_Reims
Quartier_Laon_Zola_-_Neufchâtel_-_Orgeval
Quartier_Laon_Zola_-_Neufchâtel_-_Orgeval_à_Reims
Quartier_Latin
Quartier_Latin_(film)
Quartier_Latin_(film,_1929)
Quartier_Latin_(film,_1939)
Quartier_Latin_(quartier_parisien)
Quartier_Latin_Académia
Quartier_Latin_Intégral
Quartier_Latin_US
Quartier_Latin_de_Montréal
Quartier_Latin_de_Paris
Quartier_Latin_de_Québec
Quartier_Laval
Quartier_Lavigerie
Quartier_Le_Blosne
Quartier_Le_Rêve
Quartier_Le_Vernet
Quartier_Lecourbe
Quartier_Leopold
Quartier_Les_Nations
Quartier_Libre
Quartier_Libre_(journal)
Quartier_Lointain
Quartier_Lorge
Quartier_Léopold
Quartier_Magon
Quartier_Maison-Blanche_-_Sainte-Anne_-_Wilson
Quartier_Maison-Blanche_-_Sainte-Anne_-_Wilson_de_Reims
Quartier_Maison-Blanche_-_Sainte-Anne_-_Wilson_à_Reims
Quartier_Maison_Blanche
Quartier_Maizerets
Quartier_Maladière-Drapeau-Clemenceau
Quartier_Malakoff_-_Saint-Donatien
Quartier_Marais-Jacqmain
Quartier_Marconi
Quartier_Marlioz
Quartier_Maurepas-Patton-Bellangerais
Quartier_Maurepas_-_Patton
Quartier_Mayolis
Quartier_Mazarin
Quartier_McGill
Quartier_Melati
Quartier_Merville
Quartier_Midi-Lemonnier
Quartier_Militaire
Quartier_Mitte_(Sarrebruck)
Quartier_Mohammed_VI
Quartier_Monconseil
Quartier_Monrose
Quartier_Mont-Gaillard
Quartier_Montcalm
Quartier_Montcalm_(Quebec)
Quartier_Montcalm_(Québec)
Quartier_Montcalm_de_Québec
Quartier_Montchapet
Quartier_Montfavet
Quartier_Montjoyeux
Quartier_Montmuzard
Quartier_Montorgueil
Quartier_Montparnasse
Quartier_Montreuil_(Versailles)
Quartier_Mouffetard
Quartier_Mozart
Quartier_Murdock
Quartier_Murigny
Quartier_Mériadeck
Quartier_Nantes_Erdre
Quartier_Nantes_Nord
Quartier_Nantes_Sud
Quartier_Napoléon
Quartier_Napoléon_(Berlin)
Quartier_Necker
Quartier_Neufchatel
Quartier_Neufchâtel-Est-Lebourgneuf
Quartier_Neufchâtel-Est-Lebourgneuf_(Québec)
Quartier_Nord
Quartier_Nord-Est
Quartier_Nord-Est_(Bruxelles)
Quartier_Nord-Gare_(Vannes)
Quartier_Nord_(Avignon)
Quartier_Nord_(Bruxelles)
Quartier_Nord_-_Saint-Martin
Quartier_Nord_Rocade
Quartier_Nord_Saint-Martin
Quartier_Notre-Dame
Quartier_Notre-Dame-des-Champs
Quartier_Notre-Dame-des-Laurentides
Quartier_Notre-Dame-des-Laurentides_(Quebec)
Quartier_Notre-Dame-des-Laurentides_(Québec)
Quartier_Notre-Dame_(Paris)
Quartier_Notre-Dame_(Versailles)
Quartier_Nouveaux_Boulevards
Quartier_Ouest_(Avignon)
Quartier_Outre-Seille
Quartier_Parc-Chevreul
Quartier_Paul-Bert
Quartier_Paul-Bert_de_Tours
Quartier_Paul_Bert
Quartier_Petit_Champlain
Quartier_Pigalle
Quartier_Pintendre_de_Lévis
Quartier_Plaisance_(Paris)
Quartier_Plasky
Quartier_Pommerais
Quartier_Port-l'Houmeau
Quartier_Port_du_canal
Quartier_Prada
Quartier_Père-Lachaise_(Paris)
Quartier_Renaissance_de_Bar-le-Duc
Quartier_Restefond
Quartier_Riquier
Quartier_Robertsau_-_Wacken
Quartier_Robertsau_-_Wacken_(Strasbourg)
Quartier_Robespierre
Quartier_Robespierre_(Vitry)
Quartier_Rochambeau
Quartier_Rochepinard
Quartier_Rougna
Quartier_Royal
Quartier_Saint-Agne
Quartier_Saint-Agne_(Toulouse)
Quartier_Saint-Ambroise
Quartier_Saint-Aubin
Quartier_Saint-Aubin_(Toulouse)
Quartier_Saint-Avoie
Quartier_Saint-Benoît
Quartier_Saint-Blaise
Quartier_Saint-Chamand
Quartier_Saint-Clément_-_Jardin-des-Plantes
Quartier_Saint-Clément_/_Jardin-des-Plantes
Quartier_Saint-Cyprien
Quartier_Saint-Cyprien_(Toulouse)
Quartier_Saint-Emile_(Quebec)
Quartier_Saint-Epvre
Quartier_Saint-Etienne-de-Lauzon_de_Levis
Quartier_Saint-Eustache
Quartier_Saint-Eutrope
Quartier_Saint-Eutrope_(Saintes)
Quartier_Saint-Fargeau
Quartier_Saint-Fargeau_(Les_Fougères)
Quartier_Saint-François
Quartier_Saint-Gaudérique
Quartier_Saint-Georges
Quartier_Saint-Georges-Occitane
Quartier_Saint-Georges-Occitane_(Toulouse)
Quartier_Saint-Georges_(Le_Mans)
Quartier_Saint-Georges_(Paris)
Quartier_Saint-Georges_(Toulouse)
Quartier_Saint-Germain-des-Prés
Quartier_Saint-Germain-l'Auxerrois
Quartier_Saint-Germain-l’Auxerrois
Quartier_Saint-Germain_l'Auxerrois
Quartier_Saint-Gervais
Quartier_Saint-Géry
Quartier_Saint-Henri
Quartier_Saint-Jacques
Quartier_Saint-Jacques-la-Boucherie
Quartier_Saint-Jacques_(Bruxelles)
Quartier_Saint-Jacques_(La_Réunion)
Quartier_Saint-Jacques_(Nantes)
Quartier_Saint-Jacques_(Perpignan)
Quartier_Saint-Jean-Baptiste
Quartier_Saint-Jean-Baptiste_(Quebec)
Quartier_Saint-Jean-Baptiste_(Québec)
Quartier_Saint-Jean-Baptiste_de_Québec
Quartier_Saint-Jean-Chrysostome_de_Levis
Quartier_Saint-Jean-Chrysostome_de_Lévis
Quartier_Saint-Jean_(Perpignan)
Quartier_Saint-Jean_Belcier
Quartier_Saint-Job
Quartier_Saint-Joseph
Quartier_Saint-Lambert
Quartier_Saint-Louis
Quartier_Saint-Marceau
Quartier_Saint-Martin
Quartier_Saint-Martin-des-Champs
Quartier_Saint-Martin_(Paris)
Quartier_Saint-Martin_(Rennes)
Quartier_Saint-Mathieu
Quartier_Saint-Mathieu_(Perpignan)
Quartier_Saint-Matthieu_(Perpignan)
Quartier_Saint-Maurice
Quartier_Saint-Merri
Quartier_Saint-Michel
Quartier_Saint-Michel_(Bordeaux)
Quartier_Saint-Michel_(Paris)
Quartier_Saint-Michel_(Québec)
Quartier_Saint-Michel_(Toulouse)
Quartier_Saint-Médard
Quartier_Saint-Nicolas_de_Levis
Quartier_Saint-Nicolas_de_Lévis
Quartier_Saint-Pallais
Quartier_Saint-Pallais_(Saintes)
Quartier_Saint-Patern
Quartier_Saint-Paul
Quartier_Saint-Pierre
Quartier_Saint-Pierre_(Calais)
Quartier_Saint-Pierre_(Saintes)
Quartier_Saint-Redempteur_de_Levis
Quartier_Saint-Roch
Quartier_Saint-Roch_(Quebec)
Quartier_Saint-Roch_(Québec)
Quartier_Saint-Roch_de_Québec
Quartier_Saint-Romuald_de_Levis
Quartier_Saint-Romuald_de_Lévis
Quartier_Saint-Rédempteur_de_Lévis
Quartier_Saint-Sacrement
Quartier_Saint-Sacrement_(Quebec)
Quartier_Saint-Sacrement_(Québec)
Quartier_Saint-Sacrement_de_Québec
Quartier_Saint-Sauveur
Quartier_Saint-Sauveur_(Quebec)
Quartier_Saint-Sauveur_(Québec)
Quartier_Saint-Sauveur_de_Québec
Quartier_Saint-Sever
Quartier_Saint-Symphorien_de_Tours
Quartier_Saint-Thomas-d'Aquin
Quartier_Saint-Thomas-d’Aquin
Quartier_Saint-Victor
Quartier_Saint-Victor_(Paris)
Quartier_Saint-Vincent
Quartier_Saint-Vincent-de-Paul
Quartier_Saint-Vincent_(Le_Havre)
Quartier_Saint-Vivien
Quartier_Saint-Vivien_(Saintes)
Quartier_Saint-Émile
Quartier_Saint-Émile_(Québec)
Quartier_Saint-Étienne
Quartier_Saint-Étienne-de-Lauzon_de_Lévis
Quartier_Sainte-Anne
Quartier_Sainte-Anne_-_Wilson_à_Reims
Quartier_Sainte-Avoye
Quartier_Sainte-Catherine
Quartier_Sainte-Marguerite
Quartier_Sainte-Marguerite_(Paris)
Quartier_Sainte-Marie
Quartier_Sainte-Opportune
Quartier_Sanvic
Quartier_Sapins_-_Châtelet_-_Lombardie
Quartier_Sierroz-Franklin
Quartier_Sierroz_-_Franklin_Roosevelt_-_Lafin_(Aix-les-Bains)
Quartier_St-Jean-Baptiste
Quartier_St-Michel
Quartier_Stirn
Quartier_Sud-Gare
Quartier_Sud_Gare
Quartier_Sud_Rocade
Quartier_Sully
Quartier_Sénégalais
Quartier_Séon_Saint-André
Quartier_Tenbosh
Quartier_Terdelt
Quartier_Thabor/Saint_Hélier
Quartier_Thabor_-_Saint-Hélier_-_Alphonse_Guérin
Quartier_Thabor_-_Saint_Hélier
Quartier_Thabor_-_Saint_Hélier_-_Alphonse_Guérin
Quartier_Tirlet
Quartier_Trois-Lettres
Quartier_Tunisie_-_Coutures_-_Épinettes_à_Reims
Quartier_Université-Montmuzard
Quartier_V.I.P
Quartier_V.I.P.
Quartier_VIII_(Turku)
Quartier_VII_(Turku)
Quartier_VIP
Quartier_VI_(Turku)
Quartier_V_(Turku)
Quartier_Val-Bélair_de_Québec
Quartier_Vanier
Quartier_Vanier_de_Québec
Quartier_Varennes-Toison_d'Or-Joffre
Quartier_Vauban
Quartier_Vauban_(Fribourg-en-Brisgau)
Quartier_Vauban_de_Fribourg-en-Brisgau
Quartier_Vernet
Quartier_Vieux-Moulin_de_Québec
Quartier_Villejean
Quartier_Villejean-Beauregard
Quartier_Villejean_-_Beauregard
Quartier_Villeray
Quartier_Vivienne
Quartier_West_(Sarrebruck)
Quartier_administratif_de_Paris
Quartier_anglais_de_Montréal
Quartier_arabe_(France)
Quartier_armenien_de_la_vieille_ville_de_Jerusalem
Quartier_arménien_de_Jérusalem
Quartier_arménien_de_la_vieille_ville_de_Jérusalem
Quartier_arménien_de_la_vieille_ville_de_jérusalem
Quartier_asiatique
Quartier_asiatique_de_Paris
Quartier_asiatique_de_paris
Quartier_bonne-nouvelle
Quartier_bourgeois
Quartier_breakeyville_de_lévis
Quartier_canonial
Quartier_canonial_de_Notre-Dame_de_Paris
Quartier_cathédral
Quartier_charny_de_lévis
Quartier_chaud
Quartier_chaud_(prostitution)
Quartier_chinois
Quartier_chinois_(Buenos_Aires)
Quartier_chinois_(buenos_aires)
Quartier_chinois_(film)
Quartier_chinois_(film,_1929)
Quartier_chinois_(film,_1947)
Quartier_chinois_(homonymie)
Quartier_chinois_de_Los_Angeles
Quartier_chinois_de_Montreal
Quartier_chinois_de_Montréal
Quartier_chinois_de_Nauru
Quartier_chinois_de_Toronto
Quartier_chinois_de_montréal
Quartier_chretien_de_la_vieille_ville_de_Jerusalem
Quartier_chrétien_de_la_vieille_ville_de_Jérusalem
Quartier_chrétien_de_la_vieille_ville_de_jérusalem
Quartier_d'Aa
Quartier_d'Agrément_(Saint-Martin)
Quartier_d'Aligre
Quartier_d'Amérique
Quartier_d'Amérique_(Paris)
Quartier_d'Anse-la-Raye
Quartier_d'Artois
Quartier_d'Auteuil
Quartier_d'Avesnieres
Quartier_d'Avesnières
Quartier_d'Hilard
Quartier_d'Orgemont
Quartier_d'Orléans_(Paris)
Quartier_d'Orsay
Quartier_d'Uccle-centre
Quartier_d'affaire
Quartier_d'affaires
Quartier_d'affaires_Archipel
Quartier_d'affaires_Wacken-Europe
Quartier_d'affaires_de_Bab_Ezzouar
Quartier_d'affaires_de_Francfort
Quartier_d'affaires_de_La_Défense
Quartier_d'affaires_international
Quartier_d'affaires_international_(métro_d'Incheon)
Quartier_de_Aa
Quartier_de_Beaugrenelle
Quartier_de_Bel-Air
Quartier_de_Bellavista
Quartier_de_Belleville
Quartier_de_Bellevue
Quartier_de_Bellevue_(Saintes)
Quartier_de_Bercy
Quartier_de_Bioux
Quartier_de_Bonne-Nouvelle
Quartier_de_Bordeaux-Lac
Quartier_de_Bruxelles
Quartier_de_Bryggen_dans_la_ville_de_Bergen
Quartier_de_Budapest
Quartier_de_Cap-Rouge_(Quebec)
Quartier_de_Cap-Rouge_(Québec)
Quartier_de_Carabacel
Quartier_de_Carembaut
Quartier_de_Caudéran
Quartier_de_Chaillot
Quartier_de_Charonne
Quartier_de_Cimiez
Quartier_de_Clignancourt
Quartier_de_Croulebarbe
Quartier_de_Dardania
Quartier_de_Davis
Quartier_de_Douala
Quartier_de_Fontgiève
Quartier_de_Gazonfier_(Le_Mans)
Quartier_de_Grenelle
Quartier_de_Grenoux
Quartier_de_Haute-Sécurité
Quartier_de_Helmet
Quartier_de_Javel
Quartier_de_L'Arsenal
Quartier_de_La_Bascule_(Bruxelles)
Quartier_de_La_Bastide
Quartier_de_La_Chapelle
Quartier_de_La_Défense
Quartier_de_La_Folie-Méricourt
Quartier_de_La_Gare
Quartier_de_La_Gare_(Paris)
Quartier_de_La_Madeleine
Quartier_de_La_Monnaie
Quartier_de_La_Muette
Quartier_de_La_Place-Vendôme
Quartier_de_La_Place_Vendôme
Quartier_de_La_Porte-Dauphine
Quartier_de_La_Porte_Dauphine
Quartier_de_La_Roquette
Quartier_de_La_Sorbonne
Quartier_de_La_Villette
Quartier_de_Lappeenranta
Quartier_de_Liege
Quartier_de_Limoges_:_Carnot-Marceau
Quartier_de_Limoges_:_Le_Centre-Ville
Quartier_de_Limoges_:_Le_Sablard
Quartier_de_Liège
Quartier_de_Loretteville_(Quebec)
Quartier_de_Loretteville_(Québec)
Quartier_de_Loretteville_de_Québec
Quartier_de_Los_Angeles
Quartier_de_Lyon
Quartier_de_Mansourah
Quartier_de_Mansourah_(Constantine)
Quartier_de_Marseille
Quartier_de_Mont-Bleu
Quartier_de_Montferrand
Quartier_de_Montmartre
Quartier_de_Montorgueil
Quartier_de_Ménilmontant
Quartier_de_Mühlenviertel
Quartier_de_Mühlenviertel_(Tübingen)_-_Allemagne
Quartier_de_Neufchatel-Est-Lebourgneuf_(Quebec)
Quartier_de_Neufchâtel-Est-Lebourgneuf_(Québec)
Quartier_de_Noailles
Quartier_de_Nogent-sur-Marne
Quartier_de_Paris
Quartier_de_Picpus
Quartier_de_Plaisance
Quartier_de_Porto_Alegre
Quartier_de_Pouvourville
Quartier_de_Recouvrance
Quartier_de_Reuilly
Quartier_de_Riquier
Quartier_de_Rochechouart
Quartier_de_Rohan
Quartier_de_Rohan_(Vannes)
Quartier_de_Rotermann
Quartier_de_Saint-Antoine
Quartier_de_Saint-Denis
Quartier_de_Saint-Eustache
Quartier_de_Saint-Fargeau_(Paris)
Quartier_de_Saint-Germain-des-Pres
Quartier_de_Saint-Germain-des-Prés
Quartier_de_Saint-Germain-l'Auxerrois
Quartier_de_Saint-Germain_de_l'Auxerrois
Quartier_de_Saint-Honoré
Quartier_de_Saint-Martin
Quartier_de_Saint-Thomas-d'Aquin
Quartier_de_Saint-Étienne
Quartier_de_Sainte-Avoye
Quartier_de_Sainte-Barbe
Quartier_de_Sainte-Opportune
Quartier_de_Seine
Quartier_de_Sillery_(Quebec)
Quartier_de_Sillery_(Québec)
Quartier_de_Tampere
Quartier_de_Tel_Aviv
Quartier_de_Toulouse
Quartier_de_Vaasa
Quartier_de_Val-Bélair_(Québec)
Quartier_de_Vanier_(Quebec)
Quartier_de_Vanier_(Québec)
Quartier_de_Wan_Chai
Quartier_de_Wand
Quartier_de_Wrightville
Quartier_de_beaugrenelle
Quartier_de_cap-rouge_(québec)
Quartier_de_chaillot
Quartier_de_charonne
Quartier_de_clignancourt
Quartier_de_douala
Quartier_de_femmes
Quartier_de_grenelle
Quartier_de_grenoux
Quartier_de_haute_sécurité
Quartier_de_javel
Quartier_de_l'Amphithéâtre
Quartier_de_l'Anse_Vata_(Nouméa)
Quartier_de_l'Arenas
Quartier_de_l'Argonne
Quartier_de_l'Arsenal
Quartier_de_l'Arsenal_(Paris)
Quartier_de_l'Artillerie_(Nouméa)
Quartier_de_l'Arénas
Quartier_de_l'Aéroport
Quartier_de_l'Ecole-Militaire
Quartier_de_l'Espinette-Centrale
Quartier_de_l'Eure
Quartier_de_l'Europe
Quartier_de_l'Europe(Mulhouse)
Quartier_de_l'Europe_(Mulhouse)
Quartier_de_l'Europe_(Paris)
Quartier_de_l'Europe_de_Tours
Quartier_de_l'Europe_à_Paris
Quartier_de_l'Hopital-Saint-Louis
Quartier_de_l'Horloge
Quartier_de_l'Hôpital-Saint-Louis
Quartier_de_l'Hôtel-de-Ville
Quartier_de_l'Hôtel-de-Ville_(Limoges)
Quartier_de_l'Hôtel-de-Ville_(Paris)
Quartier_de_l'Hôtel_de_Ville
Quartier_de_l'Hôtel_de_Ville_(Paris)
Quartier_de_l'Odeon
Quartier_de_l'Odéon
Quartier_de_l'Orangerie
Quartier_de_l'Orphelinat_(Nouméa)
Quartier_de_l'Université
Quartier_de_l'Université_(Nanterre)
Quartier_de_l'aiguille_du_Midi
Quartier_de_l'europe
Quartier_de_l'europe_(mulhouse)
Quartier_de_l'europe_(paris)
Quartier_de_l'hôpital-saint-louis
Quartier_de_l'innovation
Quartier_de_l'innovation_de_Montréal
Quartier_de_l'odéon
Quartier_de_l'École-Militaire
Quartier_de_l'École-de-Médecine
Quartier_de_l'école-militaire
Quartier_de_l'île_Saint-Géry
Quartier_de_la_Baie_des_Citrons_(Nouméa)
Quartier_de_la_Banane
Quartier_de_la_Bastide
Quartier_de_la_Bibliothèque_François-Mitterrand
Quartier_de_la_Boucherie
Quartier_de_la_Boule_-_Champs-Pierreux
Quartier_de_la_Bourse
Quartier_de_la_Bourse_(Strasbourg)
Quartier_de_la_Bourse_(Toulouse)
Quartier_de_la_Briquette
Quartier_de_la_Chapelle
Quartier_de_la_Chaussee-d'Antin
Quartier_de_la_Chaussée-d'Antin
Quartier_de_la_Chaussée-d’Antin
Quartier_de_la_Chute-Montmorency_(Quebec)
Quartier_de_la_Chute-Montmorency_(Québec)
Quartier_de_la_Chute-Montmorency_de_Québec
Quartier_de_la_Chutes-Montmorency_de_Québec
Quartier_de_la_Cite-Universitaire_(Quebec)
Quartier_de_la_Cité
Quartier_de_la_Cité-Universitaire
Quartier_de_la_Cité-Universitaire_(Québec)
Quartier_de_la_Cité_universitaire_(Québec)
Quartier_de_la_Cité_universitaire_de_Québec
Quartier_de_la_Corée
Quartier_de_la_Cour
Quartier_de_la_Croix_de_Pierre
Quartier_de_la_Croix_de_Pierre_(Toulouse)
Quartier_de_la_Création
Quartier_de_la_Dalbade
Quartier_de_la_Daurade
Quartier_de_la_Daurade_(Toulouse)
Quartier_de_la_Folie-Mericourt
Quartier_de_la_Folie-Méricourt
Quartier_de_la_Fontaine_d'Ouche
Quartier_de_la_Gare
Quartier_de_la_Gare_(Dijon)
Quartier_de_la_Gare_(Limoges)
Quartier_de_la_Gare_(Paris)
Quartier_de_la_Gare_(Perpignan)
Quartier_de_la_Gare_(Strasbourg)
Quartier_de_la_Gare_(Vannes)
Quartier_de_la_Gare_(homonymie)
Quartier_de_la_Gare_(quartier_parisien)
Quartier_de_la_Gare_-_Rouvroy_-_La_Portelette
Quartier_de_la_Goutte-d'Or
Quartier_de_la_Goutte-d’Or
Quartier_de_la_Goutte_d'Or
Quartier_de_la_Grand'Mare
Quartier_de_la_Grande-Espinette
Quartier_de_la_Grand’Mare
Quartier_de_la_Grange-aux-Belles
Quartier_de_la_Grange_aux_Belles
Quartier_de_la_Grève
Quartier_de_la_Madeleine
Quartier_de_la_Madeleine_(Le_Mans)
Quartier_de_la_Madeleine_(homonymie)
Quartier_de_la_Madeleine_(Évreux)
Quartier_de_la_Maison-Blanche
Quartier_de_la_Maison_Blanche
Quartier_de_la_Maladière
Quartier_de_la_Monnaie
Quartier_de_la_Monnaie_(Pau)
Quartier_de_la_Mosson
Quartier_de_la_Mouzaïa
Quartier_de_la_Muette
Quartier_de_la_Nouvelle_France
Quartier_de_la_Petite-Espinette
Quartier_de_la_Petite_Pologne
Quartier_de_la_Petite_Suisse
Quartier_de_la_Place-Vendôme
Quartier_de_la_Place_Vendôme
Quartier_de_la_Plaine-de-Monceau
Quartier_de_la_Plaine-de-Monceaux
Quartier_de_la_Pointe-de-Sainte-Foy
Quartier_de_la_Porte-Dauphine
Quartier_de_la_Porte-Saint-Denis
Quartier_de_la_Porte-Saint-Martin
Quartier_de_la_Porte_Dauphine
Quartier_de_la_Porte_Saint-Denis
Quartier_de_la_Pépinière
Quartier_de_la_Ribera
Quartier_de_la_Ribera_(Barcelone)
Quartier_de_la_Roquette
Quartier_de_la_Sagrada_Família
Quartier_de_la_Salpetriere
Quartier_de_la_Salpêtrière
Quartier_de_la_Santé
Quartier_de_la_Senne
Quartier_de_la_Sorbonne
Quartier_de_la_Toison_d'Or
Quartier_de_la_Verrerie
Quartier_de_la_Villette
Quartier_de_la_chapelle
Quartier_de_la_chaussée-d'antin
Quartier_de_la_chute-montmorency_(québec)
Quartier_de_la_cité-universitaire_(québec)
Quartier_de_la_folie-méricourt
Quartier_de_la_gare
Quartier_de_la_gare_(Limoges)
Quartier_de_la_gare_(Vannes)
Quartier_de_la_gare_(quartier_parisien)
Quartier_de_la_gare_de_Schaerbeek
Quartier_de_la_madeleine
Quartier_de_la_maison-blanche
Quartier_de_la_monnaie
Quartier_de_la_muette
Quartier_de_la_petite_suisse
Quartier_de_la_place_Vendome
Quartier_de_la_place_Vendôme
Quartier_de_la_place_des_Vosges
Quartier_de_la_place_des_vosges
Quartier_de_la_place_vendôme
Quartier_de_la_plaine_Monceau
Quartier_de_la_poissonnerie
Quartier_de_la_poissonnerie_de_Colmar
Quartier_de_la_porte-dauphine
Quartier_de_la_porte-saint-denis
Quartier_de_la_porte-saint-martin
Quartier_de_la_porte_Dauphine
Quartier_de_la_ribera_(barcelone)
Quartier_de_la_roquette
Quartier_de_la_salpêtrière
Quartier_de_la_sorbonne
Quartier_de_la_tour_japonaise
Quartier_de_liège
Quartier_de_loretteville_(québec)
Quartier_de_l’Arsenal
Quartier_de_l’Arénas
Quartier_de_l’Europe
Quartier_de_l’Horloge
Quartier_de_l’Hôpital-Saint-Louis
Quartier_de_l’Odéon
Quartier_de_l’innovation
Quartier_de_lՃcole-Militaire
Quartier_de_nantes
Quartier_de_neufchâtel-est-lebourgneuf_(québec)
Quartier_de_noailles
Quartier_de_noblesse
Quartier_de_paris
Quartier_de_picpus
Quartier_de_reconquête_républicaine
Quartier_de_reuilly
Quartier_de_rochechouart
Quartier_de_saint-germain-des-prés
Quartier_de_saint-thomas-d'aquin
Quartier_de_saint-étienne
Quartier_de_sillery_(québec)
Quartier_de_val-bélair_(québec)
Quartier_de_vanier_(québec)
Quartier_des_Amandiers
Quartier_des_Amidonniers
Quartier_des_Amidonniers_(Toulouse)
Quartier_des_Archives
Quartier_des_Archives_(Paris)
Quartier_des_Arcis
Quartier_des_Arts
Quartier_des_Arts-et-Metiers
Quartier_des_Arts-et-Métiers
Quartier_des_Aubiers
Quartier_des_Banques
Quartier_des_Bassins
Quartier_des_Bassins_à_Flot-Bacalan
Quartier_des_Batignolles
Quartier_des_Blachernes
Quartier_des_Boiffiers
Quartier_des_Boiffiers_(Saintes)
Quartier_des_Bourroches
Quartier_des_Capucins_(Brest)
Quartier_des_Carmes
Quartier_des_Carmes_(Toulouse)
Quartier_des_Chalets
Quartier_des_Chalets_(Toulouse)
Quartier_des_Champs-Élysées
Quartier_des_Chantiers
Quartier_des_Chartrons
Quartier_des_Chatels_(Quebec)
Quartier_des_Chutes-Montmorency
Quartier_des_Chutes-Montmorency_de_Québec
Quartier_des_Châtels
Quartier_des_Châtels_(Québec)
Quartier_des_Châtels_de_Québec
Quartier_des_Diamantaires
Quartier_des_Emailleurs
Quartier_des_Enfants-Rouges
Quartier_des_Enfants_Rouges
Quartier_des_Epinettes
Quartier_des_Etangs
Quartier_des_Fabriques
Quartier_des_Fleurs
Quartier_des_Fleurs_(Schaerbeek)
Quartier_des_Fontaines_de_Tours
Quartier_des_Fougères
Quartier_des_Fourches
Quartier_des_Grandes-Carrieres
Quartier_des_Grandes-Carrières
Quartier_des_Halles
Quartier_des_Halles_(Le_Mans)
Quartier_des_Halles_(Paris)
Quartier_des_Halles_(Strasbourg)
Quartier_des_Invalides
Quartier_des_Jacobins
Quartier_des_Jacobins_(Le_Mans)
Quartier_des_Jardins
Quartier_des_Jésuites
Quartier_des_Laurentides
Quartier_des_Libertés
Quartier_des_Marolles
Quartier_des_Musiciens
Quartier_des_Nouveaux_Boulevards
Quartier_des_Oiseaux
Quartier_des_Oiseaux_(La_Baule)
Quartier_des_Olympiades
Quartier_des_Pinchinats
Quartier_des_Pommeraies
Quartier_des_Ponts
Quartier_des_Porcherons
Quartier_des_Poètes
Quartier_des_Poètes_(Pierrefitte-sur-Seine)
Quartier_des_Provinces_de_France
Quartier_des_Présidents_de_la_République
Quartier_des_Pèlerins
Quartier_des_Pélerins
Quartier_des_Quais
Quartier_des_Quinze
Quartier_des_Quinze-Vingts
Quartier_des_Remparts_Nord
Quartier_des_Remparts_Sud
Quartier_des_Rives_du_Cher_de_Tours
Quartier_des_Rêpes
Quartier_des_Sagnes
Quartier_des_Spectacles
Quartier_des_Squares
Quartier_des_Ternes
Quartier_des_Trèfles
Quartier_des_Tuileries
Quartier_des_Zattes
Quartier_des_archives
Quartier_des_arts-et-métiers
Quartier_des_banques_de_Berlin
Quartier_des_batignolles
Quartier_des_boutiques_de_luxe_de_Rome
Quartier_des_chartrons
Quartier_des_châtels_(québec)
Quartier_des_condamnés_à_mort
Quartier_des_condamnés_à_mort_(île_du_Diable)
Quartier_des_directeurs
Quartier_des_directeurs_(île_du_Diable)
Quartier_des_détenus
Quartier_des_détenus_(île_du_Diable)
Quartier_des_enfants-rouges
Quartier_des_fabriques
Quartier_des_fourches
Quartier_des_gares
Quartier_des_grandes-carrières
Quartier_des_halles
Quartier_des_invalides
