Fontaine-le-bourg
Fontaine-le-comte
Fontaine-le-dun
Fontaine-le-pin
Fontaine-le-port
Fontaine-le-puits
Fontaine-le-sec
Fontaine-les-Bassets
Fontaine-les-Boulans
Fontaine-les-Cappy
Fontaine-les-Clercs
Fontaine-les-Clerval
Fontaine-les-Corps-Nuds
Fontaine-les-Corps-Nus
Fontaine-les-Coteaux
Fontaine-les-Croisilles
Fontaine-les-Dijon
Fontaine-les-Gres
Fontaine-les-Grès
Fontaine-les-Hermans
Fontaine-les-Luxeuil
Fontaine-les-Ribouts
Fontaine-les-Vervins
Fontaine-les-bassets
Fontaine-les-coteaux
Fontaine-les-grès
Fontaine-les-ribouts
Fontaine-lès-Boulans
Fontaine-lès-Cappy
Fontaine-lès-Clercs
Fontaine-lès-Clerval
Fontaine-lès-Croisilles
Fontaine-lès-Dijon
Fontaine-lès-Hermans
Fontaine-lès-Luxeuil
Fontaine-lès-Pargny
Fontaine-lès-Vervins
Fontaine-lès-boulans
Fontaine-lès-cappy
Fontaine-lès-clercs
Fontaine-lès-clerval
Fontaine-lès-croisilles
Fontaine-lès-dijon
Fontaine-lès-hermans
Fontaine-lès-luxeuil
Fontaine-lès-vervins
Fontaine-l’Évêque
Fontaine-milon
Fontaine-mâcon
Fontaine-mémorial_Diana
Fontaine-mémorial_Diana,_Princesse_de_Galles
Fontaine-notre-dame
Fontaine-notre-dame_(aisne)
Fontaine-notre-dame_(nord)
Fontaine-perron_de_Nivelles
Fontaine-raoul
Fontaine-réservoir_Sainte-Marie
Fontaine-saint-lucien
Fontaine-simon
Fontaine-sous-Jouy
Fontaine-sous-Montaiguillon
Fontaine-sous-Montdidier
Fontaine-sous-Pezou
Fontaine-sous-Preaux
Fontaine-sous-Préaux
Fontaine-sous-jouy
Fontaine-sous-montdidier
Fontaine-sous-préaux
Fontaine-sur-Ay
Fontaine-sur-Aÿ
Fontaine-sur-Coole
Fontaine-sur-Maye
Fontaine-sur-Somme
Fontaine-sur-ay
Fontaine-sur-maye
Fontaine-uterte
Fontaine-valmont
Fontaine-Écu
Fontaine-Étoupefour
Fontaine-écu
Fontaine-étoupefour
Fontaine_(6_rue_Colbert,_Paris)
Fontaine_(Agam)
Fontaine_(Agen,_4_rue_Lomet)
Fontaine_(Aube)
Fontaine_(Bassin)
Fontaine_(Dordogne)
Fontaine_(Duchamp)
Fontaine_(Isere)
Fontaine_(Isère)
Fontaine_(Laval,_place_Saint-Tugal)
Fontaine_(Laval,_place_des_Quatre-Docteurs-Bucquet)
Fontaine_(Saint-Dié-des-Vosges,_place_du_Châpitre)
Fontaine_(Saint-Dié-des-Vosges,_rue_du_Nord)
Fontaine_(Seine-et-Oise)
Fontaine_(Territoire_De_Belfort)
Fontaine_(Territoire_de_Belfort)
Fontaine_(Vendée)
Fontaine_(art)
Fontaine_(bassin)
Fontaine_(métro_de_Charleroi)
Fontaine_(revue)
Fontaine_(territoire_de_belfort)
Fontaine_Achgabat
Fontaine_Amédée-Larrieu
Fontaine_Anspach
Fontaine_Archibald
Fontaine_Attiret
Fontaine_Austria
Fontaine_Barcaccia
Fontaine_Barmaleï
Fontaine_Bartholdi
Fontaine_Bartholdi_(homonymie)
Fontaine_Bartholdi_de_Washington
Fontaine_Bartholdi_de_Washington_(district_de_Columbia)
Fontaine_Bethesda
Fontaine_Bouchardon
Fontaine_Boucherat
Fontaine_Brabo
Fontaine_Brewer
Fontaine_Broder
Fontaine_Béla-Bartók
Fontaine_Béraudier
Fontaine_Caristie_de_Saulieu
Fontaine_Carolo_Felicerege_de_La_Turbie
Fontaine_Carpeaux
Fontaine_Celimontana
Fontaine_Censier
Fontaine_Chaalis
Fontaine_Chantante_de_Košice
Fontaine_Chaotique
Fontaine_Charlemagne
Fontaine_Chataigner
Fontaine_Chaude
Fontaine_Childebert
Fontaine_Chrob_Ou_Chouf
Fontaine_Clémence_Isaure
Fontaine_Coislin
Fontaine_Colbert
Fontaine_Commémorative_De_Diana,_Princesse_De_Galles
Fontaine_Constantin
Fontaine_Contarini
Fontaine_Crozatier
Fontaine_Cuvier
Fontaine_Da_Ponte
Fontaine_Daniel
Fontaine_Daumesnil
Fontaine_De_Barenton
Fontaine_De_Brouckère
Fontaine_De_Jouvence
Fontaine_De_La_Ruelle_Lamberton_À_Bitche
Fontaine_De_Moutte
Fontaine_De_Neptune_(Bologne)
Fontaine_De_Trevi
Fontaine_Dejean
Fontaine_Delille
Fontaine_Denis_Nuisy
Fontaine_Denis_Nuizy
Fontaine_Des_Comtes_D'Egmont_Et_De_Hornes
Fontaine_Des_Innocents
Fontaine_Des_Néréides
Fontaine_Des_Quatre-Fleuves
Fontaine_Des_Quatre-Parties-Du-Monde
Fontaine_Des_Tortues
Fontaine_Desaix
Fontaine_Desaix_(Attiret)
Fontaine_Desaix_(Channeboux)
Fontaine_Desaix_(Charles_Percier)
Fontaine_Desaix_(Claude-François-Marie_Attiret)
Fontaine_Desaix_(Laurent)
Fontaine_Desaix_(Michel_Channeboux)
Fontaine_Desaix_(Michel_et_Antoine_Channeboux)
Fontaine_Desaix_(Percier)
Fontaine_Desaix_(Percier_et_Fortin)
Fontaine_Desaix_(Pierre_Laurent)
Fontaine_Dessaix
Fontaine_Diana
Fontaine_Diane
Fontaine_Diane_(Lectoure)
Fontaine_Dorly
Fontaine_Du_Grand_Sablon
Fontaine_Du_Palmier
Fontaine_Du_Pilori
Fontaine_Désirée
Fontaine_Egyptienne
Fontaine_Enneakrounos
Fontaine_Ennéacrounos
Fontaine_Font_Crimosana_de_Châlus
Fontaine_Fossati
Fontaine_Fox
Fontaine_François_Ier
Fontaine_Gaillon
Fontaine_Gally
Fontaine_Garancière
Fontaine_Gavarni
Fontaine_Grenelle
Fontaine_Greneta
Fontaine_Hubert
Fontaine_Intermittente_De_Fontestorbes
Fontaine_Isabelle
Fontaine_Jean-Baptiste_de_La_Salle
Fontaine_Jean-Baptiste_de_La_Salle_(Rouen)
Fontaine_Jean_Valjean
Fontaine_Kohl
Fontaine_Kranner
Fontaine_La_Rue
Fontaine_Lapayrière
Fontaine_Le_Cracheur
Fontaine_Le_Doyen
Fontaine_Louis-XII
Fontaine_Louis_XII
Fontaine_Louvois
Fontaine_Marianne
Fontaine_Masini
Fontaine_Maubuée
Fontaine_Maximilien
Fontaine_McMillan
Fontaine_Millénaire
Fontaine_Miroir_d'eau,_la_Seine_et_ses_affluents
Fontaine_Molinos
Fontaine_Molière
Fontaine_Moljković_à_Kremna
Fontaine_Montefiore
Fontaine_Montéfiore
Fontaine_Médicis
Fontaine_Napoleon
Fontaine_Napoléon
Fontaine_Napoléon_de_Bouligney
Fontaine_Notre-Dame-des-Vertus
Fontaine_Notre-Dame-du-Roncier
Fontaine_Notre-Dame_de_Larmor-Plage
Fontaine_Notre_Dame_de_la_Fosse
Fontaine_Octave_Gréard
Fontaine_Orientale
Fontaine_Orts
Fontaine_Palatine
Fontaine_Palmier
Fontaine_Pastorale
Fontaine_Percier
Fontaine_Pradier
Fontaine_Pradier_(Nîmes)
Fontaine_RADI
Fontaine_Richelieu
Fontaine_Rimondi
Fontaine_Robba
Fontaine_Roesselmann
Fontaine_Roesselmann_de_Colmar
Fontaine_Ross
Fontaine_Rouge
Fontaine_Saint-Adrien
Fontaine_Saint-Andoche
Fontaine_Saint-Anne_de_Laeken
Fontaine_Saint-Armel
Fontaine_Saint-Armel_et_son_bassin
Fontaine_Saint-Aubert
Fontaine_Saint-Bertin
Fontaine_Saint-Brieuc
Fontaine_Saint-Cande
Fontaine_Saint-Candé
Fontaine_Saint-Clair
Fontaine_Saint-Clair_(Limerzel)
Fontaine_Saint-Clair_(Réguiny)
Fontaine_Saint-Colomban
Fontaine_Saint-Colomban_(Carnac)
Fontaine_Saint-Colomban_(Locmalo)
Fontaine_Saint-Colomban_(Locminé)
Fontaine_Saint-Cornély
Fontaine_Saint-Denis
Fontaine_Saint-Fiacre
Fontaine_Saint-Fiacre_(Radenac)
Fontaine_Saint-François_de_Milan
Fontaine_Saint-Fursy
Fontaine_Saint-Gauthier
Fontaine_Saint-Jean-Baptiste
Fontaine_Saint-Jean-Baptiste_(Liège)
Fontaine_Saint-Jean-Baptiste_de_Gorvello
Fontaine_Saint-Julien
Fontaine_Saint-Julien_de_Brioude
Fontaine_Saint-Laurent
Fontaine_Saint-Lazare
Fontaine_Saint-Lazare_(Autun)
Fontaine_Saint-Louis
Fontaine_Saint-Maclou
Fontaine_Saint-Martin
Fontaine_Saint-Martin_(Laval)
Fontaine_Saint-Maur_de_Calanhel
Fontaine_Saint-Michel
Fontaine_Saint-Michel_de_Forcalquier
Fontaine_Saint-Michel_de_Paris
Fontaine_Saint-Méen
Fontaine_Saint-Nicolas
Fontaine_Saint-Pardoux_à_Bugeat
Fontaine_Saint-Pierre_de_Chuffilly-Roche
Fontaine_Saint-Projet
Fontaine_Saint-Quay
Fontaine_Saint-Quentin
Fontaine_Saint-Roch
Fontaine_Saint-Roch_et_son_enceinte
Fontaine_Saint-Servais
Fontaine_Saint-Servais_de_La_Trinité-Surzur
Fontaine_Saint-Sulpice
Fontaine_Saint-Thiébaut
Fontaine_Saint-Victor
Fontaine_Saint-Éloi
Fontaine_Saint-Éloi_(Floursies)
Fontaine_Saint-Éloi_de_Bignan
Fontaine_Saint_Servais_de_Saint-Servant
Fontaine_Sainte-Anne
Fontaine_Sainte-Anne_de_Buléon
Fontaine_Sainte-Anne_de_Laeken
Fontaine_Sainte-Anne_du_Guerno
Fontaine_Sainte-Barbe
Fontaine_Sainte-Béline
Fontaine_Sainte-Catherine
Fontaine_Sainte-Croix
Fontaine_Sainte-Croix-des-Pelletiers
Fontaine_Sainte-Geneviève
Fontaine_Sainte-Julitte
Fontaine_Sainte-Julitte_(Ambon)
Fontaine_Sainte-Julitte_(Remungol)
Fontaine_Sainte-Marie_du_Guerno
Fontaine_Schwendi
Fontaine_Schwendi_de_Colmar
Fontaine_Schülein
Fontaine_Sebilj
Fontaine_Souta_Loggia
Fontaine_Stoeber
Fontaine_Stortorget
Fontaine_Stravinski
Fontaine_Stravinsky
Fontaine_Subé
Fontaine_Sud-Est
Fontaine_Suzanne-Buisson
Fontaine_Trogneux
Fontaine_Urbain_II
Fontaine_Vaillancourt
Fontaine_Wallace
Fontaine_Wallace_(groupe)
Fontaine_Wimmer
Fontaine_allemande
Fontaine_ardente
Fontaine_au_Change
Fontaine_aux_99_cannelles
Fontaine_aux_Abeilles
Fontaine_aux_Dauphins_(Givry)
Fontaine_aux_Lions_de_Nubie
Fontaine_aux_Moines
Fontaine_aux_Yeux
Fontaine_aux_dauphins_de_Conliège
Fontaine_aux_mille_amphores
Fontaine_blanche
Fontaine_boulevard_du_Nord_de_Carpentras
Fontaine_chaotique
Fontaine_chaude
Fontaine_chrob_ou_chouf
Fontaine_commemorative_de_Diana,_princesse_de_Galles
Fontaine_commémorative_Crkvenac
Fontaine_commémorative_Diana
Fontaine_commémorative_de_Diana
Fontaine_commémorative_de_Diana,_princesse_de_Galles
Fontaine_commémorative_de_diana,_princesse_de_galles
Fontaine_commémorative_du_roi_Aleksandre_Obrenović_à_Zlatibor
Fontaine_commémorative_à_Divostin
Fontaine_commémorative_à_Palić
Fontaine_commémorative_à_Požega
Fontaine_couverte_d'Anduze
Fontaine_d'Agam
Fontaine_d'Ahmed_III
Fontaine_d'Aigoulène
Fontaine_d'Ain_El_Fouara
Fontaine_d'Amboise
Fontaine_d'Ambonnay
Fontaine_d'Anna_Perenna
Fontaine_d'Anna_Seiler
Fontaine_d'Arans
Fontaine_d'Arinthod
Fontaine_d'Aspet
Fontaine_d'Eguisheim
Fontaine_d'Esprels
Fontaine_d'Eure
Fontaine_d'Hispalis
Fontaine_d'Israël
Fontaine_d'Or
Fontaine_d'Orbessan
Fontaine_d'Orchaise
Fontaine_d'Ormesson
Fontaine_d'Orschwihr
Fontaine_d'Osman-bey_à_Podgorac
Fontaine_d'Urbain_II
Fontaine_d'eau_chaude
Fontaine_d'eau_chaude_(Aix-en-Provence)
Fontaine_d'eau_fraiche
Fontaine_d'eau_fraîche
Fontaine_d'Étuz
Fontaine_de_1829_(Givry)
Fontaine_de_Baix
Fontaine_de_Bar-le-Duc
Fontaine_de_Barenton
Fontaine_de_Bartholdi
Fontaine_de_Bartholdi_(Lyon)
Fontaine_de_Beaumes-de-Venise
Fontaine_de_Beaune-Semblançay
Fontaine_de_Bergheim
Fontaine_de_Birague
Fontaine_de_Blienschwiller
Fontaine_de_Bodéno
Fontaine_de_Bondy
Fontaine_de_Bonneville
Fontaine_de_Brouckère
Fontaine_de_Bréhardec
Fontaine_de_Bubanj_à_Kragujevac
Fontaine_de_Burgo
Fontaine_de_Bédarrides
Fontaine_de_Canaletes
Fontaine_de_Castalie
Fontaine_de_Cayssac
Fontaine_de_Charonne
Fontaine_de_Chorges
Fontaine_de_Christophe_Colomb
Fontaine_de_Château-Chinon
Fontaine_de_Châtenois
Fontaine_de_Cibeles
Fontaine_de_Cluses
Fontaine_de_Contes
Fontaine_de_Cukur_à_Belgrade
Fontaine_de_Cybèle
Fontaine_de_Diane
Fontaine_de_Diane_(Louvre)
Fontaine_de_Diane_(Paris)
Fontaine_de_Digne-les-Bains
Fontaine_de_Dubaï
Fontaine_de_Faucogney-et-la-Mer
Fontaine_de_Ferney-Voltaire
Fontaine_de_Galilée
Fontaine_de_Gefion
Fontaine_de_Gex
Fontaine_de_Griffoul
Fontaine_de_Hajduk_Veljko_à_Sokobanja
Fontaine_de_Hispalis
Fontaine_de_Héron
Fontaine_de_Janus
Fontaine_de_Jarente
Fontaine_de_Jouvence
Fontaine_de_Joyeuse
Fontaine_de_Juturne
Fontaine_de_Kergornet
Fontaine_de_Kolin
Fontaine_de_La_Ferronnays
Fontaine_de_La_Voulte-sur-Rhône
Fontaine_de_Landser
Fontaine_de_Ljuba_Didić_à_Sokobanja
Fontaine_de_Locmeltro
Fontaine_de_Longueville
Fontaine_de_Loperhet
Fontaine_de_Loulié
Fontaine_de_Lupin
Fontaine_de_Léda
Fontaine_de_Maisons-Laffitte
Fontaine_de_Mars
Fontaine_de_Masevaux
Fontaine_de_Masevaux_(place_Clemenceau)
Fontaine_de_Masevaux_(place_des_Alliés)
Fontaine_de_Mauperthuis
Fontaine_de_Mehmed_Pacha_Sokolović
Fontaine_de_Minerve
Fontaine_de_Minerve_(Bruxelles)
Fontaine_de_Mirette_(Laval)
Fontaine_de_Monjuïc
Fontaine_de_Montazels
Fontaine_de_Montjuic
Fontaine_de_Montravel
Fontaine_de_Montreuil
Fontaine_de_Moutte
Fontaine_de_Moutte_Fort_de_France
Fontaine_de_Moïse
Fontaine_de_Moïse_(Berne)
Fontaine_de_Moïse_(Moudon)
Fontaine_de_Munster
Fontaine_de_Médicis
Fontaine_de_Mímir
Fontaine_de_Najac
Fontaine_de_Neptune
Fontaine_de_Neptune,_Piazza_del_Popolo_(Rome)
Fontaine_de_Neptune_(Berlin)
Fontaine_de_Neptune_(Bologne)
Fontaine_de_Neptune_(Chalon-sur-Saône)
Fontaine_de_Neptune_(Clermont-Ferrand)
Fontaine_de_Neptune_(Florence)
Fontaine_de_Neptune_(Gdańsk)
Fontaine_de_Neptune_(Madrid)
Fontaine_de_Neptune_(Munich)
Fontaine_de_Neptune_(Naples)
Fontaine_de_Neptune_(Rome)
Fontaine_de_Neptune_(Trente)
Fontaine_de_Neptune_(Washington)
Fontaine_de_Neptune_d'Arras
Fontaine_de_Neuwiller-lès-Saverne
Fontaine_de_Nothalten
Fontaine_de_Nothalten_(1543)
Fontaine_de_Nothalten_(1571)
Fontaine_de_Notre-Dame
Fontaine_de_Näsikallio
Fontaine_de_Orschwihr
Fontaine_de_Pallas_Athéna
Fontaine_de_Paradis
Fontaine_de_Peillon
Fontaine_de_Ponte_Sisto
Fontaine_de_Pousthomy
Fontaine_de_Qayt_Bay
Fontaine_de_Ribeauvillé
Fontaine_de_Ribeauvillé_(place_de_l'Hôtel-de-Ville)
Fontaine_de_Ribeauvillé_(place_de_la_République)
Fontaine_de_Robba
Fontaine_de_Roland
Fontaine_de_S._François_(Giannino_Castiglioni)
Fontaine_de_Saint-Algis
Fontaine_de_Saint-Bieuzy
Fontaine_de_Saint-Brieuc
Fontaine_de_Saint-Hippolyte
Fontaine_de_Saint-Jean-du-Poteau
Fontaine_de_Saint-Mériadec
Fontaine_de_Saint-Paul-de-Vence
Fontaine_de_Saint-Saturnin
Fontaine_de_Sainte-Marie
Fontaine_de_Sainte_Ingemo
Fontaine_de_Salses
Fontaine_de_Samoëns
Fontaine_de_Samson
Fontaine_de_Samson_(Kiev)
Fontaine_de_Sasnières
Fontaine_de_Senez
Fontaine_de_Sermange
Fontaine_de_Sigale
Fontaine_de_Soubeyran
Fontaine_de_Soubise
Fontaine_de_Soultzbach-les-Bains
Fontaine_de_Soultzmatt
Fontaine_de_Spili
Fontaine_de_Stravinski
Fontaine_de_Taninges
Fontaine_de_Tantale
Fontaine_de_Terazije
Fontaine_de_Thonon-les-Bains
Fontaine_de_Tophane
Fontaine_de_Tourny
Fontaine_de_Trescoët
Fontaine_de_Trevi
Fontaine_de_Trévi
Fontaine_de_Turckheim
Fontaine_de_Vaucluse
Fontaine_de_Villers-Cotterêts
Fontaine_de_Vénus
Fontaine_de_Wasselonne
Fontaine_de_Westhoffen
Fontaine_de_Zähringen
Fontaine_de_barenton
Fontaine_de_carnaval_(Mayence)
Fontaine_de_chaîne
Fontaine_de_dégraissage
Fontaine_de_dévotion
Fontaine_de_dévotion_Saint-Georges
Fontaine_de_jouvence
Fontaine_de_jouvence_(conte_japonais)
Fontaine_de_l'Abbaye_de_Saint-Germain-des-Prés
Fontaine_de_l'Acqua_Acetosa
Fontaine_de_l'Aigle
Fontaine_de_l'Ange_(Carpentras)
Fontaine_de_l'Archevêché
Fontaine_de_l'Artichaut
Fontaine_de_l'Avril
Fontaine_de_l'Encelade
Fontaine_de_l'Etat-Major
Fontaine_de_l'Exèdre
Fontaine_de_l'Homme_Sauvage
Fontaine_de_l'Institut
Fontaine_de_l'Observatoire
Fontaine_de_l'Ogre
Fontaine_de_l'Ourq
Fontaine_de_l'Ours
Fontaine_de_l'an_2000
Fontaine_de_l'ancien_Réservoir
Fontaine_de_l'ancien_hôtel_de_la_trésorerie_générale_de_Mézières
Fontaine_de_l'ange_(Carpentras)
Fontaine_de_l'hôtel_de_Valori
Fontaine_de_l'État-Major
Fontaine_de_l'église_Saint-Benoît
Fontaine_de_l'éléphant
Fontaine_de_l'éléphant_(Cordoue)
Fontaine_de_l'éléphant_(homonymie)
Fontaine_de_la_Bastille
Fontaine_de_la_Cabraïa
Fontaine_de_la_Cathédrale
Fontaine_de_la_Charité
Fontaine_de_la_Clarté
Fontaine_de_la_Colonne
Fontaine_de_la_Croix-de-Pierre
Fontaine_de_la_Croix_du_Trahoir
Fontaine_de_la_Crosse
Fontaine_de_la_Duchesse
Fontaine_de_la_Flèche
Fontaine_de_la_Galère
Fontaine_de_la_Grave
Fontaine_de_la_Grenouille
Fontaine_de_la_Grille_du_Coq
Fontaine_de_la_Halle_aux_Blés
Fontaine_de_la_Justice
Fontaine_de_la_Justice_(Berne)
Fontaine_de_la_Justice_(Cudrefin)
Fontaine_de_la_Justice_(Francfort-sur-le-Main)
Fontaine_de_la_Justice_(Lausanne)
Fontaine_de_la_Mule-Noire
Fontaine_de_la_Mule_Noire
Fontaine_de_la_Navicella
Fontaine_de_la_Paix
Fontaine_de_la_Petite-Halle
Fontaine_de_la_Piazza_Mastai
Fontaine_de_la_Plomée
Fontaine_de_la_Poissonnerie
Fontaine_de_la_Porte-Dorée
Fontaine_de_la_Porte_Dorée
Fontaine_de_la_Prison
Fontaine_de_la_Pyramide
Fontaine_de_la_Reine
Fontaine_de_la_Reynie
Fontaine_de_la_Roquette
Fontaine_de_la_Rotonde
Fontaine_de_la_Régénération
Fontaine_de_la_Sellaria
Fontaine_de_la_Sinne
Fontaine_de_la_Sirène
Fontaine_de_la_Sirène_de_Lleida
Fontaine_de_la_Sirène_de_Lérida
Fontaine_de_la_Terrine
Fontaine_de_la_Tradition
Fontaine_de_la_Trinité
Fontaine_de_la_Trinité-Bezver
Fontaine_de_la_Valette_(Laval)
Fontaine_de_la_Victoire
Fontaine_de_la_Vierge
Fontaine_de_la_Vierge,_dite_Fontaine_Miraculeuse
Fontaine_de_la_Vierge,_dite_Fontaine_Miraculeuse_ou_Notre-Dame-du-Roncier
Fontaine_de_la_Vierge_(Altkirch)
Fontaine_de_la_Vierge_(La_Réunion)
Fontaine_de_la_Vierge_(Paris)
Fontaine_de_la_cour_du_15_rue_du_Louvre
Fontaine_de_la_déesse_Rome
Fontaine_de_la_nymphe_Amalthée
Fontaine_de_la_piazza_Campitelli
Fontaine_de_la_piazza_Colonna
Fontaine_de_la_piazza_Mastai
Fontaine_de_la_piazza_Mazzini
Fontaine_de_la_piazza_San_Simeone
Fontaine_de_la_piazza_dell'Aracoeli
Fontaine_de_la_piazza_della_Madonna_dei_Monti
Fontaine_de_la_place_Charles-Gruet
Fontaine_de_la_place_Charles_Gruet
Fontaine_de_la_place_Colbert_(Rochefort)
Fontaine_de_la_place_François-Ier
Fontaine_de_la_place_François_Ier
Fontaine_de_la_place_Guichard
Fontaine_de_la_place_Musalla
Fontaine_de_la_place_Saint-Georges
Fontaine_de_la_place_Sainte-Croix
Fontaine_de_la_place_San_Marco
Fontaine_de_la_place_Sant'Andrea_della_Valle
Fontaine_de_la_place_Santa_Maria_Maggiore
Fontaine_de_la_place_Santa_Maria_in_Trastevere
Fontaine_de_la_place_Victor-Hugo
Fontaine_de_la_place_centrale_de_Tampere
Fontaine_de_la_place_de_l'Ancienne-Halle
Fontaine_de_la_place_de_l'Ancienne-Halle_(Aubusson)
Fontaine_de_la_place_de_l'Hôtel-de-Ville
Fontaine_de_la_place_de_l'École
Fontaine_de_la_place_de_la_Halle_(Givry)
Fontaine_de_la_place_de_la_République_(Le_Château-d'Oléron)
Fontaine_de_la_place_de_lՃcole
Fontaine_de_la_place_des_Cinq_Écoles
Fontaine_de_la_place_du_Maréchal-Lyautey
Fontaine_de_la_place_du_Viminal
Fontaine_de_la_pointe_Saint-Eustache
Fontaine_de_la_rue_Censier
Fontaine_de_la_rue_Cherche-Midi
Fontaine_de_la_rue_des_Ursins
Fontaine_de_la_ruelle_Lamberton_a_Bitche
Fontaine_de_la_ruelle_Lamberton_à_Bitche
Fontaine_de_la_ruelle_lamberton_à_bitche
Fontaine_de_la_sirène_du_Danube
Fontaine_de_lave
Fontaine_de_moutte
Fontaine_de_neptune_(bologne)
Fontaine_de_pallas_athéna
Fontaine_de_saint-Algis
Fontaine_de_tempérance_à_Washington,_D.C.
Fontaine_de_trevi
Fontaine_de_vie
Fontaine_de_Čukur_à_Belgrade
Fontaine_del_Babuino
Fontaine_del_Saulx
Fontaine_des_Abeilles
Fontaine_des_Agenouillés_(Bruxelles)
Fontaine_des_Agenouillés_(Gand)
Fontaine_des_Ambassadeurs
Fontaine_des_Amphores
Fontaine_des_Anglais
Fontaine_des_Anglais_(Capdenac)
Fontaine_des_Augustins
Fontaine_des_Augustins_(Aix-en-Provence)
Fontaine_des_Augustins_(Pernes-les-Fontaines)
Fontaine_des_Bagniers
Fontaine_des_Barres
Fontaine_des_Boucheries
Fontaine_des_Brigittins
Fontaine_des_Canalettes
Fontaine_des_Canards
Fontaine_des_Cariatides
Fontaine_des_Carmes
Fontaine_des_Carmes_(Besançon)
Fontaine_des_Carmes_(Reims)
Fontaine_des_Cinq-Plaies
Fontaine_des_Cinq-plaies
Fontaine_des_Clarisses
Fontaine_des_Dames
Fontaine_des_Dioscures
Fontaine_des_Fleuves
Fontaine_des_Grands_Lacs
Fontaine_des_Grenouilles
Fontaine_des_Grenouilles_(Séville)
Fontaine_des_Haudriettes
Fontaine_des_Innocents
Fontaine_des_Invalides
Fontaine_des_Jacobins
Fontaine_des_Lions
Fontaine_des_Lions_(Clermont-Ferrand)
Fontaine_des_Lions_(Plauzat)
Fontaine_des_Lions_(Riom)
Fontaine_des_Mascarons_(Séguret)
Fontaine_des_Mascarons_de_Séguret
Fontaine_des_Mers
Fontaine_des_Naïades
Fontaine_des_Nereides
Fontaine_des_Neuf-Canons
Fontaine_des_Neuf_Canons
Fontaine_des_Neuf_Jets
Fontaine_des_Néréides
Fontaine_des_Phocéens
Fontaine_des_Phocéens_dite_des_Tritons
Fontaine_des_Pisseurs
Fontaine_des_Pisseurs_(Lacaune)
Fontaine_des_Polypores
Fontaine_des_Prêcheurs
Fontaine_des_Quatre-Dauphins
Fontaine_des_Quatre-Fleuves
Fontaine_des_Quatre-Parties-du-Monde
Fontaine_des_Quatre-Saisons
Fontaine_des_Quatre-Saisons_(Clermont-Ferrand)
Fontaine_des_Quatre-Tias
Fontaine_des_Quatre_Fleuves
Fontaine_des_Quatre_Lions
Fontaine_des_Quatre_Parties_du_Monde
Fontaine_des_Quatre_Saisons
Fontaine_des_Quatre_Tias
Fontaine_des_Quatre_Évêques
Fontaine_des_Récollets
Fontaine_des_Récollets_de_Port-Louis
Fontaine_des_Tables
Fontaine_des_Tanneurs
Fontaine_des_Tortues
Fontaine_des_Tritons
Fontaine_des_Tritons_(Nice)
Fontaine_des_Trois_Croix
Fontaine_des_Trois_Grâces
Fontaine_des_Trois_Grâces_(Bordeaux)
Fontaine_des_Trois_Grâces_(Montpellier)
Fontaine_des_Vallenet
Fontaine_des_Vallenets
Fontaine_des_Vignerons
Fontaine_des_Wittelsbach
Fontaine_des_Yeux
Fontaine_des_amoureux_de_science
Fontaine_des_arts_et_métiers
Fontaine_des_bains_mystérieux
Fontaine_des_cinq_plaies
Fontaine_des_comtes_d'Egmont_et_de_Horne
Fontaine_des_comtes_d'Egmont_et_de_Hornes
Fontaine_des_comtes_d'egmont_et_de_hornes
Fontaine_des_eaux_d'Arcier
Fontaine_des_elephants
Fontaine_des_fleuves
Fontaine_des_fleuves_(Louvois)
Fontaine_des_innocents
Fontaine_des_mers
Fontaine_des_néréides
Fontaine_des_orateurs_sacrés
Fontaine_des_quatre-fleuves
Fontaine_des_quatre-parties-du-monde
Fontaine_des_quatre_points_cardinaux
Fontaine_des_tortues
Fontaine_des_trois_Grâces
Fontaine_des_trois_Grâces_(Bordeaux)
Fontaine_des_trois_ordres
Fontaine_des_trois_évêques
Fontaine_des_Éléphants
Fontaine_des_éléphants
Fontaine_du_Banneret
Fontaine_du_Banneret_(Berne)
Fontaine_du_Banneret_(Payerne)
Fontaine_du_Barbâtre
Fontaine_du_Belvédère_de_Capodimonte
Fontaine_du_Cerf
Fontaine_du_Chaume
Fontaine_du_Château_d'eau
Fontaine_du_Château_d'eau_(Degeorge)
Fontaine_du_Château_d'eau_(Degeorges)
Fontaine_du_Château_d'eau_(Gabriel_Davioud)
Fontaine_du_Château_d'eau_(Guillaume-Thérèse-Antoine_Degeorge)
Fontaine_du_Château_d'eau_(Guillaume-Thérèse-Antoine_Degeorges)
Fontaine_du_Château_d'eau_(Pierre-Simon_Girard)
Fontaine_du_Château_d'eau_(Riom)
Fontaine_du_Château_d'eau_de_Montmartre
Fontaine_du_Châtelet
Fontaine_du_Cirque
Fontaine_du_Coq
Fontaine_du_Cours
Fontaine_du_Cupidon
Fontaine_du_Cygne
Fontaine_du_Doubs
Fontaine_du_Fellah
Fontaine_du_Garraffo
Fontaine_du_Grand_Palais
Fontaine_du_Grand_Sablon
Fontaine_du_Grand_Sablon_à_Bruxelles
Fontaine_du_Gros-Caillou
Fontaine_du_Lavoir
Fontaine_du_Lavoir_de_Sermange
Fontaine_du_Marché-Saint-Germain
Fontaine_du_Marché-Saint-Honoré
Fontaine_du_Marché-aux-Carmes
Fontaine_du_Marou
Fontaine_du_Maure
Fontaine_du_Molard
Fontaine_du_Palais_(Laval)
Fontaine_du_Palais_de_Tokyo
Fontaine_du_Palmier
Fontaine_du_Parlement
Fontaine_du_Parvis_Notre-Dame
Fontaine_du_Patis
Fontaine_du_Petit_Palais
Fontaine_du_Peyra
Fontaine_du_Pied-Boulet
Fontaine_du_Pilori
Fontaine_du_Pilori_(Saint-Jean-d'Angély)
Fontaine_du_Pilori_de_La_Rochelle
Fontaine_du_Plot
Fontaine_du_Point_du_Jour
Fontaine_du_Ponceau
Fontaine_du_Pont-de-Cité
Fontaine_du_Pont_Joubert
Fontaine_du_Pot-de-Fer
Fontaine_du_Poète
Fontaine_du_Pré-Madame
Fontaine_du_Pré-Saint-Gervais
Fontaine_du_Puits_Lori
Fontaine_du_Puits_de_Grenelle
Fontaine_du_Pêcheur
Fontaine_du_Regard
Fontaine_du_Roy_(Ville-d'Avray)
Fontaine_du_Roy_(Ville_d'Avray)
Fontaine_du_Saint
Fontaine_du_Sebeto
Fontaine_du_Soir_(jardins_de_Versailles)
Fontaine_du_Square_Suzanne-Buisson
Fontaine_du_Square_Suzanne_Buisson
Fontaine_du_Terrail
Fontaine_du_Theron
Fontaine_du_Théron
Fontaine_du_Triton
Fontaine_du_Triton_(Naples)
Fontaine_du_Triton_(Rome)
Fontaine_du_Trocadéro
Fontaine_du_Trullo
Fontaine_du_Trésor
Fontaine_du_Vater_Rhein
Fontaine_du_Vert_bois
Fontaine_du_Vieux-Mazel
Fontaine_du_bassin_Soufflot
Fontaine_du_bourg_de_Sainte-Hélène
Fontaine_du_carnaval
Fontaine_du_centenaire
Fontaine_du_col_de_Saverne
Fontaine_du_cours_Sextius
Fontaine_du_grand_sablon
Fontaine_du_jardin_Villemin
Fontaine_du_lavoir_de_Sermange
Fontaine_du_marché_Saint-Martin
Fontaine_du_marché_des_Blancs-Manteaux
Fontaine_du_mémorial_Butt-Millet
Fontaine_du_mémorial_Darlington
Fontaine_du_palais_de_Tokyo
Fontaine_du_palmier
Fontaine_du_parvis_de_Notre-Dame
Fontaine_du_pilori
Fontaine_du_port_de_Ripetta
Fontaine_du_prince_Milo≈°_sur_le_Trebiƒ?ki_put_√†_Sokobanja
Fontaine_du_puits_de_Grenelle
Fontaine_du_rond-point_Dupont
Fontaine_du_square_Lamartine
Fontaine_du_square_Tolstoï
Fontaine_du_temps
Fontaine_et_puits_de_Westhalten
Fontaine_gallo-romaine
Fontaine_gallo-romaine_de_Braux-le-Châtel
Fontaine_gothique_de_Beblenheim
Fontaine_intermittente_de_Fontestorbes
Fontaine_intermittente_de_fontestorbes
Fontaine_l'Amour
Fontaine_l'Embâcle
Fontaine_l'Hydrorrhage
Fontaine_la_rivière
Fontaine_le_Comte
Fontaine_le_Port
Fontaine_le_comte
Fontaine_les_Lions
Fontaine_les_luxeuil
Fontaine_lumineuse
Fontaine_magique_de_Montjuic
Fontaine_magique_de_Montjuïc
Fontaine_monumentale
Fontaine_monumentale_d'Argentomagus
Fontaine_monumentale_d'Évreux
Fontaine_mémorial_Diana
Fontaine_narrative
Fontaine_orientale
Fontaine_place_Saint-Georges_à_Haguenau
Fontaine_publique_d'Orange
Fontaine_publique_de_Lourmarin
Fontaine_pétrifiante
Fontaine_pétrifiante_de_Réotier
Fontaine_rene
Fontaine_rené
Fontaine_rouge
Fontaine_saint-michel
Fontaine_spatiale
Fontaine_sud-est
Fontaine_verte
Fontaine_votive_et_groupe_commémoratif_du_Pas_de_la_Mule
Fontaine_à_bière
Fontaine_à_capia
Fontaine_à_chocolat
Fontaine_à_coco
Fontaine_à_coupole_de_Sidi_Abdessalem
Fontaine_à_dévotion
Fontaine_à_parfum_de_Louis_XV
Fontaine_à_vin
Fontaine_émergente
Fontaine_érigée_en_l'honneur_de_Claude
Fontaine_ƒ?erenka_√†_Vranje
Fontainebleau
Fontainebleau-Avon
Fontainebleau_(La_Nouvelle-Orléans)
Fontainebleau_(Louisiane)
Fontainebleau_(Quebec)
Fontainebleau_(Québec)
Fontainebleau_(dessert)
Fontainebleau_(fromage)
Fontainebleau_(homonymie)
Fontainebleau_(paquebot)
Fontainebleau_Miami_Beach
Fontainebleau_Resort_&_Casino
Fontainebleau_Resort_Las_Vegas
Fontainebleau_Resorts
Fontainebleau_resort_&_casino
Fontainebrux
Fontainemelon
Fontainemore
Fontainerie
Fontaines
Fontaines-D'Ozillac
Fontaines-En-Duesmois
Fontaines-En-Sologne
Fontaines-Larivière
Fontaines-Les-Sèches
Fontaines-Saint-Clair
Fontaines-Saint-Martin
Fontaines-Sur-Grandson
Fontaines-Sur-Marne
Fontaines-Sur-Saône
Fontaines-d'Ozillac
Fontaines-d'ozillac
Fontaines-en-Duesmois
Fontaines-en-Sologne
Fontaines-en-duesmois
Fontaines-en-sologne
Fontaines-lavoirs_de_Ruhans
Fontaines-les-Nonnes_(prieuré)
Fontaines-les-Seches
Fontaines-les-Sèches
Fontaines-les-sèches
Fontaines-obélisques
Fontaines-saint-clair
Fontaines-saint-martin
Fontaines-sur-Grandson
Fontaines-sur-Marne
Fontaines-sur-Saone
Fontaines-sur-Saône
Fontaines-sur-grandson
Fontaines-sur-marne
Fontaines-sur-saône
Fontaines_(NE)
Fontaines_(Neuchatel)
Fontaines_(Neuchâtel)
Fontaines_(Saone-et-Loire)
Fontaines_(Saône-et-Loire)
Fontaines_(Vendee)
Fontaines_(Vendée)
Fontaines_(Yonne)
Fontaines_(saône-et-loire)
Fontaines_Bayard_Lyon
Fontaines_D.C.
Fontaines_De_La_Rome_Antique
Fontaines_Montefiore
Fontaines_Roland
Fontaines_Salées
Fontaines_Wallace
Fontaines_Wallace_de_la_place_Louis-Lépine
Fontaines_bleues
Fontaines_d'Aix-en-Provence
Fontaines_d'Israel_(Schein)
Fontaines_d'Israël_(Schein)
Fontaines_de_Besançon
Fontaines_de_Mende
Fontaines_de_Pernes-les-Fontaines
Fontaines_de_Remiremont
Fontaines_de_la_Concorde
Fontaines_de_la_Rome_antique
Fontaines_de_la_place_Farnese
Fontaines_de_la_place_Saint-Pierre
Fontaines_de_la_place_des_Vosges
Fontaines_de_la_porte_de_Saint-Cloud
Fontaines_de_la_rome_antique
Fontaines_des_Landes
Fontaines_du_Jardin_des_Tuileries
Fontaines_du_Théâtre-Français
Fontaines_du_Théâtre_Français
Fontaines_du_décret_de_Saint-Cloud
Fontaines_du_jardin_du_Trocadéro
Fontaines_protégées_aux_monuments_historiques_dans_le_Grand_Est
Fontaines_protégées_aux_monuments_historiques_dans_les_Hauts-de-France
Fontaines_protégées_aux_monuments_historiques_en_Auvergne-Rhône-Alpes
Fontaines_protégées_aux_monuments_historiques_en_Bourgogne-Franche-Comté
Fontaines_protégées_aux_monuments_historiques_en_Bretagne
Fontaines_protégées_aux_monuments_historiques_en_Centre-Val_de_Loire
Fontaines_protégées_aux_monuments_historiques_en_Normandie
Fontaines_protégées_aux_monuments_historiques_en_Nouvelle-Aquitaine
Fontaines_protégées_aux_monuments_historiques_en_Outre-Mer
Fontaines_protégées_aux_monuments_historiques_en_Pays_de_la_Loire
Fontaines_protégées_aux_monuments_historiques_en_Provence-Alpes-Côte_d'Azur
Fontaines_protégées_aux_monuments_historiques_en_Région_Occitanie
Fontaines_protégées_aux_monuments_historiques_en_Île-de-France
Fontaines_publiques_de_Besançon
Fontaines_sur_Saône
Fontaines_turques_à_Stari_Ladinci
Fontaines_turques_à_Stari_Ledinci
Fontaines_à_dévotion
Fontaines_à_vin
Fontainhas
Fontainier
Fontainière
Fontains
Fontal
Fontalès
Fontamara
Fontamara_(film)
Fontan
Fontan_(homonymie)
Fontana
Fontana_(Californie)
Fontana_(Gozo)
Fontana_(Kansas)
Fontana_(Novi_Beograd)
Fontana_(label)
Fontana_Dam
Fontana_Dam_(Caroline_du_Nord)
Fontana_Liri
Fontana_Maggiore
Fontana_Maggiore_(Pérouse)
Fontana_Pretoria
Fontana_Records
Fontana_Rosa
Fontana_del_Bacchino
Fontana_del_Gigante
Fontana_del_Nettuno
Fontana_del_Porcellino
Fontana_dell'Acqua_Felice
Fontana_dell'Acqua_Paola
Fontana_delle_Tette
Fontana_di_Rosello
Fontanafredda
Fontanals_de_Cerdanya
Fontanar
Fontanara
Fontanarejo
Fontanares
Fontanarosa
Fontanarosa_(Italie)
Fontanarosa_(commune_d'Italie)
Fontanarossa
Fontanars_dels_Alforins
Fontanas
Fontane_Sisters
Fontane_di_Roma
Fontaneda_(Andorre)
Fontanel
Fontanelice
Fontanella
Fontanella_(Autriche)
Fontanella_(Italie)
Fontanellato
Fontanelle
Fontanelle_(Iowa)
Fontanelle_(Italie)
Fontanelle_(Nebraska)
Fontanelle_(homonymie)
Fontanelli
Fontanes
Fontanes-Du-Causse
Fontanes-Lugarde
Fontanes-de-Sault
Fontanes-du-Causse
Fontanes-du-causse
Fontanes_(Gard)
Fontanes_(Herault)
Fontanes_(Loire)
Fontanes_(Lot)
Fontanes_(Lozere)
Fontanes_(Lozère)
Fontanesia
Fontanet
Fontaneto_d'Agogna
Fontanetto_Po
Fontanezier
Fontange
Fontanges
Fontanges_(Cantal)
Fontanges_(homonymie)
Fontangy
Fontanier
Fontanier_de_Vassal
Fontanieres
Fontanieu
Fontanigorda
Fontanil
Fontanil-Cornillon
Fontanile
Fontanillas
Fontanille
Fontanilles
Fontanils
Fontanini
Fontaniva
Fontanières
Fontanka
Fontannaz
Fontannes
Fontannes_(homonymie)
Fontano
Fontans
Fontanès
Fontanès-De-Sault
Fontanès-de-Sault
Fontanès-de-sault
Fontanès_(Gard)
Fontanès_(Hérault)
Fontanès_(Loire)
Fontao
Fontarabie
Fontarcada
Fontarcada_(Póvoa_de_Lanhoso)
Fontareches
Fontarrabie
Fontarrabie_(Albert_Marquet)
Fontarrabie_par_temps_gris
Fontarèches
Fontarède
Fontarón
Fontaulière
Fontayne
Fontaynous
Fontblisse
Fontbonne
Fontburn
Fontcalvy
Fontclaireau
Fontcoberta
Fontconfig
Fontcouverte
Fontcouverte-La-Toussuire
Fontcouverte-la-Toussuire
Fontcouverte-la-toussuire
Fontcouverte-la_Toussuire
Fontcouverte_(Aude)
Fontcouverte_(Charente-Maritime)
Fontcouverte_(Savoie)
Fontcouverte_(charente-maritime)
Fontcouverte_(feuilleton_televise)
Fontcouverte_(feuilleton_télévisé)
Fontcouverte_(série_télévisée)
Fontcuberta
Fontcuberta_Joan
Fonte
FonteLonga_(Meda)
Fonte_(Italie)
Fonte_(Métallurgie)
Fonte_(famille)
Fonte_(metallurgie)
Fonte_(métallurgie)
Fonte_Arcada
Fonte_Bainitique
Fonte_Boa_(Amazonas)
Fonte_De_Angeão
Fonte_De_Caractères
Fonte_Des_Semis
Fonte_Gaia
Fonte_Gaia_(Sienne)
Fonte_Longa
Fonte_Longa_(Carrazeda_de_Ansiães)
Fonte_Longa_(Meda)
Fonte_Longa_(Mêda)
Fonte_Multiple_master
Fonte_Nova
Fonte_Nuova
Fonte_Ostiense
Fonte_PostScript
Fonte_bainitique
Fonte_brute
Fonte_brute_de_nickel
Fonte_d'aluminium
Fonte_d'art
Fonte_de_Angeao
Fonte_de_Angeão
Fonte_de_angeão
Fonte_de_caracteres
Fonte_de_caractère
Fonte_de_caractères
Fonte_della_Fata_Morgana
Fonte_des_glaces
Fonte_des_glaces_(nouvelle)
Fonte_des_neiges
Fonte_des_semis
Fonte_des_semis_de_la_carotte
Fonte_ductile
Fonte_grise
Fonte_musculaire
Fonte_nivale
Fonte_numérique
Fontearcuda
Fonteblanda
Fontebranda
Fontecchio
Fontecha
Fontecha-Fontetxa
Fontechiari
Fonteclose
Fontego_dei_Tedeschi
Fontego_dei_Turchi
Fontegreca
Fonteinebleau
Fonteinisten
Fonteius_Maximus
Fontella_Bass
Fontellas
Fontem
Fontenai-Les-Louvets
Fontenai-Sur-Orne
Fontenai-les-Louvets
Fontenai-les-louvets
Fontenai-sur-Orne
Fontenai-sur-orne
Fontenaille
Fontenailles
Fontenailles_(Calvados)
Fontenailles_(Seine-et-Marne)
Fontenailles_(Yonne)
Fontenailles_(seine-et-marne)
Fontenais
Fontenay
Fontenay,_Vendée
Fontenay-Aux-Roses_(Chanson)
Fontenay-De-Bossery
Fontenay-En-Parisis
Fontenay-Le-Comte
Fontenay-Le-Fleury
Fontenay-Le-Marmion
Fontenay-Le-Pesnel
Fontenay-Le-Vicomte
Fontenay-Lès-Briis
Fontenay-Mauvoisin
Fontenay-Près-Chablis
Fontenay-Près-Vézelay
Fontenay-Saint-Cloud
Fontenay-Saint-Pere
Fontenay-Saint-Père
Fontenay-Sous-Bois
Fontenay-Sous-Fouronnes
Fontenay-Sur-Conie
Fontenay-Sur-Eure
Fontenay-Sur-Loing
Fontenay-Sur-Mer
Fontenay-Sur-Vègre
Fontenay-Torcy
Fontenay-Tresigny
Fontenay-Trésigny
Fontenay-aux-Roses
Fontenay-aux-Roses_(chanson)
Fontenay-aux-roses
Fontenay-aux-roses_(chanson)
Fontenay-de-Bossery
Fontenay-de-bossery
Fontenay-en-Brie
Fontenay-en-Parisis
Fontenay-en-Vexin
Fontenay-en-parisis
Fontenay-le-Comte
Fontenay-le-Fleury
Fontenay-le-Marmion
Fontenay-le-Pesnel
Fontenay-le-Peuple
Fontenay-le-Tesson
Fontenay-le-Vicomte
Fontenay-le-comte
Fontenay-le-fleury
Fontenay-le-marmion
Fontenay-le-pesnel
Fontenay-le-vicomte
Fontenay-les-Briis
Fontenay-lès-Briis
Fontenay-lès-briis
Fontenay-mauvoisin
Fontenay-pres-Chablis
Fontenay-pres-Vezelay
Fontenay-près-Chablis
Fontenay-près-Vézelay
Fontenay-près-chablis
Fontenay-près-vézelay
Fontenay-saint-père
Fontenay-sous-Bois
Fontenay-sous-Fouronnes
Fontenay-sous-bois
Fontenay-sous-fouronnes
Fontenay-sur-Conie
Fontenay-sur-Eure
Fontenay-sur-Loing
Fontenay-sur-Mer
Fontenay-sur-Vegre
Fontenay-sur-Vègre
Fontenay-sur-conie
Fontenay-sur-eure
Fontenay-sur-le-Vey
Fontenay-sur-loing
Fontenay-sur-mer
Fontenay-sur-vègre
Fontenay-torcy
Fontenay-trésigny
Fontenay_(Calvados)
Fontenay_(Eure)
Fontenay_(Indre)
Fontenay_(Manche)
Fontenay_(Saone-et-Loire)
Fontenay_(Saône-et-Loire)
Fontenay_(Seine-Maritime)
Fontenay_(Vosges)
Fontenay_(saône-et-loire)
Fontenay_(seine-maritime)
Fontenay_Trésigny
Fontenay_US
Fontenay_aux_Roses
Fontenay_en_Parisis
Fontenay_le_Comte
Fontenay_le_Pesnel
Fontenay_le_vicomte
Fontenay_les_Biis
Fontenay_lès_briis
Fontenay_sous_Bois
Fontenay_sur_Seine
Fontenay_tresigny
Fonteneau
Fontenelay
Fontenelle
Fontenelle-En-Brie
Fontenelle-Montby
Fontenelle-en-Brie
Fontenelle-en-brie
Fontenelle-montby
Fontenelle_(Aisne)
Fontenelle_(Belgique)
Fontenelle_(Cote-d'Or)
Fontenelle_(Côte-d'Or)
Fontenelle_(Doubs)
Fontenelle_(Eure)
Fontenelle_(Territoire_De_Belfort)
Fontenelle_(Territoire_de_Belfort)
Fontenelle_(cratère)
Fontenelle_(côte-d'or)
Fontenelle_(homonymes)
Fontenelle_(homonymie)
Fontenelle_(territoire_de_belfort)
Fontenelles
Fontenermont
Fontenet
Fontenille
Fontenille-Saint-Martin-D'Entraigues
Fontenille-Saint-Martin-d'Entraigues
Fontenille-saint-martin-d'entraigues
Fontenille_(Charente)
Fontenille_(Deux-Sèvres)
Fontenille_(Ville)
Fontenille_(ville)
Fontenilles
Fontenilles-D'Aigueparse
Fontenilles-d'Aigueparse
Fontenilles-d'aigueparse
Fontenilles_(Dordogne)
Fonteno
Fontenoille
Fontenois
Fontenois-La-Ville
Fontenois-Lès-Montbozon
Fontenois-la-Ville
Fontenois-la-ville
Fontenois-les-Montbozon
Fontenois-lès-Montbozon
Fontenois-lès-montbozon
Fontenot
Fontenotte
Fontenouilles
Fontenoy
Fontenoy-La-Joûte
Fontenoy-Le-Château
Fontenoy-en-Puisaye
Fontenoy-la-Joute
Fontenoy-la-Joûte
Fontenoy-la-joûte
Fontenoy-le-Chateau
Fontenoy-le-Château
Fontenoy-le-château
Fontenoy-sur-Moselle
Fontenoy_(1858)
Fontenoy_(Aisne)
Fontenoy_(Antoing)
Fontenoy_(Belgique)
Fontenoy_(Clavier)
Fontenoy_(Hainaut)
Fontenoy_(Yonne)
Fontenu
Fontenu_(homonymie)
Fonteny
Fonteny_(Belgique)
Fonteny_(Jura)
Fonteny_(Moselle)
Fonterra
Fonters-Du-Razès
Fonters-du-Razes
Fonters-du-Razès
Fonters-du-razès
Fontes
Fontes_(Espagne)
Fontes_(Santa_Marta_de_Penaguião)
Fontes_De_Caractères_Unicode_Libres
Fontes_Hispaniae_Antiquae
Fontes_Multiple_master
Fontes_Pereira_de_Melo
Fontes_PostScript
Fontes_SVG
Fontes_Tamarici
Fontes_de_caracteres_unicode_libres
Fontes_de_caractères
Fontes_de_caractères_unicode_libres
Fontes_postscript
Fontestorbes
Fontet
Fontette
Fontette_(Saône-et-Loire)
Fontetxa
Fontevivo
Fontevraud
Fontevraud-L'Abbaye
Fontevraud-l'Abbaye
Fontevraud-l'abbaye
Fontevraud-l’Abbaye
Fontevrault
Fontevrault-l'Abbaye
Fonteyn_(cratère)
Fonteyne
Fontforge
Fontfrede_(Pyrenees-Orientales)
Fontfreyde
Fontfroide
Fontfrède
Fontfrède_(Pyrénées-Orientales)
Fontfrède_(pyrénées-orientales)
Fontgiève
Fontgombault
Fontgrise
Fontguenand
Fonthill_Gifford
Fonti
Fontibón
Fonticula
Fonticula_alba
Fonticulaceae
Fonticulea
Fonticulida
Fontienne
Fontiers-Cabardes
Fontiers-Cabardès
Fontiers-cabardès
Fonties-d'Aude
Fontignano
Fontigny-et-Robertchamp
Fontihoyuelo
Fontin
Fontina
Fontina_DOP
Fontinale_commune
Fontinalia
Fontinalis_antipyretica
Fontine
Fontioso
Fontis
Fontitrygon_colarensis
Fontiveros
Fontivillié
Fontiès-D'Aude
Fontiès-d'Aude
Fontiès-d'aude
Fontjoncouse
Fontlozier
Fontmatrix
Fontmell_Magna
Fontmerle
Fontmorigny
Fontolière
Fonton
Fontoura_Xavier
Fontoy
Fontoy_(Bourgogne)
Fontpedrouse
Fontpédrouse
Fontrabiouse
Fontrailles
Fontreboule
Fontrieu
Fontrouge
Fontrousse
Fonts_Baptismaux
Fonts_Baptismaux_De_Saint-Barthélemy
Fonts_baptismaux
Fonts_baptismaux_St-Barthélemy
Fonts_baptismaux_d'Agonnay
Fonts_baptismaux_d'Épône
Fonts_baptismaux_d'Éréac
Fonts_baptismaux_de_Beauvechain
Fonts_baptismaux_de_Bougival
Fonts_baptismaux_de_Bray-sur-Seine
Fonts_baptismaux_de_Brives-sur-Charente
Fonts_baptismaux_de_Brusvily
Fonts_baptismaux_de_Chavenay
Fonts_baptismaux_de_Chermignac
Fonts_baptismaux_de_Courpignac
Fonts_baptismaux_de_Feucherolles
Fonts_baptismaux_de_Furnaux
Fonts_baptismaux_de_Gentinnes
Fonts_baptismaux_de_Gerpinnes
Fonts_baptismaux_de_Guenroc
Fonts_baptismaux_de_Juziers
Fonts_baptismaux_de_Kerlaz
Fonts_baptismaux_de_La_Roche-Derrien
Fonts_baptismaux_de_Lamballe
Fonts_baptismaux_de_Lampaul-Guimiliau
Fonts_baptismaux_de_Landébia
Fonts_baptismaux_de_Limay
Fonts_baptismaux_de_Léhon
Fonts_baptismaux_de_Marolles-en-Hurepoix
Fonts_baptismaux_de_Maurepas_(Yvelines)
Fonts_baptismaux_de_Merdrignac
Fonts_baptismaux_de_Meulan-en-Yvelines
Fonts_baptismaux_de_Moncontour
Fonts_baptismaux_de_Montchauvet_(Yvelines)
Fonts_baptismaux_de_Médan
Fonts_baptismaux_de_Plancoët
Fonts_baptismaux_de_Planguenoual
Fonts_baptismaux_de_Pleudaniel
Fonts_baptismaux_de_Plougonver
Fonts_baptismaux_de_Plurien
Fonts_baptismaux_de_Plusquellec
Fonts_baptismaux_de_Plénée-Jugon
Fonts_baptismaux_de_Quintin
Fonts_baptismaux_de_Quévert
Fonts_baptismaux_de_Roscoff
Fonts_baptismaux_de_Rouillac_(Côtes-d'Armor)
Fonts_baptismaux_de_Saint-Arnoult-en-Yvelines
Fonts_baptismaux_de_Saint-Barthelemy
Fonts_baptismaux_de_Saint-Barthélemy
Fonts_baptismaux_de_Saint-Eugène_(Charente-Maritime)
Fonts_baptismaux_de_Saint-Germain-de-Vibrac
Fonts_baptismaux_de_Saint-Michel-de-Plélan
Fonts_baptismaux_de_Saint-Méloir-des-Bois
Fonts_baptismaux_de_Saint-Séverin-en-Condroz
Fonts_baptismaux_de_Termonde
Fonts_baptismaux_de_Theux
Fonts_baptismaux_de_Tramain
Fonts_baptismaux_de_Trigavou
Fonts_baptismaux_de_Trédias
Fonts_baptismaux_de_Tréguier
Fonts_baptismaux_de_Trémeur
Fonts_baptismaux_de_Zedelgem
Fonts_baptismaux_de_Zedelghem
Fonts_baptismaux_de_l'église_Notre-Dame_de_Ploujean
Fonts_baptismaux_de_saint-barthélemy
Fonts_baptismaux_des_Mathes
Fonts_baptismaux_du_Faou
Fontus
Fontus_(homonymie)
Fontus_(lac)
Fontuso
Fontvannes
Fontvieille
Fontvieille_(Monaco)
Fontvieille_(Principaute)
Fontvieille_(Principauté)
Fontvieille_(homonymie)
Fontvielle
Fontwork
Fontán_(homonymie)
Fontänen
Fontès
Fontête_(Saône-et-Loire)
Fonuafo'ou
Fonualei
Fonueha_Planitia
Fonville
Fonvisine
Fonvizinskaïa_(métro_de_Moscou)
Fony
Fony_(Borsod-Abaúj-Zemplén)
Fonyód
Fonz
Fonz_(jeu_vidéo)
Fonzaleche
Fonzaso
Fonzi
Fonzie
Fonzie_(groupe)
Fonzie_Time
Fonzo
Fonzy
Fonó
Foo
Foo_(personnage)
Foo_Fighter
Foo_Fighters
Foo_Fighters:_Sonic_Highways
Foo_Fighters_(Album)
Foo_Fighters_(album)
Foo_Fighters_(homonymie)
Foo_Fighters_(musique)
Foo_fighters_(album)
Foo_fighters_(phénomènes)
Foo_ji_ching
Foo_was_here
Foobar
Foobar2000
Foobar_(programmation)
Foobar_2000
Foochow_romanisé
Food
Food,_Inc
Food,_Inc.
Food-Court
Food-court
FoodCycle
Food_&_Allied
Food_&_Allied_Industries_Ltd.
Food_&_Drug_Administration
Food_&_Function
Food_&_History
Food_&_Liquor
Food_&_Liquor_II:_The_Great_American_Rap_Album_Pt._1
Food_&_liquor
Food_(album)
Food_Addit._Contam._Part_A-Chem.
Food_Additives_&_Contaminants:_Part_A_Chemistry,_Analysis,_Control,_Exposure_&_Risk_Assessment
Food_And_Drug_Administration
Food_Art
Food_Chem.
Food_Chemistry
Food_City_500
Food_Coop
Food_Corporation_of_India
Food_Court
Food_Evolution
Food_Force
Food_Funct.
Food_Hydrocolloids
Food_Inc.
Food_Lion
Food_Markenting_Institute
Food_Marketing_Institute
Food_Network
Food_Network_(Canada)
Food_Network_(Pologne)
Food_Network_Canada
Food_Not_Bombs
Food_Records
Food_Rocks
Food_Safety_Authority_of_Ireland
Food_Standards_Agency
Food_Wars!
Food_Will_Win_the_War
Food_and_Agriculture_Organization
Food_and_Agriculture_Organization_Corporate_Statistical_Database
Food_and_Agriculture_Organization_of_the_United_Nations
Food_and_Bioprocess_Technology
Food_and_Bioprocess_Technology_-_an_International_Journal
Food_and_Bioprocess_Technology_–_an_International_Journal
Food_and_Chemical_Toxicology
Food_and_Drug_Administration
Food_and_Drugs_Administration
Food_and_Function
Food_and_agriculture_organization
Food_and_drug_administration
Food_and_drugs_administration
Food_art
Food_city_500
Food_court
Food_courts
Food_engineering
Food_for_Feudin'
Food_for_Peace
Food_for_Thought
Food_for_Thought_(chanson_de_UB40)
Food_lab
Food_libel_laws
Food_not_bombs
Food_of_Love
Food_of_Love_(film,_1997)
Food_of_Love_(film,_2002)
Food_porn
Food_processor
Food_theme_park
Food_truck
Food_trucks
Foodfight!
Foodie
Foodie_Love
Fooding
Fooding_(guide)
Foodlab
Foodo
Foodo_(langue)
Foodora
Foodpairing
Foodporn
Foodvisor
Foodwatch
Fool
Fool's_Day
Fool's_Fire
Fool's_Garden
Fool's_Gold
Fool's_Gold_(groupe)
Fool's_Gold_Records
Fool's_Mate
Fool's_Mate_(album)
Fool's_Overture
Fool's_Paradise
Fool.com
Fool_Coverage
Fool_For_Love
Fool_Moon
Fool_for_Love
Fool_for_You
Fool_in_Love
Foolad_Ahvaz
Foolad_Arena
Foolbert_Sturgeon
Foolin'
Foolin'_Around
Foolin'_Around_(film)
Foolish_Behaviour
Foolish_Wives
Foolproof
Fools'_Parade
Fools_Dance
Fools_First
Fools_Garden
Fools_Like_Me
Fools_for_Luck
Fools_from_the_Streets
Fools_like_me
Fools_of_Fashion
Fools_of_Fortune
Fools_with_You
Fooly_Cooly
Fooly_cooly
Foolz
Foon
Fooot
Fooot_!
Foorplein_(prémétro_d'Anvers)
Foosland
Foosland_(Illinois)
Foot
Foot+
Foot+_24/24
Foot-Ball_Club_Internazionale
Foot-Ball_Club_Juventus
Foot-ball
Foot-candle
Foot-lambert
Foot-pound
Foot-pound_force
Foot224
Foot365
Foot365.fr
FootGolf
FootManiacs
Foot_(unit_of_length)
Foot_224
Foot_2_Rue
Foot_2_rue
Foot_2_rue_Saison
Foot_2_rue_extrême
Foot_3
Foot_Ball_Club_Brescia
Foot_Ball_Club_Melgar
Foot_Ball_Club_Novara
Foot_Ball_Club_Spezia
Foot_Ball_Club_Torino
Foot_Ball_Club_Unione_Venezia
Foot_Ball_Club_Unione_Venise
Foot_Fauteuil
Foot_Locker
Foot_Loose_&_Fancy_Free
Foot_Mercato
Foot_Of_The_Mountain_(album)
Foot_School_TV
Foot_US
Foot_américain
Foot_and_Co
Foot_and_co
Foot_de_boue
Foot_de_rue
Foot_fauteuil
Foot_freestyle
Foot_féminin
Foot_in_Mouth
Foot_of_Ten
Foot_of_the_Mountain
Foot_us
Foot_volley
Foot_à_5
Footbag
Football
Football-Club_Le_Mont-sur-Lausanne
Football-Club_de_Bex
Football-Coupe_Du_Monde
Football-Coupe_Du_Monde_1930
Football-club_de_la_Servette
Football365.fr
Football_(Hebdomadaire)
Football_(essai)
Football_(hebdomadaire)
Football_(homonymie)
Football_(jeu_vidéo)
Football_365
Football_Against_Racism_In_Europe
Football_Against_Racism_in_Europe
Football_Agglomération_Carcassonne
Football_Alliance
Football_Amateur_Club_de_Nice_1920
Football_Américain
Football_Américain_Dans_Le_Monde
Football_Américain_En_2006
Football_Américain_En_2007
Football_Américain_En_France
Football_Américain_Universitaire_Aux_États-Unis
Football_Association
Football_Association_Carcassonne_Villalbe
Football_Association_Community_Shield
Football_Association_Marseille_Féminin
Football_Association_of_Ireland
Football_Association_of_Malaysia
Football_Association_of_Wales
Football_Association_of_Zambia
Football_Athletic_Club
Football_Athletic_Club_Eendracht_Gand
Football_Athletique_Carcassonne_Villalbe
Football_Athlétic_Club_de_Nice
Football_Athlétique_Carcassonne_Villalbe
Football_Australien
Football_Australien_Dans_Le_Monde
Football_Australien_En_France
Football_Aux_Jeux_Olympiques
Football_Aux_Jeux_Olympiques_D'été_De_1936
Football_Aux_Jeux_Olympiques_D'été_De_1996
Football_Aux_Jeux_Olympiques_D'été_De_2008
Football_Aux_Jeux_Olympiques_De_1896
Football_Aux_Jeux_Olympiques_De_1900
Football_Aux_Jeux_Olympiques_De_1904
Football_Aux_Jeux_Olympiques_De_1908
Football_Aux_Jeux_Olympiques_De_1912
Football_Aux_Jeux_Olympiques_De_1920
Football_Aux_Jeux_Olympiques_De_1924
Football_Aux_Jeux_Olympiques_De_1928
Football_Aux_Jeux_Olympiques_De_1948
Football_Aux_Jeux_Olympiques_De_1952
Football_Aux_Jeux_Olympiques_De_1956
Football_Aux_Jeux_Olympiques_De_1960
Football_Aux_Jeux_Olympiques_De_1964
Football_Aux_Jeux_Olympiques_De_1968
Football_Aux_Jeux_Olympiques_De_1972
Football_Aux_Jeux_Olympiques_De_1976
Football_Aux_Jeux_Olympiques_De_1980
Football_Aux_Jeux_Olympiques_De_1984
Football_Aux_Jeux_Olympiques_De_1988
Football_Aux_Jeux_Olympiques_De_1992
Football_Aux_Jeux_Olympiques_De_2000
Football_Aux_Jeux_Olympiques_De_2004
Football_Balagne_Île-Rousse
Football_Balagne_Île_Rousse
Football_Bourg-en-Bresse_Péronnas_01
Football_Brindisi
Football_Brindisi_1912
Football_Canadien
Football_Canon_105_De_Libreville
Football_Canon_105_de_Libreville
Football_Club
Football_Club_1920_Wissembourg
Football_Club_72_Erpeldange
Football_Club_93_Bobigny-Bagnolet-Gagny
Football_Club_Aarau_Frauen
Football_Club_Adzopé
Football_Club_Aix-les-Bains_rugby
Football_Club_Al_Hilal_Ryad
Football_Club_Alay_Och
Football_Club_Alliance_Aischdall_Hobscheid-Eischen
Football_Club_Altaï_Semeï
Football_Club_AlzanoCene_1909
Football_Club_Andernos_Sport
Football_Club_Apatride_United
Football_Club_Aprilia_Racing_Club
Football_Club_Aregno_Calvi
Football_Club_Argentan
Football_Club_Aris_Bonnevoie
Football_Club_Arlon
Football_Club_Assent
Football_Club_Astana
Football_Club_Atert_Bissen
Football_Club_Athletic_Meulestede
Football_Club_Atletico_Montichiari
Football_Club_Auch
Football_Club_Auch_Gers
Football_Club_Auch_Gers_Gascogne
Football_Club_Aurillac_Arpajon_Cantal_Auvergne
Football_Club_Aurillac_Arpajon_Cantal_Auvergne_(féminines)
Football_Club_Avenir_Beggen
Football_Club_Babrouïsk
Football_Club_Bagnols-Pont
Football_Club_Baia_Zougdidi
Football_Club_Baia_Zugdidi
Football_Club_Balagne
Football_Club_Balzers
Football_Club_Bari_1908
Football_Club_Bassin_d'Arcachon
Football_Club_Bastia-Borgo
Football_Club_Bavois
Football_Club_Belize
Football_Club_Binchois
Football_Club_Bischwiller
Football_Club_Bleid
Football_Club_Bleid-Gaume
Football_Club_Blidéen
Football_Club_Boca_Juniors_Gibraltar
Football_Club_Bolzano_1996
Football_Club_Borght-Humbeek
Football_Club_Bourg-Péronnas
Football_Club_Bourg_Péronnas
Football_Club_Bourgoin-Jallieu
Football_Club_Britannia_XI
Football_Club_Briviste
Football_Club_Bruno's_Magpies
Football_Club_Brussels
Football_Club_Bunyodkor
Football_Club_Béziers_Méditerranée
Football_Club_Calvi
Football_Club_Canavese
Football_Club_Canet_66
Football_Club_Casale_Associazione_Sportiva_Dilettantistica
Football_Club_Challans
Football_Club_Chalonnais
Football_Club_Chambly
Football_Club_Chanthabouly
Football_Club_Charleroi
Football_Club_Chiasso
Football_Club_Chiers_Rodange
Football_Club_Châtel-Saint-Denis
Football_Club_Châtelineau
Football_Club_Como
Football_Club_Copenhague
Football_Club_Courtraisien
Football_Club_Craiova
Football_Club_Crotone
Football_Club_De_Grenoble_Rugby
Football_Club_De_Gueugnon
Football_Club_De_Lézignan
Football_Club_De_Martigues
Football_Club_De_Rouen_1899
Football_Club_De_Saint-Claude
Football_Club_De_Salon
Football_Club_De_Sion
Football_Club_De_Sète_34
Football_Club_Den_Bosch
Football_Club_Denderzonen_Pamel
Football_Club_Des_Girondins_De_Bordeaux
Football_Club_Dieppois
Football_Club_Differdange_03
Football_Club_Dilettanti_Battipagliese_1929
Football_Club_Dinamo_MVD_Bishkek
Football_Club_Djidé
Football_Club_Dodo_Curepipe
Football_Club_Domagnano
Football_Club_Drouais
Football_Club_Dunav_Ruse
Football_Club_Eeklo_Meetjesland
Football_Club_Eendracht_Hekelgem
Football_Club_Emmenbrücke
Football_Club_Entella
Football_Club_Epégard_Le_Neubourg
Football_Club_Esperia_Viareggio
Football_Club_Etzella_Ettelbruck
Football_Club_Excelsior_Kaart
Football_Club_Femminile_Juventus
Football_Club_Fiorentino
Football_Club_Fleury_91
Football_Club_Fleury_91_Cœur_d'Essonne
Football_Club_Fleury_91_Cœur_d'Essonne_(féminines)
Football_Club_Fondi_1922
Football_Club_Fontainemelon
Football_Club_Forlì
Football_Club_Fyn
Football_Club_Félines_Saint-Cyr
Football_Club_Fémina_Braine
Football_Club_Fémina_Braine-Rebecq
Football_Club_Fémina_White_Star_Woluwé
Football_Club_Féminin_Ambilly
Football_Club_Féminin_Condéen
Football_Club_Féminin_Hénin-Beaumont
Football_Club_Féminin_Juvisy
Football_Club_Féminin_Juvisy_Essonne
Football_Club_Féminin_Monteux
Football_Club_Féminin_Monteux-Vaucluse
Football_Club_Féminin_Monteux_Vaucluse
Football_Club_Féminin_Valence
Football_Club_Féminin_de_Juvisy
Football_Club_Féminin_du_Val_d'Orge
Football_Club_Ganshoren
Football_Club_Giugliano_1928
Football_Club_Goa
Football_Club_Gold_Pride
Football_Club_Grenoble
Football_Club_Grenoble_(Basket-ball)
Football_Club_Grenoble_(basket-ball)
Football_Club_Grenoble_(basket_ball)
Football_Club_Groningue
Football_Club_Grosseto
Football_Club_Gueugnonnais
Football_Club_Gullegem
Football_Club_Haguenau
Football_Club_Haguenau_1900
Football_Club_Haka_Valkeakoski
Football_Club_Halifax_Town
Football_Club_Hammamet
Football_Club_Hedera_Millen
Football_Club_Herstal
Football_Club_Hiré
Football_Club_Honka
Football_Club_Honka_(féminines)
Football_Club_Infonet
Football_Club_International_Turku
Football_Club_Internazionale
Football_Club_Internazionale_Milano
Football_Club_Istres_Ouest_Provence
Football_Club_Jazz_Pori
Football_Club_Jeunesse_Canach
Football_Club_Jeunesse_Junglinster
Football_Club_Jeunesse_Lorraine_Arlonaise
Football_Club_Jeunesse_lorraine_arlonaise
Football_Club_Jojo
Football_Club_Kansas_City
Football_Club_Khimik_Kara-Balta
Football_Club_Koeppchen_Wormeldange
Football_Club_KooTeePee
Football_Club_Koper
Football_Club_La_Chaux-de-Fonds
Football_Club_Laht
Football_Club_Lahti
Football_Club_Lantana_Tallinn
Football_Club_Lausanne-Sport
Football_Club_Laïque_Saint-Christophe_de_Châteauroux
Football_Club_Le_Mont-sur-Lausanne
Football_Club_Lebbeke
Football_Club_Les_Avirons
Football_Club_Libourne
Football_Club_Libourne-Saint-Seurin
Football_Club_Libourne_Saint-Seurin
Football_Club_Limonest_Dardilly_Saint-Didier
Football_Club_Lokomotiv_Astana
Football_Club_Longjumeau
Football_Club_Lorient
Football_Club_Lorient-Bretagne_Sud
Football_Club_Lourdais_Hautes-Pyrénées
Football_Club_Lubumbashi_Sport
Football_Club_Lucerne
Football_Club_Luenaz
Football_Club_Lugano
Football_Club_Lugano_(féminines)
Football_Club_Lézignan-Corbières_Rugby_League
Football_Club_MK_Etanchéité
Football_Club_Malines
Football_Club_Mamer_32
Football_Club_Mantois
Football_Club_Mantois_78
Football_Club_Marmande_47
Football_Club_Matera
Football_Club_Mendrisio
Football_Club_Meralco_Manille
Football_Club_Messina_Peloro
Football_Club_Metz-Algrange
Football_Club_Midtjylland
Football_Club_Milsami_Orhei
Football_Club_Mondercange
Football_Club_Mont_Bleu
Football_Club_Montceau_Bourgogne
Football_Club_Montreux-Sports
Football_Club_Moulinois_Rugby
Football_Club_Mtsapéré
Football_Club_Municipal_d'Aubervilliers
Football_Club_Mwangaza
Football_Club_Münsingen
Football_Club_Nania
Football_Club_Nania_Accra
Football_Club_Nantes
Football_Club_Nantes-Atlantique
Football_Club_Nantes_Atlantique
Football_Club_Nantes_Atlantique_(Réserve)
Football_Club_Nantes_Atlantique_(réserve)
Football_Club_Nevers_58
Football_Club_Ninove
Football_Club_Noah
Football_Club_Nordsjælland
Football_Club_Nordsjælland_(féminines)
Football_Club_Nouadhibou
Football_Club_Océan_Pacifique
Football_Club_Olimpi_Rustavi
Football_Club_Oloron_(section_rugby)
Football_Club_Oloronais
Football_Club_Oloronais_(section_rugby)
Football_Club_Olympique_Charleville
Football_Club_Olympique_Eischen
Football_Club_Olympique_de_Neudorf
Football_Club_Pastore
Football_Club_Pavia_1911_Società_Sportiva_Dilettantistica
Football_Club_Pavie_1911
Football_Club_Pavie_1911_Società_Sportiva_Dilettantistica
Football_Club_Platinum
Football_Club_Plessis-Trévise_/_Villecresnes
Football_Club_Pohang_Steelers
Football_Club_Prishtina
Football_Club_Pro_Verceil_1892
Football_Club_Progrès_Niedercorn
Football_Club_Progrès_Niederkorn
Football_Club_Progrès_Niederkorn_(féminines)
Football_Club_Pune_City
Football_Club_Pyunik
Football_Club_Racing_Fondi_Calcio
Football_Club_Racing_Rodange
Football_Club_Rapid_Mansfeldia_Hamm_Benfica
Football_Club_Red_Star_Mulhouse
Football_Club_Renaissance_du_Congo
Football_Club_Rennais
Football_Club_Rieti
Football_Club_Rodange_91
Football_Club_Roskilde
Football_Club_Ruggell
Football_Club_Rustavi_Metallurgist
Football_Club_Saint-Lô_Manche
Football_Club_Saint_Éloi_Lupopo
Football_Club_Samtredia
Football_Club_Santos_Tartu
Football_Club_Sapins
Football_Club_Savoia_1908
Football_Club_Saxan_Gagauz_Yeri
Football_Club_Schaan
Football_Club_Schifflange_95
Football_Club_Senec
Football_Club_Sens
Football_Club_Shakhtyor_Karagandy
Football_Club_Sheriff_Tiraspol
Football_Club_Shukura_Kobuleti
Football_Club_Slutsk
Football_Club_Sochaux-Montbeliard
Football_Club_Sochaux-Montbéliard
Football_Club_Sportif_Rumilly
Football_Club_Sporting_Steinfort
Football_Club_Sports_Reunis_Haguenau
Football_Club_Sports_Réunis_Haguenau
Football_Club_Sports_réunis_Haguenau
Football_Club_Squadra_de_Calvi
Football_Club_Stade_Lausanne_Ouchy
Football_Club_Strasbourg_Koenigshoffen_06
Football_Club_Strogino
Football_Club_Struga_Trim-Lum
Football_Club_Stumbras_Kaunas
Football_Club_Swift_Hesperange
Football_Club_Sélestat
Football_Club_Séoul
Football_Club_Séquence_de_Dixinn
Football_Club_TOAC_TOEC
Football_Club_TOAC_TOEC_Rugby
Football_Club_Telavi
Football_Club_Templemars
Football_Club_Tevragh_Zeïna
Football_Club_Tiraspol
Football_Club_Toac_Toec
Football_Club_Tofaga
Football_Club_Tokyo
Football_Club_Torinese
Football_Club_Triesen
Football_Club_Triesenberg
Football_Club_Trollhättan
Football_Club_Trévise
Football_Club_Turnhout
Football_Club_Twente
Football_Club_Twente_'65
Football_Club_Twente_'65_(féminines)
Football_Club_Twente_(féminines)
Football_Club_UNA_Strassen
Football_Club_Ulaanbaatar
Football_Club_United_of_Manchester
Football_Club_Utrecht
Football_Club_Vado
Football_Club_Van
Football_Club_Vaulx-en-Velin
Football_Club_Vendenheim
Football_Club_Vendenheim-Alsace
Football_Club_Vendenheim_Alsace
Football_Club_Verbroedering_Geel-Meerhout
Football_Club_Vestsjælland
Football_Club_Victoria_Rosport
Football_Club_Vigevano_San_Giorgio
Football_Club_Villefranche_Beaujolais
Football_Club_Villefranchois
Football_Club_Vivi
Football_Club_Volendam
Football_Club_Wiltz_71
Football_Club_Yutz
Football_Club_Zenit
Football_Club_Zestafoni
Football_Club_Zougdidi
Football_Club_binchois
Football_Club_blidéen
Football_Club_chalonnais
Football_Club_d'Annecy
Football_Club_d'Antibes_-_Juan_les_Pins
Football_Club_d'Echirolles
Football_Club_d'Échirolles
Football_Club_de_Barcelone
Football_Club_de_Bischwiller
Football_Club_de_Bizerte
Football_Club_de_Blida
Football_Club_de_Bourges
Football_Club_de_Bressuire
Football_Club_de_Bruges
Football_Club_de_Béjaia
Football_Club_de_Cette
Football_Club_de_Chamalières
Football_Club_de_Chambly_-_Thelle
Football_Club_de_Chambly_Oise
Football_Club_de_Chambly_Thelle
Football_Club_de_Chartres
Football_Club_de_Chaumont
Football_Club_de_Colmar
Football_Club_de_Cournon-d'Auvergne
Football_Club_de_Fériana
Football_Club_de_Gaillard
Football_Club_de_Granges
Football_Club_de_Grenoble
Football_Club_de_Grenoble_Alpes_Rugby
Football_Club_de_Grenoble_Rugby
Football_Club_de_Grenoble_rugby
Football_Club_de_Grenoble_rugby_(féminine)
Football_Club_de_Grenoble_rugby_(féminines)
Football_Club_de_Gueugnon
Football_Club_de_Istres_Ouest_Provence
Football_Club_de_Jérissa
Football_Club_de_Kani-Bé
Football_Club_de_Kronenbourg
Football_Club_de_Levallois
Football_Club_de_Lezignan
Football_Club_de_Limonest
Football_Club_de_Limonest_Saint-Didier-au-Mont-d'Or
Football_Club_de_Lorient
Football_Club_de_Lyon
Football_Club_de_Lyon_(football)
Football_Club_de_Lyon_(football,_féminines)
Football_Club_de_Lyon_(football,_masculins)
Football_Club_de_Lyon_(féminines)
Football_Club_de_Lyon_(rugby_à_XV)
Football_Club_de_Lézignan
Football_Club_de_Majicavo_Koropa
Football_Club_de_Martigues
Football_Club_de_Melun
Football_Club_de_Metz
Football_Club_de_Metz_(féminines)
Football_Club_de_Metz_(féminines,_1974)
Football_Club_de_Monthey
Football_Club_de_Mulhouse
Football_Club_de_Nancy
Football_Club_de_Nantes
Football_Club_de_Neufchâteau-Liffol
Football_Club_de_Paris
Football_Club_de_Rouen
Football_Club_de_Rouen_1899
Football_Club_de_Rouen_1899_(féminines)
Football_Club_de_Saint-Claude
Football_Club_de_Saint-Leu
Football_Club_de_Saint-Louis_Neuweg
Football_Club_de_Salon
Football_Club_de_San-Pédro
Football_Club_de_Sarrebourg
Football_Club_de_Sens
Football_Club_de_Sete_34
Football_Club_de_Sion
Football_Club_de_Sochaux-Montbéliard
Football_Club_de_Sète
Football_Club_de_Sète_34
Football_Club_de_Tours
Football_Club_de_Trooz
Football_Club_de_Versailles_78
Football_Club_de_Vesoul
Football_Club_de_la_Walck
Football_Club_des_Ecureuils_d'Arlac
Football_Club_des_Girondins_de_Bordeaux
Football_Club_des_Girondins_de_Bordeaux_(féminines)
Football_Club_des_Gobelins_Paris_13
Football_Club_des_Écureuils_d'Arlac
Football_Club_des_Écureuils_de_Mérignac-Arlac
Football_Club_dieppois
Football_Club_drouais
Football_Club_du_Bassin_d'Arcachon
Football_Club_du_Bergot
Football_Club_du_bassin_d'Arcachon
Football_Club_féminin_Hénin-Beaumont
Football_Club_féminin_Juvisy
Football_Club_féminin_Monteux-Vaucluse
Football_Club_féminin_Valence
Football_Club_féminin_condéen
Football_Club_féminin_de_Juvisy
Football_Club_hispano-bastidien
Football_Club_laïque_Saint-Christophe_de_Châteauroux
Football_Club_mantois_78
Football_Club_rennais
Football_Club_riomois
Football_Club_sportif_Rumilly_(rugby_à_XV)
Football_Club_villefranchois
Football_Club_étoile_Schirrhein-Schirrhoffen
Football_Conference
Football_Conférence
Football_Couillet-Marcinelle
Football_Croix-de-Savoie_74
Football_Croix_De_Savoie_74
Football_Croix_de_Savoie_74
Football_Dans_Le_Monde
Football_De_Plage
Football_De_Table
Football_Diversifié
Football_En_France
Football_En_Irlande
Football_Et_Cinéma
Football_Et_Presse_Écrite_En_France
Football_Et_Sports_Athlétiques
Football_Et_Télévision
Football_Factory
Football_Federation_Australia
Football_France
Football_Frenzy
Football_Féminin
Football_Féminin_En_Irlande_Du_Nord
Football_Féminin_Nîmes_Metropole_Gard
Football_Féminin_Nîmes_Métropole_Gard
Football_Féminin_de_Templemars-Vendeville
Football_Gaélique
Football_Generation
Football_Hebdo
Football_Inter_Club_Association
Football_Kingdom
Football_Kingdom:_Trial_Edition
Football_Kingz
Football_League
Football_League_Championship
Football_League_Cup
Football_League_First_Division
Football_League_One
Football_League_Second_Division
Football_League_Trophy
Football_League_Two
Football_Leaks
Football_Madness
Football_Magazine
Football_Manager
Football_Manager_(série_de_jeux_vidéo,_1982)
Football_Manager_2005
Football_Manager_2006
Football_Manager_2007
Football_Manager_2008
Football_Manager_2009
Football_Manager_2010
Football_Manager_2011
Football_Manager_2012
Football_Manager_2013
Football_Manager_2014
Football_Manager_2015
Football_Manager_2016
Football_Manager_2017
Football_Manager_2018
Football_Manager_2019
Football_Manager_2020
Football_Manager_98
Football_Manager_:_Saison_98/99
Football_Manager_Handheld
Football_Manager_Handheld_2007
Football_Manager_Handheld_2008
Football_Manager_Handheld_2009
Football_Manager_Handheld_2010
Football_Manager_Live
Football_Manager_Portable_2008
Football_Manager_Portable_2009
Football_Manager_Portable_2010
Football_Now_and_Then
Football_Park
Football_Participatif
Football_SIC
Football_Superstars
Football_Supporters_Europe
Football_Total
Football_Turc
Football_U_Sports
Football_World_Championship
Football_Writers'_Association
Football_a_5
Football_a_7
Football_a_trois_cotes
Football_africain
Football_against_racism_in_europe
Football_amateur_au_Mexique
Football_amateur_club_de_Nice_1920
Football_americain
Football_americain_a_six
Football_americain_dans_le_monde
Football_americain_en_2006
Football_americain_en_2007
Football_americain_en_France
Football_americain_universitaire_aux_Etats-Unis
Football_américain
Football_américain_aux_Jeux_mondiaux
Football_américain_aux_Jeux_mondiaux_de_2005
Football_américain_aux_Jeux_mondiaux_de_2017
Football_américain_dans_le_monde
Football_américain_en_2006
Football_américain_en_2007
Football_américain_en_2008
Football_américain_en_France
Football_américain_en_france
Football_américain_féminin
Football_américain_universitaire_aux_États-Unis
Football_américain_universitaire_aux_états-unis
Football_américain_à_six
Football_and_Athletic_Club
Football_association
Football_athlétic_club_de_Nice
Football_atlantique_rochelais
Football_au_Brésil
Football_au_Cambodge
Football_au_Cameroun
Football_au_Kosovo
Football_au_Liban
Football_au_Liechtenstein
Football_au_Luxembourg
Football_au_Maroc
Football_au_Mexique
Football_au_Moyen_Âge
Football_au_Nauru
Football_au_Portugal
Football_australien
Football_australien_a_Nauru
Football_australien_dans_le_monde
Football_australien_en_France
Football_australien_en_fauteuil_roulant
Football_australien_en_france
Football_australien_à_Nauru
Football_australien_à_nauru
Football_aux_Deaflympics
Football_aux_Jeux_Bolivariens
Football_aux_Jeux_Olympiques
Football_aux_Jeux_Olympiques_2004
Football_aux_Jeux_Olympiques_de_2004
Football_aux_Jeux_africains
Football_aux_Jeux_africains_de_1965
Football_aux_Jeux_africains_de_1973
Football_aux_Jeux_africains_de_1978
Football_aux_Jeux_africains_de_1987
Football_aux_Jeux_africains_de_2007
Football_aux_Jeux_africains_de_2011
Football_aux_Jeux_africains_de_2015
Football_aux_Jeux_africains_de_2019
Football_aux_Jeux_asiatiques
Football_aux_Jeux_asiatiques_de_1951
Football_aux_Jeux_asiatiques_de_1954
Football_aux_Jeux_asiatiques_de_1962
Football_aux_Jeux_asiatiques_de_2010
Football_aux_Jeux_bolivariens
Football_aux_Jeux_d'Afrique_centrale
Football_aux_Jeux_d'Amérique_centrale_et_des_Caraïbes
Football_aux_Jeux_d'Asie_du_Sud
Football_aux_Jeux_d'Asie_du_Sud-Est
Football_aux_Jeux_de_Lusophonie
Football_aux_Jeux_de_Lusophonie_de_2006
Football_aux_Jeux_de_Lusophonie_de_2009
Football_aux_Jeux_de_l'Extrême-Orient
Football_aux_Jeux_de_l'Extrême-Orient_1913
Football_aux_Jeux_de_l'Extrême-Orient_1915
Football_aux_Jeux_de_l'Extrême-Orient_1917
Football_aux_Jeux_de_l'Extrême-Orient_1919
Football_aux_Jeux_de_l'Extrême-Orient_1921
Football_aux_Jeux_de_l'Extrême-Orient_1923
Football_aux_Jeux_de_l'Extrême-Orient_1925
Football_aux_Jeux_de_l'Extrême-Orient_1927
Football_aux_Jeux_de_l'Extrême-Orient_1930
Football_aux_Jeux_de_l'Extrême-Orient_1934
Football_aux_Jeux_de_la_Francophonie
Football_aux_Jeux_de_la_Francophonie_2005
Football_aux_Jeux_de_la_Francophonie_2009
Football_aux_Jeux_de_la_Francophonie_2013
Football_aux_Jeux_de_la_Francophonie_2017
Football_aux_Jeux_de_la_Lusophonie
Football_aux_Jeux_de_la_Lusophonie_de_2006
Football_aux_Jeux_de_la_Lusophonie_de_2009
Football_aux_Jeux_de_la_Lusophonie_de_2014
Football_aux_Jeux_des_Îles
Football_aux_Jeux_des_îles_de_l'océan_Indien
Football_aux_Jeux_des_îles_de_l'océan_Indien_1979
Football_aux_Jeux_des_îles_de_l'océan_Indien_1985
Football_aux_Jeux_des_îles_de_l'océan_Indien_1990
Football_aux_Jeux_des_îles_de_l'océan_Indien_1993
Football_aux_Jeux_des_îles_de_l'océan_Indien_1998
Football_aux_Jeux_des_îles_de_l'océan_Indien_2003
Football_aux_Jeux_des_îles_de_l'océan_Indien_2007
Football_aux_Jeux_des_îles_de_l'océan_Indien_2011
Football_aux_Jeux_des_îles_de_l'océan_Indien_2015
Football_aux_Jeux_des_îles_de_l'océan_Indien_2019
Football_aux_Jeux_du_Pacifique
Football_aux_Jeux_du_Pacifique_1975
Football_aux_Jeux_du_Pacifique_Sud_1975
Football_aux_Jeux_du_Pacifique_Sud_de_1975
Football_aux_Jeux_du_Pacifique_Sud_de_2007
Football_aux_Jeux_du_Pacifique_de_2007
Football_aux_Jeux_du_Pacifique_de_2011
Football_aux_Jeux_intercalaires_de_1906
Football_aux_Jeux_méditerranéens_de_1967
Football_aux_Jeux_méditerranéens_de_2009
Football_aux_Jeux_méditerranéens_de_2018
Football_aux_Jeux_olympiques
Football_aux_Jeux_olympiques_d'été_de_1896
Football_aux_Jeux_olympiques_d'été_de_1900
Football_aux_Jeux_olympiques_d'été_de_1904
Football_aux_Jeux_olympiques_d'été_de_1908
Football_aux_Jeux_olympiques_d'été_de_1912
Football_aux_Jeux_olympiques_d'été_de_1920
Football_aux_Jeux_olympiques_d'été_de_1924
Football_aux_Jeux_olympiques_d'été_de_1928
Football_aux_Jeux_olympiques_d'été_de_1936
Football_aux_Jeux_olympiques_d'été_de_1948
Football_aux_Jeux_olympiques_d'été_de_1952
Football_aux_Jeux_olympiques_d'été_de_1956
Football_aux_Jeux_olympiques_d'été_de_1960
Football_aux_Jeux_olympiques_d'été_de_1964
Football_aux_Jeux_olympiques_d'été_de_1968
Football_aux_Jeux_olympiques_d'été_de_1972
Football_aux_Jeux_olympiques_d'été_de_1976
Football_aux_Jeux_olympiques_d'été_de_1980
Football_aux_Jeux_olympiques_d'été_de_1984
Football_aux_Jeux_olympiques_d'été_de_1988
Football_aux_Jeux_olympiques_d'été_de_1992
Football_aux_Jeux_olympiques_d'été_de_1996
Football_aux_Jeux_olympiques_d'été_de_2000
Football_aux_Jeux_olympiques_d'été_de_2004
Football_aux_Jeux_olympiques_d'été_de_2008
Football_aux_Jeux_olympiques_d'été_de_2012
Football_aux_Jeux_olympiques_d'été_de_2016
Football_aux_Jeux_olympiques_d'été_de_2020
Football_aux_Jeux_olympiques_de_1896
Football_aux_Jeux_olympiques_de_1900
Football_aux_Jeux_olympiques_de_1904
Football_aux_Jeux_olympiques_de_1908
Football_aux_Jeux_olympiques_de_1912
Football_aux_Jeux_olympiques_de_1920
Football_aux_Jeux_olympiques_de_1924
Football_aux_Jeux_olympiques_de_1928
Football_aux_Jeux_olympiques_de_1936
Football_aux_Jeux_olympiques_de_1948
Football_aux_Jeux_olympiques_de_1952
Football_aux_Jeux_olympiques_de_1956
Football_aux_Jeux_olympiques_de_1960
Football_aux_Jeux_olympiques_de_1964
Football_aux_Jeux_olympiques_de_1968
Football_aux_Jeux_olympiques_de_1972
Football_aux_Jeux_olympiques_de_1976
Football_aux_Jeux_olympiques_de_1980
Football_aux_Jeux_olympiques_de_1984
Football_aux_Jeux_olympiques_de_1988
Football_aux_Jeux_olympiques_de_1992
Football_aux_Jeux_olympiques_de_1996
Football_aux_Jeux_olympiques_de_2000
Football_aux_Jeux_olympiques_de_2004
Football_aux_Jeux_olympiques_de_2008
Football_aux_Jeux_olympiques_de_la_jeunesse_d'été_de_2010
Football_aux_Jeux_olympiques_de_la_jeunesse_d'été_de_2014
Football_aux_Jeux_olympiques_de_la_jeunesse_de_2014
Football_aux_Jeux_olympiques_intercalaires_de_1906
Football_aux_Jeux_olympiques_intercalés_de_1906
Football_aux_Jeux_panaméricains
Football_aux_Jeux_panaméricains_de_2007
Football_aux_Jeux_panaméricains_de_2011
Football_aux_Jeux_panaméricains_de_2019
Football_aux_Jeux_panarabes
Football_aux_Jeux_panarabes_de_1953
Football_aux_Jeux_panarabes_de_1957
Football_aux_Jeux_panarabes_de_1961
Football_aux_Jeux_panarabes_de_1965
Football_aux_Jeux_panarabes_de_1976
Football_aux_Jeux_panarabes_de_1985
Football_aux_Jeux_paralympiques
Football_aux_Jeux_sud-asiatiques
Football_aux_Jeux_sud-asiatiques_1984
Football_aux_Jeux_sud-asiatiques_1985
Football_aux_Jeux_sud-asiatiques_1987
Football_aux_Jeux_sud-asiatiques_2006
Football_aux_Jeux_sud-asiatiques_2010
Football_aux_Jeux_sud-asiatiques_2016
Football_aux_Jeux_sud-asiatiques_de_1984
Football_aux_Jeux_sud-asiatiques_de_1985
Football_aux_Jeux_sud-asiatiques_de_1987
Football_aux_Jeux_sud-asiatiques_de_1989
Football_aux_Jeux_sud-asiatiques_de_1991
Football_aux_Jeux_sud-asiatiques_de_1993
Football_aux_Jeux_sud-asiatiques_de_1995
Football_aux_Jeux_sud-asiatiques_de_2006
Football_aux_Jeux_sud-asiatiques_de_2010
Football_aux_Jeux_sud-asiatiques_de_2016
Football_aux_jeux_Olympiques
Football_aux_jeux_Olympiques_d'ete_de_1936
Football_aux_jeux_Olympiques_d'ete_de_1996
Football_aux_jeux_Olympiques_d'ete_de_2008
Football_aux_jeux_Olympiques_d'été_de_1900
Football_aux_jeux_Olympiques_d'été_de_1936
Football_aux_jeux_Olympiques_d'été_de_1948
Football_aux_jeux_Olympiques_d'été_de_1952
Football_aux_jeux_Olympiques_d'été_de_1996
Football_aux_jeux_Olympiques_d'été_de_2008
Football_aux_jeux_Olympiques_de_1896
Football_aux_jeux_Olympiques_de_1900
Football_aux_jeux_Olympiques_de_1904
Football_aux_jeux_Olympiques_de_1908
Football_aux_jeux_Olympiques_de_1912
Football_aux_jeux_Olympiques_de_1920
Football_aux_jeux_Olympiques_de_1924
Football_aux_jeux_Olympiques_de_1928
Football_aux_jeux_Olympiques_de_1936
Football_aux_jeux_Olympiques_de_1948
Football_aux_jeux_Olympiques_de_1952
Football_aux_jeux_Olympiques_de_1956
Football_aux_jeux_Olympiques_de_1960
Football_aux_jeux_Olympiques_de_1964
Football_aux_jeux_Olympiques_de_1968
Football_aux_jeux_Olympiques_de_1972
Football_aux_jeux_Olympiques_de_1976
Football_aux_jeux_Olympiques_de_1980
Football_aux_jeux_Olympiques_de_1984
Football_aux_jeux_Olympiques_de_1988
Football_aux_jeux_Olympiques_de_1992
Football_aux_jeux_Olympiques_de_1996
Football_aux_jeux_Olympiques_de_2000
Football_aux_jeux_Olympiques_de_2004
Football_aux_jeux_Olympiques_de_2008
Football_aux_jeux_Panaméricains_2007
Football_aux_jeux_olympiques
Football_aux_jeux_olympiques_d'été_de_1936
Football_aux_jeux_olympiques_d'été_de_1996
Football_aux_jeux_olympiques_d'été_de_2008
Football_aux_jeux_olympiques_de_1896
Football_aux_jeux_olympiques_de_1900
Football_aux_jeux_olympiques_de_1904
Football_aux_jeux_olympiques_de_1908
Football_aux_jeux_olympiques_de_1912
Football_aux_jeux_olympiques_de_1920
Football_aux_jeux_olympiques_de_1924
Football_aux_jeux_olympiques_de_1928
Football_aux_jeux_olympiques_de_1948
Football_aux_jeux_olympiques_de_1952
Football_aux_jeux_olympiques_de_1956
Football_aux_jeux_olympiques_de_1960
Football_aux_jeux_olympiques_de_1964
Football_aux_jeux_olympiques_de_1968
Football_aux_jeux_olympiques_de_1972
Football_aux_jeux_olympiques_de_1976
Football_aux_jeux_olympiques_de_1980
Football_aux_jeux_olympiques_de_1984
Football_aux_jeux_olympiques_de_1988
Football_aux_jeux_olympiques_de_1992
Football_aux_jeux_olympiques_de_2000
Football_aux_jeux_olympiques_de_2004
Football_aux_États-Unis
Football_aux_États_fédérés_de_Micronésie
Football_aux_Îles_Cook
Football_aux_Îles_Féroé
Football_aux_Îles_Marshall
Football_aux_îles_Féroé
Football_aux_îles_Marshall
Football_auxerre
Football_belge
Football_belge_-_Affaires_de_corruption
Football_bulle
Football_cambodgien
Football_canadien
Football_canon_105_de_libreville
Football_champagne
Football_club
Football_club_Abeilles
Football_club_Aix-les-Bains
Football_club_Aix-les-Bains_rugby
Football_club_Ajax
Football_club_Auch_Gers
Football_club_Auch_Gers_Gascogne
Football_club_Auch_féminin
Football_club_Bischwiller
Football_club_Bourg-Péronnas
Football_club_Cronenbourg
Football_club_Haguenau_rugby
Football_club_Ibanda_Sport
Football_club_Lézignan-Corbières_Rugby_League
Football_club_Lézignan-Corbières_rugby_league
Football_club_Makila_Mabe
Football_club_Max_Mokey_Étanchéité
Football_club_Saint-Lô_Manche
Football_club_TOAC_TOEC_rugby
Football_club_Tournon
Football_club_auch_gers
Football_club_bassin_d'Arcachon
Football_club_briviste
Football_club_de_Bruges
Football_club_de_Cournon-d'Auvergne
Football_club_de_Cronenbourg
Football_club_de_Grenoble
Football_club_de_Grenoble_rugby
Football_club_de_Lorient
Football_club_de_Lyon
Football_club_de_Lyon_(féminines)
Football_club_de_Mulhouse
Football_club_de_Nantes
Football_club_de_Rouen
Football_club_de_Rouen_1899
Football_club_de_Saint-Claude
Football_club_de_Saint-Médard-en-Jalles
Football_club_de_Sion
Football_club_de_grenoble_rugby
Football_club_de_gueugnon
Football_club_de_lézignan
Football_club_de_martigues
Football_club_de_rouen_1899
Football_club_de_saint-claude
Football_club_de_salon
Football_club_de_sion
Football_club_de_sète_34
Football_club_des_Girondins_de_Bordeaux
Football_club_des_girondins_de_bordeaux
Football_club_dieppois
Football_club_flérien
Football_club_féminin_Nord_Allier_Yzeure
Football_club_grenoble_(basket-ball)
Football_club_libourne-saint-seurin
Football_club_lorient-bretagne_sud
Football_club_lourdais_Hautes-Pyrénées
Football_club_lourdais_XV_Hautes-Pyrénées
Football_club_lourdais_xv_Hautes-Pyrénées
Football_club_mantois_78
Football_club_moulinois_rugby
Football_club_municipal_d'Aubervilliers
Football_club_nantes_atlantique_(réserve)
Football_club_oloronais
Football_club_riomois
Football_club_san-claudien
Football_club_sanclaudien
Football_club_sochaux-montbéliard
Football_club_sportif_Rumilly
Football_club_sportif_Rumilly_(rugby_à_XV)
Football_club_sportif_Rumilly_Albanais
Football_club_sportif_rumilly
Football_club_tournonnais-tainois
Football_club_villefranchois
Football_club_villefranchois_rugby
Football_club_yonnais
Football_club_yonnais_rugby
Football_club_étoile_Schirrhein-Schirrhoffen
Football_croix_de_savoie_74
Football_dans_l'Empire_ottoman
Football_dans_le_monde
Football_dans_les_États_fédérés_de_Micronésie
Football_dans_les_îles_Marshall
Football_de_Barnoll
Football_de_Rossini
Football_de_plage
Football_de_plage_aux_Jeux_européens_de_2015
Football_de_plage_aux_Jeux_européens_de_2019
Football_de_plage_en_France
Football_de_rue
Football_de_règles_internationales
Football_de_table
Football_de_trois_côtes
Football_diversifie
Football_diversifié
Football_en_Afrique
Football_en_Algérie
Football_en_Algérie_pendant_l'époque_coloniale
Football_en_Andorre
Football_en_Angleterre
Football_en_Antigua-et-Barbuda
Football_en_Argentine
Football_en_Australie
Football_en_Autriche-Hongrie
Football_en_Belgique
Football_en_Biélorussie
Football_en_Bosnie-Herzégovine
Football_en_Cote_d'Ivoire
Football_en_Côte_d'Ivoire
Football_en_Espagne
Football_en_Finlande
Football_en_France
Football_en_Guinée
Football_en_Géorgie
Football_en_Inde
Football_en_Irlande
Football_en_Irlande_du_Nord
Football_en_Islande
Football_en_Israël
Football_en_Italie
Football_en_Lettonie
Football_en_Lituanie
Football_en_Martinique
Football_en_Micronésie
Football_en_Normandie
Football_en_Norvège
Football_en_Pologne
Football_en_RDA
Football_en_Russie
Football_en_Suisse
Football_en_Suède
Football_en_Turquie
Football_en_Ukraine
Football_en_france
Football_en_irlande
Football_en_marchant
Football_en_salle
Football_en_Écosse
Football_et_cinema
Football_et_cinéma
Football_et_politique
Football_et_presse_ecrite_en_France
Football_et_presse_écrite_en_France
Football_et_presse_écrite_en_france
Football_et_sports_athletiques
Football_et_sports_athlétiques
Football_et_television
Football_et_télévision
Football_européen
Football_factory
Football_feminin
Football_feminin_en_Irlande_du_Nord
Football_français
Football_freestyle
Football_féminin
Football_féminin_Issy-les-Moulineaux
Football_féminin_Nîmes_Métropole_Gard
Football_féminin_Yzeure_Allier_Auvergne
Football_féminin_aux_Jeux_olympiques
Football_féminin_en_Irlande_du_Nord
Football_féminin_en_irlande_du_nord
Football_gaelique
Football_gaélique
Football_gaélique_de_plage
Football_gaélique_en_France
Football_gaéllique
Football_generation
Football_hebdo
Football_infini
Football_magazine
Football_manager_2007
Football_manager_2017
Football_masculin
Football_médiéval
Football_nord-américain
Football_normand
Football_participatif
Football_réunionnais
Football_sous_l'empire_ottoman
Football_sur_l'île_de_Man
Football_suédois
Football_team
Football_total
Football_turc
Football_union_sportive_et_culturelle_Bois-Guillaume
Football_universel
Football_À_5
Football_À_7
Football_À_Trois_Côtés
Football_Étoile_Club_Levallois
Football_Étoile_Club_de_Levallois
Football_à_5
Football_à_5_aux_Jeux_paralympiques
Football_à_5_aux_Jeux_paralympiques_d'été
Football_à_5_aux_Jeux_paralympiques_d'été_de_2004
Football_à_5_aux_Jeux_paralympiques_d'été_de_2008
Football_à_5_aux_Jeux_paralympiques_d'été_de_2012
Football_à_5_aux_Jeux_paralympiques_d'été_de_2016
Football_à_5_aux_Jeux_paralympiques_d'été_de_2020
Football_à_5_aux_jeux_Paralympiques_d'été_2012
Football_à_6
Football_à_7
Football_à_7_(homonymie)
Football_à_7_aux_Jeux_paralympiques
Football_à_7_aux_Jeux_paralympiques_d'été_de_2012
Football_à_7_aux_Jeux_paralympiques_d'été_de_2016
Football_à_Antigua-et-Barbuda
Football_à_Cork
Football_à_La_Réunion
Football_à_Mayotte
Football_à_Moscou
Football_à_Nauru
Football_à_Paris
Football_à_Porto_Rico
Football_à_l'île_de_Man
Football_à_la_Réunion
Football_à_la_télévision
Football_à_la_télévision_en_France
Football_à_sept
Football_à_six
Football_à_trois_côtés
Football_étoile_club_de_Levallois
Footballer_de_l'année_de_la_FWA
Footballers'_Wives
Footballeur
Footballeur_Africain_de_l'Année_BBC
Footballeur_Asiatique_De_L'année
Footballeur_Pro_de_l'année
Footballeur_actif_le_plus_Populaire_du_Monde
Footballeur_actif_le_plus_populaire_au_monde
Footballeur_africain_de_l'année
Footballeur_africain_de_l'année_(BBC)
Footballeur_allemand_de_l'année
Footballeur_américain_de_l'année
Footballeur_argentin_de_l'année
Footballeur_arménien_de_l'année
Footballeur_asiatique_de_l'annee
Footballeur_asiatique_de_l'année
Footballeur_azéri_de_l'année
Footballeur_biélorusse_de_l'année
Footballeur_bulgare_de_l'année
Footballeur_canadien_de_l'année
Footballeur_chilien_de_l'année
Footballeur_de_l'année_de_la_FWA
Footballeur_de_l'année_en_Allemagne
Footballeur_de_l'année_en_Russie
Footballeur_est-allemand_de_l'année
Footballeur_estonien_de_l'année
Footballeur_français
Footballeur_géorgien_de_l'année
Footballeur_irlandais_de_l'année
Footballeur_islandais_de_l'année
Footballeur_kazakh_de_l'année
Footballeur_letton_de_l'année
Footballeur_moldave_de_l'année
Footballeur_océanien_de_l'année
Footballeur_paraguayen_de_l'année
Footballeur_polonais_de_l'année
Footballeur_pro_de_l'année
Footballeur_roumain_de_l'année
Footballeur_serbe_de_l'année
Footballeur_slovaque_de_l'année
Footballeur_soviétique_de_l'année
Footballeurs
Footballeurs_De_Côte_D'Ivoire
Footballeurs_de_Cote_d'ivoire
Footballeurs_de_Côte_d'Ivoire
Footballeurs_de_côte_d'ivoire
Footballeuse
Footballeuse_allemande_de_l'année
Footballgate_belge
Footballski
Footballène
Foote
Foote_Field
Footeite
Footeux
Footgolf
Foothills_(circonscription_fédérale)
Foothills_No._31,_Alberta
Foothills_No_31
Foothills_N°31
Foothills_Parkway
Foothills_Stadium
Footing
Footing_(film,_2012)
Footit
Footit_et_Chocolat
Footix
Footjob
Footlambert
Footleaks
Footlight_Parade
Footlights
Footloose
Footloose_(Comédie_Musicale)
Footloose_(chanson)
Footloose_(comedie_musicale)
Footloose_(comédie_musicale)
Footloose_(film)
Footloose_(film,_1984)
Footloose_(film,_2010)
Footloose_(film,_2011)
Footloose_Widows
Footmania
Footmercato.net
Footner_Lake
Footnote
Footon-Servetto
Footprint_Center
Footprinting
Footprinting_de_l'ADN
Footprints_In_The_Sand
Footprints_in_the_Sand
Footprints_of_Eve
Footpro_2012
Foots_Cray
Foots_Walker
Footsal
Footsbarn_Theatre
Footsbarn_Travelling_Theatre
Footscray
Footsie
Footsteps
Footsteps_in_the_Dark
Footsteps_in_the_Fog
Foottit
Footvolley
Footwork
Footwork_(Chicago)
Footwork_A11C
Footwork_FA12
Footwork_FA12C
Footwork_FA13
Footwork_FA13B
Footwork_FA14
Footwork_FA15
Footwork_FA16
Footwork_FA17
Footwork_Racing
Footy
Fooz
Foozer
Foping
Foplouh
Fopouanga
Foppa
Foppe_de_Haan
Foppens
Foppolo
Foppt_den_Dämon!
Foq
Foquisme
Foquiste
For
For(n)ever
For-L'Evêque
For-L'Évêque
For-l'Evêque
For-l'Évêque
For-l’Évêque
For-mariage
ForPlay
For_(Droit)
For_(droit)
For_A_Minor_Reflection
For_All_I_Care
For_All_Mankind
For_All_Mankind_(série_télévisée)
For_All_The_King's_Men
For_All_Tid
For_All_Time
For_All_Time_(chanson)
For_All_We_Know
For_All_the_Cows
For_All_the_King's_Men
For_All_the_Wolf_Calls
For_Bales
For_Better_or_For_Worse
For_Better_or_Worse
For_Blood_And_Empire
For_Blood_and_Empire
For_Brass
For_Certain_Because
For_Certain_Because...
For_Colored_Girls
For_Crying_Out_Loud
For_Emily,_Whenever_I_May_Find_Her
For_Emma,_Forever_Ago
For_Esmé_with_Love_and_Squalor
For_Ever
For_Ever_Mozart
For_Everything
For_Eyes_Only
For_Freedom
For_Freedom_(film,_1918)
For_Freedom_of_Cuba
For_Girls_Who_Grow_Plump_in_the_Night
For_Greater_Glory
For_He's_a_Jolly_Good_Fellow
For_Heaven's_Sake
For_Heaven's_Sake_(film,_1926)
For_Her_Brother's_Sake
For_Her_Brother's_Sake_(film,_1911_-_I)
For_Her_Brother's_Sake_(film,_1911_-_Ince)
For_His_Pal's_Sake
For_His_Superior's_Honor
For_Honor
For_Hope
For_Ireland's_Sake
For_Joy_van't_Zorgvliet
For_Keeps?
For_LP_Fans_Only
For_Lack_of_a_Better_Name
For_Lies_I_Sire
For_Life
For_Life_(EP)
For_Life_(chanson)
For_Life_(série_télévisée)
For_Life_Music
For_Life_Music_Entertainment
For_Life_Record
For_Love_Alone
For_Love_Alone_(film)
For_Love_Alone_(roman)
For_Love_Or_Money
For_Love_of_Gold
For_Love_of_Ivy
For_Love_of_Money
For_Love_of_an_Enemy
For_Love_of_the_Flag
For_Love_of_the_game
For_Love_or_Money
For_Love_or_Money_(film,_1920)
For_Love_or_Money_(film,_1963)
For_Love_or_Money_(film,_1993)
For_Lovers_Only
For_Me_and_My_Gal
For_Monkeys
For_Mother's_Sake
For_My_Dear
For_My_Dear...
For_My_Pain...
For_My_Pain…
For_No_One
For_Noise_Festival
For_Once_In_My_Life
For_Once_In_My_Life_(chanson_de_Mel_B)
For_Once_In_My_Life_(homonymie)
For_Once_in_My_Life
For_One_Night
For_Ourself_~Single_History~
For_Pete's_Sake
For_Pleasure
For_Professional_Reasons
For_Proper_Stylus_Care
For_Respect
For_Richer_or_Poorer
For_Sale:_a_Baby
For_Sama
For_Scent-imental_Reasons
For_The_Boys
For_The_Gambia_Our_Homeland
For_The_Love_Of_God
For_The_Masses
For_The_Masses_-_A_Tribute_To_Depeche_Mode
For_The_People
For_The_Revolution
For_The_Sake_Of_Revenge
For_This_Is_My_Body
For_Those_About_to_Rock
For_Those_About_to_Rock_(We_Salute_You)
For_Those_About_to_Rock_(We_Salute_You)_(chanson)
For_Those_About_to_Rock_(film)
For_Those_About_to_Rock_We_Salute_You
For_Those_in_Peril
For_Those_in_Peril_(film,_2013)
For_To_Next_/_And_Not_Or
For_Today
For_Today_I_Am_a_Boy
For_Today_I_am_a_Boy
For_Tomorrow
For_Tonight_We_Might_Die
For_Two_Pins
For_Unlawful_Carnal_Knowledge
For_Valour
For_Valour_(film,_1917)
For_What_It's_Worth
For_What_It's_Worth_(chanson_de_Buffalo_Springfield)
For_What_It's_Worth_(chanson_de_Placebo)
For_Whom_the_Bell_Tolls
For_Whom_the_Bell_Tolls_(chanson)
For_Whom_the_Bulls_Toil
For_Whose_Advantage?
For_Wives_Only
For_You
For_You,_And_Your_Denial
For_You,_For_Me
For_You,_and_Your_Denial
For_You,_for_Me
For_You_(Prince)
For_You_(album_de_Prince)
For_You_(album_de_Selena_Gomez)
For_You_(chanson_d'Iriao)
For_You_(chanson_de_Liam_Payne)
For_You_/_Time_Limit
For_You_Blue
For_Your_Consideration
For_Your_Entertainment
For_Your_Eyes_Only
For_Your_Eyes_Only_(chanson)
For_Your_Life
For_Your_Love
For_Your_Love_(album)
For_Your_Pleasure
For_Your_Precious_Love
For_a_Good_Time,_Call...
For_a_Lost_Soldier
For_a_Minor_Reflection
For_a_Wife's_Honor
For_a_breath,_I_tarry
For_all_mankind
For_all_the_king's_men
For_an_Angel
For_better_or_for_worse
For_blood_and_empire
For_certain_because
For_certain_because...
For_din_skyld
For_ecclésiastique
For_ever
For_ever_Mozart
For_externe
For_extérieur
For_interne
For_interne_et_externe
For_intérieur
For_l'Évêque
For_love_or_money
For_me_formidable
For_pleasure
For_sale:_baby_shoes,_never_worn
For_sale:_baby_shoes,_never_worn.
For_the_Beauty_of_Wynona
For_the_Best_and_for_the_Onion
For_the_Boys
For_the_Cause
For_the_Cause_(film,_1912)
For_the_Cause_of_Suffrage
For_the_Defense
For_the_Defense_(film,_1916)
For_the_Emperor
For_the_Fallen_Dreams
For_the_Fans_Vol._1
For_the_First_Time_in_Forever
For_the_First_Time_in_Forever:_A_Frozen_Sing-Along_Celebration
For_the_First_Time_in_Forever_(Reprise)
For_the_Glory
For_the_Good_of_Her_Men
For_the_Honor_of_the_Tribe
For_the_Last_Edition
For_the_Love_o'_Lil
For_the_Love_of_God
For_the_Love_of_God_(Hirst)
For_the_Love_of_God_(chanson)
For_the_Love_of_God_(morceau)
For_the_Love_of_God_(objet)
For_the_Love_of_Mabel
For_the_Love_of_Mary
For_the_Love_of_Willadean
For_the_Masses
For_the_Masses_(album_d'Hadouken!)
For_the_Moment
For_the_New_Intellectual
For_the_People
For_the_People_(album)
For_the_People_(série_télévisée)
For_the_People_(série_télévisée,_2018)
For_the_Punx
For_the_Queen's_Honor
For_the_Record
For_the_Revolution
For_the_Roses
For_the_Sake_of_Revenge
For_the_Sake_of_the_Song
For_the_Stars
For_the_Thrashers
For_the_Union_Dead
For_the_sake_of_revenge
For_to_Next_/_And_Not_Or
For_today_I_am_a_boy
For_tomorrow
For_what_it's_Worth_(chanson_de_Placebo)
For_what_it's_Worth_(chanson_placebo)
For_you_(chanson_de_Liam_Payne)
For_your_love
Fora
Fora_!
Fora_!_(revue)
Fora_(Nordland)
Fora_(île)
Fora_Temer
Fora_de_Moda
Foradada
Foradada_de_Toscar
Foradada_del_Toscar
Foradjé
Forage
Forage_de_Kola
Forage_de_Zapoliarny
Forage_de_données
Forage_dirigé
Forage_en_mer
Forage_géothermique
Forage_horizontal
Forage_offshore
Forage_profond_de_Kola
Forage_pétrolier
Forage_sg3
Forager
Forager_(jeu_vidéo)
Forages
Forages_dirigés
Forages_pétro-gaziers
Forain
Forain_(homonymie)
Foraine,_Reve_et_Haut_passage
Foraine,_Rêve_Et_Haut_Passage
Foraine,_Rêve_et_Haut_passage
Foraine,_rêve_et_haut_passage
Foraine-d'Allègre
Forains
Forains-de-Luzy
Foral
Forale
Foralisme
Foraliste
Forallac
Foramen
Foramen_(étoile)
Foramen_caecum
